audio_id,split,speaker,lda_1,lda_2,lda_3,umap_1,umap_2,umap_3
ddc_dzo_04217,labeled,Romeo,2.3196282,-1.3364453,0.38981235,11.648147,11.147853,8.986926
ddc_dzo_00009,labeled,Romeo,0.43880585,-0.95368814,0.55439997,11.399118,10.284018,7.5690427
ddc_dzo_00013,labeled,Romeo,2.553939,-1.1565374,1.530028,9.73571,12.599677,8.870458
ddc_dzo_00001,labeled,Romeo,1.1674256,1.1806633,0.80041057,11.035724,10.009942,7.2175817
ddc_dzo_00015,labeled,Romeo,1.0522077,-0.5005282,0.33828932,9.528298,10.258133,8.588598
ddc_dzo_00014,labeled,Romeo,2.4468737,-0.9647724,0.41657782,9.238475,12.435215,7.0361414
ddc_dzo_00005,labeled,Romeo,3.4883685,-1.2904463,0.43794233,9.77495,12.33593,7.5897183
ddc_dzo_00006,labeled,Romeo,2.1590917,-0.4459375,-1.3986566,11.074199,11.007097,8.008389
ddc_dzo_00023,labeled,Romeo,2.5410664,-1.7773955,0.47310868,10.024868,12.069208,9.2395315
ddc_dzo_00003,labeled,Romeo,2.9119678,-1.5747441,0.43983066,9.625818,12.594403,7.8816533
ddc_dzo_00007,labeled,Dorji,-1.0625757,10.604042,1.4458345,13.527402,8.626005,6.8860936
ddc_dzo_00008,labeled,Thinley,-7.0393,-1.2483497,-0.029089212,9.662442,5.2712407,9.647124
ddc_dzo_01836,labeled,Namgay,0.8230393,-0.27573895,-3.2253764,9.997665,11.245046,10.99153
ddc_dzo_00019,labeled,Romeo,1.3671749,-0.58137155,0.16903687,9.384443,12.512252,8.440966
ddc_dzo_08853,labeled,Romeo,-0.049375176,-0.72850895,1.1606429,11.74261,10.41602,9.5095415
ddc_dzo_00046,labeled,Romeo,1.6982818,-1.1149497,0.25442743,12.103206,10.863669,8.744676
ddc_dzo_00048,labeled,Romeo,1.8816714,0.5102632,0.5442636,9.738607,9.950975,8.104366
ddc_dzo_00039,labeled,Romeo,2.682219,-0.63213134,0.43764025,11.772594,10.159908,8.007204
ddc_dzo_00045,labeled,Romeo,2.6826901,-1.1362969,0.4046402,10.4903755,11.989735,10.356995
ddc_dzo_00051,labeled,Romeo,2.1122098,-1.2502124,1.3775032,8.625136,12.226234,9.089606
ddc_dzo_00029,labeled,Dorji,0.6425684,4.6281447,1.1188112,12.353548,10.478305,9.553992
ddc_dzo_00032,labeled,Romeo,1.13951,-1.5723156,-0.020667791,10.386554,11.226778,6.9753985
ddc_dzo_00042,labeled,Romeo,1.4879212,-1.546771,0.97548264,10.258155,12.290329,7.5917935
ddc_dzo_00041,labeled,Dorji,-0.2669649,8.421733,0.41247845,13.409877,8.593385,6.4472094
ddc_dzo_00053,labeled,Romeo,2.2896402,-1.1607419,1.0736732,10.310359,11.392819,9.822065
ddc_dzo_09137,labeled,Romeo,-0.41357994,-0.675581,-0.58090514,12.672121,6.2154536,5.9330096
ddc_dzo_00082,labeled,Romeo,1.5390581,-1.063946,0.55975294,11.609835,10.513435,10.782532
ddc_dzo_00073,labeled,Thinley,-9.507254,-1.6701391,-0.26935577,10.1595125,5.683335,10.145442
ddc_dzo_00066,labeled,Romeo,2.3916419,-0.36758986,0.8126521,10.848249,12.30885,8.9219
ddc_dzo_00056,labeled,Romeo,1.0585955,-1.051095,0.8772087,11.9196825,10.032589,9.176183
ddc_dzo_00069,labeled,Dorji,-0.6666598,9.924149,0.9709612,13.590679,8.846536,6.4858313
ddc_dzo_00063,labeled,Romeo,2.763104,-0.7748635,0.53217846,9.0576935,11.848856,8.315969
ddc_dzo_00075,labeled,Romeo,2.409583,-2.5290031,0.24256921,10.73163,11.191307,8.990787
ddc_dzo_00083,labeled,Romeo,3.621408,-1.0538229,0.92170644,11.122614,10.69703,10.565627
ddc_dzo_00061,labeled,Thinley,-7.6754165,-1.1159973,0.5851416,10.287768,4.368044,9.632196
ddc_dzo_00070,labeled,Thinley,-9.663503,-0.19725609,1.1350598,10.543636,5.696832,10.682546
ddc_dzo_00057,labeled,Romeo,1.9202381,0.010980606,0.6358839,10.80361,9.973791,7.111681
ddc_dzo_01034,labeled,Thinley,-7.0321984,-1.1629739,-0.8175669,9.524911,5.2941427,11.027781
ddc_dzo_00078,labeled,Dorji,0.2375884,4.7652397,-0.02461207,13.586999,8.745368,7.177634
ddc_dzo_00080,labeled,Thinley,-9.497169,-2.256649,0.9837065,9.765334,5.3128314,11.2430315
ddc_dzo_00067,labeled,Romeo,1.4497242,-1.9207768,0.75059557,9.220011,11.709424,7.0231957
ddc_dzo_06116,labeled,Romeo,1.0678259,-1.3376878,0.33481145,9.804521,10.350904,8.541949
ddc_dzo_00100,labeled,Romeo,1.4315176,-0.9104694,1.328851,9.084163,11.334657,8.513759
ddc_dzo_00094,labeled,Romeo,0.8903254,-0.90549725,0.7930151,11.01592,11.106656,9.114511
ddc_dzo_00101,labeled,Romeo,0.6200447,-1.6608062,1.2256193,10.609896,10.092845,8.622561
ddc_dzo_00107,labeled,Romeo,1.4228742,0.49931097,0.7517555,11.182837,10.829779,7.9538946
ddc_dzo_00098,labeled,Romeo,2.0909288,-1.0422232,-0.025826216,9.5988,10.496513,7.720246
ddc_dzo_00089,labeled,Romeo,2.0263937,-1.0666907,0.52287346,10.594109,11.44321,8.199342
ddc_dzo_03225,labeled,Dorji,-0.5510882,9.125645,0.8037771,13.3262615,9.046954,6.2459116
ddc_dzo_09420,labeled,Thinley,-5.4278374,-0.69573164,1.4853679,9.409098,5.647015,11.128578
ddc_dzo_00091,labeled,Romeo,1.6446629,1.8994317,1.5874245,11.81643,9.630574,8.124206
ddc_dzo_00111,labeled,Romeo,2.947551,-0.7580365,0.21669626,9.795921,10.910044,7.8959413
ddc_dzo_00090,labeled,Romeo,1.0580183,-1.3646486,0.5827378,10.038082,11.627162,10.743093
ddc_dzo_00096,labeled,Romeo,1.116021,-1.5725503,0.10497999,8.64392,11.253161,9.701727
ddc_dzo_00102,labeled,Dorji,-1.4646395,9.428847,0.5728948,13.5506525,8.602714,6.968471
ddc_dzo_00092,labeled,Thinley,-7.7705145,-0.9309814,0.05615282,9.376036,5.1162243,10.760245
ddc_dzo_00103,labeled,Romeo,2.8977334,-0.91631556,-0.021358252,9.590619,11.5535965,10.248617
ddc_dzo_00084,labeled,Romeo,2.2947304,-0.24395013,0.5281631,11.71877,10.161046,8.372265
ddc_dzo_00105,labeled,Romeo,0.20100737,-0.62381685,2.0709898,12.026305,10.37329,9.585443
ddc_dzo_00138,labeled,Romeo,2.4687083,-0.43818235,-0.4591869,9.056414,11.482263,8.46903
ddc_dzo_00123,labeled,Romeo,1.6257257,-0.33740294,0.6309366,9.117222,11.654406,6.954738
ddc_dzo_00121,labeled,Namgay,0.22578049,-1.0023134,-8.095101,13.335408,5.218514,5.6413994
ddc_dzo_00131,labeled,Romeo,2.7870903,-1.0685036,0.44831273,10.638094,10.633752,6.8634057
ddc_dzo_00113,labeled,Romeo,3.3767712,-0.72481245,1.2734163,12.227021,11.253798,10.622803
ddc_dzo_00112,labeled,Thinley,-9.675847,-1.1756487,2.1347067,9.384616,5.482724,10.677581
ddc_dzo_00124,labeled,Romeo,2.286066,-1.438659,0.437037,9.539755,12.031752,8.765981
ddc_dzo_00136,labeled,Romeo,2.8336692,-1.503792,0.59233344,10.119418,12.054225,7.795154
ddc_dzo_00122,labeled,Thinley,-10.104125,-1.2501357,-0.8269367,9.422402,4.5950747,10.691486
ddc_dzo_00115,labeled,Romeo,2.2930164,-1.1110368,0.38935637,9.8047695,10.219674,8.592725
ddc_dzo_00126,labeled,Thinley,-8.333873,-0.58972657,1.3025749,9.547067,4.2039294,9.790054
ddc_dzo_00133,labeled,Romeo,1.6651087,-1.2362478,0.6334361,9.20016,10.536206,7.637991
ddc_dzo_00134,labeled,Romeo,2.0061152,-1.6480881,0.9101248,9.02807,12.044085,8.275896
ddc_dzo_04727,labeled,Romeo,2.2436676,-1.200512,1.4311048,11.480776,10.741314,7.7423606
ddc_dzo_09873,labeled,Dorji,0.63758683,4.949444,0.39460135,13.349072,9.411275,6.645315
ddc_dzo_00144,labeled,Romeo,2.6420121,-2.152074,0.3501413,8.284821,11.986604,8.590245
ddc_dzo_00147,labeled,Romeo,2.407588,-1.5470884,0.4408927,9.83714,11.824348,9.281773
ddc_dzo_00154,labeled,Romeo,1.334691,2.0436666,0.54021925,13.678498,8.889375,6.300658
ddc_dzo_00158,labeled,Romeo,3.1161618,-0.81668794,0.71024466,9.20099,11.699898,7.5082703
ddc_dzo_00145,labeled,Romeo,2.2894545,0.6962955,-0.5331006,9.298866,12.2378645,8.716403
ddc_dzo_00153,labeled,Dorji,0.21639061,8.941275,1.932423,13.554932,8.7656355,6.4601116
ddc_dzo_00143,labeled,Romeo,1.4159305,-0.18946719,-0.0064065456,10.1330385,9.818551,7.219972
ddc_dzo_00155,labeled,Dorji,-0.4363662,9.232448,0.9651035,13.633059,8.659399,6.4367743
ddc_dzo_00164,labeled,Romeo,1.9060936,-0.650543,-0.62349266,10.500863,12.361134,8.388694
ddc_dzo_00150,labeled,Romeo,3.3099303,0.028831244,0.47596884,10.836415,11.305484,9.956839
ddc_dzo_00142,labeled,Romeo,1.7319739,-0.9355874,0.47652793,8.256884,11.698471,8.808996
ddc_dzo_00141,labeled,Romeo,1.5144572,-1.5111876,0.67627895,9.177643,11.330769,10.068873
ddc_dzo_07644,labeled,Romeo,1.3311783,0.23147464,-0.111625314,11.794642,10.671569,7.9865837
ddc_dzo_00180,labeled,Romeo,1.9485064,-1.8781372,0.104604244,8.856246,12.503302,8.695813
ddc_dzo_00188,labeled,Romeo,2.1472518,0.7709093,1.8546827,8.70483,12.302381,8.265533
ddc_dzo_00172,labeled,Romeo,3.001822,-1.7034867,-1.143069,8.87647,11.034192,10.283803
ddc_dzo_00187,labeled,Romeo,1.5305009,-0.3771739,0.0784435,8.623696,11.553015,9.867154
ddc_dzo_00181,labeled,Romeo,4.141305,-0.8069391,0.9987372,10.211967,10.45855,7.0860705
ddc_dzo_00175,labeled,Dorji,-1.9621615,9.237898,0.9538679,13.446962,9.043173,7.8063807
ddc_dzo_00167,labeled,Namgay,-0.98927736,0.9314544,-4.312311,11.383442,10.517029,6.6221147
ddc_dzo_00170,labeled,Dorji,0.15001154,7.4408154,0.43707252,13.484985,9.210265,6.469574
ddc_dzo_00171,labeled,Romeo,2.9693005,-1.1210756,0.5785134,9.8416,11.977508,7.6208754
ddc_dzo_00189,labeled,Romeo,2.4913545,-0.99958193,0.2713084,11.253588,12.095544,9.201478
ddc_dzo_00183,labeled,Romeo,3.7015514,-0.6956901,0.76298857,11.448956,11.077242,10.082063
ddc_dzo_00173,labeled,Romeo,2.522843,-0.13318312,0.6529006,10.07534,11.815508,8.5506
ddc_dzo_00191,labeled,Romeo,2.3077598,-1.5469469,0.9140729,10.919802,11.288165,8.313315
ddc_dzo_00166,labeled,Romeo,1.1157343,-0.5113378,-0.79215485,10.560437,10.137413,8.08713
ddc_dzo_08529,labeled,Romeo,3.5647838,-0.32411498,0.2266419,11.39037,11.302365,9.309724
ddc_dzo_00216,labeled,Romeo,2.0828345,-1.2880139,0.6098196,9.137445,11.206381,9.979851
ddc_dzo_00218,labeled,Romeo,2.8437877,-1.0510373,-0.08058858,11.31996,10.847502,10.184277
ddc_dzo_00199,labeled,Romeo,1.4353842,-0.7345837,0.19842267,10.054892,12.211682,8.958669
ddc_dzo_00203,labeled,Romeo,1.5749836,-1.0499455,1.8549674,9.842771,12.593283,8.952501
ddc_dzo_00205,labeled,Thinley,-7.305958,-1.607744,-0.5874884,9.894951,4.8852067,9.358156
ddc_dzo_00207,labeled,Romeo,2.1510208,-0.7047231,0.076999545,9.90189,10.320924,9.403454
ddc_dzo_00217,labeled,Romeo,2.578652,-2.6090393,0.8940182,10.44713,10.774099,8.95707
ddc_dzo_00196,labeled,Romeo,2.337265,-1.8111956,1.0571721,9.084797,12.421154,8.51702
ddc_dzo_00215,labeled,Romeo,2.3066468,-1.8135295,1.0175681,9.72014,10.563889,10.401767
ddc_dzo_06084,labeled,Dorji,-0.40613174,8.06694,0.17021894,12.842532,9.456618,6.8964114
ddc_dzo_00212,labeled,Romeo,1.3746598,-0.56146026,-0.6438072,10.551667,10.211916,6.9855695
ddc_dzo_06096,labeled,Dorji,0.01800394,5.9182353,0.47811937,12.727305,9.242294,6.9585896
ddc_dzo_00201,labeled,Romeo,2.7295241,0.13115263,1.2589185,11.445595,11.048846,7.980434
ddc_dzo_00206,labeled,Romeo,1.9778943,-0.9326646,0.62939024,11.75409,10.881285,10.169399
ddc_dzo_00213,labeled,Romeo,2.7238276,-0.8448422,0.28104138,11.41363,9.934023,9.4452505
ddc_dzo_00195,labeled,Romeo,2.3876538,-1.0206232,-0.006252706,9.954118,12.665729,8.414283
ddc_dzo_00230,labeled,Dorji,-0.1411449,7.9788055,1.3336749,13.727223,8.72449,6.435761
ddc_dzo_00239,labeled,Romeo,3.1379306,-2.1906915,-0.12534618,11.583307,10.7773695,8.914328
ddc_dzo_09086,labeled,Romeo,1.2662526,-1.9672506,-0.2745149,9.915065,9.951972,7.6642265
ddc_dzo_03775,labeled,Romeo,1.9597585,0.14940107,-0.3420291,8.901368,12.040062,7.3555636
ddc_dzo_00229,labeled,Romeo,1.926327,-0.76238054,-0.030687809,8.802001,11.400256,9.548649
ddc_dzo_00226,labeled,Romeo,1.6745678,0.36776435,0.25520486,11.302642,10.489141,8.826249
ddc_dzo_00243,labeled,Nima,0.881485,0.5176251,-5.6094575,13.123625,4.8432674,5.5407877
ddc_dzo_00236,labeled,Thinley,-8.96034,-1.3767507,1.0615828,10.307278,4.8333273,10.702474
ddc_dzo_00224,labeled,Thinley,-8.04938,-0.83419544,1.209481,10.2108345,5.077243,11.113107
ddc_dzo_00232,labeled,Namgay,0.69862413,-1.4157252,-1.4635812,8.956358,11.852733,9.9396305
ddc_dzo_00237,labeled,Romeo,2.2500465,-1.4211655,1.2870013,10.332038,11.682796,10.143374
ddc_dzo_00246,labeled,Romeo,2.0864177,-0.5601164,0.37574995,9.119511,11.654612,9.368293
ddc_dzo_00231,labeled,Romeo,2.2696838,-1.7506382,-1.2107122,10.573335,12.3204365,8.048212
ddc_dzo_00223,labeled,Romeo,1.9041713,-0.57837343,0.6885629,10.980517,10.502528,6.9308214
ddc_dzo_00241,labeled,Romeo,1.8788531,-1.6272831,0.33232665,10.45994,9.9477,10.027463
ddc_dzo_00222,labeled,Romeo,2.6618896,-1.050441,1.0236185,10.351613,12.137888,9.706204
ddc_dzo_01378,labeled,Romeo,2.0151663,-1.9265497,1.5951282,10.534722,5.5163455,10.215454
ddc_dzo_00253,labeled,Romeo,2.0264225,-2.4363966,0.8662739,10.378428,10.211832,8.765613
ddc_dzo_00248,labeled,Romeo,1.7547731,-0.91871077,-0.5595808,9.130167,12.366855,7.0759215
ddc_dzo_00274,labeled,Romeo,3.2976322,-1.4394448,0.24717522,10.627549,11.815222,9.291496
ddc_dzo_00266,labeled,Romeo,1.5600474,-1.5342169,0.72503376,10.883335,10.110024,10.487261
ddc_dzo_00252,labeled,Romeo,2.4766216,-1.6759725,0.05661258,9.753883,10.096152,7.9180903
ddc_dzo_00268,labeled,Romeo,2.331716,-0.90224457,1.7332128,10.422302,11.242926,8.561876
ddc_dzo_00264,labeled,Thinley,-7.9914217,-0.44364226,0.35783312,10.141194,4.9830494,10.546997
ddc_dzo_00254,labeled,Romeo,2.879435,-2.3042805,0.83444583,11.037206,11.395439,7.5376973
ddc_dzo_00269,labeled,Romeo,2.78962,-1.1649644,0.87307763,9.734769,11.985217,7.6157203
ddc_dzo_01035,labeled,Romeo,2.8002179,-0.9851517,1.2332964,9.473186,12.556273,7.7341385
ddc_dzo_00261,labeled,Namgay,-2.0193243,-0.88389814,-12.914522,12.817947,4.7048264,5.4228864
ddc_dzo_00263,labeled,Namgay,0.53290653,0.50108314,-7.0294156,13.324295,5.0292068,5.6280417
ddc_dzo_00262,labeled,Thinley,-7.6530957,-2.63511,1.1590145,9.879047,5.5882053,11.258651
ddc_dzo_00258,labeled,Romeo,0.31446958,-0.93827343,0.63699174,11.673495,9.585026,8.720439
ddc_dzo_00270,labeled,Romeo,1.7551415,-0.7670362,1.0819045,11.326948,10.862656,7.658183
ddc_dzo_00259,labeled,Romeo,1.9953473,-1.2805811,0.51938605,12.121077,10.86154,10.383327
ddc_dzo_08862,labeled,Romeo,2.0714865,-0.6135167,-0.69575083,10.36691,10.360433,8.002724
ddc_dzo_00286,labeled,Romeo,2.8777018,-0.6441078,0.9429178,11.605094,11.506998,10.301423
ddc_dzo_08849,labeled,Thinley,-9.867978,-0.91394305,0.8827836,9.909592,4.6307616,10.544744
ddc_dzo_00290,labeled,Thinley,-6.9146695,-0.3321116,0.40917277,10.298395,4.5907683,9.583027
ddc_dzo_00297,labeled,Romeo,1.371448,-1.4652436,-0.47700065,8.82584,10.895937,9.109598
ddc_dzo_00288,labeled,Romeo,2.6683395,-1.2932558,-0.11585903,10.679484,11.256578,10.82859
ddc_dzo_00298,labeled,Thinley,-8.806316,-1.6257919,0.60008556,9.602136,4.415675,9.709415
ddc_dzo_00295,labeled,Dorji,-0.30939907,6.837571,0.6381851,13.601497,8.646795,7.4343724
ddc_dzo_00302,labeled,Thinley,-6.2821174,0.271937,0.07198334,9.815605,4.317399,9.531875
ddc_dzo_00292,labeled,Romeo,1.2969275,-0.025002241,0.7293484,8.617593,12.115324,7.555451
ddc_dzo_00282,labeled,Romeo,1.2647144,0.7496791,0.9718231,9.661428,11.000216,10.004428
ddc_dzo_00283,labeled,Dorji,0.9264977,7.0014725,0.9127775,13.60219,8.789678,6.447788
ddc_dzo_00276,labeled,Romeo,2.3944664,-1.3938166,0.37166482,10.313654,11.536246,10.681846
ddc_dzo_00289,labeled,Thinley,-6.137436,-1.0899386,0.28314614,9.922716,5.254238,10.899655
ddc_dzo_00281,labeled,Thinley,-8.200239,-1.3335726,-0.60836583,10.365443,5.325094,9.897891
ddc_dzo_00300,labeled,Romeo,0.80437505,1.0284816,0.6095555,11.990163,9.789271,8.112751
ddc_dzo_01823,labeled,Romeo,2.8474889,-0.83917785,1.1607795,11.638693,10.780667,8.237274
ddc_dzo_00331,labeled,Romeo,2.0354016,-0.94541645,1.1923318,11.9628315,10.584636,8.867659
ddc_dzo_00305,labeled,Romeo,2.6037219,-1.0856853,-0.41998556,9.580909,11.384522,9.630703
ddc_dzo_00328,labeled,Romeo,2.4248538,-1.3735658,0.66010547,10.488477,11.917075,10.207927
ddc_dzo_00303,labeled,Dorji,-0.6541953,7.7005587,0.47095656,13.276809,9.311008,6.9396
ddc_dzo_00313,labeled,Thinley,-7.7445774,-0.95251656,0.7473823,9.768412,4.7292447,9.985905
ddc_dzo_00327,labeled,Romeo,3.7675734,-1.1279249,-1.7406466,10.398027,10.582899,8.183024
ddc_dzo_00309,labeled,Romeo,2.084651,-0.6853728,1.18928,10.478346,10.474808,6.9816556
ddc_dzo_00304,labeled,Romeo,2.8032975,-0.8846302,0.30698967,12.1232,10.927474,9.603382
ddc_dzo_00310,labeled,Romeo,1.4493697,-1.718153,1.1282418,11.574928,11.4875965,8.692532
ddc_dzo_00323,labeled,Romeo,2.2260985,-1.0165443,0.22964907,9.2554035,11.164591,6.964581
ddc_dzo_00330,labeled,Dorji,1.3603349,7.6439495,2.3805532,13.434563,9.280732,7.5069056
ddc_dzo_00311,labeled,Romeo,1.9468279,-1.7078247,0.57152843,12.41311,10.577314,10.063803
ddc_dzo_01169,labeled,Romeo,0.51762235,0.08305752,1.9112287,11.604039,9.877924,9.031504
ddc_dzo_00338,labeled,Romeo,1.7841663,0.8842802,0.9245005,11.118673,10.664003,6.6735983
ddc_dzo_00353,labeled,Romeo,1.6689372,-1.2748055,0.063289165,9.960408,10.507548,6.8730555
ddc_dzo_00345,labeled,Dorji,-0.19503617,9.895656,1.6295419,13.613095,8.607768,7.177395
ddc_dzo_00356,labeled,Dorji,-0.5872528,9.922497,1.1495247,13.611816,8.513288,6.5431843
ddc_dzo_00349,labeled,Romeo,2.7260144,-0.41622618,0.9670892,10.923971,9.62371,8.349456
ddc_dzo_00334,labeled,Romeo,1.4884182,-2.0153003,0.6362287,9.537795,12.286358,9.044281
ddc_dzo_00355,labeled,Thinley,-12.029052,-2.0042462,1.8787721,9.336469,4.508475,10.66634
ddc_dzo_00354,labeled,Romeo,2.228957,-1.284836,0.031845093,8.222518,11.466272,9.244105
ddc_dzo_00337,labeled,Romeo,2.824503,0.12893152,0.19225469,9.595694,11.459492,7.254022
ddc_dzo_00346,labeled,Romeo,0.8280492,-1.2416544,0.91088414,8.780241,10.459757,8.107096
ddc_dzo_00350,labeled,Thinley,-7.973995,-1.0733078,1.1919445,9.383824,4.8657084,10.912144
ddc_dzo_00333,labeled,Nima,1.9298127,0.32334375,-2.3831303,9.986655,9.419916,8.7261715
ddc_dzo_00344,labeled,Romeo,2.8100848,-0.9052391,-0.52955365,8.626261,10.880251,9.799399
ddc_dzo_00342,labeled,Romeo,0.2110467,-0.6529305,0.31185317,11.521786,9.619188,8.514693
ddc_dzo_09573,labeled,Romeo,1.5684614,-0.9655919,-0.8396167,9.914392,10.626408,10.058595
ddc_dzo_00378,labeled,Romeo,2.049728,-1.8104253,0.55335253,9.666413,12.513323,8.213849
ddc_dzo_00375,labeled,Romeo,1.5020158,-1.6086571,0.1750046,11.722094,10.758187,9.500219
ddc_dzo_00364,labeled,Romeo,2.0878303,-0.54274845,1.7406874,10.601202,9.597434,7.9611664
ddc_dzo_00382,labeled,Romeo,1.0345831,-0.8865154,0.92241526,8.885213,11.949361,7.783638
ddc_dzo_00377,labeled,Romeo,1.9901115,-2.8846421,0.43906593,11.007784,10.742598,10.5231
ddc_dzo_00384,labeled,Namgay,-0.59463835,-0.41928816,-8.733298,11.3378315,10.565004,6.606258
ddc_dzo_00365,labeled,Thinley,-8.741045,-2.5663197,0.62303257,10.458183,4.6925955,9.91319
ddc_dzo_00379,labeled,Thinley,-8.170022,-0.31015682,1.0623147,10.751005,5.205928,10.10465
ddc_dzo_00368,labeled,Dorji,-0.89185715,9.653303,1.8367556,13.505704,9.057433,7.8212857
ddc_dzo_00373,labeled,Romeo,1.7359505,0.15132678,-2.578907,10.03371,9.942382,8.677611
ddc_dzo_00361,labeled,Romeo,2.2424257,0.18007421,1.071008,12.052814,10.413319,10.061602
ddc_dzo_00367,labeled,Thinley,-8.572184,-1.7450324,0.9174235,10.228227,5.072161,10.833676
ddc_dzo_01645,labeled,Romeo,2.648348,-1.146517,-0.5012224,11.979751,11.151647,10.143782
ddc_dzo_00395,labeled,Romeo,2.598929,-0.48831666,2.0872111,10.164869,11.901148,8.889326
ddc_dzo_00407,labeled,Romeo,2.5818152,-0.6970674,1.2308643,10.882862,10.827863,9.271294
ddc_dzo_00387,labeled,Romeo,0.57958573,-1.211849,0.0927273,9.436581,11.6179495,10.056688
ddc_dzo_00399,labeled,Romeo,1.6862333,-0.43815947,0.4197986,10.0646925,12.2357235,9.937449
ddc_dzo_00401,labeled,Romeo,1.4038365,-1.4541504,0.22299042,9.738511,9.9725485,7.2493114
ddc_dzo_00439,labeled,Romeo,1.6978922,-0.65539515,-0.14763594,9.957514,10.735518,7.1401563
ddc_dzo_00389,labeled,Thinley,-9.28774,-0.8700021,0.63037694,9.575396,4.2942834,10.131801
ddc_dzo_00410,labeled,Dorji,0.3956566,7.0746326,0.91241693,13.694246,8.513478,7.371012
ddc_dzo_00408,labeled,Dorji,-0.6583941,8.962109,1.1385576,13.74375,8.6954775,6.5885887
ddc_dzo_00396,labeled,Dorji,-0.32914448,9.68966,-0.20051795,13.119862,9.108831,6.735438
ddc_dzo_00402,labeled,Dorji,-1.2215023,6.510901,0.41391277,13.619251,8.847462,6.5779815
ddc_dzo_00393,labeled,Dorji,0.8545765,6.1239376,0.87882376,13.410479,9.298792,6.601735
ddc_dzo_00406,labeled,Romeo,2.9183578,-0.8720739,-0.38184667,9.423972,10.420031,8.20163
ddc_dzo_00391,labeled,Romeo,2.4438298,0.8728742,0.5905285,12.47898,10.139509,9.651826
ddc_dzo_03077,labeled,Romeo,1.6692128,0.47449663,0.55271405,11.221265,9.759002,8.903195
ddc_dzo_00421,labeled,Romeo,2.0789118,-1.5844345,0.17078352,8.790678,12.415779,8.01964
ddc_dzo_00415,labeled,Thinley,-8.844049,-0.9795499,1.4545143,9.969575,5.527028,10.403358
ddc_dzo_00425,labeled,Romeo,2.5284433,-0.44535995,-0.097760916,8.946219,11.132306,10.21297
ddc_dzo_00413,labeled,Thinley,-10.153417,-1.9473672,1.4259102,9.683821,5.2178984,10.424395
ddc_dzo_00432,labeled,Romeo,1.29771,0.0020378828,-1.0498525,10.400039,11.430449,7.0196505
ddc_dzo_00430,labeled,Romeo,1.8586011,-1.8086419,0.17608379,8.590451,11.809774,7.666774
ddc_dzo_00422,labeled,Romeo,0.9304413,-2.2727842,1.0817606,11.633376,10.074577,9.202297
ddc_dzo_00424,labeled,Thinley,-8.8640995,-1.5830185,0.57972,9.690964,4.4243264,9.673998
ddc_dzo_00412,labeled,Romeo,2.136528,-0.5885761,1.1965164,9.606275,12.020241,8.589292
ddc_dzo_00433,labeled,Namgay,-0.7442956,1.1003497,-12.955523,-5.212236,5.5659895,8.525203
ddc_dzo_00431,labeled,Romeo,0.8239095,-0.6431689,1.574805,10.034762,12.030677,8.812918
ddc_dzo_00419,labeled,Romeo,1.2836865,-1.0734043,1.7880051,9.84728,10.181546,8.342274
ddc_dzo_00414,labeled,Romeo,0.17180145,-0.37458628,-1.2209156,11.183383,11.0299425,8.909481
ddc_dzo_05134,labeled,Romeo,1.9028282,-0.43975353,0.46262217,12.112591,11.092295,9.21875
ddc_dzo_00449,labeled,Romeo,2.308655,-0.66075754,0.8959266,10.395443,11.894206,10.122062
ddc_dzo_00460,labeled,Thinley,-7.420652,-1.1117936,0.07386446,10.400901,5.9676104,10.758028
ddc_dzo_00450,labeled,Romeo,2.3329763,-0.9959409,-0.28393698,8.397105,10.653939,9.747289
ddc_dzo_00463,labeled,Romeo,2.2704477,-0.21001816,-0.22971308,8.702882,11.585311,9.962148
ddc_dzo_00455,labeled,Romeo,1.416582,-1.4932783,-0.028644145,11.591306,10.374854,8.456675
ddc_dzo_00453,labeled,Thinley,-7.6285467,-1.9555545,0.35666153,9.707891,4.799623,9.929918
ddc_dzo_00440,labeled,Dorji,-0.15589428,5.2705836,0.092042446,13.222946,9.3039875,8.139751
ddc_dzo_00447,labeled,Romeo,1.8383884,-0.66669756,-0.5033691,8.921913,10.318026,7.867778
ddc_dzo_00464,labeled,Thinley,-8.315476,-0.7888584,0.21127316,9.483188,5.7619834,10.833178
ddc_dzo_00443,labeled,Thinley,-7.823394,-1.3614671,1.5227458,9.777718,4.976552,9.719022
ddc_dzo_01036,labeled,Romeo,2.6521606,-1.8772647,0.6004777,8.688304,11.965126,9.477962
ddc_dzo_00462,labeled,Romeo,3.3843508,1.8539335,0.8144949,10.887566,10.298842,6.6512823
ddc_dzo_00454,labeled,Romeo,2.3148499,-1.3455306,0.05828014,11.387262,10.044586,7.7078757
ddc_dzo_00479,labeled,Romeo,2.4327097,-1.2855985,-0.5172235,10.673893,10.459678,10.478732
ddc_dzo_00486,labeled,Romeo,1.0730156,-0.3978529,-0.5571446,10.87019,11.802755,8.531996
ddc_dzo_04020,labeled,Romeo,0.33064246,1.0797642,0.33463335,10.076114,10.022439,7.224153
ddc_dzo_00471,labeled,Romeo,1.4954638,-0.51050806,1.2204587,8.705506,12.331587,9.229757
ddc_dzo_00477,labeled,Romeo,2.3035007,-0.3409605,1.7594957,9.235214,11.732644,7.3755436
ddc_dzo_00478,labeled,Dorji,1.1537373,8.059457,0.57704616,13.370941,8.62829,7.733658
ddc_dzo_00468,labeled,Romeo,2.611806,-0.87265134,-0.24086809,9.281366,12.443375,8.91534
ddc_dzo_00469,labeled,Namgay,-0.73614883,-0.4964521,-7.692244,13.292905,5.310024,5.6455674
ddc_dzo_00473,labeled,Thinley,-8.851059,-1.7662485,0.77596045,10.21495,4.3288245,9.590395
ddc_dzo_00467,labeled,Namgay,-1.0467739,0.7916806,-13.006148,-4.619985,5.369892,8.354556
ddc_dzo_00485,labeled,Thinley,-9.438529,-2.4586186,-0.27700508,10.183265,4.756997,10.47671
ddc_dzo_00492,labeled,Romeo,3.3311157,-0.25056076,0.1866759,11.888651,10.227437,8.0741415
ddc_dzo_00484,labeled,Romeo,1.5791912,-1.4034615,1.5554233,11.570538,10.843954,8.540708
ddc_dzo_00483,labeled,Romeo,0.6254039,-1.0345047,1.4428209,9.071103,11.272616,8.531749
ddc_dzo_00970,labeled,Romeo,1.7361622,-1.1534321,0.37837446,10.773021,10.330962,7.5090623
ddc_dzo_00498,labeled,Romeo,1.9415398,-1.2796993,0.079978466,12.269836,10.055875,9.812511
ddc_dzo_00504,labeled,Romeo,1.3910546,-1.6594336,0.4945221,11.942043,9.700194,8.795784
ddc_dzo_00515,labeled,Romeo,0.59263015,-1.5417664,0.18208218,9.384497,12.453334,9.163226
ddc_dzo_00517,labeled,Namgay,-0.8060198,1.208945,-10.606587,12.598795,4.9515786,5.2019453
ddc_dzo_00500,labeled,Namgay,0.70141375,1.5064366,-6.836013,11.035057,10.410741,5.995087
ddc_dzo_00497,labeled,Dorji,1.1148763,9.529082,0.999743,13.684575,9.030178,7.0959253
ddc_dzo_00510,labeled,Romeo,2.3261538,-0.6154759,0.3968835,9.260776,11.84609,6.9153004
ddc_dzo_00508,labeled,Romeo,2.0283232,-0.78878266,0.09204793,11.929774,10.826109,9.645724
ddc_dzo_00516,labeled,Thinley,-10.103534,-1.0404305,2.4165978,9.710623,5.3133583,11.071905
ddc_dzo_00512,labeled,Romeo,2.5467267,-1.2074924,0.62814635,9.436219,11.725857,8.738891
ddc_dzo_00502,labeled,Thinley,-5.519009,-2.8016582,-0.008112907,9.955595,5.3302145,10.57983
ddc_dzo_00506,labeled,Dorji,0.6720582,9.55854,0.9109417,13.552693,8.99551,7.128304
ddc_dzo_00501,labeled,Romeo,1.6478901,-2.0168636,-0.23234725,11.176667,11.677117,7.8243494
ddc_dzo_06250,labeled,Romeo,1.5774608,-2.6102474,1.7669668,12.000851,10.238985,9.749933
ddc_dzo_00524,labeled,Romeo,1.8583813,0.03994775,0.9336437,9.756824,10.502573,9.336476
ddc_dzo_00529,labeled,Romeo,1.6174836,-1.393026,0.7142153,8.956135,12.402929,7.4268513
ddc_dzo_00537,labeled,Romeo,2.3566506,-1.1292987,0.05585575,10.499388,11.312909,9.547444
ddc_dzo_00538,labeled,Romeo,3.822824,-1.4839398,-1.6832238,10.157821,12.228637,8.558598
ddc_dzo_00539,labeled,Dorji,-0.8328804,7.641542,0.18268967,13.518664,8.480501,7.413087
ddc_dzo_00532,labeled,Romeo,0.8393135,-1.4322622,0.50016046,11.582485,11.375236,8.5418415
ddc_dzo_00545,labeled,Dorji,1.0216012,5.2385597,2.5547051,13.320148,9.299512,7.5882926
ddc_dzo_00543,labeled,Thinley,-9.740073,-1.4428625,1.8147955,10.559228,4.778338,10.0845175
ddc_dzo_00534,labeled,Romeo,2.0230424,-0.76980716,0.43274665,10.706383,12.1666,9.41319
ddc_dzo_00530,labeled,Thinley,-8.227013,-1.4658756,1.3332202,10.114079,4.7264986,9.442316
ddc_dzo_00523,labeled,Romeo,1.314543,-1.5017629,1.2739019,10.352555,10.386262,9.451778
ddc_dzo_00536,labeled,Romeo,2.0311043,-1.7423544,-0.25439584,10.267614,11.911433,10.105281
ddc_dzo_00533,labeled,Romeo,1.7022114,-0.5612738,0.15122044,10.107905,10.625655,10.850686
ddc_dzo_06604,labeled,Romeo,2.8005402,-0.60990906,-1.1156363,12.075256,11.5452385,9.896989
ddc_dzo_00570,labeled,Romeo,1.3933339,1.7034593,0.9708657,12.310613,9.905797,8.110852
ddc_dzo_00562,labeled,Thinley,-9.274891,-1.4226589,-0.035964727,10.327303,5.466743,9.46966
ddc_dzo_00548,labeled,Dorji,-0.8117013,7.1792603,-0.6916276,13.3280945,9.260461,7.553563
ddc_dzo_00560,labeled,Romeo,1.392215,-0.65458965,0.3656478,10.226371,11.918943,9.930496
ddc_dzo_00569,labeled,Romeo,1.7164979,-1.0983932,-0.042423606,10.825499,11.627374,8.578215
ddc_dzo_00559,labeled,Namgay,-0.9939029,2.5877438,-5.037547,13.312408,7.556213,6.5723457
ddc_dzo_00549,labeled,Romeo,1.2703247,-1.35431,1.2199249,11.676018,9.678011,9.341975
ddc_dzo_00565,labeled,Dorji,0.67988396,7.4217896,-0.07852006,13.528856,9.005042,6.1557117
ddc_dzo_01304,labeled,Romeo,0.86913586,-1.5405421,0.2969408,10.633933,10.15583,10.154054
ddc_dzo_00594,labeled,Romeo,2.2622237,-1.6134521,0.435683,10.202943,12.630111,8.991315
ddc_dzo_00585,labeled,Namgay,-1.740344,1.1333709,-9.132988,12.901193,5.265916,5.5718555
ddc_dzo_00590,labeled,Romeo,1.8773053,-2.0395458,0.17523575,8.599114,11.748091,8.820931
ddc_dzo_00581,labeled,Thinley,-6.8368454,-0.46441555,0.60606885,10.181999,5.806348,10.4272
ddc_dzo_00587,labeled,Thinley,-7.610825,-1.1726267,0.965116,10.613237,6.1524863,10.830848
ddc_dzo_00596,labeled,Romeo,2.6582232,0.1464541,1.0078387,10.867022,10.985346,9.81733
ddc_dzo_00592,labeled,Romeo,1.5263191,-0.21070921,0.1373465,12.180316,10.326562,9.372394
ddc_dzo_00578,labeled,Thinley,-9.441415,-1.2542195,-0.15275645,9.900346,4.9294796,11.0554085
ddc_dzo_00580,labeled,Romeo,2.3612366,-0.7296054,2.021443,9.858862,12.131309,8.78313
ddc_dzo_00624,labeled,Romeo,2.9639177,-0.96777606,-0.5772971,11.279167,10.881892,9.182625
ddc_dzo_00619,labeled,Romeo,2.5946987,0.01650387,0.4383483,12.002638,10.385171,9.791045
ddc_dzo_00612,labeled,Romeo,0.42846859,-1.0715867,-1.806042,10.075405,9.540335,8.988189
ddc_dzo_00621,labeled,Romeo,1.8199385,-0.21662271,0.23653698,10.628025,11.2099695,10.392705
ddc_dzo_00604,labeled,Romeo,3.1447375,-0.4919728,-0.57744265,11.696357,10.578437,10.717084
ddc_dzo_00627,labeled,Romeo,2.145788,0.6132132,0.53875464,9.583881,11.612224,7.654918
ddc_dzo_00606,labeled,Romeo,1.8351071,-1.6568708,-0.7426684,9.74966,11.812908,10.257867
ddc_dzo_00611,labeled,Romeo,1.7369428,-1.1497858,0.31246716,9.16539,10.108782,8.415449
ddc_dzo_00626,labeled,Thinley,-8.4855385,-0.79923534,-1.4711723,9.572351,4.807163,10.739444
ddc_dzo_00608,labeled,Thinley,-7.599288,-1.1308293,1.6980102,9.31411,5.193334,10.4018545
ddc_dzo_00616,labeled,Thinley,-9.011995,-0.3267541,1.1844895,9.297384,4.196168,9.9921465
ddc_dzo_09776,labeled,Thinley,-4.170169,1.1910256,0.76293814,10.723968,10.0890465,7.7791467
ddc_dzo_00613,labeled,Romeo,2.384078,-0.30152223,0.8657578,11.182386,11.728288,10.392191
ddc_dzo_00620,labeled,Romeo,1.7553756,-1.2579266,-0.70810705,9.276151,12.333144,7.4035563
ddc_dzo_00630,labeled,Romeo,2.487213,-0.18422508,0.139189,11.650545,11.3167925,8.6765585
ddc_dzo_00636,labeled,Romeo,2.4183674,-1.6726749,-0.04693079,9.154522,11.392742,8.497138
ddc_dzo_00634,labeled,Thinley,-7.3316956,-1.8447726,0.714289,9.723413,5.428462,9.869052
ddc_dzo_00631,labeled,Thinley,-7.3865776,-1.8132292,1.0813756,10.406426,5.8897133,10.64382
ddc_dzo_00645,labeled,Romeo,3.326082,-1.8094945,0.66066563,10.2789135,11.8609705,10.306895
ddc_dzo_00643,labeled,Namgay,-2.3390155,1.7840203,-10.133892,13.116972,4.8887887,5.5801425
ddc_dzo_00628,labeled,Romeo,1.9911549,-2.0854318,-0.20213419,9.945387,11.7871,7.098567
ddc_dzo_00641,labeled,Thinley,-7.8569717,-0.35341883,0.105651855,10.279855,4.8261895,9.843196
ddc_dzo_00651,labeled,Thinley,-9.300216,-1.8136742,0.96521574,10.174649,4.9629974,9.915465
ddc_dzo_00648,labeled,Nima,1.3514212,-0.7379124,-2.388639,9.806133,11.277335,9.784265
ddc_dzo_00640,labeled,Thinley,-8.189243,-1.6970422,0.7994915,10.164675,4.5741076,9.752389
ddc_dzo_00646,labeled,Romeo,2.8799267,-1.069547,0.6717686,9.720856,9.715945,8.421533
ddc_dzo_00639,labeled,Romeo,1.2096844,0.26193368,0.9503932,12.201054,9.844472,8.358267
ddc_dzo_00633,labeled,Romeo,1.973383,-2.1505468,-1.0990536,8.691227,12.045326,9.288731
ddc_dzo_01073,labeled,Romeo,0.980461,-1.0571847,-1.3222091,10.549695,10.709285,6.837167
ddc_dzo_00660,labeled,Romeo,2.4121604,-0.31429926,-0.07401886,9.112922,11.293544,8.576909
ddc_dzo_00670,labeled,Romeo,2.6600025,-1.167028,0.44615102,10.135589,10.826671,8.585599
ddc_dzo_00658,labeled,Romeo,2.1621845,-1.3548532,0.6165223,9.725647,12.405433,7.999074
ddc_dzo_00653,labeled,Romeo,2.5198905,-2.044041,-0.57130384,9.424571,10.449844,8.02206
ddc_dzo_00657,labeled,Romeo,1.9044999,-1.2271825,0.5531683,10.746835,11.015252,7.8510284
ddc_dzo_00672,labeled,Romeo,2.4831514,-1.0111206,0.8690078,12.013498,10.425482,9.581104
ddc_dzo_00669,labeled,Romeo,1.2879407,5.8029222,-0.11705613,13.19361,9.225177,7.2839227
ddc_dzo_00662,labeled,Romeo,2.2728512,-0.8965362,0.6948327,10.535,12.054306,10.226743
ddc_dzo_00673,labeled,Romeo,2.5239954,-1.3490081,0.42459035,8.554948,12.072663,9.057088
ddc_dzo_00671,labeled,Romeo,1.2794979,-1.1237601,0.844144,10.220113,10.176165,7.865377
ddc_dzo_00667,labeled,Dorji,-0.66293997,7.6246767,1.1144948,13.2278805,9.180021,7.2215667
ddc_dzo_00654,labeled,Romeo,3.2769496,-1.4625126,0.8062594,8.836968,11.785564,8.238791
ddc_dzo_00656,labeled,Romeo,1.7040385,-0.44724798,0.26791096,8.645926,10.601694,10.057262
ddc_dzo_09749,labeled,Romeo,1.4138764,-1.0187962,-0.022966027,9.216607,10.397433,10.052695
ddc_dzo_08070,labeled,Romeo,1.9679918,-1.480405,0.24920559,11.37812,10.900432,9.3441
ddc_dzo_00682,labeled,Romeo,1.5890692,-1.269439,0.06470096,8.610348,12.194226,8.714991
ddc_dzo_00683,labeled,Romeo,2.8235931,-1.0224512,0.35534334,9.601996,12.585914,7.835496
ddc_dzo_00701,labeled,Romeo,2.5319347,-1.753897,0.5402405,12.021678,10.147805,9.770415
ddc_dzo_00691,labeled,Romeo,1.795999,-0.28742492,-0.40977287,8.827178,11.748453,8.0659275
ddc_dzo_00697,labeled,Romeo,2.1505408,-1.4464679,0.46474636,9.2119875,11.955456,7.8551927
ddc_dzo_00686,labeled,Romeo,1.0405917,-1.086862,0.62338114,10.133745,12.063428,9.440553
ddc_dzo_00681,labeled,Romeo,2.0121808,-1.29585,0.57248276,10.730712,10.934447,7.328242
ddc_dzo_00687,labeled,Dorji,0.5000315,8.1299305,0.5734861,13.3196535,9.204439,6.9629264
ddc_dzo_00693,labeled,Thinley,-10.105165,-0.96629155,2.4520922,10.7272,5.122265,10.238161
ddc_dzo_00699,labeled,Romeo,2.9299173,-0.780424,0.45327064,9.598187,11.064986,10.180575
ddc_dzo_00689,labeled,Romeo,1.4474306,-0.07606983,1.3517804,12.0001,11.320588,8.982026
ddc_dzo_00679,labeled,Romeo,2.360327,-2.5844548,0.33945417,8.493365,11.221742,9.890885
ddc_dzo_00698,labeled,Romeo,1.8725259,-0.45827103,2.6665668,11.27967,11.804469,8.832534
ddc_dzo_03481,labeled,Romeo,3.3410068,0.035436153,0.32610154,12.061532,11.318981,10.117207
ddc_dzo_00708,labeled,Romeo,2.7899625,-1.2211089,1.1043177,10.960325,11.723055,10.516433
ddc_dzo_00712,labeled,Romeo,2.5617743,-0.8078786,0.41494036,11.40597,10.934915,9.915015
ddc_dzo_00726,labeled,Romeo,1.3933884,-1.0708214,-0.081263304,10.8912525,10.680301,8.104693
ddc_dzo_00710,labeled,Romeo,1.582165,-0.03927183,-0.26143003,9.641247,10.483216,7.9678817
ddc_dzo_00722,labeled,Romeo,1.996027,0.8719168,0.543392,8.786649,10.636989,10.330911
ddc_dzo_00718,labeled,Namgay,-1.5799651,1.9264357,-11.989524,12.680272,5.0490212,5.259038
ddc_dzo_00716,labeled,Romeo,3.0269794,-1.0824227,0.13552237,10.525133,12.018706,10.389963
ddc_dzo_00723,labeled,Romeo,1.7583061,-1.6688967,-0.18945861,9.203455,12.561204,8.336312
ddc_dzo_04477,labeled,Dorji,-0.5690421,9.37861,0.3777604,13.224353,9.099288,7.559295
ddc_dzo_00707,labeled,Romeo,2.0720277,-1.0560732,0.30497265,9.5024395,12.729669,7.760809
ddc_dzo_00729,labeled,Romeo,2.9619956,-2.2833724,0.8884821,9.52453,11.170261,7.0120144
ddc_dzo_00704,labeled,Romeo,2.2050111,-1.4978781,-1.0106566,12.279372,10.783529,8.617114
ddc_dzo_00719,labeled,Romeo,1.5852886,-1.7914268,-0.24383688,10.983649,10.538774,10.437245
ddc_dzo_00055,labeled,Romeo,1.5380644,-0.9119451,0.54084516,10.8927,10.890395,8.944659
ddc_dzo_02390,labeled,Romeo,2.3779616,-0.89929545,0.28173447,10.937452,10.996651,8.5432205
ddc_dzo_00744,labeled,Romeo,2.2402916,-2.1083205,-0.5037056,11.78691,11.399866,8.772777
ddc_dzo_00733,labeled,Romeo,2.5979953,-1.1385198,-0.23732305,8.540866,12.179968,8.046907
ddc_dzo_00742,labeled,Romeo,3.4251738,-1.3275216,0.3493321,9.010359,11.501594,7.9064245
ddc_dzo_00746,labeled,Romeo,2.579298,0.40615177,-0.019200921,9.9309225,12.317818,7.9624867
ddc_dzo_00753,labeled,Romeo,2.1619673,-0.1410101,0.04770875,8.874745,10.361571,8.127903
ddc_dzo_00754,labeled,Romeo,2.083058,0.05164051,1.1359274,10.404155,10.965004,7.2658777
ddc_dzo_00738,labeled,Romeo,2.369822,-1.963238,-0.49689722,10.122596,11.470581,10.44817
ddc_dzo_00748,labeled,Romeo,3.5172987,-0.79687166,-0.361364,11.397035,10.4854765,7.729194
ddc_dzo_00752,labeled,Romeo,1.5447114,-0.4315645,1.0292048,11.86316,10.602087,9.848836
ddc_dzo_00745,labeled,Romeo,1.084933,-2.1708636,0.29169786,11.459945,9.823736,7.611086
ddc_dzo_00734,labeled,Romeo,2.6210594,-1.0315957,-0.23655939,10.631962,11.945313,7.56086
ddc_dzo_00739,labeled,Romeo,2.300675,-1.8455026,1.4900935,9.869525,12.287704,7.651207
ddc_dzo_07741,labeled,Romeo,1.9550803,-1.2632778,0.78483784,9.87852,10.582165,10.327635
ddc_dzo_00758,labeled,Romeo,0.65536594,-0.8111974,-0.24431157,9.021849,10.922663,10.121901
ddc_dzo_00780,labeled,Romeo,3.0158815,-1.9436591,0.8675244,9.775705,11.876723,9.065202
ddc_dzo_00773,labeled,Namgay,-1.3302999,1.0180746,-12.174766,-4.8181233,5.411751,8.60344
ddc_dzo_00767,labeled,Romeo,2.9706376,-1.2722399,0.22944248,9.47949,11.809868,9.61562
ddc_dzo_00778,labeled,Romeo,0.75429964,0.020152345,0.7866435,12.065022,9.923711,9.3308
ddc_dzo_00763,labeled,Thinley,-7.5687203,0.79283834,0.84550554,10.18396,4.98889,10.509205
ddc_dzo_00782,labeled,Romeo,1.262619,-0.13672078,-0.16318417,10.204403,10.756636,7.5583835
ddc_dzo_00769,labeled,Romeo,3.5597131,-1.9291949,1.7305284,9.878363,12.103542,8.6212845
ddc_dzo_00771,labeled,Romeo,1.9952725,-1.2883459,0.25911203,9.637471,10.285223,8.976202
ddc_dzo_00764,labeled,Thinley,-8.629585,-0.83423233,0.7494135,9.075938,5.00764,10.615092
ddc_dzo_00766,labeled,Romeo,1.59091,0.60228693,-0.022287369,11.746824,9.571927,8.469669
ddc_dzo_00781,labeled,Romeo,0.74031734,-2.5130663,0.49237975,8.894126,11.474807,10.073058
ddc_dzo_02148,labeled,Romeo,2.0221574,-1.464675,0.09848046,9.9443,9.907619,8.410058
ddc_dzo_04736,labeled,Thinley,-6.7837296,0.065719604,1.5755887,9.693064,5.266053,9.67837
ddc_dzo_08275,labeled,Romeo,1.7974026,-1.6815842,0.9429391,11.343374,9.866891,7.494147
ddc_dzo_09954,labeled,Thinley,-11.33722,-2.1719017,1.6359239,10.1289425,4.704531,10.916726
ddc_dzo_04811,labeled,Thinley,-7.303815,-1.5313334,1.2987535,10.364466,4.895927,9.488319
ddc_dzo_00790,labeled,Romeo,2.390996,-0.41524315,0.462543,9.96423,12.296866,9.5470915
ddc_dzo_00792,labeled,Romeo,2.0895295,-1.874837,0.5863623,10.806138,10.948301,8.786867
ddc_dzo_00804,labeled,Romeo,3.4088676,-0.3863191,0.3741326,11.584727,11.22031,8.714568
ddc_dzo_00785,labeled,Romeo,2.7426615,-1.0517411,0.23655629,8.829122,11.6253805,8.237824
ddc_dzo_00802,labeled,Romeo,1.2712953,-1.283378,1.0372964,9.97997,12.065002,9.200651
ddc_dzo_00800,labeled,Dorji,0.054080725,4.0210013,0.6867318,13.404142,8.119003,7.0907636
ddc_dzo_00788,labeled,Nima,2.3536344,-0.44585058,-0.7567053,9.464741,12.336652,7.046435
ddc_dzo_08161,labeled,Romeo,2.5647175,-0.94785035,1.4285353,10.033036,10.24467,8.7263565
ddc_dzo_00835,labeled,Romeo,2.9587445,-1.7443842,0.6734048,9.760135,12.033055,7.7735615
ddc_dzo_00811,labeled,Romeo,2.9433465,-0.35828722,0.51647663,10.500546,12.169634,9.63371
ddc_dzo_00826,labeled,Romeo,3.2120786,-2.430044,0.13176668,10.546331,12.438172,9.503108
ddc_dzo_00834,labeled,Dorji,0.2315355,5.753876,1.9938593,13.294571,9.2550335,6.534766
ddc_dzo_00820,labeled,Thinley,-8.376705,-0.68359363,-0.6820096,9.290988,5.1882825,10.35188
ddc_dzo_00815,labeled,Romeo,1.756763,0.35200024,1.3726393,11.768305,10.490824,9.468587
ddc_dzo_00829,labeled,Thinley,-9.756517,-1.0980039,0.5180481,9.376717,5.357328,10.579528
ddc_dzo_00825,labeled,Romeo,2.3175573,-1.0927198,0.8851625,11.162862,11.218433,9.325812
ddc_dzo_00821,labeled,Romeo,2.6458023,-0.94259715,0.15875244,11.4471,10.820864,10.801486
ddc_dzo_00836,labeled,Romeo,2.761754,0.9699599,-1.0603807,10.717164,10.12518,6.726712
ddc_dzo_00819,labeled,Romeo,1.8670299,-0.60557437,0.9318917,11.389462,10.64713,8.749606
ddc_dzo_00814,labeled,Romeo,2.1572304,0.04959941,-0.6496632,10.064269,11.33555,11.135141
ddc_dzo_09534,labeled,Romeo,1.3243823,-1.0978688,0.31154346,12.176501,11.345861,10.164221
ddc_dzo_00862,labeled,Romeo,0.24269032,-1.8120009,1.0135038,10.356917,10.352798,10.248715
ddc_dzo_00847,labeled,Romeo,2.4391277,0.32698345,0.19674796,11.428043,10.686318,8.106845
ddc_dzo_00838,labeled,Romeo,2.5101335,-1.4525447,0.7655251,10.468269,10.675358,10.823091
ddc_dzo_00854,labeled,Dorji,0.4694446,8.36642,0.9786079,13.425859,9.241341,6.450327
ddc_dzo_00845,labeled,Romeo,2.3925204,0.26227093,-0.07881045,10.965411,12.053698,7.97455
ddc_dzo_00849,labeled,Romeo,1.7401081,-1.5042223,-0.03575325,9.188277,11.593992,9.931225
ddc_dzo_00860,labeled,Romeo,0.8778672,-0.552963,0.8538356,10.820675,11.25129,8.916398
ddc_dzo_00848,labeled,Romeo,1.5265937,-1.4605442,1.2608638,10.790984,11.197333,9.353516
ddc_dzo_00855,labeled,Romeo,2.2431617,-1.656764,0.60570824,8.706908,10.825192,8.372219
ddc_dzo_00861,labeled,Dorji,-0.8291407,6.1563993,0.48415482,13.735732,8.454655,6.7866974
ddc_dzo_00841,labeled,Romeo,1.9939406,-2.4698648,1.2506497,9.978494,10.111375,8.003463
ddc_dzo_00852,labeled,Romeo,1.9432487,-1.0334729,0.6324189,11.756974,10.340373,9.787991
ddc_dzo_01318,labeled,Romeo,1.9775392,-1.3295858,1.4121693,10.244606,11.729108,9.062389
ddc_dzo_00881,labeled,Romeo,1.7627673,-0.28232586,0.6618929,11.86156,9.974879,9.402636
ddc_dzo_00971,labeled,Romeo,2.4558234,-1.0357473,0.9079411,10.139104,10.151434,8.484963
ddc_dzo_00883,labeled,Romeo,1.6005819,-0.24607658,0.3296249,10.004372,12.630505,9.038223
ddc_dzo_00876,labeled,Romeo,1.9873945,0.22543645,0.40069413,11.110367,11.351029,8.511445
ddc_dzo_00873,labeled,Namgay,-1.0223994,0.48696315,-10.954248,12.633709,5.4916167,5.436304
ddc_dzo_00886,labeled,Romeo,1.4561887,-0.5102272,-0.5668515,8.733826,11.026154,7.713548
ddc_dzo_00871,labeled,Thinley,-8.910967,-0.7375395,0.8134445,9.578738,4.6894093,9.980473
ddc_dzo_00874,labeled,Dorji,0.05320573,6.9729967,0.65298986,13.487277,8.927166,6.267006
ddc_dzo_00887,labeled,Romeo,1.8952664,-1.509886,0.3135817,10.019868,12.51587,9.432483
ddc_dzo_00884,labeled,Romeo,1.2529962,-0.6055918,0.5586953,8.511346,11.45281,8.966085
ddc_dzo_00877,labeled,Romeo,2.2489862,-0.9036275,1.0028814,11.031095,11.958196,9.177021
ddc_dzo_00864,labeled,Thinley,-8.330119,-2.0955005,1.1284735,10.18549,5.7265735,10.662874
ddc_dzo_09186,labeled,Namgay,1.4238267,-0.5250287,-4.383607,9.856782,11.316465,11.126113
ddc_dzo_00885,labeled,Romeo,1.7723842,-1.867296,-1.3701258,9.838713,11.756255,9.08573
ddc_dzo_00882,labeled,Romeo,1.3532083,-1.5439686,1.0604582,8.949984,11.203319,8.745358
ddc_dzo_04365,labeled,Romeo,1.8525733,-2.5624378,-0.5718744,11.115966,10.72879,8.097981
ddc_dzo_00891,labeled,Thinley,-5.974964,-0.16235375,0.703578,10.292057,5.042225,10.917613
ddc_dzo_00897,labeled,Romeo,2.5966015,-0.13932277,-0.8135359,12.023811,10.366639,9.500111
ddc_dzo_00905,labeled,Thinley,-6.212169,-0.7679355,-0.19709969,9.34227,4.9992533,10.037732
ddc_dzo_00915,labeled,Romeo,2.3768396,-0.9758627,-0.45585155,9.121383,12.218544,7.8186493
ddc_dzo_00898,labeled,Thinley,-6.658263,-1.9687555,0.11161184,10.392833,6.142818,11.198492
ddc_dzo_00907,labeled,Thinley,-9.224302,-2.2811556,0.89636326,9.78438,5.0059104,11.064724
ddc_dzo_00912,labeled,Dorji,-1.4563297,7.473033,0.6179161,13.406043,9.032952,6.6871486
ddc_dzo_00914,labeled,Thinley,-8.824766,-1.9795654,0.1131798,9.872084,5.5188856,11.115704
ddc_dzo_00913,labeled,Romeo,1.8738737,-1.1610456,-0.36763048,9.19047,12.279046,6.758212
ddc_dzo_00904,labeled,Romeo,2.6064136,0.27037668,1.0380313,11.181081,11.1630535,9.046984
ddc_dzo_00939,labeled,Romeo,1.9431932,0.8435128,0.2068851,10.11223,9.98949,7.9064674
ddc_dzo_00937,labeled,Romeo,2.8613448,-0.04898882,0.47421646,12.208889,10.52779,8.469444
ddc_dzo_00925,labeled,Romeo,2.010532,-1.1209873,0.5115675,9.4042845,10.411898,8.385616
ddc_dzo_09478,labeled,Thinley,-8.226098,-0.841444,1.13725,9.640483,4.966399,9.902277
ddc_dzo_00922,labeled,Romeo,1.9231173,-0.54418063,0.8139436,10.112206,11.814282,10.5461235
ddc_dzo_00923,labeled,Thinley,-8.663283,-0.6151016,-0.047429085,10.280454,5.8918,11.358362
ddc_dzo_00921,labeled,Romeo,2.320372,-1.9684589,-0.11310768,8.313007,11.935383,9.313624
ddc_dzo_00933,labeled,Romeo,2.0209465,-1.1735065,-0.4857893,11.452021,10.734937,8.587228
ddc_dzo_00941,labeled,Romeo,2.5043569,-0.45358253,-0.15814495,9.015867,11.572999,8.207563
ddc_dzo_00917,labeled,Dorji,1.6253691,7.488627,0.71384,13.389317,8.939107,6.612933
ddc_dzo_00926,labeled,Thinley,-8.455968,-2.0084019,-0.715822,10.321473,4.925899,10.895412
ddc_dzo_05473,labeled,Thinley,-7.9610224,-2.4183624,0.6662874,10.08113,5.8272643,11.377399
ddc_dzo_05147,labeled,Thinley,-7.466243,-1.2654865,0.6447339,10.369271,4.7078624,9.704584
ddc_dzo_00929,labeled,Romeo,2.4695735,-1.3875294,0.18001598,10.6902685,11.622334,9.634461
ddc_dzo_00934,labeled,Romeo,1.7586226,-1.9591304,0.1953435,9.039306,11.750602,9.335351
ddc_dzo_00950,labeled,Romeo,3.194561,-1.1494933,1.2541299,11.959948,11.298128,10.004067
ddc_dzo_00959,labeled,Dorji,-0.8093905,9.623698,1.3484454,13.680739,9.016946,6.521109
ddc_dzo_09747,labeled,Romeo,2.393032,-2.2611809,1.3550992,10.681252,10.831106,8.368725
ddc_dzo_00944,labeled,Romeo,3.1378312,-1.6399665,1.0334809,9.911255,11.499249,9.147186
ddc_dzo_00946,labeled,Romeo,2.0617635,0.33030105,1.3377118,12.276909,10.669133,9.988875
ddc_dzo_00967,labeled,Romeo,1.8982619,-1.1672124,-1.6412408,9.652986,10.247225,7.174258
ddc_dzo_00956,labeled,Romeo,2.8627903,-0.85434985,0.4445603,9.295721,12.534904,8.196624
ddc_dzo_00965,labeled,Namgay,-1.1950269,0.64962757,-11.056368,12.636853,5.146878,5.331662
ddc_dzo_00943,labeled,Romeo,3.5973396,-1.6340907,0.17877674,9.789443,12.118756,8.992411
ddc_dzo_00960,labeled,Dorji,-0.9734731,7.652826,0.45187852,13.386366,8.992034,7.451906
ddc_dzo_00949,labeled,Romeo,2.0210645,0.91532636,0.27561486,9.783104,9.982931,8.605212
ddc_dzo_00963,labeled,Romeo,2.0184376,-0.64821666,0.85178566,12.118163,10.442381,10.530627
ddc_dzo_00495,labeled,Romeo,2.1705601,0.7118614,0.85809755,12.078849,10.266103,10.043996
ddc_dzo_00995,labeled,Romeo,1.3238617,-1.6017468,1.1622,10.412251,9.861018,10.048102
ddc_dzo_01521,labeled,Romeo,1.3896663,-1.586014,0.12276983,8.76773,11.1594095,8.334821
ddc_dzo_00981,labeled,Thinley,-6.756216,-1.9405954,0.69940174,10.430058,4.8435936,9.470458
ddc_dzo_00984,labeled,Romeo,1.6936835,0.3093108,1.4910951,12.131884,10.335979,9.150643
ddc_dzo_00990,labeled,Namgay,0.63775015,4.340602,-3.4217544,11.197528,10.081122,5.8535056
ddc_dzo_00979,labeled,Romeo,1.9201844,-1.5170949,0.9715452,10.155051,12.131601,9.91484
ddc_dzo_00994,labeled,Romeo,1.8558167,-1.0780199,-0.6831614,11.440317,10.997328,8.30488
ddc_dzo_00993,labeled,Thinley,-8.738659,-0.57652044,1.1247399,10.041652,5.534956,11.360612
ddc_dzo_00977,labeled,Romeo,3.1800704,-1.6137815,1.0627303,8.372764,11.640554,9.101198
ddc_dzo_00980,labeled,Romeo,2.5529518,-0.36003232,0.29648936,10.817691,11.013644,9.272749
ddc_dzo_00976,labeled,Thinley,-8.759272,0.75788796,1.1046548,9.701933,4.265479,9.691336
ddc_dzo_00982,labeled,Thinley,-9.233756,-2.2296786,0.3562402,9.694883,5.1768117,10.123236
ddc_dzo_00986,labeled,Romeo,2.8620307,-2.5275807,-0.28922427,8.993783,11.18067,8.060526
ddc_dzo_00992,labeled,Romeo,2.072961,-1.1067301,0.012734175,11.719883,11.103124,10.72878
ddc_dzo_03553,labeled,Romeo,2.2470067,-0.24888432,2.2059035,10.510129,10.405994,7.741161
ddc_dzo_01030,labeled,Romeo,2.1979983,-1.1622735,-0.8801317,10.06532,10.800107,9.829746
ddc_dzo_01022,labeled,Romeo,3.7051463,-2.1890132,0.43217683,9.324481,11.893472,6.952932
ddc_dzo_00999,labeled,Romeo,3.0947692,-1.3858397,0.8912916,10.349908,11.68423,10.524985
ddc_dzo_05719,labeled,Romeo,1.2003156,-0.15996456,0.36462498,10.29518,10.073867,10.195327
ddc_dzo_01033,labeled,Thinley,-5.884193,-1.5039818,1.2095631,10.830173,9.357411,10.07408
ddc_dzo_01018,labeled,Romeo,2.613441,-2.3887715,-0.14787221,10.133046,11.354212,7.3233104
ddc_dzo_01031,labeled,Dorji,-0.6348257,9.206563,-1.4936665,13.418832,9.005911,6.3931227
ddc_dzo_01007,labeled,Romeo,1.9811914,-0.4682387,0.08544791,10.102112,11.482172,10.014514
ddc_dzo_01025,labeled,Romeo,1.0948437,-0.39236975,-0.1407373,11.610167,11.080518,7.7149415
ddc_dzo_01002,labeled,Dorji,-0.9434347,5.972872,0.7930789,12.349264,10.535358,10.60718
ddc_dzo_01021,labeled,Thinley,-7.14534,-0.1303978,0.044024706,10.2695265,6.182313,10.988615
ddc_dzo_01015,labeled,Dorji,-0.087239504,8.73094,0.8629265,13.548042,8.632665,6.227981
ddc_dzo_01001,labeled,Romeo,2.6303349,0.68136287,1.4032485,9.852884,11.936045,7.843012
ddc_dzo_01020,labeled,Romeo,1.8916116,-1.5138755,0.894181,10.424241,12.565565,8.25445
ddc_dzo_01029,labeled,Romeo,2.312852,-1.376655,0.9628119,9.225365,11.478435,9.964511
ddc_dzo_01013,labeled,Romeo,2.6269233,0.6124129,-0.5461149,11.410588,11.122761,10.872682
ddc_dzo_01039,labeled,Romeo,2.8406062,-1.5923913,-0.95720077,10.162755,12.275385,7.3479524
ddc_dzo_01050,labeled,Romeo,1.3544028,-0.5831003,0.46139884,9.95431,9.98857,8.877141
ddc_dzo_01044,labeled,Romeo,2.4281702,0.31934074,-0.4839933,11.224166,10.619415,9.602726
ddc_dzo_01064,labeled,Romeo,1.604422,-1.5051188,0.18971968,8.387935,10.600325,9.683242
ddc_dzo_09142,labeled,Thinley,-8.917922,-1.0505543,0.9437816,9.032115,5.170275,10.740803
ddc_dzo_01046,labeled,Thinley,-4.2802424,-0.2238324,-0.41978407,9.39822,9.235681,9.389945
ddc_dzo_01042,labeled,Namgay,-3.5630121,2.5541263,-13.062062,-4.8594117,5.408498,8.460613
ddc_dzo_01068,labeled,Thinley,-10.689768,-2.5479994,0.36683077,9.557884,4.978954,11.06119
ddc_dzo_01059,labeled,Romeo,0.8188741,0.051692665,0.1526593,9.359409,12.47631,8.685203
ddc_dzo_01045,labeled,Romeo,0.123818874,0.24533415,0.33472776,9.069067,11.703714,9.840294
ddc_dzo_01058,labeled,Romeo,2.4318435,-1.3096731,0.083749056,8.636245,10.607962,9.714692
ddc_dzo_01072,labeled,Romeo,3.3822591,-1.1930332,0.5731156,8.555164,11.4678135,9.271785
ddc_dzo_01071,labeled,Romeo,2.2336936,-0.9487746,0.23251042,10.071417,10.388686,9.254213
ddc_dzo_01049,labeled,Romeo,0.31101966,-0.80416656,0.6496377,8.392675,11.971489,8.393843
ddc_dzo_01107,labeled,Romeo,4.304263,-3.1819468,0.42240572,10.2905035,11.280714,9.761687
ddc_dzo_00339,labeled,Dorji,-0.3789948,8.035952,1.3772252,13.520955,8.954539,7.8088017
ddc_dzo_06303,labeled,Romeo,1.5997008,-1.1913586,0.3327332,10.557809,10.282496,7.935395
ddc_dzo_01097,labeled,Romeo,0.96658444,-0.030816525,0.9751997,9.165265,11.744905,7.325264
ddc_dzo_01082,labeled,Romeo,2.295006,-1.381659,-0.02672553,9.085582,10.94782,10.52147
ddc_dzo_01083,labeled,Romeo,1.7345175,0.12298107,0.36989045,10.220326,12.055728,10.288279
ddc_dzo_01077,labeled,Romeo,2.8630207,-0.57886416,-0.44519067,9.147362,12.115019,7.6901836
ddc_dzo_01095,labeled,Romeo,1.5799705,-1.5530249,-0.07267547,10.784937,10.095096,9.31619
ddc_dzo_01103,labeled,Dorji,0.8261244,8.153207,1.2224326,13.213499,9.004613,7.4134574
ddc_dzo_01084,labeled,Romeo,2.3974652,-1.644814,0.84536815,10.674568,10.695588,9.23395
ddc_dzo_01078,labeled,Dorji,-0.33596277,8.428231,-0.06490111,13.142111,9.273278,6.6976814
ddc_dzo_01093,labeled,Dorji,-0.9888917,10.415366,1.2070845,13.583004,9.108457,6.4636216
ddc_dzo_01100,labeled,Romeo,1.5544188,0.082791805,0.93558663,12.381588,9.769738,9.064137
ddc_dzo_01090,labeled,Romeo,3.0208116,-2.0626473,1.3587291,10.817253,10.129985,8.01992
ddc_dzo_01129,labeled,Romeo,2.72584,-1.1152612,-0.59504044,10.068455,10.547105,7.32199
ddc_dzo_01139,labeled,Romeo,2.5044644,-0.16244817,-0.225317,8.87233,10.740152,8.496049
ddc_dzo_01132,labeled,Romeo,1.6858616,-1.5587707,-0.39852852,10.281138,10.371545,6.7813153
ddc_dzo_01110,labeled,Romeo,2.0590825,-1.6043932,0.48304147,10.6911125,10.738396,7.649717
ddc_dzo_01522,labeled,Namgay,-2.5696,0.19133532,-7.103316,13.333907,5.3585687,5.630336
ddc_dzo_01126,labeled,Namgay,-0.95546913,1.1097677,-11.854088,12.629349,5.2072396,5.355887
ddc_dzo_01138,labeled,Romeo,1.8701061,-1.0580249,-0.8284858,9.890383,10.67658,9.533515
ddc_dzo_01133,labeled,Thinley,-9.249729,-1.3055772,1.4208493,10.012792,4.4385405,9.668123
ddc_dzo_01130,labeled,Thinley,-7.4836864,-1.2337762,-1.1692592,10.11436,4.9271784,9.2698
ddc_dzo_01125,labeled,Romeo,3.249967,-1.1413001,-1.6171844,11.985934,10.992643,8.195219
ddc_dzo_01108,labeled,Thinley,-6.1483607,-0.053374767,0.36496186,9.855387,5.2910576,9.5510235
ddc_dzo_01122,labeled,Thinley,-8.710556,-0.22633123,1.0483465,10.493696,6.0327377,10.496199
ddc_dzo_01118,labeled,Dorji,0.51745415,12.270396,2.7610614,13.486203,9.221977,7.490611
ddc_dzo_01113,labeled,Romeo,2.7177181,-0.6301708,1.0214652,9.153425,11.895258,8.626022
ddc_dzo_01121,labeled,Romeo,2.7022674,-2.630016,0.9122474,9.477676,11.30775,9.692639
ddc_dzo_01134,labeled,Romeo,1.517247,-1.2940929,0.19927436,10.016382,11.612586,10.817313
ddc_dzo_01112,labeled,Romeo,1.1122532,-1.4766817,1.5320634,9.050198,11.793704,9.972547
ddc_dzo_01165,labeled,Romeo,1.6310748,-0.10178065,0.57946765,10.632132,9.868205,8.540025
ddc_dzo_01155,labeled,Romeo,2.0575445,-0.39211422,0.4410118,10.667931,9.906266,8.762569
ddc_dzo_03896,labeled,Dorji,-1.6956587,9.111331,2.588886,13.702903,8.4571705,7.0860395
ddc_dzo_03647,labeled,Romeo,2.2744036,-1.2437953,0.2174511,11.545459,10.402809,8.839478
ddc_dzo_01140,labeled,Romeo,2.0273476,-2.0447755,1.2789259,9.832186,11.890851,7.8832607
ddc_dzo_01593,labeled,Romeo,2.2027745,1.2511888,-0.3473606,9.495361,12.173378,6.8339086
ddc_dzo_01154,labeled,Romeo,2.6290216,-1.2051034,2.213726,8.842228,12.062363,8.66467
ddc_dzo_01145,labeled,Romeo,1.3574533,-0.9784881,-0.45002484,8.749592,10.020786,8.645506
ddc_dzo_01152,labeled,Romeo,1.6229997,-2.094232,0.38888693,9.841871,10.122242,9.192147
ddc_dzo_01162,labeled,Namgay,-0.9050807,1.6281816,-12.593731,-5.280362,5.8686857,9.042516
ddc_dzo_01142,labeled,Romeo,1.5383813,-0.9870858,-0.15857029,9.770914,11.733091,10.780887
ddc_dzo_01163,labeled,Dorji,-1.7482221,9.186348,1.7593983,13.356392,8.787085,7.653124
ddc_dzo_01156,labeled,Romeo,3.6979203,-0.35958892,0.669101,10.007534,12.410682,7.627009
ddc_dzo_01166,labeled,Romeo,2.0499358,-0.44008464,-0.19975793,9.603412,11.80154,8.901394
ddc_dzo_01168,labeled,Romeo,1.8157539,-2.2245195,0.53759253,9.624264,10.956414,8.335402
ddc_dzo_01164,labeled,Romeo,1.5365742,-1.8117447,0.40786803,10.701478,11.2743845,9.060794
ddc_dzo_01149,labeled,Romeo,0.9779462,-1.6316644,0.9768895,10.113237,12.294882,9.618698
ddc_dzo_01172,labeled,Romeo,1.1918229,-1.2951713,0.47544098,9.350335,11.408583,9.00899
ddc_dzo_05435,labeled,Romeo,-0.045099735,-1.6365389,1.4456189,9.556673,10.188247,7.428054
ddc_dzo_01203,labeled,Thinley,-6.964764,0.13654923,-0.22371292,10.002897,5.3312373,9.520538
ddc_dzo_01193,labeled,Romeo,1.060451,-1.0205325,-0.7040987,10.650427,11.406513,10.112005
ddc_dzo_01196,labeled,Romeo,1.6444042,-0.5025027,-1.0484539,8.416059,10.523799,9.843026
ddc_dzo_01195,labeled,Romeo,2.672682,-1.35144,0.3577621,10.251637,11.493029,8.190584
ddc_dzo_06052,labeled,Thinley,-10.655336,-0.9355035,0.69297194,9.459757,5.6701384,10.793605
ddc_dzo_01182,labeled,Romeo,2.3797352,-0.97975326,0.52771,9.458235,11.627643,10.004613
ddc_dzo_01184,labeled,Romeo,2.4887896,0.4292748,1.1305124,9.613518,12.043627,9.139913
ddc_dzo_01178,labeled,Romeo,1.4326901,-0.84946936,-0.95136786,9.752657,11.993225,8.500598
ddc_dzo_01185,labeled,Thinley,-12.549345,-1.6719592,-0.7742057,9.19124,4.261828,10.079028
ddc_dzo_01176,labeled,Romeo,2.809661,0.4594924,0.51672983,11.746637,10.536564,8.267148
ddc_dzo_01191,labeled,Romeo,1.4976451,-1.1638212,0.5680411,9.211555,10.223388,8.421446
ddc_dzo_04620,labeled,Namgay,0.0013666153,0.16297835,-11.9913225,-4.7411776,5.140936,8.396227
ddc_dzo_08986,labeled,Thinley,-8.025019,-0.44305468,-0.46240282,12.3651285,6.3977327,6.132692
ddc_dzo_01183,labeled,Thinley,-9.269356,-0.02479428,0.6716039,10.4681635,4.736801,9.506813
ddc_dzo_01204,labeled,Romeo,1.4824808,-0.768306,-0.79900885,10.8762665,11.268981,10.357829
ddc_dzo_01179,labeled,Romeo,1.0849458,-0.27503824,2.1767182,9.750065,12.374826,8.984277
ddc_dzo_01180,labeled,Romeo,1.2906784,-1.113544,-1.3659118,8.824782,10.614539,10.454539
ddc_dzo_01199,labeled,Romeo,2.4641066,-2.521421,1.0951848,11.266857,10.588368,10.816345
ddc_dzo_01205,labeled,Romeo,2.099859,-1.7417011,0.44069147,9.722479,11.597467,10.1486635
ddc_dzo_01216,labeled,Romeo,2.8487375,-0.35352635,0.39391756,9.937904,12.617632,9.175654
ddc_dzo_01213,labeled,Romeo,2.4182043,-1.1511889,-1.8256288,10.643954,11.292919,7.51398
ddc_dzo_01242,labeled,Romeo,1.7779542,-0.4716339,0.73793757,10.25837,10.180729,8.002834
ddc_dzo_01214,labeled,Romeo,1.4562212,-1.4692073,0.120747775,9.876009,11.5867815,9.825556
ddc_dzo_01225,labeled,Thinley,-8.844674,-1.8489025,-0.26878834,9.611757,4.382938,9.77152
ddc_dzo_01222,labeled,Romeo,3.4627671,-1.1667619,-0.3709979,9.024313,11.329086,8.604138
ddc_dzo_01215,labeled,Thinley,-7.2205343,0.0094076395,-0.09258747,10.321074,5.516314,10.861806
ddc_dzo_01237,labeled,Romeo,3.1028743,-1.5375063,1.1416215,8.94789,11.76536,8.228024
ddc_dzo_01220,labeled,Thinley,-11.943581,-1.7566006,0.088633776,9.068474,4.828729,10.406162
ddc_dzo_01241,labeled,Thinley,-8.036572,-1.1663399,-0.12828898,10.276333,5.467878,10.338904
ddc_dzo_01238,labeled,Romeo,3.2362897,-0.79719424,-0.29253507,10.658529,11.478251,7.437722
ddc_dzo_01219,labeled,Thinley,-11.430153,-1.3058279,1.6876669,10.040437,4.7002172,10.826814
ddc_dzo_01236,labeled,Romeo,1.7767268,-1.1204022,0.4551506,9.850326,11.971156,8.581574
ddc_dzo_01234,labeled,Romeo,1.5694087,1.032273,0.6265271,12.0596895,10.412493,9.611407
ddc_dzo_01235,labeled,Romeo,0.83559835,-0.4248268,0.3556435,11.733771,10.611257,9.701186
ddc_dzo_01224,labeled,Romeo,2.949971,-2.1841369,0.18505979,9.861656,11.833614,8.347931
ddc_dzo_01239,labeled,Romeo,2.846856,-1.9855711,0.8762551,10.661292,11.572602,10.447921
ddc_dzo_01244,labeled,Romeo,1.3098876,-0.71067095,0.83779025,10.70078,11.619745,10.411967
ddc_dzo_01264,labeled,Romeo,3.2523322,-1.5846667,0.080461025,12.327386,11.299536,10.159774
ddc_dzo_01251,labeled,Dorji,-0.021247864,6.961436,0.27249575,13.606597,8.742207,6.048933
ddc_dzo_01261,labeled,Romeo,2.0978909,-1.655368,-0.7764089,10.497291,11.004901,7.309209
ddc_dzo_01248,labeled,Romeo,2.4035308,-0.74637103,0.03037195,9.385938,9.705323,8.975222
ddc_dzo_01256,labeled,Romeo,2.0140214,-0.19322395,0.51247203,10.602569,9.947072,6.820947
ddc_dzo_01273,labeled,Romeo,2.694966,-0.628415,0.55898714,10.242588,10.172992,9.28223
ddc_dzo_01257,labeled,Romeo,0.856915,-1.5887905,0.36089808,9.244023,12.182534,9.150861
ddc_dzo_01270,labeled,Romeo,3.012547,-1.1553043,1.1072755,8.955906,11.776023,9.212997
ddc_dzo_01249,labeled,Dorji,0.62315613,8.654145,0.3817501,13.196215,8.777464,7.4121456
ddc_dzo_01269,labeled,Romeo,3.23852,-0.87205607,1.4167614,9.702228,11.144626,7.9354386
ddc_dzo_01278,labeled,Romeo,1.4019482,-1.7493927,1.3547451,9.97,11.53786,10.590087
ddc_dzo_01268,labeled,Romeo,2.6290565,-1.2493376,0.6000376,8.966878,12.174854,7.3272123
ddc_dzo_01253,labeled,Thinley,-6.7883635,0.59035933,-0.73241496,9.81633,5.3615026,10.902258
ddc_dzo_01255,labeled,Dorji,0.12335968,6.216291,0.97394437,13.258182,8.363716,7.4808974
ddc_dzo_01263,labeled,Romeo,1.6572487,-0.7011645,1.642156,9.830443,12.0201025,7.7476783
ddc_dzo_01266,labeled,Dorji,0.21892191,9.118202,0.12005806,13.539593,9.230175,6.474846
ddc_dzo_01276,labeled,Romeo,1.7256789,-1.1256014,0.81159234,8.817086,11.930023,7.93148
ddc_dzo_01250,labeled,Romeo,2.1039085,-0.9516098,1.3176312,10.582947,11.195482,9.573219
ddc_dzo_01283,labeled,Romeo,2.8265224,-1.2442093,1.1742858,11.59995,11.3980255,10.128949
ddc_dzo_01307,labeled,Romeo,1.0753961,-1.247162,1.3573,10.1622715,11.340606,8.094531
ddc_dzo_09644,labeled,Thinley,-9.807466,-1.3705411,0.5126002,9.535315,4.5590816,9.9982605
ddc_dzo_01280,labeled,Dorji,-0.3280096,8.039786,0.5141211,13.388539,9.199007,7.6239896
ddc_dzo_03404,labeled,Namgay,0.12962008,2.2079668,-11.819899,-4.775404,5.3238263,8.520832
ddc_dzo_04425,labeled,Thinley,-8.47304,-0.15771496,-1.051273,10.140538,5.061877,9.964501
ddc_dzo_09240,labeled,Dorji,-1.8144236,11.2149725,1.3648229,13.214598,8.838878,7.182396
ddc_dzo_01301,labeled,Romeo,2.3722134,-0.94804704,-0.53631425,9.449439,12.214232,8.917564
ddc_dzo_01302,labeled,Romeo,1.4858298,-0.8733417,-1.0177541,12.083029,10.849982,10.48651
ddc_dzo_01293,labeled,Romeo,3.178301,-2.4148703,-0.28006506,11.405525,9.924359,7.649835
ddc_dzo_01298,labeled,Dorji,0.9646876,7.8872795,1.1659888,13.516052,8.783229,6.828357
ddc_dzo_01311,labeled,Romeo,2.0857978,-0.45518017,0.6371718,10.284901,9.504546,9.2803955
ddc_dzo_01303,labeled,Dorji,0.7029543,7.934578,0.15168095,13.04642,9.133681,6.5944643
ddc_dzo_01331,labeled,Romeo,0.8495395,-1.0481617,-0.57125366,11.316255,9.401783,8.321416
ddc_dzo_01338,labeled,Romeo,1.2233944,-0.5493537,-0.12861872,10.891102,11.451157,10.3788
ddc_dzo_01315,labeled,Dorji,-0.40356278,9.314413,1.6831546,13.312548,9.055463,6.643743
ddc_dzo_01344,labeled,Romeo,3.49703,-0.67195404,1.2853863,9.372905,11.263754,7.1719146
ddc_dzo_01314,labeled,Romeo,3.9024444,-1.7737778,-0.019237041,9.667506,10.114621,9.950167
ddc_dzo_01325,labeled,Namgay,-0.39767265,1.3550292,-8.592572,12.861032,4.6805305,5.420374
ddc_dzo_01337,labeled,Romeo,2.6428194,-1.6844525,1.259814,10.439842,11.22348,8.917427
ddc_dzo_01319,labeled,Dorji,0.6997241,8.491527,1.2605445,13.610575,8.669779,7.4368935
ddc_dzo_01346,labeled,Romeo,2.332149,-1.6604161,0.83003855,8.672844,11.184116,9.4836445
ddc_dzo_01330,labeled,Romeo,3.2398314,-0.75293964,0.4117198,8.934059,11.850271,8.354971
ddc_dzo_01321,labeled,Romeo,3.828288,-1.603014,0.35843468,10.376097,11.603407,9.841078
ddc_dzo_01320,labeled,Thinley,-6.7218413,-0.08733559,-0.14185715,10.26272,6.133693,11.352596
ddc_dzo_01327,labeled,Thinley,-9.680745,-1.0354898,1.1091589,9.95907,4.17949,9.778951
ddc_dzo_01340,labeled,Dorji,-2.6036606,4.7596273,0.7971809,13.055809,8.355313,6.5547614
ddc_dzo_01317,labeled,Romeo,3.9350035,-1.4402077,0.3918445,10.352261,12.05129,7.7957616
ddc_dzo_01339,labeled,Romeo,2.32449,-1.8923268,1.0137615,11.788466,10.314444,8.538529
ddc_dzo_01313,labeled,Romeo,1.3591168,-0.107634544,-0.7448073,12.254514,10.351807,8.622013
ddc_dzo_01323,labeled,Romeo,0.64115196,-0.22022608,-0.72638786,9.96646,4.8100047,9.64667
ddc_dzo_01369,labeled,Romeo,2.515926,-0.7513411,-0.32103467,10.369034,10.29191,10.361532
ddc_dzo_01370,labeled,Dorji,1.0435278,6.4677167,0.53456545,13.528579,9.097692,6.339074
ddc_dzo_01356,labeled,Romeo,2.957953,-0.5562171,1.239208,9.835724,10.559266,7.559686
ddc_dzo_01366,labeled,Romeo,1.4543853,-0.6916171,2.1179998,9.371672,12.421456,7.439501
ddc_dzo_01359,labeled,Thinley,-9.976917,-1.2282484,-0.1878085,9.373164,4.295662,9.923145
ddc_dzo_01354,labeled,Romeo,1.2800006,0.8497865,0.43947786,10.47563,11.261637,7.8337092
ddc_dzo_01350,labeled,Romeo,1.8468099,-0.6308713,0.43812537,11.74294,9.665012,7.8536043
ddc_dzo_01361,labeled,Thinley,-10.875425,-1.8564076,1.4961153,9.283715,4.482252,10.53186
ddc_dzo_01360,labeled,Dorji,-0.56303835,6.5709424,0.08616114,12.367594,10.555643,10.636187
ddc_dzo_01352,labeled,Nima,0.594187,-0.7396395,-3.255098,8.658863,10.095766,9.255381
ddc_dzo_01379,labeled,Thinley,-8.5583,-1.5312426,2.6057208,9.246107,4.320486,10.136505
ddc_dzo_01376,labeled,Romeo,1.3078876,-1.9354429,1.726507,12.153345,10.155146,9.607225
ddc_dzo_01351,labeled,Dorji,-0.825457,10.858956,1.3651366,13.586588,8.603676,6.97257
ddc_dzo_01364,labeled,Romeo,2.511979,-1.2610226,0.5482267,10.969368,11.130679,7.481039
ddc_dzo_01365,labeled,Romeo,2.088067,-0.92813206,-0.17660236,11.900129,10.820717,10.806963
ddc_dzo_00386,labeled,Dorji,-1.1846639,9.138214,0.970278,13.385439,9.036941,6.3849516
ddc_dzo_01413,labeled,Romeo,3.0898674,-1.4157764,0.60483074,8.857893,12.502498,8.12065
ddc_dzo_01386,labeled,Thinley,-6.531149,-1.1525737,0.061777353,9.703997,5.3203197,9.661506
ddc_dzo_01408,labeled,Thinley,-6.4837823,0.013909578,0.19687581,9.791235,4.807168,9.3397045
ddc_dzo_01415,labeled,Romeo,3.1839767,-1.0641559,-0.7103715,8.7189665,12.192105,8.48495
ddc_dzo_01384,labeled,Thinley,-7.63009,0.13783924,0.9621478,9.872053,4.089131,9.820729
ddc_dzo_01394,labeled,Romeo,1.4123735,-1.2793093,-0.77727795,12.206391,10.913324,9.141066
ddc_dzo_01414,labeled,Romeo,-0.27226675,-0.8557888,0.73588675,11.389388,10.299681,8.471893
ddc_dzo_01391,labeled,Romeo,1.1693711,-0.19029546,-0.17229462,9.388387,11.2014475,6.629124
ddc_dzo_01407,labeled,Romeo,3.440131,0.3469813,1.3621325,9.250321,11.694875,6.7137694
ddc_dzo_01410,labeled,Romeo,2.538364,-1.6599733,-0.61024004,10.43843,11.106248,7.0265346
ddc_dzo_01404,labeled,Romeo,1.996105,-0.36955023,0.25256765,10.924389,11.825323,8.362234
ddc_dzo_01390,labeled,Romeo,1.2311784,0.79934597,1.3525033,11.864591,10.451852,9.016675
ddc_dzo_01405,labeled,Romeo,2.3860683,-0.7547011,0.6307719,9.623753,12.544169,8.842351
ddc_dzo_02209,labeled,Dorji,-1.2277076,4.207128,2.5282178,10.930711,9.426012,8.743536
ddc_dzo_01430,labeled,Romeo,0.8336092,0.010718256,0.012655973,9.125275,12.377247,8.216036
ddc_dzo_01424,labeled,Romeo,1.4382601,-1.2298212,-1.4603777,8.712108,10.775182,9.51297
ddc_dzo_01425,labeled,Thinley,-8.439653,0.5601771,0.78398585,10.649475,5.1118317,10.215402
ddc_dzo_01418,labeled,Thinley,-8.886195,-0.26695597,1.2694496,9.964038,5.028882,10.494076
ddc_dzo_01428,labeled,Romeo,1.4337392,0.099499226,1.5922,10.132148,11.274135,7.240418
ddc_dzo_01420,labeled,Thinley,-7.260544,-1.3101945,0.38756466,10.316699,5.7411313,11.274353
ddc_dzo_01433,labeled,Romeo,1.4246614,-1.3036857,0.33824754,9.372662,11.502508,9.565049
ddc_dzo_01443,labeled,Romeo,1.5349996,-1.4621038,0.07204914,11.784009,10.5986395,10.247162
ddc_dzo_01450,labeled,Romeo,2.6837952,-0.89947253,-0.020866811,10.324221,12.200859,8.946483
ddc_dzo_01421,labeled,Romeo,1.934022,0.38646135,0.76743793,11.989765,10.420091,8.754649
ddc_dzo_01429,labeled,Romeo,2.5408883,-0.4951551,0.14233828,9.0896635,12.049414,6.871389
ddc_dzo_01437,labeled,Romeo,3.4570038,-1.0266737,0.43060708,10.735957,11.96792,10.236241
ddc_dzo_01440,labeled,Romeo,1.9239138,-1.0488048,0.8616829,12.048456,9.999075,9.483785
ddc_dzo_01457,labeled,Dorji,0.32869864,7.6175365,0.4117055,13.475258,8.934329,6.163071
ddc_dzo_01460,labeled,Romeo,2.203614,0.53771377,0.005568266,11.1305895,10.743612,7.8963876
ddc_dzo_09130,labeled,Thinley,-8.527491,-1.6857457,-0.6724096,10.449985,6.3901205,10.641196
ddc_dzo_01482,labeled,Romeo,1.8923007,-1.9688983,1.2698178,8.647784,12.02461,9.115137
ddc_dzo_07183,labeled,Thinley,-7.337484,1.072108,-0.62388366,10.510381,4.720184,9.462164
ddc_dzo_01467,labeled,Romeo,0.32713318,-0.28407812,0.35112,8.839257,12.226415,7.3044653
ddc_dzo_01476,labeled,Romeo,1.8839059,-1.4356215,0.81893635,9.1828575,12.059794,9.134808
ddc_dzo_01484,labeled,Namgay,-1.9330072,-0.27951914,-13.029417,12.914481,4.8137145,5.47033
ddc_dzo_01478,labeled,Thinley,-9.570556,-1.3417888,1.7846539,9.887886,4.8230743,10.988673
ddc_dzo_01455,labeled,Romeo,2.5290973,-0.5022807,-0.73909307,8.656195,11.358474,9.535302
ddc_dzo_01472,labeled,Romeo,1.4973676,-0.501746,0.46999836,9.058538,10.704971,8.1866865
ddc_dzo_01454,labeled,Romeo,1.6781145,-1.6544411,1.6503694,11.467426,10.687744,9.763056
ddc_dzo_01485,labeled,Dorji,0.062048957,8.923977,0.4477663,13.503044,9.314592,6.547418
ddc_dzo_01466,labeled,Romeo,1.7655241,-1.5234718,0.99783814,9.82098,11.071145,9.747162
ddc_dzo_01477,labeled,Romeo,1.8650591,-0.44659066,0.24952507,10.274857,11.487042,8.14839
ddc_dzo_01469,labeled,Romeo,2.0443902,-0.26695842,0.36269963,11.511986,11.746435,10.151909
ddc_dzo_02903,labeled,Dorji,-1.1673518,6.427809,1.664313,13.656065,8.512672,6.8707476
ddc_dzo_02239,labeled,Romeo,2.314058,-1.0891829,0.022675872,10.8220415,9.596589,8.733785
ddc_dzo_01506,labeled,Romeo,2.0881712,-2.1075673,0.494864,9.849404,9.63022,8.513184
ddc_dzo_01488,labeled,Romeo,2.0308287,-2.4599974,0.8031697,8.555559,10.575467,10.143074
ddc_dzo_01509,labeled,Romeo,3.3641498,-1.8880192,0.59949726,11.401916,11.587472,9.247056
ddc_dzo_01512,labeled,Romeo,1.5946543,-2.5706758,1.1848755,11.565601,10.933065,9.663411
ddc_dzo_01492,labeled,Romeo,2.1328077,-0.33578753,0.40782046,9.341323,11.716314,7.339896
ddc_dzo_01511,labeled,Namgay,0.56737995,0.26863575,-6.659804,12.631622,5.5460706,5.4363904
ddc_dzo_01496,labeled,Romeo,2.1457644,-0.4178667,-0.97586155,9.17589,11.39627,6.822864
ddc_dzo_01503,labeled,Dorji,0.5190759,8.658887,0.9597554,12.498344,10.385584,10.010356
ddc_dzo_01495,labeled,Romeo,2.1463249,-0.16021323,0.036892176,9.917859,12.49671,8.212448
ddc_dzo_01486,labeled,Thinley,-9.170544,0.24987364,1.9774092,10.217109,5.0402756,10.592836
ddc_dzo_01519,labeled,Romeo,2.3011346,-1.6091166,0.36763,10.312027,10.895935,10.930457
ddc_dzo_01510,labeled,Romeo,1.1392491,0.16354966,0.6443796,11.371489,11.216828,9.857536
ddc_dzo_01515,labeled,Romeo,2.8954237,-1.1022496,-0.19351935,9.647811,11.9267645,8.499602
ddc_dzo_01487,labeled,Romeo,1.7228794,-0.48631227,0.48758906,11.059657,10.59244,8.256037
ddc_dzo_01516,labeled,Romeo,1.8091466,-1.3832872,-0.40155816,8.841651,11.050147,10.009992
ddc_dzo_01524,labeled,Romeo,2.1229877,0.04308176,-0.7344614,11.098163,10.677752,7.579564
ddc_dzo_01548,labeled,Romeo,2.2053094,-1.5764937,-0.09783018,11.374543,11.009767,10.179446
ddc_dzo_01550,labeled,Romeo,2.2984405,-2.6164956,0.15945983,11.725925,10.610385,10.2856455
ddc_dzo_01547,labeled,Romeo,2.133854,-0.45539615,-0.67453146,10.8497505,11.316647,7.8560667
ddc_dzo_01546,labeled,Romeo,2.8748353,-1.6549063,-0.841141,8.611088,11.01265,9.833844
ddc_dzo_01549,labeled,Romeo,1.5906495,-2.1948235,-0.04149878,10.332234,12.048829,8.972215
ddc_dzo_01526,labeled,Thinley,-7.7499595,-2.1388707,-0.65696955,9.66022,5.0839357,9.753575
ddc_dzo_01539,labeled,Thinley,-8.005363,-1.6220255,0.29532558,9.438515,5.1793504,10.808218
ddc_dzo_01538,labeled,Romeo,2.374431,-1.7674245,1.0485799,10.093307,11.180692,10.231854
ddc_dzo_01542,labeled,Romeo,2.6887174,-0.1266532,0.44819808,10.210067,10.953116,6.8516226
ddc_dzo_01543,labeled,Thinley,-8.483415,-1.5594782,0.8294047,10.281715,5.864964,10.665155
ddc_dzo_01540,labeled,Romeo,1.829558,-1.1407653,0.49213153,10.72003,11.652744,7.5734377
ddc_dzo_01541,labeled,Thinley,-10.707024,-1.3510482,0.5679716,10.458116,4.7392907,9.470874
ddc_dzo_01556,labeled,Romeo,1.2477832,-1.5765979,0.17521727,11.186267,11.104846,10.271243
ddc_dzo_04074,labeled,Dorji,0.62641,7.217475,0.38052678,13.255683,9.132898,6.3046556
ddc_dzo_02557,labeled,Romeo,3.9960961,-0.43629813,0.94278383,11.764054,9.638946,9.632613
ddc_dzo_01558,labeled,Romeo,2.8353481,-1.0777991,-0.054020584,9.66165,11.010498,10.646559
ddc_dzo_01592,labeled,Romeo,2.7309184,-1.4855492,0.574348,8.651117,11.670749,8.740743
ddc_dzo_01573,labeled,Namgay,-0.6816273,0.1129784,-8.934872,12.650243,4.943321,5.428622
ddc_dzo_01562,labeled,Romeo,3.1468744,-1.5163845,0.26766455,9.45222,11.654012,7.8489075
ddc_dzo_01584,labeled,Romeo,2.4287205,-1.5219564,0.40835488,9.101447,11.67754,10.149746
ddc_dzo_01559,labeled,Romeo,2.6185904,-2.6655552,0.51988405,10.852542,11.047025,9.963031
ddc_dzo_01586,labeled,Romeo,3.0127819,-1.4672877,-0.44513762,10.331711,11.832657,8.016004
ddc_dzo_01576,labeled,Dorji,-0.47169515,10.186034,-0.28146935,13.698926,8.658316,6.524048
ddc_dzo_01566,labeled,Romeo,2.122635,-1.3815558,-0.034264088,10.490453,11.003025,7.6250205
ddc_dzo_01569,labeled,Thinley,-8.10891,-1.3958145,0.6369977,10.223459,5.7604904,11.356539
ddc_dzo_01585,labeled,Romeo,0.95661914,0.15341151,0.6495781,11.968279,10.079093,9.414131
ddc_dzo_01561,labeled,Romeo,2.4257097,-0.78686,-0.3982544,8.941647,10.2673435,9.126682
ddc_dzo_01574,labeled,Romeo,0.7390499,-0.7106569,1.5527768,11.681771,10.315461,10.472957
ddc_dzo_01596,labeled,Romeo,1.3729839,-3.6362863,0.50235,9.477637,10.225304,7.5983834
ddc_dzo_01595,labeled,Romeo,2.7007318,-1.7268016,1.6100368,8.829133,12.165541,9.335342
ddc_dzo_01600,labeled,Romeo,2.0839458,-0.88224125,1.0720457,9.5932865,10.167647,9.056339
ddc_dzo_01609,labeled,Romeo,1.8472114,0.93308806,2.3882408,9.914119,10.158852,8.49127
ddc_dzo_01624,labeled,Romeo,1.9472839,0.26961386,0.10962725,11.082497,10.986674,7.739834
ddc_dzo_08214,labeled,Thinley,-10.268944,-1.1161909,-0.02107124,10.313187,5.3918805,10.554046
ddc_dzo_05555,labeled,Thinley,-11.034712,-1.8160913,-0.47171545,9.989636,4.9030595,9.871671
ddc_dzo_01604,labeled,Romeo,2.8942795,-0.572484,0.9279369,9.401234,11.607865,8.49396
ddc_dzo_01602,labeled,Dorji,-1.5769335,9.347559,-2.2248492,13.3612795,8.631026,6.253524
ddc_dzo_01610,labeled,Romeo,1.0806321,-0.9718226,0.15799451,10.550577,10.127804,7.747383
ddc_dzo_01628,labeled,Romeo,2.082308,1.2107227,1.014715,9.867766,10.147851,7.072742
ddc_dzo_01626,labeled,Romeo,0.39611918,1.4362657,1.1007979,11.900505,9.972722,8.972446
ddc_dzo_01599,labeled,Romeo,1.8536558,-0.76524854,0.3798432,10.312427,10.227289,7.9421186
ddc_dzo_01612,labeled,Romeo,1.6190147,-0.33611417,0.663183,9.293463,10.9193945,8.928692
ddc_dzo_01594,labeled,Romeo,2.6989398,-1.0318034,1.1402179,11.95853,11.252429,9.366792
ddc_dzo_01611,labeled,Romeo,-0.22108728,-1.2167122,0.32702094,11.25293,10.45451,9.846133
ddc_dzo_01629,labeled,Romeo,1.7330267,-0.9683008,0.39030266,12.389073,11.06884,10.538912
ddc_dzo_01638,labeled,Romeo,2.2809403,-0.2926011,0.4826367,9.859876,10.27736,7.860825
ddc_dzo_01630,labeled,Romeo,3.6008,-1.5613238,0.6203333,11.258573,10.674932,8.8697195
ddc_dzo_01632,labeled,Romeo,-0.163928,-0.05451536,-0.13364519,9.207878,10.834328,7.7714095
ddc_dzo_01659,labeled,Romeo,3.5246763,-1.8614883,0.37060726,8.966867,11.8624935,8.290547
ddc_dzo_01640,labeled,Romeo,2.541392,-0.46253657,0.3752067,9.170973,11.693004,7.6432757
ddc_dzo_01635,labeled,Romeo,2.0616527,-0.55769724,0.04368782,8.808821,11.896417,7.1759357
ddc_dzo_01639,labeled,Romeo,1.5397284,-0.52133715,0.86862504,10.709598,9.521329,7.3527184
ddc_dzo_01644,labeled,Romeo,0.6620383,-1.4855733,-0.91339505,8.770024,10.973906,8.811742
ddc_dzo_01636,labeled,Romeo,1.6247258,0.20558822,-1.9490771,9.185503,11.300285,6.885194
ddc_dzo_01633,labeled,Romeo,3.3749177,-0.91535985,-0.048846006,9.563079,10.943567,8.267893
ddc_dzo_01663,labeled,Romeo,2.3272753,-0.55766803,0.3193164,10.9539,11.188039,7.9916263
ddc_dzo_01643,labeled,Dorji,1.1228303,6.501837,-0.596447,11.572401,9.529191,8.136556
ddc_dzo_01654,labeled,Dorji,1.0435487,7.161731,2.251745,13.244914,8.963585,7.551703
ddc_dzo_01649,labeled,Romeo,2.9753916,-0.16326308,0.6797988,10.458568,10.216361,7.5540166
ddc_dzo_01650,labeled,Romeo,3.055266,-1.5607265,0.4626069,10.894532,9.805387,8.438078
ddc_dzo_01681,labeled,Romeo,1.6636348,-0.35653603,-0.3459065,12.274827,11.08967,9.961195
ddc_dzo_07775,labeled,Dorji,-1.7161183,8.049286,1.7210271,13.217487,8.711749,6.3774223
ddc_dzo_01668,labeled,Romeo,1.9313099,-1.8015335,0.38411403,9.849017,10.467797,9.0470705
ddc_dzo_00324,labeled,Romeo,2.3159096,-0.65133744,-1.175497,12.059611,10.566772,9.608535
ddc_dzo_01680,labeled,Romeo,2.181501,-0.66193724,0.108073056,10.20996,10.357777,6.844845
ddc_dzo_01676,labeled,Dorji,-2.0031562,9.291407,0.845934,13.513954,8.2687235,6.9926944
ddc_dzo_01678,labeled,Romeo,0.26353312,0.80081487,0.69400525,10.83789,10.266544,6.753719
ddc_dzo_01692,labeled,Romeo,3.4881806,-1.8706398,0.860409,10.933263,12.1766615,9.443993
ddc_dzo_01679,labeled,Romeo,-0.022162437,1.4108831,-0.7858329,12.247757,11.248543,10.623248
ddc_dzo_01691,labeled,Romeo,3.1541495,-0.8479266,0.07183635,9.70924,12.178647,6.872936
ddc_dzo_01690,labeled,Romeo,0.9893756,-0.28243232,1.3195887,8.819618,12.397094,9.181005
ddc_dzo_01671,labeled,Thinley,-8.386743,-1.351516,0.8709756,9.82016,4.800855,10.024234
ddc_dzo_01664,labeled,Romeo,1.3443525,-0.2698427,1.0027635,9.566446,12.535013,8.090788
ddc_dzo_01673,labeled,Romeo,2.5682957,1.854135,1.0029547,9.326382,12.191775,9.266116
ddc_dzo_01684,labeled,Thinley,-9.408413,-1.5995808,0.44541597,10.406136,5.971603,11.207041
ddc_dzo_01699,labeled,Romeo,0.5244835,-2.1696045,-0.8719716,10.435667,10.389504,10.455479
ddc_dzo_01666,labeled,Romeo,2.2804139,-1.498766,1.2106593,10.722994,11.245103,7.976561
ddc_dzo_01665,labeled,Romeo,1.5403519,0.12141895,0.46721864,10.242231,11.468495,10.723685
ddc_dzo_01674,labeled,Romeo,0.7507558,-0.81984067,0.35234484,10.118061,11.110466,10.755064
ddc_dzo_01704,labeled,Romeo,1.290807,-1.5709496,-0.48080492,9.82424,10.296971,9.675315
ddc_dzo_01701,labeled,Romeo,1.7715364,-1.5925957,0.66111803,10.944131,11.882071,10.0158415
ddc_dzo_05768,labeled,Romeo,1.5062597,-0.37770715,0.7606938,11.4145775,10.8933325,10.205316
ddc_dzo_01717,labeled,Romeo,1.5894015,0.5393102,0.73313653,11.240766,9.867763,8.368784
ddc_dzo_01725,labeled,Romeo,2.7822692,-0.95290834,0.48916698,11.740491,10.4538765,9.611044
ddc_dzo_01730,labeled,Romeo,1.5931461,-0.8279035,1.4698166,11.331653,11.486464,9.614842
ddc_dzo_01718,labeled,Romeo,3.6914644,-0.5015063,-1.2886415,9.47676,11.917588,10.414384
ddc_dzo_01708,labeled,Romeo,2.6964808,-1.1437244,0.59895134,8.929831,11.957159,8.783473
ddc_dzo_01702,labeled,Thinley,-9.459341,0.19106722,0.7340832,9.730008,4.1605163,9.610264
ddc_dzo_01700,labeled,Thinley,-7.7768555,-1.0166978,-1.5657375,9.111046,4.5276127,10.243649
ddc_dzo_01713,labeled,Thinley,-6.7679024,-0.7701929,0.24301457,10.014093,4.91732,10.65141
ddc_dzo_01723,labeled,Romeo,1.2306173,-1.1757989,0.20372382,11.139681,10.744053,8.439814
ddc_dzo_01726,labeled,Thinley,-9.734923,-1.814856,0.8254267,9.484772,4.514862,9.888464
ddc_dzo_01715,labeled,Romeo,3.033481,-1.9718457,0.7291739,8.759544,11.577836,8.51464
ddc_dzo_01706,labeled,Romeo,1.2630764,-1.763071,-0.127877,11.962222,11.060571,10.059175
ddc_dzo_01727,labeled,Romeo,2.5572643,-1.8483815,1.6534421,9.048672,10.929822,9.979399
ddc_dzo_01728,labeled,Romeo,0.5161319,-0.8547497,0.6673816,8.945319,11.210907,9.872371
ddc_dzo_01741,labeled,Romeo,1.9020791,-0.9916744,1.1565394,10.79529,10.189153,7.494299
ddc_dzo_01758,labeled,Romeo,2.099814,-1.0299071,-0.26203978,10.928263,9.823171,8.915274
ddc_dzo_01744,labeled,Romeo,0.83469355,0.44292974,0.13363504,12.965307,8.772737,7.698939
ddc_dzo_01742,labeled,Namgay,-1.3811607,1.0362132,-12.132635,-5.2076902,5.57988,8.507561
ddc_dzo_01745,labeled,Dorji,-2.654954,9.116298,1.6334206,13.519618,8.56332,6.8904023
ddc_dzo_01743,labeled,Thinley,-8.797618,-1.7352488,1.3847163,9.514977,5.498915,10.820428
ddc_dzo_01752,labeled,Romeo,2.1641576,-0.75300777,0.37041354,10.174599,11.266612,9.196652
ddc_dzo_01738,labeled,Thinley,-9.730932,-1.5781873,0.6356124,9.373829,5.2353373,10.461301
ddc_dzo_01739,labeled,Romeo,1.121086,-0.9656235,0.340773,10.648344,11.276721,9.364587
ddc_dzo_01766,labeled,Romeo,2.033352,0.043305874,-0.56835985,11.648251,11.026588,7.7814403
ddc_dzo_01747,labeled,Romeo,1.2478051,-1.040623,-0.99586487,8.885464,10.923068,7.522143
ddc_dzo_01757,labeled,Dorji,1.1159368,6.1727314,1.6297979,12.495994,10.61842,10.251323
ddc_dzo_01754,labeled,Romeo,2.102526,-0.5388371,1.0307112,11.164413,10.675076,10.069925
ddc_dzo_01737,labeled,Romeo,2.4571729,-1.547624,1.7417657,9.985428,12.021134,8.752913
ddc_dzo_01740,labeled,Romeo,2.6655135,2.1739213,0.85940456,13.626747,9.127112,6.4174023
ddc_dzo_00928,labeled,Dorji,0.015400231,9.047369,1.0019072,13.64813,8.815724,7.0931087
ddc_dzo_01784,labeled,Romeo,2.087035,-1.2560909,0.6158407,9.382006,12.112628,9.932976
ddc_dzo_01794,labeled,Romeo,1.8227816,-0.68430525,0.51212144,8.789059,12.424543,8.070956
ddc_dzo_01771,labeled,Romeo,2.8816254,-1.6397307,1.115809,10.060357,11.226388,10.423091
ddc_dzo_01796,labeled,Romeo,0.15925479,1.1723275,0.1962567,10.185682,10.392824,6.973895
ddc_dzo_01777,labeled,Romeo,1.5855385,0.61350965,-0.46922278,10.968984,10.071319,6.8312936
ddc_dzo_01786,labeled,Romeo,2.3590136,-0.3112321,0.5000744,9.251238,11.634812,7.6765647
ddc_dzo_01801,labeled,Romeo,2.0375025,-0.7032571,-0.3120048,8.57774,10.179633,9.835918
ddc_dzo_01802,labeled,Dorji,-0.098285794,7.981423,1.0730367,13.426797,8.432233,7.1765823
ddc_dzo_01779,labeled,Romeo,1.7845749,0.21754074,-1.2519131,9.529807,12.175575,7.0553083
ddc_dzo_01782,labeled,Thinley,-9.274862,-0.89534736,-0.36414933,9.257261,4.517312,10.3925
ddc_dzo_01790,labeled,Thinley,-8.985301,-0.9436765,0.48328686,9.127055,4.5657907,10.317607
ddc_dzo_01798,labeled,Namgay,0.063017845,0.37917158,-8.6128025,12.655822,4.7931805,5.3254533
ddc_dzo_04801,labeled,Thinley,-4.2540846,-1.4677761,-0.30289325,9.527217,9.414435,9.636282
ddc_dzo_08134,labeled,Dorji,1.9427567,6.427108,0.08290863,13.122936,9.020409,6.5667467
ddc_dzo_01814,labeled,Romeo,1.9602499,-0.06800938,0.5795207,10.222547,11.922704,8.936987
ddc_dzo_02842,labeled,Thinley,-8.520999,-1.7306206,0.82506734,9.567837,4.943753,9.903063
ddc_dzo_08235,labeled,Namgay,-0.88261795,1.1374463,-12.694756,-5.2743945,5.86409,9.033105
ddc_dzo_01827,labeled,Dorji,-0.7594687,6.7585316,1.7118152,13.247993,9.311019,7.82242
ddc_dzo_01811,labeled,Thinley,-8.819869,-1.1743832,0.18262225,9.393333,5.6320543,10.673648
ddc_dzo_01817,labeled,Romeo,3.3146873,-1.1476548,2.077804,10.860725,10.368317,7.316916
ddc_dzo_01831,labeled,Romeo,2.9040818,0.13949639,1.0186132,11.604289,11.197754,8.821774
ddc_dzo_01822,labeled,Romeo,2.7502646,-0.93573344,0.78764963,9.875591,12.247876,7.840551
ddc_dzo_01819,labeled,Romeo,1.452366,-2.044834,0.4593352,10.046132,10.571842,8.222835
ddc_dzo_01804,labeled,Thinley,-9.990025,-2.105542,0.34133527,10.2416115,4.938973,10.252911
ddc_dzo_01828,labeled,Romeo,3.0606074,-2.325818,0.9449692,11.4898615,11.112156,8.195998
ddc_dzo_01809,labeled,Romeo,1.2862684,-0.58687377,1.1785641,10.14512,11.251096,9.160409
ddc_dzo_01807,labeled,Romeo,2.292913,-0.6604805,0.38365436,9.291947,10.472187,10.717935
ddc_dzo_01825,labeled,Romeo,2.1543875,-1.7126994,0.8352629,11.213776,12.107867,8.991268
ddc_dzo_01803,labeled,Romeo,1.6475142,-0.9500462,-0.359591,10.963779,12.326967,8.207936
ddc_dzo_01590,labeled,Dorji,-0.69300365,6.958192,0.57486033,13.662297,8.636932,6.1045303
ddc_dzo_05084,labeled,Romeo,0.83461046,-0.92071843,0.72806185,8.711304,10.399697,9.918704
ddc_dzo_01852,labeled,Romeo,0.36152077,0.5566437,-0.5617094,9.2649145,11.073877,6.9071217
ddc_dzo_01858,labeled,Romeo,0.9804467,-0.83540964,0.527437,11.012971,10.599689,7.8976398
ddc_dzo_01853,labeled,Romeo,1.6258618,-0.826443,-1.2976661,9.782363,10.71637,7.411535
ddc_dzo_01866,labeled,Romeo,1.7616824,-0.5634012,0.013462484,8.445237,10.425809,9.808603
ddc_dzo_01860,labeled,Romeo,1.6602592,-1.0782225,1.0522304,9.722232,11.234921,9.060177
ddc_dzo_01837,labeled,Romeo,1.7561238,-0.7567184,1.1109126,10.94275,9.769725,8.455054
ddc_dzo_01839,labeled,Romeo,2.4554977,-0.86250526,0.27614164,10.909783,11.211578,7.9810305
ddc_dzo_01848,labeled,Romeo,3.3097024,-2.0909142,-0.36205947,9.648262,11.733465,10.371098
ddc_dzo_01842,labeled,Namgay,0.6270164,1.2193999,-8.462406,10.588592,9.864591,3.7827718
ddc_dzo_01855,labeled,Romeo,1.5310116,-0.77507377,0.15691388,8.484845,11.37427,9.335862
ddc_dzo_01856,labeled,Thinley,-13.166501,-2.4550161,1.175641,9.209013,5.1017337,10.93997
ddc_dzo_01849,labeled,Romeo,2.5607865,-1.0111185,-0.013791084,9.536964,10.907128,7.5759983
ddc_dzo_01868,labeled,Romeo,2.9220521,1.3032284,0.69746834,10.73571,10.10225,6.7118363
ddc_dzo_01896,labeled,Romeo,1.6418625,-1.8626006,0.3900876,11.371218,11.357629,8.672346
ddc_dzo_03928,labeled,Dorji,-1.7273614,8.73798,2.6686153,13.687208,8.434221,6.569973
ddc_dzo_01898,labeled,Romeo,1.9749424,0.2831676,1.4930344,10.042376,10.614067,9.461229
ddc_dzo_01890,labeled,Romeo,2.4820566,-0.91998446,1.0713112,9.173991,11.471628,10.212161
ddc_dzo_01902,labeled,Romeo,1.3649368,0.09207699,0.4947427,10.259608,9.742306,9.014268
ddc_dzo_01885,labeled,Romeo,3.083601,-0.7887558,0.90454084,9.417126,11.729437,8.158049
ddc_dzo_01877,labeled,Romeo,2.46459,-0.053784013,0.34423727,9.162548,11.154372,10.349611
ddc_dzo_01889,labeled,Romeo,2.4044979,0.084542274,-0.38616896,11.002642,10.739992,7.412072
ddc_dzo_01888,labeled,Romeo,2.5077863,-1.1370425,0.4573136,9.100347,11.394227,8.744178
ddc_dzo_01872,labeled,Romeo,2.8255687,-0.39153272,0.47930974,11.872479,11.0864105,9.476885
ddc_dzo_01884,labeled,Romeo,2.1921282,-0.22400665,-0.47079468,11.231603,10.838995,11.162366
ddc_dzo_01882,labeled,Dorji,-0.7133784,7.667343,0.42882442,13.42883,9.195521,8.082609
ddc_dzo_01879,labeled,Thinley,-7.9954305,0.079348445,0.8628664,9.825995,5.564816,10.897621
ddc_dzo_01897,labeled,Romeo,2.3206336,-0.9759149,0.13145316,12.068194,11.302025,9.269054
ddc_dzo_01901,labeled,Romeo,3.5701663,-1.0124068,0.34185052,11.046551,12.148632,9.476117
ddc_dzo_01886,labeled,Romeo,0.24923465,-1.067457,0.39300776,10.6381,11.209952,10.371907
ddc_dzo_01893,labeled,Romeo,2.122003,-1.0507107,0.6283622,8.1607065,11.503445,9.119477
ddc_dzo_01876,labeled,Romeo,3.7650719,-1.3036875,0.47884226,10.538378,11.731067,10.430459
ddc_dzo_03544,labeled,Dorji,-0.2946259,7.6054115,1.9898129,13.607523,8.612211,6.3393397
ddc_dzo_01939,labeled,Romeo,2.990991,0.6425667,-0.11211157,10.040103,10.402623,7.577936
ddc_dzo_01907,labeled,Romeo,1.9979085,0.12805247,-0.69404006,9.578294,12.496608,8.43068
ddc_dzo_01913,labeled,Romeo,1.7594533,-0.3480811,0.21571445,9.712747,11.353994,7.1221943
ddc_dzo_01914,labeled,Romeo,3.5765884,-1.7268294,-1.4482918,9.621599,11.820385,10.584981
ddc_dzo_01923,labeled,Namgay,-1.9387045,0.8290038,-11.841368,-5.1637096,5.591517,8.578865
ddc_dzo_01920,labeled,Romeo,4.5163164,-1.4246867,1.5268283,9.71518,11.636992,9.50889
ddc_dzo_01937,labeled,Romeo,0.9900491,0.64679146,0.37865448,11.208676,9.706602,7.603689
ddc_dzo_01935,labeled,Romeo,2.3664474,-0.9945533,1.3886399,10.0685215,10.138963,9.238106
ddc_dzo_01934,labeled,Romeo,1.4119611,-1.7348,0.2779653,9.138936,11.472699,8.866374
ddc_dzo_01906,labeled,Thinley,-9.02038,-1.0300446,-0.76766133,9.8251095,4.942763,9.992451
ddc_dzo_01921,labeled,Romeo,3.2659774,-0.67568606,0.34091905,9.432016,11.735629,7.424292
ddc_dzo_01908,labeled,Dorji,1.1802254,6.9761863,-0.21111012,13.152935,9.087047,6.633712
ddc_dzo_01919,labeled,Romeo,2.3613887,-0.39891768,-0.5377207,8.370033,10.4479265,9.55192
ddc_dzo_01915,labeled,Romeo,2.820772,-1.2522545,-0.2802751,8.793688,11.465764,8.807978
ddc_dzo_04970,labeled,Dorji,0.12604427,5.356086,1.4575088,13.37096,9.115905,6.324119
ddc_dzo_01941,labeled,Romeo,1.2555422,-0.542434,0.49576634,9.182837,11.101224,8.464723
ddc_dzo_06279,labeled,Romeo,1.6160456,-0.8167656,-0.21721756,9.437631,9.833141,9.571706
ddc_dzo_01969,labeled,Romeo,0.86710143,0.52795017,-0.06719828,11.5592,10.748461,8.977916
ddc_dzo_01966,labeled,Romeo,2.19424,-1.6492944,0.22858238,11.217093,11.274532,9.684965
ddc_dzo_01971,labeled,Romeo,2.6043963,-1.5065153,0.74108136,9.478009,11.4508705,7.787635
ddc_dzo_01942,labeled,Romeo,1.5146384,-1.7929435,1.2449155,10.020956,11.822826,8.856894
ddc_dzo_01947,labeled,Romeo,2.5854113,1.1206703,0.58970976,11.599433,11.626214,10.177021
ddc_dzo_01970,labeled,Romeo,2.3335521,-1.1619799,-0.081017256,8.57561,11.78684,9.64294
ddc_dzo_01973,labeled,Romeo,2.7714856,-1.035393,-0.97510433,9.351335,12.180725,7.29656
ddc_dzo_01968,labeled,Dorji,-0.51238155,8.308566,1.8675277,13.726782,9.033912,6.598126
ddc_dzo_01946,labeled,Romeo,1.8021224,-0.60199857,-0.3418277,9.585695,11.042979,10.873152
ddc_dzo_01972,labeled,Romeo,1.7810526,-0.63333035,0.14319992,10.430028,11.689528,7.90246
ddc_dzo_01949,labeled,Romeo,2.8688967,-1.9169388,1.0240853,9.047535,11.420858,9.334597
ddc_dzo_01944,labeled,Romeo,2.8024797,-1.5340472,1.3107806,9.642889,12.407142,8.315399
ddc_dzo_01948,labeled,Romeo,1.9038703,-1.6537457,0.41927004,9.031267,12.052634,7.1293526
ddc_dzo_01964,labeled,Romeo,3.373105,-0.18588656,2.2396147,10.384839,11.80898,10.501023
ddc_dzo_08471,labeled,Dorji,-1.8695503,9.647905,0.4652465,13.402321,8.910031,7.584356
ddc_dzo_01841,labeled,Romeo,1.9304184,-1.4324657,0.39874935,9.886413,10.234173,8.010064
ddc_dzo_01983,labeled,Thinley,-7.069326,-1.0640998,-0.58861136,10.179838,5.6640525,10.187285
ddc_dzo_01975,labeled,Romeo,1.3867608,-0.19834948,0.38449407,11.381288,10.277642,8.109758
ddc_dzo_02001,labeled,Romeo,2.0917292,-0.6267034,-0.43875766,9.083083,12.390652,7.938411
ddc_dzo_02000,labeled,Romeo,2.340474,-0.7915168,0.7040796,8.258014,11.25291,9.316237
ddc_dzo_01990,labeled,Romeo,1.6451198,-0.7000282,0.96873975,10.164699,10.488437,7.792575
ddc_dzo_01985,labeled,Romeo,1.1895983,-0.00037407875,0.5816989,10.220164,10.2029295,6.72785
ddc_dzo_01980,labeled,Thinley,-6.9284515,-1.6285808,0.48261952,10.612334,4.820841,10.140971
ddc_dzo_01996,labeled,Dorji,-0.13525248,3.440589,0.889833,11.966599,9.9088125,9.9359
ddc_dzo_01979,labeled,Thinley,-8.328669,-1.4632246,1.5544319,9.227638,5.036017,10.657427
ddc_dzo_01981,labeled,Romeo,2.9785085,-0.66595125,-0.20606709,10.328708,12.176479,9.772899
ddc_dzo_01998,labeled,Romeo,2.7239406,-0.85235846,0.62906384,9.85942,11.817449,8.754977
ddc_dzo_01991,labeled,Romeo,2.443321,-0.62705076,-0.3781066,10.10675,10.981672,7.465131
ddc_dzo_02003,labeled,Romeo,2.3284512,-0.4757706,0.81214213,9.922905,9.677226,8.723116
ddc_dzo_01987,labeled,Romeo,2.7723117,-1.5533701,-0.17094612,11.34141,9.964914,8.644644
ddc_dzo_01686,labeled,Dorji,-0.76768684,5.8985887,-0.4434976,13.270753,8.659694,7.6362457
ddc_dzo_08044,labeled,Romeo,2.6162055,-1.7066981,0.89609575,9.669347,10.218306,7.614205
ddc_dzo_02027,labeled,Romeo,-0.281799,-0.72946095,-0.22352993,11.117706,10.67422,7.17048
ddc_dzo_02016,labeled,Romeo,1.4527197,0.12233552,0.89570165,10.003113,9.939999,7.4918237
ddc_dzo_02025,labeled,Romeo,3.1674724,-1.627605,0.54712915,10.443318,11.725654,10.284992
ddc_dzo_02021,labeled,Romeo,3.2771347,-1.8882458,-0.10443342,10.410801,12.242232,7.801109
ddc_dzo_02011,labeled,Romeo,1.5811373,0.36291474,0.5454994,10.706251,10.560694,6.765943
ddc_dzo_02029,labeled,Romeo,2.9815314,-2.0448246,0.09582281,8.780081,11.127918,8.577026
ddc_dzo_02036,labeled,Dorji,0.82971084,6.185886,0.42133617,13.444889,8.891415,6.516698
ddc_dzo_02031,labeled,Romeo,2.7273207,-3.0310748,-0.6940012,9.566775,12.331978,7.2590547
ddc_dzo_02008,labeled,Romeo,1.7585251,-0.8438918,0.50134856,10.85657,12.249266,9.709656
ddc_dzo_02033,labeled,Romeo,2.333327,-0.8401748,0.40856218,9.513028,11.474086,6.8177514
ddc_dzo_02024,labeled,Romeo,1.8826847,0.01433897,0.21549135,9.98101,11.810909,8.718931
ddc_dzo_02028,labeled,Romeo,1.4898424,-0.4183116,0.24943185,10.771566,10.768366,7.484617
ddc_dzo_02009,labeled,Romeo,2.4945915,-0.01738581,-1.1519,11.160454,11.614574,7.942856
ddc_dzo_02022,labeled,Romeo,2.588878,-1.5945334,-0.9501915,9.386811,11.992827,7.6774564
ddc_dzo_02987,labeled,Dorji,0.0681355,12.096809,0.95504856,13.561748,8.710409,6.118629
ddc_dzo_02038,labeled,Romeo,2.2433472,-1.8290029,-0.4163494,11.667488,10.70634,9.288969
ddc_dzo_02064,labeled,Romeo,2.4754848,-1.1836308,0.49504444,9.570794,12.340833,9.131535
ddc_dzo_02067,labeled,Romeo,1.8666604,-1.7490054,0.36181712,8.864287,11.989059,9.233251
ddc_dzo_02062,labeled,Romeo,2.6107717,-1.3047748,-1.19823,9.95464,11.075106,10.925196
ddc_dzo_02058,labeled,Romeo,0.47659254,-1.7308412,0.844326,9.175731,11.065426,7.2808504
ddc_dzo_02068,labeled,Romeo,0.94667196,-1.6580138,-0.012241483,9.238983,10.391134,10.555172
ddc_dzo_02061,labeled,Romeo,3.1037054,-2.339408,0.29596043,9.191914,11.962266,10.104449
ddc_dzo_02053,labeled,Romeo,2.662602,0.04079412,-0.6768531,9.8783245,11.7246895,9.001838
ddc_dzo_02054,labeled,Romeo,3.4518518,-0.8951589,0.7295364,8.561576,11.317986,9.008745
ddc_dzo_02056,labeled,Romeo,2.3213453,-1.5531784,1.6738518,10.114358,10.73267,8.534289
ddc_dzo_02041,labeled,Romeo,1.7616066,-0.5777862,0.8288536,9.597975,10.356751,8.259505
ddc_dzo_02065,labeled,Romeo,1.9012835,-1.174255,-0.052685738,9.21119,12.137028,7.186793
ddc_dzo_02046,labeled,Dorji,-0.8310205,8.253035,0.5738392,13.502266,8.608585,7.1506042
ddc_dzo_02047,labeled,Romeo,1.4601314,-2.1970375,0.37486684,8.98296,10.79479,9.637334
ddc_dzo_04617,labeled,Dorji,-0.71731436,6.3460245,1.9073598,13.404187,9.260229,6.4013143
ddc_dzo_02083,labeled,Romeo,1.9672389,-1.856334,0.9467628,10.084749,12.261358,7.4417424
ddc_dzo_08439,labeled,Romeo,2.5356526,-1.245176,-0.47354555,10.334985,10.311851,8.577171
ddc_dzo_02074,labeled,Thinley,-10.193622,-2.139162,1.5158819,9.852526,4.3474464,10.253502
ddc_dzo_02099,labeled,Romeo,2.4792852,0.0154521465,-0.67272425,9.495488,12.56536,7.9099145
ddc_dzo_02079,labeled,Romeo,1.5481582,-1.5088573,0.14828539,8.412522,11.910555,8.139597
ddc_dzo_02093,labeled,Romeo,1.4554557,-1.317973,-1.1880705,10.213132,11.067225,10.004915
ddc_dzo_02089,labeled,Dorji,-2.3973243,10.38392,1.5324382,13.443447,8.259562,7.036109
ddc_dzo_02087,labeled,Romeo,1.6319559,-1.1255188,-1.2745981,11.982076,10.72468,9.660124
ddc_dzo_02086,labeled,Romeo,2.9388871,-1.1428094,0.8444247,8.479568,10.792698,8.90271
ddc_dzo_02096,labeled,Romeo,2.2172203,-1.4844813,-0.0941633,11.430092,12.060194,9.082449
ddc_dzo_02098,labeled,Thinley,-7.281,-1.7413912,-0.08315337,10.412496,5.420521,9.887044
ddc_dzo_02071,labeled,Romeo,1.8450308,0.19965395,0.44029284,11.513458,10.416127,8.608783
ddc_dzo_02077,labeled,Romeo,2.0876772,0.11994672,0.71238446,11.471126,10.301695,9.510513
ddc_dzo_02070,labeled,Romeo,2.9466176,-0.6819804,0.6743336,9.672501,12.225996,6.959983
ddc_dzo_02103,labeled,Romeo,1.8927724,-1.2420385,1.1180414,11.866541,11.084089,9.231026
ddc_dzo_08196,labeled,Romeo,1.1693017,-1.8597645,-1.4038963,8.835952,12.147932,7.269932
ddc_dzo_02130,labeled,Romeo,1.9528328,-0.19422936,0.775561,10.255199,10.621257,7.595026
ddc_dzo_02109,labeled,Romeo,1.9775463,-0.9858184,0.3199805,9.977331,11.524,8.245342
ddc_dzo_02104,labeled,Romeo,2.2334573,-0.8007951,0.60753435,12.002878,10.98768,9.56905
ddc_dzo_02131,labeled,Namgay,-1.4095209,-0.95807624,-9.228574,12.727505,5.619296,5.6218143
ddc_dzo_02122,labeled,Romeo,1.9229481,-1.042202,0.7329129,8.818443,11.599687,7.528839
ddc_dzo_02114,labeled,Romeo,2.7480352,-0.7540386,0.67778647,9.710067,11.92463,8.987296
ddc_dzo_02120,labeled,Dorji,-0.7210368,8.105527,2.039513,13.489817,8.981803,6.2604933
ddc_dzo_02115,labeled,Thinley,-5.3641577,-1.3840628,1.2453432,9.712125,4.7445245,9.555785
ddc_dzo_02102,labeled,Thinley,-6.964935,-0.8746033,-0.48239088,8.972933,5.015182,10.553121
ddc_dzo_02117,labeled,Romeo,2.3303978,-0.007979631,-0.19508076,8.94893,11.856737,7.11491
ddc_dzo_02118,labeled,Romeo,0.57103026,-1.041359,-0.5491731,10.177604,9.8363,8.719054
ddc_dzo_02124,labeled,Romeo,0.51081944,0.81878895,0.78453016,12.251413,9.511256,8.6276455
ddc_dzo_02106,labeled,Romeo,2.1316452,-0.47007346,0.0942049,11.464577,9.804732,7.628194
ddc_dzo_02121,labeled,Romeo,3.6987119,-1.742207,0.98821616,9.396466,12.305467,8.71142
ddc_dzo_02108,labeled,Romeo,1.1300304,-0.9094217,-0.83779526,11.954692,10.764908,10.657803
ddc_dzo_02123,labeled,Romeo,2.0993433,-0.21842635,-0.59500456,9.05317,10.254065,8.6471815
ddc_dzo_02154,labeled,Dorji,-1.7492446,7.1563168,1.2358682,13.4906435,8.519848,6.3160815
ddc_dzo_02156,labeled,Romeo,2.030475,0.41164768,-0.25145864,10.563066,11.16448,9.558531
ddc_dzo_02161,labeled,Romeo,0.5045004,-0.60646224,-1.4591694,11.681274,9.464603,8.559759
ddc_dzo_02146,labeled,Romeo,2.4834244,0.7525363,1.3976645,10.939894,11.505064,8.293899
ddc_dzo_02142,labeled,Romeo,2.4489446,-1.3269874,0.60086775,9.441605,10.467604,8.068619
ddc_dzo_02155,labeled,Romeo,0.94770527,-1.313348,0.21042776,9.137011,11.780967,9.703675
ddc_dzo_02136,labeled,Romeo,2.424645,-1.4704933,-0.7707495,9.286791,11.648178,6.9111876
ddc_dzo_02158,labeled,Romeo,1.5652416,0.14699864,-0.05709839,10.933371,11.069759,7.5605793
ddc_dzo_02135,labeled,Romeo,2.9387202,-1.3682774,-0.12040162,9.389053,10.453255,8.41568
ddc_dzo_02149,labeled,Romeo,0.6623251,-0.68246096,-0.088513434,11.23249,10.311768,8.288636
ddc_dzo_02152,labeled,Thinley,-10.528477,-2.8208468,0.8344369,10.406982,5.794433,10.9229
ddc_dzo_02134,labeled,Dorji,-0.304398,5.0456643,0.8527349,13.217289,9.041059,6.3912435
ddc_dzo_02144,labeled,Dorji,0.6610718,8.8965645,0.44685936,13.287253,9.316522,7.6490684
ddc_dzo_02162,labeled,Thinley,-9.832666,-1.4383428,1.4189386,9.305448,5.401428,10.500005
ddc_dzo_02139,labeled,Romeo,2.2462263,0.92922974,0.70999146,11.684838,10.631494,9.182351
ddc_dzo_02163,labeled,Romeo,2.118639,-0.9345426,0.1110487,10.487564,10.73113,9.603073
ddc_dzo_06278,labeled,Dorji,-1.3179309,10.326717,0.99463725,13.54863,8.638149,6.624194
ddc_dzo_02166,labeled,Romeo,1.2596768,-1.890599,0.1966294,11.578836,10.302681,10.04165
ddc_dzo_02165,labeled,Romeo,2.7528038,-0.45406032,-0.15701866,10.483352,12.178312,8.482697
ddc_dzo_02186,labeled,Romeo,3.5152688,-1.338573,-0.42537117,9.935697,11.512629,11.007764
ddc_dzo_02188,labeled,Thinley,-6.27495,-0.29253912,1.5726165,9.605279,5.5145235,11.100623
ddc_dzo_02181,labeled,Romeo,1.4887507,-0.41713864,0.5364815,9.46416,10.417407,9.567459
ddc_dzo_02182,labeled,Romeo,1.8178892,-0.18798923,0.29300356,9.615332,11.413895,8.335064
ddc_dzo_02172,labeled,Romeo,2.0666592,-1.1850879,-0.7657304,8.680311,10.559464,8.190412
ddc_dzo_02173,labeled,Romeo,1.6191216,-1.0602145,-1.4182496,9.705412,12.365189,6.8816786
ddc_dzo_02169,labeled,Romeo,2.240193,-1.3586031,0.45712838,8.590427,11.023056,8.135434
ddc_dzo_02191,labeled,Romeo,1.1030699,-2.1355703,0.32736963,10.220385,9.669107,7.9830494
ddc_dzo_02187,labeled,Romeo,1.2529044,-0.17501307,0.4818666,9.421027,11.397485,6.9261217
ddc_dzo_02179,labeled,Romeo,2.7597914,-0.90152407,-0.1189847,9.269302,11.680775,7.8139696
ddc_dzo_02192,labeled,Romeo,2.086401,-0.67217255,0.95651555,10.260791,10.102015,7.9098296
ddc_dzo_02176,labeled,Romeo,2.099637,1.594317,1.4400702,11.323013,10.165705,7.6957645
ddc_dzo_02201,labeled,Romeo,3.0232258,0.032188892,1.3332839,10.917284,10.800348,7.189913
ddc_dzo_02206,labeled,Romeo,0.8371558,1.018107,-0.826643,12.209935,10.516267,10.502091
ddc_dzo_02196,labeled,Romeo,1.4289763,-1.7708042,0.27893114,11.899593,10.425386,10.135989
ddc_dzo_02204,labeled,Romeo,2.5840273,-1.0267212,-0.56958604,11.0984125,11.296551,8.3928385
ddc_dzo_02202,labeled,Romeo,2.0380907,-0.37179875,-0.3652277,9.437425,10.941331,6.310332
ddc_dzo_02195,labeled,Romeo,2.0542068,-0.4259156,-0.09746146,10.8401985,11.938504,10.319142
ddc_dzo_02213,labeled,Romeo,2.9570951,-1.2962253,0.28674626,9.98931,12.55641,7.334517
ddc_dzo_02208,labeled,Romeo,1.9319656,0.13206598,-0.47300208,12.296438,11.210878,9.639739
ddc_dzo_02694,labeled,Romeo,1.6100683,-0.7777841,0.31089425,8.647965,12.327178,9.219106
ddc_dzo_02203,labeled,Romeo,1.9709663,-1.4358248,1.0950661,11.867123,10.562371,8.85243
ddc_dzo_02215,labeled,Romeo,2.164249,-1.3116564,-0.107685804,11.269855,10.89941,10.078216
ddc_dzo_02200,labeled,Romeo,1.5386815,-0.88825256,0.18196605,10.166843,10.014088,7.771362
ddc_dzo_02219,labeled,Romeo,2.556211,-1.591125,0.5055373,11.261461,10.655935,9.278747
ddc_dzo_07874,labeled,Dorji,-0.33405542,5.6793194,0.7838368,13.37465,8.218832,7.1664653
ddc_dzo_02184,labeled,Romeo,2.5981283,-2.8269167,1.2247844,9.834839,11.222438,8.959524
ddc_dzo_02236,labeled,Romeo,3.1009924,-0.9334321,1.3453313,10.2186985,11.725643,10.33809
ddc_dzo_02247,labeled,Thinley,-6.9085207,-1.6047261,0.05254686,9.920888,4.676375,10.043771
ddc_dzo_02230,labeled,Romeo,2.6681278,-1.3821341,-0.5596001,10.137093,12.438638,8.412853
ddc_dzo_02225,labeled,Romeo,2.7377675,-0.07944965,1.5287716,8.757523,12.300883,8.900918
ddc_dzo_02224,labeled,Romeo,1.8839788,-0.29999137,1.4077674,10.182326,11.610848,8.024368
ddc_dzo_02235,labeled,Romeo,2.2965503,-1.7083557,2.005148,12.208358,10.943152,9.806838
ddc_dzo_02232,labeled,Thinley,-6.469495,0.0151366,0.45025396,10.642825,5.925858,10.377827
ddc_dzo_02250,labeled,Romeo,3.7775087,-1.0457811,0.8861045,10.367339,10.50907,8.961497
ddc_dzo_02248,labeled,Romeo,1.0420732,-1.5748451,0.7103901,8.815627,10.198503,8.854907
ddc_dzo_02231,labeled,Romeo,2.2414846,-0.84712434,0.7640772,9.542567,11.411594,8.066725
ddc_dzo_02238,labeled,Romeo,2.4071908,-1.6438618,0.2709272,10.976985,10.485866,6.8075056
ddc_dzo_03393,labeled,Romeo,1.8000641,0.2569564,1.172944,10.161353,9.799053,7.207677
ddc_dzo_02278,labeled,Romeo,1.1856191,-1.6310668,0.6502104,9.780328,11.224853,8.665984
ddc_dzo_02263,labeled,Romeo,2.7541342,-0.99480057,-0.20321083,9.806407,11.915959,10.336023
ddc_dzo_02258,labeled,Namgay,-1.4958515,-0.40188354,-7.0639267,13.296419,5.3071713,5.5893235
ddc_dzo_02274,labeled,Romeo,1.4402666,-1.2083817,1.193146,9.521298,11.696915,9.122235
ddc_dzo_02255,labeled,Romeo,3.0217886,0.21011463,0.059327498,10.429136,10.211501,9.49232
ddc_dzo_02277,labeled,Romeo,1.3297632,0.049333803,0.396693,11.562194,9.646008,8.195611
ddc_dzo_02251,labeled,Romeo,2.5162344,-0.6250768,0.5066228,9.698832,10.601702,8.566056
ddc_dzo_02264,labeled,Dorji,-0.5998479,6.6352725,0.89183104,13.123712,9.1582775,6.3767867
ddc_dzo_02259,labeled,Thinley,-8.154724,-1.446495,0.13581592,9.836851,4.854849,10.658057
ddc_dzo_02252,labeled,Romeo,3.4583337,-0.92277956,0.2638868,11.386771,11.729193,8.117944
ddc_dzo_02261,labeled,Romeo,1.2613845,-0.5319954,-1.079732,12.02527,10.534854,10.158085
ddc_dzo_02266,labeled,Romeo,2.3889654,-0.04086399,-1.1521254,10.197185,10.974867,11.193383
ddc_dzo_02256,labeled,Romeo,1.5002294,-0.44380713,0.5770046,9.71682,11.007472,10.118833
ddc_dzo_07033,labeled,Dorji,0.18669105,7.5608225,1.4137139,13.5431595,8.69625,7.1900096
ddc_dzo_02284,labeled,Romeo,1.2795267,-2.1408958,1.112175,9.1595745,10.026678,7.7481217
ddc_dzo_02309,labeled,Romeo,1.5808268,-0.9882246,0.14667642,8.736363,12.224583,9.118424
ddc_dzo_02283,labeled,Namgay,-0.6477413,-0.36494994,-13.357949,-5.2276454,5.6270504,8.523562
ddc_dzo_02288,labeled,Namgay,-1.4316795,0.6769761,-14.395109,-5.2298365,5.615546,8.524967
ddc_dzo_02300,labeled,Thinley,-8.371072,-1.0329214,0.53631127,9.724589,4.8685465,10.733331
ddc_dzo_02289,labeled,Romeo,2.1262863,-0.064317465,-0.21503216,10.284327,9.864117,7.391435
ddc_dzo_02281,labeled,Romeo,2.9464579,-1.0295558,-0.41441596,9.652745,10.211668,8.530174
ddc_dzo_02294,labeled,Dorji,-0.81888866,8.60524,1.14257,13.488469,9.043476,8.002062
ddc_dzo_02304,labeled,Romeo,0.96124613,-0.5379529,0.6937444,12.196942,9.934406,9.449513
ddc_dzo_02280,labeled,Romeo,1.2348686,-1.3514638,0.61636305,12.120026,9.86757,9.584138
ddc_dzo_02298,labeled,Romeo,1.0985503,-0.32407892,-0.31006384,9.227216,12.6109085,7.9169526
ddc_dzo_02295,labeled,Romeo,2.2845893,-0.60724384,-0.9754536,8.864182,11.603249,9.476828
ddc_dzo_00875,labeled,Dorji,-0.3850562,9.826798,0.63105536,13.636493,8.867524,6.176888
ddc_dzo_03851,labeled,Dorji,0.73621935,8.378452,1.4146032,13.252716,9.176818,6.5235686
ddc_dzo_02333,labeled,Romeo,0.17589664,-0.31801474,0.8798404,10.149425,9.674319,9.088516
ddc_dzo_02331,labeled,Romeo,3.40982,-1.3705854,0.6287526,8.475323,11.368927,9.419705
ddc_dzo_02330,labeled,Namgay,-0.3583156,1.704468,-12.426638,-5.200022,5.5349555,8.540857
ddc_dzo_02310,labeled,Dorji,-1.1494703,5.7016325,0.41646016,13.472458,9.170678,7.357784
ddc_dzo_02338,labeled,Thinley,-7.7390327,-1.7898903,0.7622705,9.232168,5.1957016,11.032237
ddc_dzo_02326,labeled,Romeo,2.924621,-1.7526289,0.10735136,10.241838,11.97417,8.983942
ddc_dzo_02329,labeled,Nima,0.57527256,-0.33644724,-1.365874,9.174337,10.224911,10.559129
ddc_dzo_02334,labeled,Romeo,1.761989,-0.5045482,1.4202781,10.770261,10.152454,9.190909
ddc_dzo_02325,labeled,Thinley,-8.899501,-1.135579,1.3573184,10.061926,4.6516137,9.975412
ddc_dzo_02324,labeled,Romeo,2.6883428,-0.5030532,-1.3069634,10.469559,12.082137,8.02623
ddc_dzo_02318,labeled,Romeo,2.8501172,-1.4921551,0.42436123,9.8152075,11.820491,8.702158
ddc_dzo_02320,labeled,Romeo,1.8444653,-3.2074919,-0.82561886,9.701064,12.154776,9.318248
ddc_dzo_02352,labeled,Thinley,-8.966277,0.4822671,1.8099046,10.729113,5.1549835,10.206074
ddc_dzo_02354,labeled,Romeo,1.4183073,-1.3557494,-0.055946946,9.51146,10.923856,8.435395
ddc_dzo_02353,labeled,Romeo,-0.024786472,0.6480546,0.5888413,8.835578,11.614621,10.130251
ddc_dzo_02344,labeled,Romeo,2.9593801,-2.097882,0.5102124,8.659839,12.190393,8.230819
ddc_dzo_02347,labeled,Romeo,2.6666698,-0.41329253,0.40731108,10.170705,12.04367,10.434849
ddc_dzo_02369,labeled,Romeo,2.6862502,-0.7910121,1.5531075,11.587617,10.785386,8.630708
ddc_dzo_02367,labeled,Romeo,1.3536091,-1.7943156,0.5135083,8.833525,11.830216,9.54354
ddc_dzo_02364,labeled,Romeo,1.6346686,-0.54672766,-0.48590165,11.335038,10.925992,8.119985
ddc_dzo_02350,labeled,Romeo,2.0905027,-1.1383305,-0.65468454,11.411945,10.919459,7.9399776
ddc_dzo_02349,labeled,Romeo,2.3784473,-1.009723,-1.0775062,8.709314,11.702127,9.137385
ddc_dzo_02363,labeled,Romeo,2.1589453,-0.32522357,-0.11069167,11.843101,11.009165,8.576621
ddc_dzo_02356,labeled,Thinley,-8.134102,-2.250356,-0.45254833,9.610316,4.3448377,9.875113
ddc_dzo_02355,labeled,Romeo,2.7072744,0.21198446,-0.21431446,10.272701,9.766804,8.832712
ddc_dzo_02346,labeled,Dorji,-1.2535999,6.0229597,-0.6816565,13.1896715,9.212596,7.455566
ddc_dzo_02359,labeled,Romeo,1.1909761,-1.5235769,0.58654475,8.509525,11.486476,9.077951
ddc_dzo_02399,labeled,Romeo,2.6187947,-0.28646588,1.045166,11.668173,10.920377,10.034778
ddc_dzo_02391,labeled,Dorji,-0.9109397,9.9453125,0.13547015,13.780434,8.698699,6.3896556
ddc_dzo_07323,labeled,Romeo,3.833819,-0.4160779,-0.08293462,9.939625,9.691584,8.376635
ddc_dzo_01284,labeled,Romeo,2.1411667,-0.06882286,0.48030472,8.390693,10.998999,8.979609
ddc_dzo_02397,labeled,Thinley,-8.351436,-2.0679445,0.16768292,9.569619,5.673608,10.551687
ddc_dzo_02395,labeled,Dorji,0.85714734,4.8281007,0.26698112,12.2235155,10.422687,9.544335
ddc_dzo_02372,labeled,Romeo,3.0105257,-0.2372061,0.35680294,9.117182,12.424554,7.578979
ddc_dzo_02386,labeled,Romeo,2.408145,-1.2940774,0.8595071,12.173872,11.181526,10.584099
ddc_dzo_02371,labeled,Nima,-0.90656567,0.7129396,0.1807937,9.671706,11.334224,8.396189
ddc_dzo_02377,labeled,Romeo,1.812704,-2.0309901,0.53003585,10.492439,11.049454,10.309349
ddc_dzo_02393,labeled,Romeo,1.0882739,-0.8847015,-0.114750385,11.228618,10.430823,7.661656
ddc_dzo_02376,labeled,Romeo,4.9102983,-0.37445784,-1.3949151,10.179478,11.066761,11.5973215
ddc_dzo_02394,labeled,Romeo,3.024139,-1.1461632,1.6269748,10.953023,11.284938,8.33103
ddc_dzo_02373,labeled,Romeo,1.7461945,-1.0496091,0.51157355,8.96984,11.470116,10.04076
ddc_dzo_02398,labeled,Romeo,2.0187957,-0.51666486,0.44988227,9.377211,11.872221,7.6670766
ddc_dzo_02428,labeled,Romeo,1.7789092,-0.31400388,1.1679149,10.063566,11.62575,9.762658
ddc_dzo_02417,labeled,Thinley,-6.0733256,-0.25654697,0.87524456,9.583425,5.389443,10.872757
ddc_dzo_08210,labeled,Romeo,2.473978,0.93676233,1.2572567,10.422762,10.447121,8.190443
ddc_dzo_02423,labeled,Romeo,0.78365225,-1.5259227,-0.22117496,12.090002,10.805625,9.75674
ddc_dzo_02413,labeled,Romeo,1.9333954,-0.99925995,0.8451246,10.257685,11.864715,9.642312
ddc_dzo_02412,labeled,Romeo,2.6721854,-1.1591628,0.35800976,10.450075,11.812424,10.261879
ddc_dzo_02427,labeled,Romeo,2.022426,-1.5926862,0.9712541,10.086271,11.334384,10.290277
ddc_dzo_02419,labeled,Thinley,-10.453112,-1.5953288,0.29601562,10.013464,6.0769176,11.136001
ddc_dzo_02410,labeled,Romeo,5.1046934,-0.6249076,1.0908813,11.632835,10.400959,8.8748255
ddc_dzo_02424,labeled,Romeo,2.892838,-0.9382044,1.5733004,9.596075,10.81579,8.686629
ddc_dzo_02405,labeled,Romeo,2.5105982,-0.32614946,-0.13009596,11.720913,11.57969,8.462812
ddc_dzo_02425,labeled,Romeo,2.177974,-1.20244,0.9616623,10.490481,12.211583,9.87112
ddc_dzo_02426,labeled,Romeo,2.7580209,-1.5465437,-0.30561686,11.8662615,10.74345,10.705137
ddc_dzo_02401,labeled,Romeo,1.3822349,0.09741211,-0.16941738,11.18045,10.701735,8.791495
ddc_dzo_00853,labeled,Dorji,0.3757968,7.764491,0.95394754,13.225263,9.305815,7.1913323
ddc_dzo_02438,labeled,Romeo,1.4727566,0.089699745,0.46925616,9.605672,10.264228,10.695973
ddc_dzo_02447,labeled,Romeo,2.566125,-0.98241764,0.11316967,8.975115,12.4133415,7.698051
ddc_dzo_02452,labeled,Romeo,2.004435,-1.5218387,0.29689837,10.36575,12.297725,8.013362
ddc_dzo_02446,labeled,Romeo,2.508685,-2.0053058,1.0594809,11.263472,11.176209,7.569294
ddc_dzo_02435,labeled,Thinley,-7.9722624,-1.4657712,-0.07980783,9.286933,4.700344,10.77529
ddc_dzo_02441,labeled,Romeo,2.7542334,-0.83047193,0.7148502,11.9128275,11.326256,10.407289
ddc_dzo_02448,labeled,Romeo,0.9894862,-0.84974337,-0.7766633,9.42103,10.822337,10.7123375
ddc_dzo_02431,labeled,Romeo,2.2135258,0.51296186,1.6117198,10.332073,9.571447,8.265071
ddc_dzo_02444,labeled,Romeo,3.3978844,-1.7272084,-0.9974551,9.35036,10.936071,7.439736
ddc_dzo_02454,labeled,Dorji,0.89060843,8.948285,2.1013227,13.5940275,8.49661,6.657111
ddc_dzo_02442,labeled,Dorji,-0.2982055,9.873364,-0.1070416,13.515073,9.031496,6.468461
ddc_dzo_02439,labeled,Romeo,2.5756404,-1.7504705,-0.7936506,10.51395,10.099993,7.6296797
ddc_dzo_02437,labeled,Romeo,2.0537724,-0.5698805,-0.9655709,10.625399,10.513025,10.73821
ddc_dzo_02443,labeled,Romeo,3.8906798,-1.4067321,0.26139045,8.833306,11.480931,8.611753
ddc_dzo_02458,labeled,Romeo,2.752684,-1.5706141,0.5042491,9.263081,11.035504,7.8395824
ddc_dzo_04391,labeled,Dorji,-0.026338339,7.9935665,0.797405,13.196426,9.392378,7.6160827
ddc_dzo_08069,labeled,Romeo,1.0928855,-0.65095735,0.42318463,9.854041,9.627095,8.143878
ddc_dzo_02467,labeled,Romeo,3.1265779,-0.75602955,0.036293864,9.010213,11.37278,8.565
ddc_dzo_02460,labeled,Romeo,3.4648812,-1.3514307,1.8954587,10.643627,11.490297,10.657007
ddc_dzo_02477,labeled,Romeo,1.8486181,-0.17096591,-0.8214,8.589746,10.433783,10.016044
ddc_dzo_02461,labeled,Romeo,2.0005841,0.3092072,0.7934976,9.964474,10.06142,7.9330297
ddc_dzo_02463,labeled,Romeo,1.2856421,0.4132042,1.141233,9.461837,10.468653,8.180342
ddc_dzo_02473,labeled,Romeo,2.7060256,-1.9493492,-1.3636018,9.33572,12.328362,9.128106
ddc_dzo_02485,labeled,Thinley,-6.5554934,-2.5209682,1.0112851,10.34779,5.0288954,10.076846
ddc_dzo_02476,labeled,Dorji,0.35597548,6.8120027,1.3745012,13.629062,8.547449,7.0409026
ddc_dzo_02464,labeled,Romeo,2.2766047,-1.1394112,0.43700904,11.247171,11.4551115,8.905402
ddc_dzo_02483,labeled,Romeo,2.739171,-1.615167,-0.40557724,10.909655,11.612213,7.767261
ddc_dzo_02465,labeled,Romeo,2.906086,-0.4613142,1.7238915,11.151971,11.248829,8.850133
ddc_dzo_02486,labeled,Romeo,2.3581982,-2.1680968,-0.25336397,10.887689,10.586214,10.771584
ddc_dzo_02462,labeled,Romeo,1.9511776,-1.0323119,0.90764093,9.899737,10.634227,8.380599
ddc_dzo_02471,labeled,Romeo,-0.20925057,-1.972333,0.95978975,11.001868,10.012172,10.237043
ddc_dzo_02478,labeled,Romeo,1.9483738,-0.86117065,-0.21934283,11.219268,10.300413,8.092701
ddc_dzo_01977,labeled,Dorji,0.09271574,4.984628,0.44983137,12.365737,10.513345,10.232287
ddc_dzo_02506,labeled,Romeo,2.5180247,-2.5023487,0.7001774,9.141036,11.099,10.0993595
ddc_dzo_02500,labeled,Thinley,-8.4023285,-1.8008146,0.53961444,10.046163,4.856716,9.252204
ddc_dzo_02509,labeled,Romeo,1.997793,-1.3246984,-0.18013811,8.272007,11.393041,9.293504
ddc_dzo_02512,labeled,Romeo,2.491912,-0.8379005,0.10822821,8.496889,11.723481,8.408523
ddc_dzo_02511,labeled,Romeo,1.8923948,-1.3860383,0.32910156,9.646925,12.572234,7.25036
ddc_dzo_02501,labeled,Romeo,1.9702483,-1.2339189,0.884451,10.579712,10.388767,8.62524
ddc_dzo_02496,labeled,Romeo,2.8799338,-1.712415,1.1161762,9.564463,11.250008,8.026684
ddc_dzo_02513,labeled,Romeo,2.6472955,-1.2554898,0.4555545,8.481273,11.294395,9.401975
ddc_dzo_02515,labeled,Romeo,1.7404165,-0.3327222,0.81989306,8.6774845,10.393498,10.304136
ddc_dzo_08498,labeled,Thinley,-10.32663,-1.8112247,-0.63858306,10.366666,4.81582,9.967754
ddc_dzo_02491,labeled,Romeo,2.2238286,-0.8123051,1.1725231,9.473491,11.547613,6.901456
ddc_dzo_02497,labeled,Romeo,2.0030842,0.96222734,-2.8289557,10.29199,10.969264,11.400959
ddc_dzo_02488,labeled,Romeo,1.1328268,-0.95992315,0.3173895,10.831363,10.790851,10.625677
ddc_dzo_05020,labeled,Dorji,-0.1809758,7.617827,1.3054783,13.708245,8.966141,6.6771393
ddc_dzo_02529,labeled,Romeo,2.609749,-0.74657816,0.52541804,10.53482,10.217117,7.9255486
ddc_dzo_02546,labeled,Romeo,1.1707786,-0.5803505,0.17698097,11.69799,10.37472,10.769176
ddc_dzo_02527,labeled,Romeo,2.1461816,-0.37611663,1.4766611,8.757348,11.941786,8.547289
ddc_dzo_02545,labeled,Romeo,2.6203322,-0.8158641,0.0882172,10.807647,11.908227,8.710893
ddc_dzo_02547,labeled,Romeo,0.9496293,-2.2427418,-0.11743951,11.407363,9.551091,8.107149
ddc_dzo_02537,labeled,Romeo,2.8793957,-1.6526309,0.26453727,9.398461,10.140487,8.694114
ddc_dzo_01992,labeled,Romeo,1.51828,-0.018067956,0.62008333,10.070354,9.57007,8.519322
ddc_dzo_02526,labeled,Romeo,0.79340863,-1.8471209,0.22057581,9.287794,10.188286,7.874138
ddc_dzo_02520,labeled,Romeo,1.8608947,-1.3027251,0.538779,8.427569,10.667319,9.570091
ddc_dzo_02544,labeled,Romeo,2.4995403,1.651212,0.21831274,10.228906,11.116946,11.709932
ddc_dzo_02539,labeled,Romeo,2.417873,0.7192371,1.1626749,8.864228,10.6628685,10.2190695
ddc_dzo_02542,labeled,Thinley,-7.452986,-1.1015711,0.6770886,9.709409,5.2985015,9.630485
ddc_dzo_02521,labeled,Romeo,3.5208933,-1.1508787,0.36993802,10.005417,11.744483,8.753318
ddc_dzo_02522,labeled,Romeo,1.7313616,-0.42646265,0.94818664,10.843859,11.3562975,7.206225
ddc_dzo_02523,labeled,Romeo,2.934161,-0.6427615,1.1696086,9.435288,10.313373,7.9758525
ddc_dzo_02540,labeled,Romeo,0.91883147,-0.8470855,0.19483161,11.498809,10.362418,10.152929
ddc_dzo_02554,labeled,Dorji,0.44727206,5.138911,1.2986987,13.382411,8.758939,7.888995
ddc_dzo_03221,labeled,Dorji,-1.4420595,9.677605,1.3539512,13.718965,8.800888,7.187072
ddc_dzo_02551,labeled,Romeo,2.6367116,-0.1798284,0.06739569,11.099003,10.865194,10.580238
ddc_dzo_02559,labeled,Romeo,1.8733284,-0.5543127,1.0546504,9.67436,12.5440645,7.723594
ddc_dzo_02577,labeled,Romeo,2.278541,-0.8242302,-0.48809767,9.391482,10.2847,8.359261
ddc_dzo_02548,labeled,Romeo,2.6851351,0.39841127,1.3048416,10.36625,10.644505,9.957389
ddc_dzo_02576,labeled,Romeo,1.536759,-0.45785546,0.5925299,11.596719,11.105594,9.326639
ddc_dzo_02566,labeled,Thinley,-8.761111,-1.7971368,1.0951058,9.2925205,4.63823,10.055683
ddc_dzo_04282,labeled,Romeo,2.2183971,-1.1341505,-0.8211255,10.929587,10.848663,10.863033
ddc_dzo_02563,labeled,Romeo,2.772449,-1.4402801,0.26555908,8.788579,11.458386,9.411678
ddc_dzo_02550,labeled,Romeo,0.75233275,-1.5455158,0.37049294,11.335611,10.39717,10.821087
ddc_dzo_02573,labeled,Romeo,1.7519424,-0.65041804,1.1168318,8.931672,12.541544,8.423293
ddc_dzo_02565,labeled,Namgay,1.8866754,1.4317536,-5.084816,10.972635,10.388354,5.859445
ddc_dzo_02570,labeled,Romeo,1.343826,-2.098721,0.09487772,10.549312,9.95325,8.223521
ddc_dzo_02574,labeled,Thinley,-7.64419,-2.1895297,0.5972514,10.568353,5.2529383,10.2717495
ddc_dzo_02560,labeled,Dorji,-1.7807245,8.864767,1.2903873,13.636128,8.869098,6.5486703
ddc_dzo_02549,labeled,Romeo,1.3468802,-0.53831667,0.116276264,10.852419,9.5050955,7.832136
ddc_dzo_02572,labeled,Romeo,2.2358787,-1.814861,0.58776355,9.999236,11.609169,7.9496255
ddc_dzo_01874,labeled,Dorji,0.37614143,5.9958243,-0.18361712,13.609355,8.864024,6.1882477
ddc_dzo_02587,labeled,Romeo,2.5649061,-0.60013986,-0.4281869,11.426794,11.489861,10.297799
ddc_dzo_02603,labeled,Romeo,2.8368473,-2.1255894,-0.17679715,9.77721,10.426719,7.570504
ddc_dzo_02591,labeled,Romeo,2.1735277,-1.3191016,-0.17220002,11.907031,11.066393,9.2133875
ddc_dzo_02605,labeled,Dorji,0.0795472,9.759813,1.0854962,13.483816,8.568522,7.0328875
ddc_dzo_02604,labeled,Romeo,3.8787327,-1.4055237,1.6081142,8.568308,11.624973,7.658399
ddc_dzo_02607,labeled,Romeo,2.288045,-0.9885882,0.33694625,9.791402,12.339115,8.485578
ddc_dzo_02588,labeled,Romeo,2.8365877,-1.4661256,-0.22545515,10.342711,11.84885,10.564763
ddc_dzo_02583,labeled,Romeo,2.2745936,-1.5693798,0.6760986,9.808457,10.752434,9.608884
ddc_dzo_02593,labeled,Namgay,-2.539343,0.22674835,-12.7969,-4.809015,5.2630587,8.4784775
ddc_dzo_02597,labeled,Romeo,2.7240965,-1.4251972,0.33125114,10.497645,11.419008,10.525501
ddc_dzo_02586,labeled,Romeo,2.1842132,-1.1156603,1.3868032,12.25631,10.020412,9.085331
ddc_dzo_02590,labeled,Romeo,2.7393312,-1.253622,0.96358633,12.218232,10.947192,9.430695
ddc_dzo_02596,labeled,Romeo,2.8134973,1.206564,0.55136406,11.054031,10.375567,7.3968816
ddc_dzo_02606,labeled,Romeo,2.0360985,-3.072235,0.47996163,10.342012,11.217184,10.813416
ddc_dzo_02595,labeled,Romeo,1.4511495,0.1656344,-0.040641785,10.894279,10.483158,10.731454
ddc_dzo_02599,labeled,Romeo,2.5100694,-0.60936236,0.21032763,9.6271,10.316003,7.374325
ddc_dzo_02516,labeled,Dorji,-0.5145453,5.1572447,0.7116183,13.067763,9.207661,7.4722056
ddc_dzo_04132,labeled,Romeo,3.393899,-0.9840362,0.4860499,10.645446,11.083197,8.383522
ddc_dzo_02634,labeled,Romeo,2.3489215,0.17875314,-0.17936897,8.952333,11.873126,8.867044
ddc_dzo_02619,labeled,Romeo,3.1498566,-1.4139009,0.8160649,9.096315,10.977035,9.629381
ddc_dzo_02609,labeled,Thinley,-10.487063,-2.6156514,1.1227046,10.513575,4.752229,9.686774
ddc_dzo_02633,labeled,Romeo,3.175469,-1.1419581,1.0665363,12.074982,10.152119,9.896289
ddc_dzo_02618,labeled,Romeo,1.5614533,0.41585338,-0.742671,11.145977,9.807702,7.6007986
ddc_dzo_02630,labeled,Dorji,-0.6935793,6.1411467,0.45625737,13.452848,8.668157,6.982279
ddc_dzo_02635,labeled,Romeo,2.585997,-3.0856395,-1.1930144,10.956579,10.137281,7.6430407
ddc_dzo_02614,labeled,Romeo,2.209146,-1.0342944,-0.052500963,10.095749,11.97155,10.139899
ddc_dzo_02623,labeled,Romeo,1.4770868,0.023198843,0.049471855,11.309905,10.641789,8.117605
ddc_dzo_02617,labeled,Dorji,0.25045264,7.13958,2.100006,13.532626,8.832311,7.0058904
ddc_dzo_02629,labeled,Romeo,1.2241397,0.043348223,0.6249776,11.859317,10.574783,9.758315
ddc_dzo_02620,labeled,Romeo,1.2255988,-0.6870067,0.19139099,10.662109,11.531808,10.549787
ddc_dzo_02612,labeled,Romeo,1.3490067,-1.3327643,0.8229418,8.5833235,11.637518,8.548123
ddc_dzo_02636,labeled,Romeo,1.5373615,-0.048232585,-0.20864749,9.693596,12.72277,7.8139873
ddc_dzo_02616,labeled,Romeo,3.0430584,-1.2510619,-0.16881323,10.6006,11.5076065,7.0722256
ddc_dzo_02651,labeled,Romeo,2.934579,1.3586215,0.29124808,9.1879015,11.621483,10.0307455
ddc_dzo_02663,labeled,Romeo,0.9360858,-1.4836545,2.2008567,10.120968,11.132929,11.600269
ddc_dzo_02643,labeled,Romeo,2.342284,-1.3227291,0.3144281,10.196351,12.551305,9.279783
ddc_dzo_02661,labeled,Thinley,-7.7745295,-0.31188488,1.1180136,9.600611,4.822081,9.598011
ddc_dzo_02657,labeled,Romeo,2.24867,-0.53592443,-0.18155432,10.271628,11.2764,8.32351
ddc_dzo_02646,labeled,Romeo,3.2304845,-0.66424465,1.0125248,11.120757,10.529289,9.557548
ddc_dzo_02664,labeled,Romeo,1.6417179,-2.0408359,0.5125189,9.730152,11.7964325,9.9597435
ddc_dzo_02650,labeled,Romeo,2.1338696,-1.7226487,0.7163955,11.389542,10.759519,9.681993
ddc_dzo_02640,labeled,Romeo,0.41127372,-1.6892662,0.32364738,10.0095825,11.502223,8.558868
ddc_dzo_09919,labeled,Dorji,-2.3961112,10.642059,1.6523614,13.530478,8.929788,6.2680264
ddc_dzo_02637,labeled,Romeo,0.7768263,-3.7577107,0.03140676,11.643395,10.2911825,8.942789
ddc_dzo_02642,labeled,Romeo,0.995651,0.21898562,1.2996168,12.043661,10.048008,9.56245
ddc_dzo_02649,labeled,Romeo,3.1838,-0.5459552,-0.38638794,9.369824,12.203763,9.425633
ddc_dzo_02682,labeled,Romeo,1.9999266,-0.18626148,0.64402676,12.279518,11.184403,10.321955
ddc_dzo_02145,labeled,Dorji,0.21113785,6.9097385,1.1627209,13.531996,8.692129,7.1554585
ddc_dzo_02672,labeled,Romeo,3.2998528,-1.6934724,0.5881648,10.335828,10.988228,6.597465
ddc_dzo_02680,labeled,Romeo,1.8280466,-2.0307465,-0.34159327,8.603539,10.456062,9.22936
ddc_dzo_02687,labeled,Romeo,0.81787586,-1.3217978,0.22810721,8.413144,11.104798,9.187757
ddc_dzo_02681,labeled,Namgay,0.021595955,-0.29028362,-8.765663,13.050451,4.900321,5.5295987
ddc_dzo_02670,labeled,Dorji,1.2927303,8.847976,1.7344981,13.377291,8.715736,7.0724087
ddc_dzo_02688,labeled,Romeo,3.9605458,-1.3013102,-0.5188407,9.305916,12.084499,9.509156
ddc_dzo_02691,labeled,Romeo,2.3321674,-1.1857107,0.44326425,10.681225,12.418113,8.172658
ddc_dzo_02689,labeled,Romeo,1.4015441,-0.25138307,-0.10977015,9.850568,11.332189,9.1204
ddc_dzo_02679,labeled,Thinley,-7.7382975,-0.28111866,-0.21174431,10.213081,4.797987,10.661374
ddc_dzo_02678,labeled,Romeo,0.95079976,-1.2135162,1.0570407,10.706186,11.522033,10.211289
ddc_dzo_02676,labeled,Romeo,2.095325,-0.8581435,0.83457875,9.124068,12.525374,8.137748
ddc_dzo_02690,labeled,Romeo,2.6530495,-1.7679209,1.4615428,8.990339,11.404387,7.6084795
ddc_dzo_02674,labeled,Romeo,1.6903535,-1.6365848,-0.8006346,9.079553,12.581878,8.126943
ddc_dzo_01720,labeled,Romeo,2.6724498,0.62217224,-0.10019672,9.895992,10.259668,8.8680105
ddc_dzo_02702,labeled,Romeo,1.2124028,-0.25515664,0.24232888,9.163634,11.483125,8.359963
ddc_dzo_02722,labeled,Romeo,3.169219,-0.76983213,0.5118749,9.811938,10.901608,10.642578
ddc_dzo_02721,labeled,Romeo,2.358572,-1.2842064,-0.28098798,8.867419,11.311574,8.39766
ddc_dzo_02719,labeled,Thinley,-9.822758,-1.1136391,1.519059,9.944996,4.749471,10.098726
ddc_dzo_01622,labeled,Dorji,-1.5489664,5.075427,0.89649975,13.442343,9.060829,8.057509
ddc_dzo_02707,labeled,Romeo,1.4975054,-2.0563366,1.0394785,9.80897,12.613116,7.580302
ddc_dzo_02706,labeled,Romeo,1.8963315,0.14774942,1.3997749,10.826856,10.852426,8.598455
ddc_dzo_02700,labeled,Thinley,-9.847186,-1.2585065,0.85706544,10.161309,4.982649,10.54586
ddc_dzo_02704,labeled,Romeo,1.717557,1.1642104,-0.7213402,11.773119,10.413207,8.859929
ddc_dzo_02712,labeled,Romeo,3.3816931,-2.0646617,-0.20098102,11.349586,11.407109,7.7914696
ddc_dzo_02723,labeled,Romeo,2.2444334,-0.9920126,1.0484592,10.79239,11.990397,9.756514
ddc_dzo_02699,labeled,Romeo,1.1925724,0.017231584,1.0546632,9.238498,11.842793,9.632072
ddc_dzo_09939,labeled,Romeo,1.6594772,-0.5788422,0.28514433,9.20412,10.249201,8.533318
ddc_dzo_02729,labeled,Romeo,3.0697703,-0.92900825,-0.45181715,8.657997,12.332413,8.971466
ddc_dzo_02738,labeled,Romeo,1.6396068,-1.2682437,0.769119,9.089194,9.989122,8.430841
ddc_dzo_08648,labeled,Romeo,1.5683866,-0.61411333,0.0020940304,10.514082,10.27642,7.6536603
ddc_dzo_02743,labeled,Romeo,2.1831386,-0.6045759,0.4327588,9.123455,11.04743,8.42128
ddc_dzo_02730,labeled,Romeo,1.7564493,-2.1599445,-0.683431,10.186559,12.176242,8.679254
ddc_dzo_02732,labeled,Romeo,1.380755,-0.8129423,0.3176403,9.143778,11.491077,7.403868
ddc_dzo_02744,labeled,Thinley,-10.614941,-0.88041663,0.8188093,9.526238,4.2358007,9.983924
ddc_dzo_03048,labeled,Romeo,2.7926078,-2.2317226,-0.33160257,11.673054,11.009669,10.695268
ddc_dzo_02746,labeled,Thinley,-8.812176,-0.9698739,-0.11983895,9.839948,5.02365,10.342632
ddc_dzo_02737,labeled,Romeo,1.8565247,-0.6178851,-0.6980331,9.761809,11.719769,10.776735
ddc_dzo_02734,labeled,Dorji,0.27195168,7.756012,0.16878748,13.508405,8.981504,7.7870293
ddc_dzo_02725,labeled,Romeo,2.9478545,-2.8354611,1.3867625,9.470575,12.001716,9.5919285
ddc_dzo_02740,labeled,Romeo,2.748042,-1.2804021,0.78327465,8.655836,11.877783,9.154454
ddc_dzo_00060,labeled,Romeo,1.3991424,-0.5510199,0.41487157,10.013773,10.610347,7.58039
ddc_dzo_02761,labeled,Romeo,-1.1985035,-0.28756094,-0.1403172,11.932388,10.717896,8.147323
ddc_dzo_00287,labeled,Romeo,2.0302098,-1.6467681,0.6853471,9.572051,11.419858,7.6129045
ddc_dzo_02757,labeled,Thinley,-8.676625,-1.1755031,1.2516474,9.611001,5.353713,9.659191
ddc_dzo_02776,labeled,Romeo,0.9463974,-0.94132334,1.1384648,11.009602,10.823593,8.127538
ddc_dzo_02777,labeled,Romeo,2.0364785,-2.0024467,1.1368818,9.122577,12.573271,8.258991
ddc_dzo_02766,labeled,Romeo,2.6230001,-2.116763,-0.9531357,10.079979,12.300204,9.774317
ddc_dzo_02763,labeled,Romeo,1.8361483,-2.5369947,0.27119184,9.365073,11.360824,6.6546416
ddc_dzo_02770,labeled,Namgay,-0.85601044,0.4395976,-9.0884695,13.312195,4.929311,5.6537046
ddc_dzo_02758,labeled,Romeo,2.2537959,-1.0378106,-0.46438873,12.246201,10.887051,9.25314
ddc_dzo_02769,labeled,Romeo,1.6230183,-2.0155566,-0.019435406,10.354038,11.197815,10.867561
ddc_dzo_02765,labeled,Romeo,1.9934723,-1.5032315,0.22105587,11.323935,12.054231,9.121268
ddc_dzo_08272,labeled,Romeo,1.0078545,-1.8666577,-0.44015956,10.038316,11.760859,9.378418
ddc_dzo_02782,labeled,Romeo,1.7747344,0.101848364,0.06574941,12.22552,10.730253,9.412922
ddc_dzo_02789,labeled,Thinley,-8.809408,-1.4070094,0.9677032,9.656214,5.3471212,9.629148
ddc_dzo_02806,labeled,Thinley,-7.3838367,-1.2024652,0.79500127,9.858565,4.363467,10.394195
ddc_dzo_02808,labeled,Dorji,-1.1335635,12.450478,2.2479153,13.205638,9.059109,7.50492
ddc_dzo_02792,labeled,Dorji,0.2336086,5.650054,-0.6926557,13.204867,9.483744,7.8571672
ddc_dzo_02796,labeled,Romeo,1.9245391,-1.2562482,0.70094824,9.034818,11.957981,7.200642
ddc_dzo_02810,labeled,Thinley,-6.842938,-1.0662811,-0.12487949,9.716393,4.9738693,9.888474
ddc_dzo_02807,labeled,Romeo,3.4493804,-0.9897857,0.6432996,10.446337,11.803057,8.932981
ddc_dzo_02784,labeled,Romeo,1.3321122,-0.9512108,0.7173822,10.816063,10.403867,7.3691616
ddc_dzo_02811,labeled,Romeo,1.4079278,-0.21497965,0.36787727,8.881078,10.432285,9.524769
ddc_dzo_02783,labeled,Romeo,2.5041244,-1.2614328,1.062943,9.150255,12.217868,7.702222
ddc_dzo_02802,labeled,Romeo,0.8696747,-0.20259783,1.0743916,12.238312,11.369389,10.389704
ddc_dzo_02786,labeled,Dorji,1.3096972,5.778422,1.2492619,13.225199,8.726372,6.408978
ddc_dzo_02801,labeled,Romeo,0.75953054,-1.9419365,0.32443088,10.257114,12.077417,9.621978
ddc_dzo_02804,labeled,Romeo,1.4455308,0.03040123,-0.34167743,10.19703,10.912041,10.685431
ddc_dzo_04921,labeled,Romeo,1.0423963,-1.1884925,-0.4519124,10.411394,10.8931,10.728012
ddc_dzo_02824,labeled,Romeo,0.254192,-1.2708678,0.8326447,10.477094,10.357091,10.675922
ddc_dzo_02839,labeled,Romeo,2.3661475,1.070213,1.5982801,10.452125,11.342398,9.087802
ddc_dzo_07904,labeled,Romeo,1.4487696,-0.6800891,-1.1507808,11.757308,11.491881,9.315949
ddc_dzo_02813,labeled,Romeo,0.51316786,0.745976,0.6068027,9.96021,10.401854,7.8533473
ddc_dzo_02821,labeled,Romeo,1.3407199,-1.547218,1.2479209,10.298898,10.085031,9.211695
ddc_dzo_02815,labeled,Romeo,2.4381182,0.053845733,-0.29240298,10.013985,10.8510275,8.302833
ddc_dzo_02822,labeled,Romeo,3.1224768,-0.7861318,0.6274228,9.151741,10.692789,10.653942
ddc_dzo_02830,labeled,Dorji,-1.4684565,9.788791,0.15818572,13.283156,9.173366,7.3302264
ddc_dzo_02814,labeled,Thinley,-7.198037,-1.0853796,-1.034515,9.298718,5.553438,10.503817
ddc_dzo_02816,labeled,Romeo,2.1977754,-0.7321787,-0.34250927,8.899339,12.264934,9.35152
ddc_dzo_02820,labeled,Romeo,2.0275216,-0.081506014,1.1768715,11.267962,10.607603,7.918592
ddc_dzo_02836,labeled,Romeo,2.5079963,-1.6742406,-0.14509916,8.945129,12.650358,8.339096
ddc_dzo_02872,labeled,Dorji,0.39322197,5.9990993,1.6757319,12.887789,9.606373,7.4943233
ddc_dzo_06162,labeled,Romeo,3.2534616,-1.4790413,1.5311809,10.615471,12.019948,8.307922
ddc_dzo_02849,labeled,Romeo,1.4374132,-0.09908092,0.53754187,9.464482,12.165939,7.2327337
ddc_dzo_02862,labeled,Romeo,1.8065646,-0.91164464,-0.74682724,8.91222,11.311521,9.257515
ddc_dzo_02869,labeled,Romeo,1.5985056,-1.1375346,1.1185501,10.7056,10.827449,8.404879
ddc_dzo_02850,labeled,Romeo,2.198832,-0.045628816,0.1815908,10.437369,11.08507,9.466635
ddc_dzo_02851,labeled,Romeo,2.3128922,-1.6056682,-0.41961432,8.56391,11.199535,8.727489
ddc_dzo_02856,labeled,Romeo,1.7361393,-2.0242054,0.18640089,8.457297,10.881575,9.465511
ddc_dzo_02868,labeled,Romeo,0.6825309,-1.0549712,0.50502694,10.37807,11.743852,10.167959
ddc_dzo_02863,labeled,Romeo,0.9316925,2.1118612,-0.053391695,11.415429,10.430848,7.6262174
ddc_dzo_02853,labeled,Dorji,-0.52676296,9.277802,0.16410637,13.392912,8.7036705,6.3533535
ddc_dzo_02860,labeled,Romeo,2.4054265,-1.3411808,0.1446085,9.027293,12.215363,9.063497
ddc_dzo_02848,labeled,Romeo,3.9504833,-1.8590893,0.23987222,11.333391,11.518549,7.6833324
ddc_dzo_02843,labeled,Romeo,1.8770463,-2.41859,-0.4329419,10.962067,10.625978,10.859777
ddc_dzo_02865,labeled,Romeo,2.4891,-0.4454971,0.57863474,11.564141,9.624998,8.545214
ddc_dzo_02857,labeled,Romeo,1.65814,0.38938022,0.26778919,11.149744,10.089893,8.755934
ddc_dzo_02861,labeled,Romeo,1.6829865,-1.4374471,0.59376955,8.854115,11.324893,9.904426
ddc_dzo_02870,labeled,Romeo,2.2601976,-1.6087761,0.17311859,8.627908,12.021023,9.438622
ddc_dzo_02889,labeled,Romeo,-1.0550058,-2.5573196,0.9103124,10.131634,9.282539,8.274737
ddc_dzo_02879,labeled,Romeo,1.5906773,-0.9958937,1.0834625,10.787491,11.305081,10.568856
ddc_dzo_02902,labeled,Romeo,1.6654568,-0.8707284,0.24860622,9.896134,12.312686,9.164938
ddc_dzo_02874,labeled,Namgay,-1.8297954,2.69815,-9.399351,-4.949226,5.4688144,8.718798
ddc_dzo_02877,labeled,Romeo,1.0965862,-2.5290668,0.4346093,10.807849,12.043908,10.127016
ddc_dzo_02900,labeled,Romeo,1.7880335,-1.0210541,0.4798169,11.943428,11.242619,9.522732
ddc_dzo_02883,labeled,Romeo,2.9070592,-1.9968045,0.80533886,8.884096,11.742391,8.3281145
ddc_dzo_02873,labeled,Romeo,1.729445,0.60176563,0.34875345,10.457552,10.056086,7.8728747
ddc_dzo_02895,labeled,Romeo,2.2832353,-0.8121369,1.0640037,9.908175,10.317332,8.933538
ddc_dzo_02880,labeled,Dorji,-0.67736435,8.045719,0.9563265,13.556474,8.447537,6.6508574
ddc_dzo_02896,labeled,Romeo,2.836778,-2.098847,0.22644651,9.978779,11.705425,10.347896
ddc_dzo_02901,labeled,Romeo,1.0686784,-0.91950107,-0.061243653,9.91751,11.777885,7.54641
ddc_dzo_02875,labeled,Romeo,3.1987927,-1.7328627,-0.034614325,8.678347,12.081693,9.297777
ddc_dzo_02912,labeled,Romeo,2.101807,-0.36261404,0.0053970814,11.189218,9.998789,7.9809556
ddc_dzo_06442,labeled,Romeo,2.842122,-1.3963218,0.15035915,10.987914,11.8911495,9.559798
ddc_dzo_02929,labeled,Dorji,-1.188982,7.5371985,0.37276435,13.467918,9.003222,6.2453
ddc_dzo_02928,labeled,Romeo,2.1664464,-2.0557697,-0.13468885,9.087799,12.538238,7.8804855
ddc_dzo_02924,labeled,Romeo,2.7647367,-0.16153765,0.18329167,10.715335,11.903726,10.417668
ddc_dzo_02907,labeled,Romeo,2.4412675,-1.5882134,1.4805753,8.898915,11.701488,8.354612
ddc_dzo_02916,labeled,Romeo,2.081717,-0.614596,1.1528611,10.14365,11.315836,8.41365
ddc_dzo_02927,labeled,Dorji,0.9338138,9.070583,1.3614426,13.664102,9.0993185,7.3637404
ddc_dzo_02930,labeled,Nima,0.79624873,-0.47295606,-2.0174103,9.165226,9.765745,9.49347
ddc_dzo_02926,labeled,Romeo,2.7182608,-1.3383492,0.858432,11.224935,10.84397,9.584462
ddc_dzo_02919,labeled,Romeo,0.33978102,-1.1014512,-0.03107071,10.594007,10.520103,6.1326923
ddc_dzo_02917,labeled,Romeo,-0.019417048,-1.1349372,0.118792176,11.898924,10.139441,9.926542
ddc_dzo_02918,labeled,Romeo,2.30675,-0.8251896,1.3305062,12.028804,10.583669,9.125546
ddc_dzo_02910,labeled,Romeo,1.6539184,-0.5938668,0.9598316,9.950836,11.893999,9.474991
ddc_dzo_03089,labeled,Romeo,0.42109132,-1.3300374,1.5022742,8.829297,11.723233,10.063432
ddc_dzo_07997,labeled,Romeo,2.8116424,-1.3859609,0.14188898,9.415323,11.346978,8.896655
ddc_dzo_02961,labeled,Romeo,2.657571,-0.2729483,-0.13054347,10.588625,11.946726,7.5487494
ddc_dzo_02965,labeled,Romeo,2.7377694,-1.4606328,-0.17141618,9.033122,11.834418,7.777665
ddc_dzo_02951,labeled,Namgay,-1.4633617,1.1318673,-6.4398947,13.266611,4.932663,5.588605
ddc_dzo_02945,labeled,Romeo,1.0293288,0.0044837,0.14260411,9.947448,12.664969,9.106363
ddc_dzo_02955,labeled,Romeo,1.7837276,-0.47217846,0.1382215,9.449303,12.329855,8.698413
ddc_dzo_02954,labeled,Dorji,-0.6134553,9.690523,0.92819047,13.522055,9.061779,6.3579254
ddc_dzo_02952,labeled,Romeo,1.4670238,-0.3579464,-0.5930873,8.5201435,11.118493,8.427641
ddc_dzo_02960,labeled,Romeo,2.554815,-0.38895816,0.7409079,8.703659,11.859371,8.599007
ddc_dzo_02950,labeled,Romeo,2.4684138,-0.9735311,1.0271374,10.64299,12.428666,9.138893
ddc_dzo_02956,labeled,Romeo,2.2831483,1.6680532,0.4753821,12.243458,10.377118,9.698382
ddc_dzo_02946,labeled,Romeo,1.4729419,-2.0887427,0.20310915,9.881865,11.616957,7.905464
ddc_dzo_02949,labeled,Romeo,1.3540394,-0.27512503,0.7080056,10.318073,10.175934,7.3635473
ddc_dzo_02938,labeled,Romeo,1.3484889,-1.265307,-1.3751595,10.17775,11.88894,10.205415
ddc_dzo_02994,labeled,Romeo,1.4531469,-0.89242905,1.3471076,12.089195,10.759488,9.037374
ddc_dzo_02986,labeled,Dorji,0.4824003,5.780885,0.40481853,10.607944,10.415337,6.4644017
ddc_dzo_02007,labeled,Romeo,2.219561,-0.51144993,0.8711493,11.584244,9.649102,8.674176
ddc_dzo_02973,labeled,Romeo,2.3125653,-2.2109127,0.63673353,11.091004,10.765807,10.60821
ddc_dzo_02967,labeled,Romeo,1.234005,-1.3334059,-0.11345601,9.050052,11.769471,8.270967
ddc_dzo_02971,labeled,Namgay,-2.3289118,0.45669696,-11.293051,-5.260244,5.8286805,9.00833
ddc_dzo_03003,labeled,Romeo,1.2523392,0.48577917,0.71624196,10.2272005,12.3592615,9.613704
ddc_dzo_02998,labeled,Dorji,-0.34302044,6.230795,1.051635,13.49833,9.02583,7.8883286
ddc_dzo_02995,labeled,Romeo,3.0539608,-0.8901162,0.593712,10.934597,11.827767,8.913625
ddc_dzo_02985,labeled,Namgay,-2.06538,1.0002692,-8.913037,12.664512,5.6756706,5.654849
ddc_dzo_02997,labeled,Romeo,2.7251987,-1.2702644,1.8598373,8.705357,12.046017,8.320494
ddc_dzo_02992,labeled,Romeo,1.2210493,-0.1555934,-0.113161206,9.110357,11.570685,7.124141
ddc_dzo_02978,labeled,Thinley,-8.04362,-0.98000956,1.2575011,9.346967,4.602168,10.727167
ddc_dzo_02990,labeled,Romeo,1.4470317,-1.8358524,0.6841006,11.821255,10.560084,10.670064
ddc_dzo_02968,labeled,Romeo,2.3267221,-1.9431714,-0.8529345,8.677374,11.484726,9.550232
ddc_dzo_02991,labeled,Romeo,2.051542,-0.5340154,0.71121085,9.405726,12.159325,9.398306
ddc_dzo_02979,labeled,Romeo,2.093505,0.786513,0.07421303,9.441255,12.524485,6.873924
ddc_dzo_03023,labeled,Dorji,0.03156221,7.223008,0.9979496,13.410222,9.237816,6.3549805
ddc_dzo_03031,labeled,Romeo,2.5557237,-1.8969791,-0.54679394,8.811082,12.0948305,8.732777
ddc_dzo_03011,labeled,Romeo,2.4320683,-0.80656457,-0.14022231,11.974607,11.784524,9.926027
ddc_dzo_03028,labeled,Romeo,1.450372,-0.053049684,0.2869649,9.405045,12.282533,6.8200045
ddc_dzo_03020,labeled,Thinley,-7.7013,-1.2401733,2.0605993,10.252006,5.889594,10.223642
ddc_dzo_03024,labeled,Romeo,3.28954,-0.12800455,0.638371,11.535934,10.214323,7.80741
ddc_dzo_03010,labeled,Romeo,-0.09719682,0.38866627,0.66625226,10.920082,10.252134,8.355156
ddc_dzo_03009,labeled,Romeo,1.6450475,-1.9518001,-2.061305,11.045976,10.400109,6.0262294
ddc_dzo_03008,labeled,Romeo,2.0890455,0.3278786,0.33535528,10.652324,11.429677,10.752851
ddc_dzo_03027,labeled,Romeo,2.7312658,-1.2215576,0.23081458,9.816656,12.056743,10.338967
ddc_dzo_03021,labeled,Romeo,2.2731884,-1.6779112,0.62944555,9.147801,11.6771145,7.4072113
ddc_dzo_03029,labeled,Dorji,1.2000914,8.453518,0.3316226,12.561932,10.982308,10.406029
ddc_dzo_03044,labeled,Romeo,2.8242726,-2.1527138,0.055185556,11.101519,11.243968,9.666385
ddc_dzo_03012,labeled,Romeo,1.6631382,-1.0851381,0.7260189,9.016728,10.448535,8.293494
ddc_dzo_03045,labeled,Romeo,1.667286,-0.34508348,0.1929357,11.755947,9.743068,7.7444997
ddc_dzo_03039,labeled,Thinley,-7.467539,-0.9875877,0.41764665,9.230137,4.7439723,10.137648
ddc_dzo_03013,labeled,Romeo,2.7668445,-1.2516482,0.9693847,9.499906,12.344566,6.9216933
ddc_dzo_03019,labeled,Romeo,-1.1007588,-1.7038698,0.747607,10.809971,9.608954,7.25962
ddc_dzo_03074,labeled,Romeo,1.1747012,-0.800033,1.1515689,11.856379,10.651154,10.368254
ddc_dzo_03058,labeled,Romeo,0.7617421,1.327091,0.18608177,10.558713,10.610945,10.8777
ddc_dzo_03071,labeled,Romeo,2.559317,-1.1447389,1.471024,9.169872,11.327243,10.311064
ddc_dzo_03070,labeled,Romeo,3.061018,-0.43558085,-0.073630095,8.541576,12.05778,8.358643
ddc_dzo_03072,labeled,Romeo,1.0464778,-1.2832254,-0.53381443,9.623186,12.463308,8.771297
ddc_dzo_03088,labeled,Romeo,3.3427162,0.073471755,0.25183237,9.982074,10.166737,6.973859
ddc_dzo_03063,labeled,Thinley,-9.438073,-2.6645458,0.6948595,10.308609,5.4761295,10.754118
ddc_dzo_03061,labeled,Thinley,-6.693164,-0.763814,0.09391332,9.000465,5.1745424,10.725997
ddc_dzo_03062,labeled,Romeo,2.1619358,0.11429989,0.12523067,11.228979,11.605553,9.006769
ddc_dzo_03052,labeled,Thinley,-9.05774,-1.4018679,0.44768918,9.546372,4.697124,10.660945
ddc_dzo_03081,labeled,Romeo,1.888432,-0.4778949,1.0673869,11.6599045,10.504048,8.41251
ddc_dzo_03069,labeled,Romeo,1.0442941,-0.26527262,0.80439615,9.813486,12.163436,6.868203
ddc_dzo_03073,labeled,Romeo,3.741298,-2.561833,0.32211363,9.205962,11.1274605,9.5992155
ddc_dzo_00404,labeled,Romeo,0.99830294,-0.8994503,0.114864826,9.767455,10.778819,11.045196
ddc_dzo_03097,labeled,Dorji,-1.0516069,6.749403,0.7338252,13.080174,9.17014,6.310647
ddc_dzo_03096,labeled,Romeo,1.0217224,-1.5873849,1.5234041,10.877154,10.237487,10.042419
ddc_dzo_03099,labeled,Romeo,2.8063102,-0.5013677,1.3994863,10.347149,11.722163,7.7619867
ddc_dzo_03118,labeled,Romeo,2.0851574,-1.4551847,0.42304516,8.429034,11.24759,9.368273
ddc_dzo_03095,labeled,Romeo,1.9934883,0.042479903,2.2861495,10.427536,12.120665,9.920947
ddc_dzo_03104,labeled,Romeo,2.4679947,0.6011579,0.26241243,12.019205,10.417086,9.097713
ddc_dzo_03102,labeled,Romeo,3.0283775,-0.94082975,0.303927,10.6992655,10.006594,6.947382
ddc_dzo_03120,labeled,Romeo,4.0878744,-2.1862679,0.1917474,10.409872,11.805685,7.9526834
ddc_dzo_03122,labeled,Thinley,-8.319308,-0.77305603,2.0047405,10.007505,5.1767125,10.530455
ddc_dzo_03111,labeled,Thinley,-5.0727324,0.70340824,1.1707754,9.868938,5.003648,9.617083
ddc_dzo_03115,labeled,Namgay,-1.313087,2.1483045,-11.630896,-4.598037,5.4191546,8.3833275
ddc_dzo_03092,labeled,Namgay,0.26206827,1.1990416,-12.988773,-4.8393636,5.481177,8.653196
ddc_dzo_03112,labeled,Romeo,2.289329,-1.5802037,0.7772994,11.789629,11.449285,9.994926
ddc_dzo_03126,labeled,Romeo,2.758331,-0.71535134,0.72817373,11.350153,10.043235,7.794188
ddc_dzo_03101,labeled,Romeo,1.0351139,-2.1494682,-0.37486947,10.738595,11.532254,10.388609
ddc_dzo_03165,labeled,Romeo,3.1019056,-1.2725949,0.48115253,11.606583,10.534156,10.701935
ddc_dzo_03162,labeled,Romeo,1.5598264,-1.5778995,-0.36902237,10.605248,9.549145,7.563596
ddc_dzo_03154,labeled,Romeo,3.4260893,0.23376286,0.64477456,10.886984,10.906672,8.698432
ddc_dzo_03141,labeled,Romeo,2.0182633,-0.12598774,0.8105444,9.494581,10.20427,7.79574
ddc_dzo_03150,labeled,Thinley,-8.210588,-1.64289,-1.1055164,9.743105,5.1928353,9.83621
ddc_dzo_03146,labeled,Romeo,2.0966723,0.3243358,0.26373124,10.732958,9.790624,7.603946
ddc_dzo_03160,labeled,Namgay,-2.095755,-1.0903984,-11.552069,-5.2845683,5.878996,9.053491
ddc_dzo_03158,labeled,Romeo,0.89229465,-2.1811972,0.35768557,10.906937,10.495998,10.247901
ddc_dzo_03153,labeled,Thinley,-8.848531,-0.99572,1.1097046,9.432843,4.204918,9.915312
ddc_dzo_03140,labeled,Thinley,-10.59135,-1.5234647,1.3803728,9.606445,4.935843,11.062991
ddc_dzo_03145,labeled,Romeo,2.45937,-1.244399,0.6123464,11.011648,11.37633,8.970616
ddc_dzo_03147,labeled,Romeo,3.4977803,0.5897659,0.372885,10.199136,11.404852,9.769933
ddc_dzo_03155,labeled,Romeo,2.1742105,-2.4410017,0.50838137,8.798022,12.203912,7.3896637
ddc_dzo_03143,labeled,Dorji,1.4168544,7.6824384,0.5880151,13.410035,8.678346,7.2212834
ddc_dzo_03132,labeled,Thinley,-8.450478,-0.7303324,0.5691978,9.76254,4.7128615,9.894919
ddc_dzo_03157,labeled,Thinley,-9.28512,-1.4555371,1.2279336,9.852744,4.3906007,10.279092
ddc_dzo_00750,labeled,Romeo,2.976633,-1.6149335,0.37840796,10.996815,11.687582,9.707096
ddc_dzo_03192,labeled,Romeo,1.9200674,-1.0596025,-0.055951983,9.826523,10.978081,10.35236
ddc_dzo_03199,labeled,Romeo,1.0645294,-2.108104,1.268064,10.50956,9.374567,7.8867397
ddc_dzo_03172,labeled,Romeo,2.295638,0.030275583,0.593162,9.512225,10.634654,6.987323
ddc_dzo_03167,labeled,Thinley,-7.7015147,-1.9109309,-0.33889556,9.647337,5.303166,9.671695
ddc_dzo_03186,labeled,Thinley,-6.80521,-0.51602936,0.1583209,9.875905,4.705512,9.970651
ddc_dzo_03191,labeled,Romeo,1.6262757,1.0964829,0.7948475,11.1797,9.732966,7.573329
ddc_dzo_03180,labeled,Romeo,2.6936574,2.2600083,1.2734177,13.502527,8.693333,7.17892
ddc_dzo_03169,labeled,Romeo,4.1508303,-0.5685594,1.2729719,10.650332,10.610582,7.722609
ddc_dzo_03202,labeled,Thinley,-8.34436,-1.1769161,-0.08005935,10.068329,4.6833696,10.6093855
ddc_dzo_03183,labeled,Romeo,1.9395483,-1.0332377,1.3215797,10.215197,10.088513,7.0712447
ddc_dzo_03178,labeled,Thinley,-10.4848795,-0.5784323,1.975848,9.250847,4.673834,10.815308
ddc_dzo_03200,labeled,Romeo,3.3235285,-0.339209,1.2478919,11.634231,10.07152,8.1371565
ddc_dzo_03181,labeled,Romeo,2.9391022,-1.4174823,-0.23259306,10.363533,10.831806,6.6148486
ddc_dzo_03166,labeled,Romeo,1.793381,-1.2690551,-0.10403824,11.994199,10.085294,9.836216
ddc_dzo_03228,labeled,Dorji,-0.80142784,7.8978105,0.48394203,13.216865,9.124966,6.5002747
ddc_dzo_01528,labeled,Romeo,2.1288605,-1.0222945,0.5592655,8.454081,10.96451,9.929019
ddc_dzo_03205,labeled,Romeo,2.9455707,-1.832126,1.3150944,9.914374,10.071735,8.447488
ddc_dzo_03232,labeled,Romeo,1.9976094,-1.5073164,0.29140264,11.508564,10.02222,7.848636
ddc_dzo_03224,labeled,Romeo,0.85241914,0.08939171,0.74136996,11.318875,10.290821,7.5121956
ddc_dzo_03212,labeled,Namgay,-1.5990105,0.91719985,-14.365344,12.696012,4.898348,5.4073052
ddc_dzo_03218,labeled,Romeo,2.2922714,-0.6122718,0.9457985,8.700397,11.530271,8.552244
ddc_dzo_03226,labeled,Romeo,2.8594608,-1.0558739,0.39435458,9.871943,11.401899,10.623007
ddc_dzo_03239,labeled,Romeo,1.3681579,-0.14738274,1.3668509,11.951844,9.979865,9.634852
ddc_dzo_03207,labeled,Romeo,2.5192451,-1.0955267,0.13792133,10.508692,11.1145935,7.072685
ddc_dzo_03209,labeled,Romeo,1.9804721,-0.54842687,0.28644264,9.049317,11.474393,8.99022
ddc_dzo_03220,labeled,Romeo,1.3955674,-0.9147064,0.98322034,9.72132,11.983239,7.150728
ddc_dzo_03230,labeled,Romeo,2.5182602,-3.3672702,0.07375646,12.022835,11.244195,10.034419
ddc_dzo_03219,labeled,Dorji,1.2569294,6.7970686,1.3769014,13.275584,9.14402,6.324366
ddc_dzo_03236,labeled,Thinley,-10.643545,-1.1841794,1.0837531,10.390201,4.7899756,9.393317
ddc_dzo_03211,labeled,Namgay,-1.1381032,1.5382683,-12.243991,-5.18618,5.555085,8.509452
ddc_dzo_03240,labeled,Dorji,-1.2745295,9.642251,1.9147964,13.321221,9.19497,6.5820036
ddc_dzo_03215,labeled,Romeo,2.574656,-0.5198182,1.0061584,12.210325,10.696863,10.806797
ddc_dzo_03241,labeled,Romeo,0.908712,-1.4130809,0.089926004,10.774342,9.774858,6.9251566
ddc_dzo_00490,labeled,Romeo,1.6233143,-1.8320264,1.1622279,9.195382,11.795436,8.541276
ddc_dzo_05726,labeled,Thinley,-8.7953005,-1.1488708,1.7030663,10.007337,4.9737997,9.85127
ddc_dzo_03243,labeled,Romeo,1.0379268,0.0654484,-0.12877637,10.647842,9.817634,6.8842173
ddc_dzo_03246,labeled,Romeo,1.5893152,0.11035031,0.72454953,8.902361,11.577708,7.28737
ddc_dzo_03250,labeled,Romeo,2.0092072,-1.135366,2.483205,8.754488,12.365338,8.566037
ddc_dzo_03265,labeled,Romeo,2.4796536,-1.3268054,0.05410409,8.878572,12.13215,8.066657
ddc_dzo_03253,labeled,Romeo,2.2958474,-1.0193324,0.33173466,8.639606,12.098663,8.4880905
ddc_dzo_03247,labeled,Romeo,2.6648295,-0.53762937,0.71463394,9.145872,12.238211,7.183293
ddc_dzo_03266,labeled,Romeo,0.95734525,-1.0880318,0.19281626,12.429055,10.851073,10.088012
ddc_dzo_03272,labeled,Romeo,2.0259166,0.8623176,0.9947605,11.475877,9.479506,8.272845
ddc_dzo_03264,labeled,Romeo,1.2967625,-0.36929435,0.10326208,9.958305,9.555455,8.144521
ddc_dzo_03268,labeled,Romeo,2.7132027,1.1536537,-0.40022957,10.157043,10.570889,9.30686
ddc_dzo_03245,labeled,Romeo,2.8289046,-1.8594787,-0.42367187,9.840473,11.583939,8.398782
ddc_dzo_03248,labeled,Namgay,-1.3308249,0.86843073,-12.022739,12.897904,4.81101,5.491101
ddc_dzo_03267,labeled,Thinley,-8.901499,-1.1717238,1.3952658,10.396614,4.9762397,9.951058
ddc_dzo_03273,labeled,Thinley,-8.431635,-1.5339289,-0.1869896,9.32163,4.3422427,10.05509
ddc_dzo_03262,labeled,Thinley,-7.7033157,0.22580385,0.96563864,9.144261,5.0372796,10.223077
ddc_dzo_03263,labeled,Romeo,2.181739,-1.4235145,-0.13853395,10.740306,11.432045,9.082434
ddc_dzo_03287,labeled,Romeo,2.4896379,-0.9595949,-0.1316495,9.910647,9.572463,9.060742
ddc_dzo_03309,labeled,Romeo,2.428249,-0.73373604,0.80383146,8.769109,12.120457,9.048888
ddc_dzo_03308,labeled,Romeo,4.172918,-1.0316269,0.28918886,11.040332,9.752957,7.0911026
ddc_dzo_03305,labeled,Romeo,2.4454775,-0.12062085,-0.1455698,8.870915,12.333544,7.3720984
ddc_dzo_03294,labeled,Romeo,1.9176692,0.071468234,-0.45635772,9.648834,12.600524,7.8695645
ddc_dzo_03314,labeled,Romeo,2.6632814,-1.2173133,0.8227761,8.696384,12.101137,7.525451
ddc_dzo_03316,labeled,Thinley,-9.180545,-1.8029437,1.6843407,9.220873,5.0308824,10.499784
ddc_dzo_03293,labeled,Dorji,0.31785202,5.694666,0.212039,11.658558,10.248971,9.842766
ddc_dzo_03299,labeled,Romeo,3.3114326,-1.8212849,-0.106593214,8.917183,11.666575,9.03955
ddc_dzo_03284,labeled,Romeo,0.3344345,0.57234895,0.5912364,8.997801,11.358614,7.4843745
ddc_dzo_03302,labeled,Thinley,-10.013381,-0.030489206,1.666136,9.745659,4.2633924,9.728755
ddc_dzo_03297,labeled,Thinley,-7.6724644,0.21276116,-1.0572646,10.745935,5.048517,9.872046
ddc_dzo_03281,labeled,Thinley,-9.31654,-0.70704645,1.7560045,10.424608,5.6718507,10.070646
ddc_dzo_03295,labeled,Romeo,2.285108,-0.3284502,-0.066215515,10.225435,11.1200905,10.90463
ddc_dzo_03342,labeled,Dorji,0.6613827,6.027579,1.7154865,13.431871,8.758286,7.1154943
ddc_dzo_03325,labeled,Dorji,0.3298586,5.7125673,1.1422646,13.284301,8.950667,7.2978954
ddc_dzo_03320,labeled,Romeo,0.28176653,-0.2442444,1.5871472,8.853729,12.398957,8.468247
ddc_dzo_03345,labeled,Thinley,-7.1023364,-0.7145891,0.88202524,9.872434,5.302489,9.647298
ddc_dzo_03347,labeled,Romeo,2.2732024,-1.492435,-0.004827261,11.381498,10.863831,8.048198
ddc_dzo_03344,labeled,Namgay,-0.24686718,-0.17151976,-13.497652,-5.1758146,5.630308,8.862614
ddc_dzo_03336,labeled,Thinley,-8.401482,-1.1710231,0.703218,9.635089,5.5437517,10.482714
ddc_dzo_03328,labeled,Thinley,-8.5463295,-2.2366817,0.60229456,9.1698,4.9931827,10.369262
ddc_dzo_03321,labeled,Romeo,3.0120082,-0.29806697,0.09851885,9.717162,11.908358,9.413503
ddc_dzo_03348,labeled,Romeo,1.6992669,0.4280088,1.0965226,9.099141,11.802608,6.941061
ddc_dzo_03350,labeled,Romeo,1.5468248,0.20480633,0.49596125,12.130729,9.794395,7.9968305
ddc_dzo_03319,labeled,Romeo,1.7883729,-1.9023576,-2.5938768,9.722554,9.494671,8.37003
ddc_dzo_03349,labeled,Romeo,1.8289056,-0.6605954,-0.95096207,12.374325,11.093344,10.046262
ddc_dzo_03326,labeled,Romeo,2.147819,-1.0181497,0.53397954,9.294176,11.16606,8.546437
ddc_dzo_04196,labeled,Romeo,1.6819305,-1.5757488,0.5786891,10.952955,9.949036,8.414702
ddc_dzo_03376,labeled,Thinley,-9.821251,-1.4751439,1.4111838,10.35685,5.3542113,10.675613
ddc_dzo_03361,labeled,Romeo,2.7857947,-0.16466331,0.5008049,12.190365,10.900792,8.535301
ddc_dzo_03377,labeled,Romeo,1.8981252,0.41030717,0.05799535,10.0831175,10.97635,8.308085
ddc_dzo_03365,labeled,Romeo,2.4560575,0.28737545,0.16034365,11.351112,10.080875,7.5408845
ddc_dzo_03388,labeled,Romeo,3.4388144,0.022761345,0.67853844,8.845777,11.746583,10.03313
ddc_dzo_03379,labeled,Thinley,-8.079048,-2.4589043,0.450037,10.0493,5.793378,10.014167
ddc_dzo_03385,labeled,Romeo,2.148188,-0.3361475,0.6075287,9.752193,10.060388,8.638025
ddc_dzo_03358,labeled,Thinley,-7.0196357,-0.38787335,0.6101546,10.531296,5.10345,10.013521
ddc_dzo_03370,labeled,Romeo,2.040311,-0.62852305,-0.6088575,9.397485,11.986364,9.806839
ddc_dzo_03369,labeled,Romeo,3.90201,-0.89207494,-0.37686324,11.398342,11.783828,9.4302225
ddc_dzo_03371,labeled,Romeo,1.1774998,-0.21233201,-0.55915713,8.820302,11.599419,7.557999
ddc_dzo_03364,labeled,Romeo,-0.1770426,0.35504913,-0.16185328,10.467059,9.743274,7.8767586
ddc_dzo_03366,labeled,Thinley,-9.646778,-1.1885222,0.75453544,9.311151,4.589732,10.230724
ddc_dzo_03384,labeled,Thinley,-7.264967,0.13868904,0.55762047,9.132486,4.744906,10.8344755
ddc_dzo_03359,labeled,Romeo,2.776038,-1.5072706,0.39113617,11.52319,10.67274,10.065865
ddc_dzo_03375,labeled,Romeo,2.816415,-0.54659724,1.5153942,12.470356,10.35552,9.917315
ddc_dzo_03414,labeled,Romeo,3.8400474,-2.5866034,0.99216986,11.406668,10.10663,7.56311
ddc_dzo_03424,labeled,Dorji,-0.9908073,7.8972282,0.050994396,13.295633,8.637125,7.515799
ddc_dzo_03397,labeled,Romeo,1.2296563,-1.1438701,0.85972404,11.607478,9.925521,8.636402
ddc_dzo_03423,labeled,Romeo,3.521413,0.4247133,1.1327164,10.245936,12.206815,9.3123865
ddc_dzo_03420,labeled,Romeo,2.4845428,-0.8914547,0.072285414,9.637878,12.215518,7.29672
ddc_dzo_03427,labeled,Thinley,-7.445466,-1.0811274,0.46415663,10.398349,5.8322115,10.680331
ddc_dzo_03398,labeled,Romeo,1.9390113,-0.7023561,-2.0389085,10.092884,12.109465,9.37039
ddc_dzo_03395,labeled,Romeo,1.9409621,-1.644962,0.8200572,9.04301,11.51157,7.395995
ddc_dzo_03426,labeled,Romeo,2.4871798,-0.7407439,-0.661898,8.779032,11.813357,9.046942
ddc_dzo_03434,labeled,Thinley,-5.908513,-0.081324875,-0.3920958,9.822929,5.1819263,10.79371
ddc_dzo_03408,labeled,Romeo,1.6047277,-0.13363457,1.4153776,11.443102,10.07514,7.589039
ddc_dzo_03399,labeled,Romeo,0.5081186,0.26984322,0.7271266,10.416954,11.242633,10.6281185
ddc_dzo_03422,labeled,Dorji,-0.17981339,5.5752177,-0.36291742,12.949707,9.330123,7.572455
ddc_dzo_03425,labeled,Romeo,0.81782997,-0.41388524,0.62783945,9.385541,11.797088,8.784586
ddc_dzo_03429,labeled,Romeo,2.0573885,1.2918515,0.59144473,8.917931,12.130507,8.70231
ddc_dzo_03401,labeled,Romeo,2.648943,-0.3678627,-0.30246925,10.89619,10.597907,10.643485
ddc_dzo_03405,labeled,Romeo,-0.010436296,-1.4388218,0.5261698,12.250106,10.305242,9.762012
ddc_dzo_03456,labeled,Dorji,-0.88378835,8.961477,2.1847289,13.651392,8.605776,6.689261
ddc_dzo_03439,labeled,Romeo,2.061616,-1.5250561,1.2123263,9.852177,10.189647,9.524135
ddc_dzo_03463,labeled,Romeo,2.7991247,-0.5718342,0.6415194,11.147875,11.148485,8.488094
ddc_dzo_01597,labeled,Romeo,2.043387,-0.5634384,0.572755,10.197781,11.846095,10.463049
ddc_dzo_03440,labeled,Romeo,1.3562542,0.1021411,-0.03503704,9.795385,12.222055,7.543492
ddc_dzo_03436,labeled,Romeo,1.6202645,-0.48480368,2.535132,11.133875,10.639176,8.183426
ddc_dzo_03470,labeled,Romeo,0.959003,1.4827543,0.4494382,11.931032,11.472401,8.815417
ddc_dzo_03444,labeled,Thinley,-8.135363,0.4867159,1.7455916,9.532757,4.1468816,9.868267
ddc_dzo_03452,labeled,Romeo,1.6554422,-0.6272538,0.37639666,12.270883,11.330795,10.517021
ddc_dzo_03447,labeled,Romeo,3.342319,-1.7858136,0.629076,8.57782,11.549916,9.469775
ddc_dzo_03472,labeled,Thinley,-8.776034,-0.39285254,0.7384784,9.403111,5.22403,11.219048
ddc_dzo_03468,labeled,Romeo,1.6999134,-1.3506075,0.60843813,10.286479,10.284805,9.590825
ddc_dzo_03442,labeled,Romeo,2.57485,-1.420321,1.2675984,10.5584135,11.412725,9.945553
ddc_dzo_03446,labeled,Romeo,1.8695245,-0.783211,0.49280477,10.9061,11.938911,8.533147
ddc_dzo_03505,labeled,Romeo,2.3744543,0.19129348,0.6373539,11.749848,11.021788,9.240569
ddc_dzo_03478,labeled,Romeo,2.6398137,-0.9990554,1.2733443,10.331568,10.566915,10.733644
ddc_dzo_03475,labeled,Romeo,3.0227919,-0.7651502,1.0605989,11.490036,11.791379,9.95278
ddc_dzo_03508,labeled,Romeo,2.2858584,-0.0038657188,0.8490881,10.136433,11.596169,10.612537
ddc_dzo_03496,labeled,Romeo,0.98199815,-0.9812579,-2.5129666,11.349397,11.283303,9.135227
ddc_dzo_03503,labeled,Romeo,2.3478034,-0.38374174,0.34417123,10.802743,10.322214,8.767777
ddc_dzo_03512,labeled,Romeo,3.8611376,-1.4613004,0.88603115,10.089866,12.223037,8.460521
ddc_dzo_03488,labeled,Romeo,1.3838266,-1.285351,-0.9143524,9.369593,11.868979,10.241774
ddc_dzo_03476,labeled,Namgay,-0.5300579,-0.20874977,-10.763662,12.562125,5.1915803,5.1996145
ddc_dzo_03480,labeled,Romeo,0.97284174,-0.7152064,0.16086715,10.437252,11.311014,10.243288
ddc_dzo_03492,labeled,Thinley,-10.650053,-2.2582705,0.2313874,9.477351,4.534352,10.66679
ddc_dzo_03486,labeled,Dorji,-1.1808008,7.3487825,1.9603071,13.546783,8.924751,7.855646
ddc_dzo_03487,labeled,Romeo,3.2267914,-1.31077,1.4238472,9.199333,12.32869,7.521989
ddc_dzo_03495,labeled,Romeo,1.6413736,-1.8283892,1.1266778,8.6652565,11.959201,8.546247
ddc_dzo_03507,labeled,Thinley,-8.610708,-0.6937537,0.90526986,9.5128975,4.7343583,9.884788
ddc_dzo_03477,labeled,Namgay,-0.9109236,1.6267395,-11.297643,-5.19909,5.641047,8.578312
ddc_dzo_03511,labeled,Romeo,1.2254231,-0.058405638,1.8350953,11.003597,11.211341,8.092195
ddc_dzo_03504,labeled,Romeo,0.53547907,-2.7491066,0.59290147,9.737855,10.396593,8.978243
ddc_dzo_03539,labeled,Romeo,2.380337,-1.7253023,-0.70160985,11.479551,9.939219,9.448196
ddc_dzo_03537,labeled,Romeo,2.65383,-1.2036619,0.69911253,9.059391,11.907017,10.15598
ddc_dzo_03552,labeled,Romeo,0.9077025,-0.16884255,0.6042703,11.124374,10.002452,8.92558
ddc_dzo_03549,labeled,Romeo,1.1770642,-1.7948827,-0.2922597,8.597393,10.898662,9.554723
ddc_dzo_03545,labeled,Romeo,0.9491377,-0.00089263916,0.7348666,8.838087,10.395459,10.296494
ddc_dzo_03548,labeled,Romeo,2.256903,-0.45821798,0.16450953,10.324611,12.493012,9.425225
ddc_dzo_03534,labeled,Romeo,2.3320773,-1.5733312,1.33442,10.057366,11.92547,10.156967
ddc_dzo_03521,labeled,Thinley,-9.084675,-1.8702352,0.9731209,10.43494,5.232515,10.664228
ddc_dzo_03515,labeled,Thinley,-9.416544,-0.089654684,1.016998,9.317519,5.34182,10.319589
ddc_dzo_03529,labeled,Romeo,1.9257941,-1.4844794,1.7647045,8.962759,11.443883,8.79784
ddc_dzo_03547,labeled,Thinley,-8.390461,0.8927729,-0.16661215,10.249747,6.080583,11.236065
ddc_dzo_03542,labeled,Romeo,2.1641178,-0.9130453,-0.9311838,9.7349,11.830124,7.465281
ddc_dzo_03517,labeled,Romeo,2.178716,-1.2054659,0.71073925,9.653773,10.764119,7.0250087
ddc_dzo_03525,labeled,Romeo,0.9173837,-0.9308867,0.5692894,10.415419,10.646071,8.052319
ddc_dzo_03527,labeled,Romeo,2.0193741,-2.4458187,0.29043698,10.827759,11.770898,8.420947
ddc_dzo_03538,labeled,Dorji,-2.9845548,6.924488,-0.26876998,11.203442,9.534283,7.123093
ddc_dzo_03514,labeled,Romeo,0.4583609,-0.8447055,0.9564355,10.217904,9.883047,9.832135
ddc_dzo_03563,labeled,Romeo,1.2568626,-0.3391893,0.28548408,11.328106,10.191702,9.277656
ddc_dzo_03579,labeled,Romeo,0.6540123,-1.2900409,0.26221645,9.266621,10.197499,8.433415
ddc_dzo_03565,labeled,Romeo,2.330572,-1.091629,0.1587852,9.472093,10.829275,7.189372
ddc_dzo_03571,labeled,Romeo,0.4103217,-0.12722442,0.70352554,11.916442,10.816841,9.356736
ddc_dzo_03590,labeled,Romeo,1.3839929,-0.06203246,1.9031434,11.188722,10.626988,9.166806
ddc_dzo_03573,labeled,Namgay,-2.9506912,1.2300489,-8.24784,12.735857,4.865993,5.4875803
ddc_dzo_03560,labeled,Thinley,-8.198996,-1.0861796,1.0283056,10.268495,4.5448575,9.696619
ddc_dzo_03572,labeled,Thinley,-8.62912,-0.21871376,-0.3823688,10.648744,4.980343,9.761423
ddc_dzo_03588,labeled,Thinley,-9.122592,-1.7108353,0.28966373,10.05936,4.9928594,10.819719
ddc_dzo_03559,labeled,Romeo,1.1606038,-1.1849773,0.089224756,9.227086,10.431384,7.8760285
ddc_dzo_03556,labeled,Dorji,0.44338572,8.940127,0.44413948,13.606979,8.535163,7.348685
ddc_dzo_03555,labeled,Nima,-0.1964817,0.9627036,-1.1662351,10.171654,12.038782,8.426216
ddc_dzo_03568,labeled,Romeo,1.4638033,-1.6372036,0.33817828,10.1956,11.916713,10.261378
ddc_dzo_03576,labeled,Thinley,-10.618706,-1.4540212,0.6521144,9.496842,4.106502,9.942376
ddc_dzo_03561,labeled,Romeo,2.2105875,0.6639756,0.26844466,9.455932,10.253822,7.922051
ddc_dzo_03558,labeled,Romeo,2.1021595,-2.0566955,-0.14072347,11.936588,11.304387,8.84345
ddc_dzo_03609,labeled,Romeo,1.8331524,-1.0436695,0.91842294,10.510641,11.38829,8.046207
ddc_dzo_03618,labeled,Dorji,0.59470224,6.899827,0.037661076,13.228848,8.907556,7.3469615
ddc_dzo_03611,labeled,Romeo,3.345766,-0.9492245,1.4917586,12.319093,10.85336,9.6445875
ddc_dzo_03607,labeled,Romeo,2.5080326,1.0210203,2.3028388,10.718678,11.024415,8.57857
ddc_dzo_03593,labeled,Romeo,1.4286153,1.3355535,1.7224586,12.243776,10.317438,9.724223
ddc_dzo_03605,labeled,Romeo,1.7361276,-1.3768661,0.77408147,9.037881,11.711728,9.628534
ddc_dzo_03616,labeled,Namgay,-2.1284566,1.109755,-4.128595,11.343057,10.450525,6.4911017
ddc_dzo_03630,labeled,Thinley,-9.226157,-2.2522922,1.9712422,9.311926,4.745515,10.812727
ddc_dzo_03608,labeled,Romeo,1.2117078,-1.0983481,-0.22086328,8.663641,11.018969,9.287587
ddc_dzo_03600,labeled,Thinley,-7.234873,-0.34430218,0.6061709,10.053973,5.5582047,11.408573
ddc_dzo_03623,labeled,Romeo,0.6633229,-0.21073246,0.40405035,11.7082205,11.00871,9.587914
ddc_dzo_03601,labeled,Romeo,1.9072685,1.1464957,1.0281522,9.79173,11.82127,10.173343
ddc_dzo_03614,labeled,Thinley,-9.388276,-1.5742218,0.038005233,9.638355,4.994813,9.791911
ddc_dzo_03602,labeled,Thinley,-9.101965,-1.6565686,1.4603837,10.637815,5.329954,10.126587
ddc_dzo_03599,labeled,Thinley,-7.3354325,-0.6088482,0.8651004,10.450135,6.206126,10.974745
ddc_dzo_03592,labeled,Thinley,-7.9174805,-1.0092624,-1.3683233,9.93598,4.57985,10.408953
ddc_dzo_03629,labeled,Romeo,1.5423298,-1.0998148,0.89087534,11.411414,10.060782,9.2688675
ddc_dzo_03640,labeled,Romeo,2.124474,-2.9540577,1.2620664,12.287405,10.903372,9.571422
ddc_dzo_03648,labeled,Romeo,3.29938,-1.0406487,-0.64203763,10.538721,10.8898325,7.014665
ddc_dzo_03644,labeled,Romeo,1.9827807,-1.4336643,0.6866226,11.533049,11.611132,9.284661
ddc_dzo_03639,labeled,Thinley,-8.632611,-1.4357997,0.34336263,10.2893505,4.944493,9.460536
ddc_dzo_03651,labeled,Thinley,-7.1557283,-1.23842,1.0349851,10.436208,6.1198816,10.485178
ddc_dzo_03664,labeled,Romeo,1.5664563,-1.881218,-3.8130732,10.1813,10.901727,11.24947
ddc_dzo_03631,labeled,Romeo,-0.12743211,-0.83843744,0.006860763,9.907979,12.304016,8.595532
ddc_dzo_03646,labeled,Dorji,-1.0062604,8.375196,0.1173197,13.491215,8.378826,6.7260184
ddc_dzo_03655,labeled,Romeo,2.446536,0.5092759,-0.3194735,11.627269,11.794774,9.617476
ddc_dzo_03642,labeled,Thinley,-12.133941,-1.5536914,1.5317581,10.086828,4.1674376,9.473106
ddc_dzo_03657,labeled,Thinley,-7.6299696,-1.2010722,-0.20457625,9.501684,4.744774,9.882502
ddc_dzo_03641,labeled,Namgay,-1.8557339,0.43489194,-12.303734,-5.2953014,5.8879046,9.064158
ddc_dzo_03637,labeled,Dorji,-2.062927,6.0111694,0.8822503,13.504218,8.80148,7.905224
ddc_dzo_03633,labeled,Thinley,-6.503322,0.42188835,-0.25673854,10.335553,4.667986,9.350625
ddc_dzo_03653,labeled,Romeo,0.88981724,0.18420848,-1.8514471,11.11439,11.572203,8.950249
ddc_dzo_03668,labeled,Romeo,1.2185636,0.009625673,0.6514685,11.900358,10.663052,8.005673
ddc_dzo_03654,labeled,Romeo,1.8969971,0.23918906,-0.43194056,12.261643,10.47566,9.685762
ddc_dzo_03649,labeled,Romeo,3.0168943,0.08055091,1.1265199,8.441662,10.894995,9.938655
ddc_dzo_03680,labeled,Dorji,0.29077658,9.318652,0.3038652,13.529125,8.438789,6.331393
ddc_dzo_03689,labeled,Romeo,2.5261507,-1.9271792,0.114106536,11.009697,11.296355,7.68301
ddc_dzo_03703,labeled,Romeo,2.119605,-0.504205,0.2868772,9.422029,11.902772,8.379685
ddc_dzo_03704,labeled,Romeo,2.473824,-0.6616061,0.17022157,11.489978,11.988282,8.856666
ddc_dzo_03684,labeled,Romeo,1.7988791,-0.52134913,1.5653791,11.069312,10.801462,9.056518
ddc_dzo_03679,labeled,Romeo,2.9893508,-0.93135226,0.68991375,9.239716,11.799018,10.22323
ddc_dzo_03670,labeled,Namgay,-1.0363381,0.96607924,-4.7443814,9.897578,11.088638,11.217297
ddc_dzo_03708,labeled,Namgay,-1.8657222,1.0717571,-12.284904,-4.870046,5.431416,8.620548
ddc_dzo_03694,labeled,Thinley,-8.567179,-1.4146041,2.4300165,10.649032,5.0775657,9.897366
ddc_dzo_03681,labeled,Thinley,-7.0917497,-1.3673873,0.0079033375,9.337689,5.5168285,10.290426
ddc_dzo_03707,labeled,Thinley,-8.79745,-0.13913536,0.5265498,10.587645,6.0052595,10.708713
ddc_dzo_03696,labeled,Romeo,1.1469586,0.19511414,-0.37960798,9.802204,10.826747,9.632217
ddc_dzo_03686,labeled,Thinley,-11.183781,-0.44058323,1.6277283,9.254761,4.678629,10.904943
ddc_dzo_03676,labeled,Dorji,0.5114318,6.0543857,0.012044728,13.364162,8.159364,6.9224057
ddc_dzo_03675,labeled,Romeo,0.9542041,0.06604743,-2.0057597,12.023127,11.35357,8.651045
ddc_dzo_03737,labeled,Romeo,2.095344,-1.7517523,1.8475239,11.804652,10.944321,9.260395
ddc_dzo_03735,labeled,Romeo,1.0429603,-1.8973254,0.08771443,8.805424,10.437753,8.014595
ddc_dzo_03711,labeled,Romeo,2.903725,-1.4821084,-0.015406013,9.355951,11.315183,8.891012
ddc_dzo_01953,labeled,Romeo,3.0894659,-0.1556958,1.1700326,9.792017,10.867977,8.684802
ddc_dzo_03731,labeled,Namgay,-3.622344,0.6227352,-14.286583,12.96856,4.7779155,5.557963
ddc_dzo_03748,labeled,Romeo,2.8573513,-0.38773257,0.7474325,9.784589,12.101605,7.6792164
ddc_dzo_03726,labeled,Dorji,0.54481214,6.2890983,-0.45985937,13.398397,8.928809,6.2945104
ddc_dzo_03740,labeled,Thinley,-9.390191,-1.131754,1.0258645,9.999664,4.727057,10.283527
ddc_dzo_03744,labeled,Romeo,3.0843744,-0.5625791,1.5232348,10.637405,11.22682,7.539303
ddc_dzo_03743,labeled,Romeo,1.4253559,-0.20387316,0.2521813,10.938244,10.891879,8.509523
ddc_dzo_03733,labeled,Romeo,2.37949,-1.1903197,-0.46785152,11.273733,11.959712,9.779953
ddc_dzo_03714,labeled,Romeo,2.8924546,1.5822203,-0.3162368,11.9787655,11.398973,8.4724245
ddc_dzo_03738,labeled,Romeo,1.1932831,-0.42193842,0.9230051,10.054365,11.338085,6.954452
ddc_dzo_03750,labeled,Romeo,-1.6048164,-1.0074806,0.5862806,10.803989,10.795008,10.319941
ddc_dzo_03727,labeled,Romeo,2.652215,-0.6242902,-0.5836709,10.771366,12.246588,8.003853
ddc_dzo_03742,labeled,Romeo,3.7165189,-1.0350897,-0.030644417,9.856126,11.447148,7.1970954
ddc_dzo_03773,labeled,Romeo,1.1674644,-0.33599648,0.9731716,11.822058,11.11658,8.787042
ddc_dzo_03784,labeled,Romeo,0.6904824,-1.9469165,0.82476187,9.323415,10.683729,9.302683
ddc_dzo_03783,labeled,Romeo,2.5211766,-0.644456,0.39905035,8.999876,11.902224,7.0882025
ddc_dzo_04634,labeled,Romeo,0.9274213,-1.4002631,0.50857687,10.852179,10.44789,10.67875
ddc_dzo_03772,labeled,Dorji,-0.4704709,10.089777,-0.37170196,13.408381,8.869117,6.4374814
ddc_dzo_03771,labeled,Romeo,2.8921032,-0.66129005,0.15050745,12.08457,10.433617,10.536692
ddc_dzo_03787,labeled,Romeo,3.181399,0.12704897,0.95255876,10.26335,12.344139,7.8480973
ddc_dzo_03791,labeled,Romeo,0.40469027,1.1799493,0.2114687,12.208608,10.85263,9.550409
ddc_dzo_03765,labeled,Romeo,1.8551633,-1.1891065,-1.437381,9.094701,11.431835,9.203191
ddc_dzo_03769,labeled,Romeo,2.6793323,0.17765892,0.66350317,11.73323,11.199343,10.299349
ddc_dzo_03754,labeled,Thinley,-8.521789,-1.6811144,0.99023557,9.768835,4.867612,10.054334
ddc_dzo_03751,labeled,Romeo,1.4358367,-2.0007663,1.1352044,9.641076,11.256655,9.666558
ddc_dzo_03777,labeled,Romeo,3.1898901,-0.93665326,0.24627876,10.512809,10.98804,10.649722
ddc_dzo_03767,labeled,Thinley,-9.461636,-1.7131119,-0.3725072,10.493102,5.1757903,9.735826
ddc_dzo_03774,labeled,Romeo,0.24509975,-2.0867996,-0.06566906,10.17876,10.755998,11.196648
ddc_dzo_03794,labeled,Romeo,1.6416321,0.14928317,-0.841449,11.658686,11.7540865,8.7613735
ddc_dzo_03818,labeled,Romeo,0.52338886,-0.73839545,-0.4851141,10.617453,11.449529,7.197159
ddc_dzo_03799,labeled,Romeo,1.5688447,-1.0569341,-0.14588046,10.614507,10.62388,10.795552
ddc_dzo_03823,labeled,Romeo,1.1679188,-0.49269867,-0.17822123,11.750224,10.816068,10.780645
ddc_dzo_03802,labeled,Romeo,1.6262413,0.63737804,-0.6201802,11.712835,10.639976,9.063865
ddc_dzo_03807,labeled,Thinley,-8.687315,-1.9019063,0.56707764,9.854096,4.6041126,10.030398
ddc_dzo_03817,labeled,Romeo,1.9306303,-2.0218809,0.45456147,9.878821,11.820192,10.229967
ddc_dzo_03806,labeled,Namgay,-0.25604153,-0.0022537708,-13.204223,-4.847794,5.463426,8.631579
ddc_dzo_03819,labeled,Romeo,2.1058455,-1.1029055,0.5486258,9.360261,11.644885,8.639807
ddc_dzo_03812,labeled,Thinley,-7.0498047,-0.9810691,0.60871387,10.374427,4.8566127,9.643437
ddc_dzo_03825,labeled,Romeo,2.6607192,-0.19715548,1.5467788,11.422499,9.92139,7.8796444
ddc_dzo_03821,labeled,Thinley,-7.8927064,-1.4693204,0.44141412,10.179833,4.551586,10.564882
ddc_dzo_03822,labeled,Thinley,-9.650763,-0.5655644,0.28026414,10.212643,4.282093,9.454326
ddc_dzo_03820,labeled,Dorji,0.6598873,8.275516,0.52232504,13.694011,8.918335,6.6843033
ddc_dzo_03816,labeled,Dorji,0.8758766,9.21262,1.8406659,13.379661,8.7919655,7.3653455
ddc_dzo_03803,labeled,Dorji,-1.1084013,7.9582343,0.984673,13.584457,8.895868,7.742929
ddc_dzo_03792,labeled,Romeo,2.3278656,-0.9343579,0.08390099,10.0032215,11.645181,8.012338
ddc_dzo_03796,labeled,Thinley,-10.114666,-1.3995928,0.9205638,10.26778,4.777809,10.782601
ddc_dzo_03858,labeled,Romeo,3.1462252,-1.3648503,-0.47991776,9.517569,10.5321,10.309526
ddc_dzo_03832,labeled,Romeo,3.2191396,-0.65153885,-0.08595276,11.525703,11.107938,10.363738
ddc_dzo_03845,labeled,Romeo,2.7817345,-0.6576824,-0.48952794,10.161972,11.584717,10.110053
ddc_dzo_07170,labeled,Dorji,-0.78231,4.3028207,0.6353159,13.376787,8.446308,6.5500646
ddc_dzo_03843,labeled,Romeo,2.0172856,-2.2272108,0.7713722,9.635437,11.3885975,8.858913
ddc_dzo_03857,labeled,Romeo,3.110313,0.9554715,-1.2763853,10.200774,11.094118,11.658286
ddc_dzo_03855,labeled,Romeo,2.021113,-1.3250923,0.18302369,8.873527,11.613876,10.022136
ddc_dzo_03836,labeled,Romeo,2.423492,-1.1058471,-0.20640866,11.000903,11.359709,9.780131
ddc_dzo_03833,labeled,Thinley,-8.447971,-1.21893,0.30792028,10.150846,5.7856274,10.46912
ddc_dzo_03865,labeled,Romeo,3.0617976,-0.8365183,0.53485245,11.706394,10.553775,9.457054
ddc_dzo_03838,labeled,Romeo,3.0791914,-2.3876371,0.7393528,8.668077,11.735123,9.562109
ddc_dzo_03831,labeled,Thinley,-9.531109,-1.4604688,0.7368481,9.826901,4.7537184,10.144927
ddc_dzo_03839,labeled,Namgay,-1.3367023,-0.06393528,-10.8885975,13.324545,4.9537654,5.6908407
ddc_dzo_03848,labeled,Dorji,0.16299939,4.7920113,0.02755022,12.456336,10.744338,10.20174
ddc_dzo_03864,labeled,Thinley,-8.395497,-1.5631053,-0.9049359,10.344722,4.761209,9.673721
ddc_dzo_03859,labeled,Romeo,2.1727052,-1.4772267,0.47680843,11.769039,11.251715,8.58225
ddc_dzo_03860,labeled,Romeo,0.82325315,-1.0040563,-0.22669256,11.640013,11.508743,8.123231
ddc_dzo_03891,labeled,Romeo,0.7786066,-1.3450688,0.7625475,9.994415,9.930559,10.882231
ddc_dzo_03890,labeled,Romeo,1.7229874,-0.8397807,0.6340777,9.861219,12.368377,9.02827
ddc_dzo_03901,labeled,Romeo,-0.033076882,-1.9031186,0.35315287,9.409948,11.011832,10.518141
ddc_dzo_03875,labeled,Namgay,-2.5018344,1.1013926,-11.81745,-5.231202,5.6242976,8.518571
ddc_dzo_03877,labeled,Thinley,-10.383861,-2.073848,1.8263707,10.118229,4.6982937,10.87502
ddc_dzo_03876,labeled,Thinley,-6.503539,-0.27001762,0.18690777,10.035161,6.375883,10.88961
ddc_dzo_03898,labeled,Romeo,3.1264462,-0.56218505,0.68645,10.598925,10.484091,7.8958282
ddc_dzo_03895,labeled,Romeo,1.2310874,-0.98702264,0.26829004,12.036433,11.324696,10.679489
ddc_dzo_03878,labeled,Dorji,0.6552447,4.171118,-0.049008876,10.830441,10.209131,6.799054
ddc_dzo_03870,labeled,Romeo,2.729961,-1.3256457,0.61593056,8.868388,12.115967,8.0803
ddc_dzo_03892,labeled,Dorji,-0.48283935,5.871042,1.2567463,13.505971,8.770768,7.95035
ddc_dzo_03893,labeled,Thinley,-8.880929,-2.0894823,-0.027792156,9.4447975,5.511664,10.16656
ddc_dzo_03873,labeled,Romeo,2.8917005,1.4551597,2.0751386,12.296358,10.864709,10.482105
ddc_dzo_03889,labeled,Romeo,0.84480596,-0.7200871,0.46371913,11.836198,11.321105,9.198179
ddc_dzo_03902,labeled,Romeo,1.4936192,0.18481293,-0.37928438,12.503143,10.899903,10.57779
ddc_dzo_03925,labeled,Romeo,2.85882,0.23451495,-0.06735754,11.988434,11.089665,9.57312
ddc_dzo_03917,labeled,Romeo,0.87136596,-0.5451884,0.12561822,10.622047,11.227241,10.897508
ddc_dzo_03912,labeled,Thinley,-9.440166,-1.0063236,0.25455165,10.065844,4.9567957,10.112702
ddc_dzo_03926,labeled,Thinley,-8.2398615,0.1442827,1.4166672,10.315306,5.0388694,9.964286
ddc_dzo_03920,labeled,Dorji,-0.3836441,6.3575945,1.895745,13.21011,9.369658,7.8579855
ddc_dzo_03935,labeled,Thinley,-6.574628,-0.7223129,0.42205477,10.262069,9.59253,10.01203
ddc_dzo_03908,labeled,Romeo,3.175659,-0.5333924,0.81588197,10.779081,10.719414,8.3234005
ddc_dzo_03923,labeled,Romeo,0.3375473,-0.63477826,0.61997366,11.830998,10.948454,11.028254
ddc_dzo_03927,labeled,Romeo,2.189897,-1.996831,-1.0229542,8.978467,12.381989,7.864323
ddc_dzo_03915,labeled,Namgay,-5.121079,-0.76572704,-6.118311,12.4420395,5.555677,5.824352
ddc_dzo_03916,labeled,Dorji,-1.4064813,7.732554,-0.31972933,13.306833,8.73162,6.5555167
ddc_dzo_03929,labeled,Dorji,-1.8396802,9.05355,-0.04570341,13.682752,8.8797035,7.616333
ddc_dzo_03913,labeled,Romeo,1.4625068,0.2568996,0.22001314,9.344494,11.3683405,8.803273
ddc_dzo_00152,labeled,Romeo,1.3930316,-2.4871576,0.6743783,9.227221,10.81436,10.171422
ddc_dzo_03947,labeled,Romeo,3.4424276,-1.0058602,1.347677,10.294354,11.09486,6.9900846
ddc_dzo_03954,labeled,Romeo,2.8017347,-0.25311565,-0.17945766,8.446088,11.119668,9.422052
ddc_dzo_03979,labeled,Romeo,1.2985545,1.8580558,0.28998375,12.202155,10.788779,10.831703
ddc_dzo_03958,labeled,Romeo,2.6632228,-0.22498298,-0.69051075,9.482184,10.123761,10.522571
ddc_dzo_03963,labeled,Romeo,3.107608,-0.42541075,-1.2325425,9.476345,10.7191,10.907817
ddc_dzo_03965,labeled,Thinley,-7.9497476,-1.1083441,0.5697782,10.244777,4.7428102,9.5364
ddc_dzo_03957,labeled,Romeo,3.2092385,-0.73343515,0.14417267,9.978538,12.384527,9.517976
ddc_dzo_03943,labeled,Thinley,-8.362997,0.04321432,0.814445,10.769188,5.065918,9.827708
ddc_dzo_03950,labeled,Romeo,2.4615479,-0.69998276,0.82291454,10.494093,12.148275,8.729712
ddc_dzo_03960,labeled,Romeo,1.5209738,0.4393823,0.3390614,10.431145,10.214651,8.615478
ddc_dzo_03951,labeled,Thinley,-8.541392,-2.237801,0.07281256,9.676874,5.236836,11.245995
ddc_dzo_03980,labeled,Romeo,2.3820293,-0.43772852,0.41883707,11.145658,11.702316,8.516329
ddc_dzo_03968,labeled,Romeo,2.1704106,-0.08514388,0.5415516,10.267205,11.2930355,8.786475
ddc_dzo_03972,labeled,Dorji,-1.0226669,7.619871,-1.4446803,13.35859,8.331051,7.1339
ddc_dzo_03962,labeled,Romeo,1.3954291,-0.43077826,-1.1746308,11.741929,11.701102,8.790844
ddc_dzo_03981,labeled,Romeo,1.9253685,-0.57009506,-0.1399332,9.213641,11.67442,10.08544
ddc_dzo_04003,labeled,Dorji,-1.7244806,7.665282,0.8868479,12.267057,10.295645,9.22416
ddc_dzo_03991,labeled,Romeo,0.8961116,0.5051561,-0.053939283,10.871364,9.826547,7.315261
ddc_dzo_03996,labeled,Romeo,2.9508162,-0.051522613,-0.8585116,9.540359,12.074356,8.873026
ddc_dzo_03997,labeled,Romeo,1.3331995,0.5036259,0.4083035,11.825905,11.06272,10.969255
ddc_dzo_04005,labeled,Romeo,2.819274,-0.858171,-0.022177696,12.083505,11.091857,10.7120495
ddc_dzo_03987,labeled,Romeo,2.0173416,-1.525579,0.6456895,9.097219,11.213748,10.06625
ddc_dzo_04009,labeled,Romeo,2.8939734,1.0051162,-0.21023464,11.614593,10.873976,10.289558
ddc_dzo_03990,labeled,Dorji,-3.3838944,7.2805614,0.462453,13.723568,8.701771,6.525159
ddc_dzo_03999,labeled,Dorji,-0.9116063,9.457909,1.5666925,13.679134,8.417549,6.3536124
ddc_dzo_03983,labeled,Romeo,1.337168,-1.4114344,-1.0044076,11.586704,10.902682,9.30695
ddc_dzo_03986,labeled,Romeo,2.3151152,-1.7339149,-2.3844643,12.097273,11.227004,10.776337
ddc_dzo_03988,labeled,Thinley,-6.86258,-1.194562,-0.6728188,9.190476,5.5625076,10.835088
ddc_dzo_03994,labeled,Dorji,0.20880425,5.5500364,0.69668293,13.486189,8.587418,7.57793
ddc_dzo_04008,labeled,Thinley,-8.3039255,-2.459631,-3.9079654,8.9649935,4.7030616,10.195019
ddc_dzo_04006,labeled,Romeo,2.3082232,-1.4520043,0.7795093,12.062232,10.849032,9.972817
ddc_dzo_04000,labeled,Romeo,2.2911682,-0.6039164,-0.16690731,10.11542,11.429989,11.055797
ddc_dzo_04034,labeled,Dorji,-0.86599,10.245973,0.74947065,13.497166,8.769369,6.327252
ddc_dzo_04056,labeled,Romeo,-0.83775425,-2.2607796,-0.6102073,8.52862,11.432401,9.435776
ddc_dzo_04061,labeled,Thinley,-8.141686,-0.33964574,0.747059,9.344234,5.063814,10.004066
ddc_dzo_04043,labeled,Romeo,2.6607897,-2.1355891,0.72820807,8.640213,10.664705,8.81855
ddc_dzo_04045,labeled,Romeo,0.7696177,-1.9673694,1.3902266,9.839382,12.645384,9.017173
ddc_dzo_04039,labeled,Romeo,2.808184,-1.3647503,-0.34903324,9.180257,11.794492,7.664293
ddc_dzo_04033,labeled,Romeo,2.1056147,-1.381518,1.309056,10.621564,12.467121,9.335602
ddc_dzo_04059,labeled,Thinley,-9.095756,1.2816802,0.68936896,9.683509,4.8954544,10.376272
ddc_dzo_04049,labeled,Romeo,2.5592513,-0.2891143,1.3426586,9.314303,12.284446,9.0448065
ddc_dzo_04060,labeled,Romeo,0.6075101,-1.3690032,0.318635,8.559375,11.216949,9.375125
ddc_dzo_04038,labeled,Romeo,3.0184958,-1.7581096,0.2812922,10.768314,11.6311865,9.232161
ddc_dzo_04041,labeled,Dorji,1.3790004,6.8921866,1.7000716,13.21445,9.32111,7.9206514
ddc_dzo_04051,labeled,Romeo,1.3855338,-0.103065,-0.3428192,11.577228,11.770423,9.21229
ddc_dzo_04076,labeled,Romeo,2.3372579,0.8753999,0.48528075,11.643951,10.383878,10.349227
ddc_dzo_04080,labeled,Romeo,2.5142772,-1.7991259,1.1259205,10.896419,10.300077,8.274182
ddc_dzo_04075,labeled,Romeo,1.5104957,0.40174717,0.08366269,12.086616,10.317278,9.243781
ddc_dzo_04086,labeled,Romeo,2.2638128,-1.4006438,0.12066276,10.778252,10.464857,7.8319283
ddc_dzo_04079,labeled,Romeo,3.135828,0.863796,-1.0626776,9.776901,10.124321,7.5548396
ddc_dzo_04069,labeled,Romeo,2.2354496,-1.68636,-0.3089919,10.871169,10.895145,7.94775
ddc_dzo_04082,labeled,Romeo,1.8177361,-1.7503986,1.2819424,9.975432,10.502523,7.114921
ddc_dzo_04084,labeled,Thinley,-6.5756235,-1.002902,0.6507757,10.582932,5.923233,10.713711
ddc_dzo_04088,labeled,Romeo,2.5023062,-0.7595005,-0.42340755,11.11081,11.63721,9.626526
ddc_dzo_04095,labeled,Romeo,1.8939624,-0.845967,0.31610322,9.332351,11.632733,9.120031
ddc_dzo_04067,labeled,Thinley,-9.639662,-1.7574215,1.9986022,9.185311,4.704992,10.824924
ddc_dzo_04077,labeled,Thinley,-8.140293,-2.877688,-0.26130867,10.104555,5.0142717,10.714541
ddc_dzo_04092,labeled,Romeo,1.7360196,-0.36278868,0.14884162,9.598137,11.57585,10.528115
ddc_dzo_04094,labeled,Romeo,2.768193,-1.2197018,-0.11929989,8.685401,11.734864,8.75811
ddc_dzo_04121,labeled,Dorji,0.20857024,6.645481,1.4909159,12.944644,9.156839,7.7116013
ddc_dzo_04134,labeled,Thinley,-9.186311,-1.3629022,1.3882339,9.59611,5.0449624,10.322645
ddc_dzo_04115,labeled,Romeo,1.6037433,-0.64905155,0.7862797,12.244238,10.771084,8.429732
ddc_dzo_04119,labeled,Romeo,0.1337831,-1.0151815,1.9929775,12.138878,10.866751,9.149101
ddc_dzo_05951,labeled,Romeo,1.8436232,-0.6155777,-0.55194306,8.784286,10.421501,8.770941
ddc_dzo_04107,labeled,Romeo,2.9644594,-1.1199708,-0.05608034,9.6044035,12.282919,7.1722345
ddc_dzo_04129,labeled,Namgay,-0.111754894,-1.4689775,-11.361773,12.564301,4.932727,5.2022862
ddc_dzo_04103,labeled,Thinley,-7.210948,-1.6892725,1.2132714,10.034121,5.3082857,9.525188
ddc_dzo_04108,labeled,Romeo,-0.055546165,-0.8243453,0.74605656,11.860658,9.874925,8.803731
ddc_dzo_04122,labeled,Romeo,2.8084335,0.30963507,0.73195213,10.135774,11.3138895,9.33706
ddc_dzo_04109,labeled,Romeo,1.9974663,-1.2045994,-2.542975,11.607724,11.591977,8.436152
ddc_dzo_04100,labeled,Romeo,1.0883604,-2.2627406,-0.29984212,10.240803,12.164317,8.318724
ddc_dzo_04138,labeled,Thinley,-8.644009,-0.4428482,0.527071,10.187128,5.763267,11.366861
ddc_dzo_04130,labeled,Romeo,1.5925199,0.28362322,0.54061174,10.410352,11.158397,10.800459
ddc_dzo_05775,labeled,Romeo,1.9860489,0.722041,-0.22934008,9.878831,11.910743,6.8589196
ddc_dzo_04154,labeled,Romeo,3.1629825,-1.2113118,0.8798891,9.973276,9.807444,8.647381
ddc_dzo_04141,labeled,Romeo,0.581851,0.90891457,0.3239355,8.811791,12.433923,8.593691
ddc_dzo_04139,labeled,Romeo,0.50691926,-1.2315961,0.096128225,9.913852,9.7832985,7.1306663
ddc_dzo_04152,labeled,Romeo,2.1704254,-0.24872494,0.8263482,10.770591,11.177427,9.246857
ddc_dzo_04168,labeled,Romeo,1.3262334,-1.5991683,0.08406496,11.4996605,11.575705,10.463069
ddc_dzo_04149,labeled,Thinley,-11.12632,-1.3887751,2.3276696,10.051753,5.6275706,11.413786
ddc_dzo_04167,labeled,Thinley,-9.843319,-2.0627978,0.9158211,10.729875,5.6394377,10.380588
ddc_dzo_04165,labeled,Romeo,1.4724447,-1.437787,-0.3421334,9.862492,10.2372465,8.408019
ddc_dzo_04156,labeled,Romeo,1.8414606,-1.9489474,1.8841305,8.706896,10.956738,10.034376
ddc_dzo_04143,labeled,Romeo,2.2441711,-1.9744952,-0.4204347,11.012146,10.415115,7.392629
ddc_dzo_04164,labeled,Thinley,-10.235003,-1.425398,0.886908,9.906943,4.939201,9.378894
ddc_dzo_04140,labeled,Romeo,2.1640058,2.709063,-0.49671698,11.701301,10.550989,8.414453
ddc_dzo_04147,labeled,Romeo,1.0235537,-1.623481,-0.42188993,8.794956,11.693246,9.3632
ddc_dzo_04155,labeled,Dorji,-1.8986592,3.758708,0.10598394,12.298758,11.079094,9.328806
ddc_dzo_04144,labeled,Romeo,1.6327732,-0.70162296,-1.0825884,9.940258,10.651192,10.184998
ddc_dzo_04142,labeled,Romeo,2.4615355,-0.3989364,1.1859598,9.015478,10.927642,9.734975
ddc_dzo_09245,labeled,Romeo,3.792039,0.70095086,0.9586165,8.521632,11.243187,8.911275
ddc_dzo_04190,labeled,Romeo,2.8773804,-2.1983693,0.99471426,10.416563,10.861304,10.557678
ddc_dzo_04186,labeled,Romeo,3.3798323,-1.7851942,0.17516685,8.792716,11.996259,9.510997
ddc_dzo_04198,labeled,Romeo,2.810234,1.4428115,2.1162033,9.331625,11.287081,8.50074
ddc_dzo_04210,labeled,Thinley,-7.533112,-1.6200392,-0.14357117,9.685879,5.1454864,9.723032
ddc_dzo_04204,labeled,Romeo,1.2902002,-1.0413198,-1.0957038,8.734001,11.979757,8.733202
ddc_dzo_04199,labeled,Thinley,-12.272071,-2.5406864,1.9724264,10.171526,4.568379,10.301469
ddc_dzo_04184,labeled,Dorji,-0.46313763,6.506177,1.7188935,9.918816,10.594717,8.021417
ddc_dzo_04191,labeled,Romeo,-0.29488277,-0.7135575,-0.9326112,11.598461,10.842364,7.9271083
ddc_dzo_04212,labeled,Romeo,2.7241309,-0.7813711,-1.2364868,10.895863,10.786813,6.8465157
ddc_dzo_04194,labeled,Dorji,-1.8946133,8.962553,1.7844057,13.437112,8.610902,7.637388
ddc_dzo_04178,labeled,Thinley,-7.629137,-1.8320642,-0.22873932,10.404182,5.017377,9.793443
ddc_dzo_04189,labeled,Namgay,-3.4238038,1.2798431,-5.28316,12.858617,6.575641,6.200774
ddc_dzo_04180,labeled,Thinley,-9.488539,-1.0303016,0.97478116,9.499425,5.600478,10.400597
ddc_dzo_04201,labeled,Romeo,2.7580984,-1.98414,-0.63719845,9.935522,12.339547,7.0849166
ddc_dzo_04187,labeled,Thinley,-7.9827495,-2.0440063,0.18401913,10.269095,5.155952,9.837275
ddc_dzo_04182,labeled,Romeo,0.70832324,-1.329161,0.9791353,11.626276,11.123718,9.46409
ddc_dzo_00104,labeled,Romeo,1.4916179,-2.671991,0.16638327,8.753139,11.3561735,9.376333
ddc_dzo_04232,labeled,Thinley,-7.514193,-1.2780837,-0.67624974,10.7069235,5.866675,10.048436
ddc_dzo_04253,labeled,Romeo,2.038296,-1.6842551,-0.6134412,10.839469,11.255502,8.060432
ddc_dzo_04247,labeled,Romeo,1.9605079,-1.2487471,0.33202577,8.670755,11.85936,9.401099
ddc_dzo_04231,labeled,Romeo,1.2439499,-0.571759,-0.00864327,8.429395,11.892512,9.251146
ddc_dzo_04235,labeled,Romeo,1.89696,-0.19895947,-0.036462903,11.271242,11.78143,10.120888
ddc_dzo_04239,labeled,Romeo,1.9777176,0.26131928,1.6965469,10.531139,12.305026,9.471269
ddc_dzo_04222,labeled,Romeo,3.8857353,-2.0833378,0.75183105,9.532871,11.576684,7.5022964
ddc_dzo_04233,labeled,Thinley,-9.805372,-1.5209708,1.4334563,9.986774,4.713843,10.208493
ddc_dzo_04218,labeled,Thinley,-7.209646,-1.8863118,-0.9541764,9.272737,5.389241,10.354217
ddc_dzo_04221,labeled,Thinley,-7.693454,-1.4141368,0.61961937,9.612707,4.9558725,9.862062
ddc_dzo_04224,labeled,Thinley,-9.8543825,-0.32975614,0.7287965,10.225595,5.4394555,10.739621
ddc_dzo_04250,labeled,Romeo,3.8345203,-1.3351362,0.6818825,10.496952,11.660161,10.175193
ddc_dzo_04280,labeled,Thinley,-9.89681,-2.2966695,1.6777213,10.2560215,4.9868307,10.549234
ddc_dzo_04260,labeled,Romeo,0.3811674,-1.5664454,-0.6969247,10.055561,9.65188,10.252425
ddc_dzo_04255,labeled,Romeo,2.2568092,-0.06592977,0.5123172,10.085716,11.676997,7.8811116
ddc_dzo_04289,labeled,Romeo,1.7560099,-0.55808616,0.39977598,8.492446,11.162822,9.277575
ddc_dzo_04281,labeled,Namgay,-0.22558212,-0.0005455017,-12.163591,12.861134,4.7142467,5.44262
ddc_dzo_04276,labeled,Dorji,-1.6147854,14.083725,0.077423096,13.340433,9.31348,7.097837
ddc_dzo_04256,labeled,Romeo,4.0304575,-1.6074307,0.85629535,9.834135,11.86561,10.631894
ddc_dzo_04275,labeled,Romeo,1.8727076,0.38734138,1.3434573,12.080583,9.932314,8.550783
ddc_dzo_04267,labeled,Romeo,3.2685308,-1.4869672,-0.78983724,8.797072,11.644781,8.914527
ddc_dzo_04266,labeled,Namgay,-1.7928481,1.3524857,-9.626474,12.600559,5.5179124,5.430575
ddc_dzo_04258,labeled,Romeo,0.7220826,0.3023672,-0.17212373,9.370639,11.0346365,6.6962624
ddc_dzo_04287,labeled,Romeo,2.5843208,-1.4484055,0.13157421,9.618044,12.082688,9.623932
ddc_dzo_04277,labeled,Dorji,0.4631587,6.0793552,1.0448232,13.464717,8.922945,7.609724
ddc_dzo_04279,labeled,Romeo,2.880128,-0.7163414,0.71851635,11.196153,11.705423,8.315592
ddc_dzo_04265,labeled,Romeo,2.4921525,-1.9289039,0.7836184,9.108789,11.794018,9.938779
ddc_dzo_04290,labeled,Romeo,1.1847647,-0.2620991,0.17320871,10.767087,9.920609,9.580842
ddc_dzo_04285,labeled,Romeo,1.2893817,-0.32161784,0.8837671,11.400809,11.037992,10.532158
ddc_dzo_04273,labeled,Romeo,2.6155157,-1.1468589,1.1002196,9.085785,11.308435,8.85392
ddc_dzo_05559,labeled,Romeo,1.1315191,-2.6757107,1.6168787,10.987838,10.719337,7.8534775
ddc_dzo_04307,labeled,Romeo,2.0735242,-1.1253248,-0.12891722,11.155642,10.751118,7.610532
ddc_dzo_04306,labeled,Romeo,3.0661569,-0.5714925,-0.023842335,11.783226,11.087015,10.597509
ddc_dzo_04311,labeled,Romeo,1.7263454,-0.6185682,0.9378456,10.74837,10.087308,8.771203
ddc_dzo_04300,labeled,Romeo,0.91980505,0.8228226,0.21892786,10.19974,11.208522,10.900963
ddc_dzo_04305,labeled,Romeo,1.8471825,0.48338783,0.017332554,9.722886,10.756138,6.778671
ddc_dzo_04321,labeled,Romeo,0.3868494,-1.7767606,-0.35550773,8.671159,10.301709,10.084179
ddc_dzo_04316,labeled,Romeo,1.460772,-0.87312126,-0.032553673,11.959888,11.622594,9.313714
ddc_dzo_04327,labeled,Dorji,-0.91972506,5.757498,1.8107191,10.797536,11.3701105,8.823036
ddc_dzo_04319,labeled,Thinley,-9.515803,-1.5320456,-1.03229,10.599347,5.1508803,9.859457
ddc_dzo_04308,labeled,Romeo,3.1721601,-0.49562272,-1.1055534,9.752635,12.031036,10.312138
ddc_dzo_04292,labeled,Romeo,2.2365265,-0.44128856,1.0735292,11.418613,10.733861,8.78535
ddc_dzo_04293,labeled,Romeo,2.0057404,-0.750986,0.084243536,8.836507,11.60592,10.077959
ddc_dzo_04303,labeled,Namgay,-1.016108,1.1955125,-12.486534,-4.606169,5.3847384,8.367251
ddc_dzo_04330,labeled,Thinley,-5.919118,0.487746,1.3266735,10.588805,5.9251676,10.719357
ddc_dzo_04295,labeled,Dorji,-0.26431513,10.411326,1.645328,13.656762,8.450217,6.419209
ddc_dzo_04312,labeled,Thinley,-7.8033285,-1.0559878,-1.563442,10.318418,6.094871,10.635967
ddc_dzo_04302,labeled,Romeo,1.2555909,-0.6475301,0.24654424,9.330618,12.410917,7.86728
ddc_dzo_04318,labeled,Romeo,1.0683649,-0.26836348,0.79957485,10.563091,11.479412,10.414058
ddc_dzo_04358,labeled,Dorji,0.79568577,8.298768,-0.1658585,13.780041,8.811149,6.422592
ddc_dzo_04335,labeled,Romeo,1.9516673,0.99774206,-1.1060677,10.1286545,12.280749,8.172365
ddc_dzo_04336,labeled,Romeo,1.6717031,-0.74363613,-0.29651487,11.181144,10.495033,8.958262
ddc_dzo_04356,labeled,Romeo,3.4015393,-1.8619722,1.9688838,8.553559,11.948774,7.6066675
ddc_dzo_04348,labeled,Romeo,-1.4596518,-0.38554925,2.4041293,9.606761,5.377454,9.718839
ddc_dzo_04343,labeled,Romeo,-0.70070505,0.25552398,0.33012295,10.824935,5.386022,10.187211
ddc_dzo_04361,labeled,Romeo,2.8494442,-0.091899544,-0.062167645,10.143549,11.710509,7.6652474
ddc_dzo_04341,labeled,Dorji,-4.6539316,10.984748,0.81103855,13.760754,8.4285555,6.9994397
ddc_dzo_04352,labeled,Thinley,-7.7490215,-2.0197287,1.9489284,9.322036,5.1996865,10.237824
ddc_dzo_04362,labeled,Romeo,0.766266,-1.499996,1.9644375,10.535175,10.628291,10.22067
ddc_dzo_04344,labeled,Romeo,3.3116033,-1.9863814,1.4703734,10.617072,11.186736,7.269026
ddc_dzo_04357,labeled,Thinley,-9.792063,-1.426888,0.47659302,10.726735,5.5465384,10.388708
ddc_dzo_04334,labeled,Romeo,1.5430073,-1.3034137,0.100153685,11.225557,11.167369,8.473582
ddc_dzo_04337,labeled,Romeo,0.23883927,-1.36554,1.9420958,8.883246,11.181859,10.312582
ddc_dzo_04349,labeled,Namgay,-1.9761828,2.7783427,-12.125486,-4.8680706,5.4752984,8.628446
ddc_dzo_04364,labeled,Thinley,-10.066142,-0.76799154,0.8117504,10.073055,5.5978427,10.514977
ddc_dzo_04355,labeled,Thinley,-10.400004,-1.2687633,2.2186985,9.854613,4.181766,9.959497
ddc_dzo_04347,labeled,Romeo,2.0655298,-1.2389843,-0.6078609,9.265442,12.13478,9.551513
ddc_dzo_04399,labeled,Romeo,2.6402845,-1.7021489,0.30317461,9.993294,11.880315,7.7443547
ddc_dzo_04388,labeled,Romeo,3.168011,-0.63444215,-0.77607393,10.707399,11.371176,8.557881
ddc_dzo_04390,labeled,Romeo,0.22918224,-0.1359973,-0.9089556,11.889947,10.647601,10.686164
ddc_dzo_04389,labeled,Romeo,2.5724854,-0.27392292,0.8016434,9.318159,12.227223,7.1782036
ddc_dzo_04383,labeled,Namgay,-2.712202,-1.2274215,-11.213409,12.534342,5.0132565,5.433456
ddc_dzo_04375,labeled,Namgay,-2.1134167,1.0600729,-15.312729,12.913486,4.932467,5.537746
ddc_dzo_04382,labeled,Romeo,1.2629819,-1.2277665,0.78747404,8.976382,11.27158,8.258237
ddc_dzo_04381,labeled,Romeo,2.5965402,-0.89895463,-0.08303994,9.336217,12.256999,9.23396
ddc_dzo_04404,labeled,Romeo,2.471062,-1.420249,-0.14092922,10.304947,10.875592,11.126429
ddc_dzo_04385,labeled,Dorji,0.7050821,6.385641,0.8429138,13.097118,9.228884,6.8649235
ddc_dzo_04370,labeled,Romeo,3.1259403,-2.1615121,0.697727,9.070918,11.796122,9.034792
ddc_dzo_04402,labeled,Romeo,2.1154711,-1.0630442,0.01292944,9.762743,11.751602,10.331539
ddc_dzo_04395,labeled,Romeo,2.9502606,0.053173065,0.35003495,10.261463,11.12188,11.72342
ddc_dzo_04380,labeled,Thinley,-8.496117,-1.4379506,0.91949844,10.634644,6.1443205,10.650436
ddc_dzo_04386,labeled,Thinley,-9.649638,-1.435425,1.2063808,9.136396,5.101183,10.844076
ddc_dzo_04376,labeled,Romeo,2.0435143,-0.053254128,0.32852173,10.51176,10.244914,8.39809
ddc_dzo_04438,labeled,Dorji,-0.34616214,7.6565514,1.4773154,13.548716,8.942345,7.6756496
ddc_dzo_04418,labeled,Romeo,3.5355175,-0.8951316,-0.06679034,8.548844,11.618872,8.808555
ddc_dzo_04435,labeled,Romeo,2.6645079,-0.7704432,1.212784,10.007497,11.36462,10.171768
ddc_dzo_04413,labeled,Romeo,2.2712579,-0.99479365,-0.22716808,9.73796,10.182365,7.3364334
ddc_dzo_04421,labeled,Romeo,2.4732392,-1.0256875,0.094983816,9.495363,11.631042,10.404598
ddc_dzo_04445,labeled,Romeo,1.6736884,0.45178223,0.624478,9.222194,11.940951,10.209362
ddc_dzo_04426,labeled,Thinley,-8.662085,-1.067893,0.7679653,10.392043,6.3232217,10.66799
ddc_dzo_04431,labeled,Thinley,-8.584988,-1.9695464,0.043154955,9.155125,4.6834617,10.791463
ddc_dzo_04408,labeled,Thinley,-5.8036833,0.7656312,1.0496707,9.344671,5.0481844,10.008427
ddc_dzo_04420,labeled,Romeo,2.2752082,-0.5728352,0.894191,9.966154,10.053957,6.904111
ddc_dzo_04424,labeled,Romeo,1.734333,-2.467981,2.188299,8.709555,10.561242,8.260411
ddc_dzo_04415,labeled,Dorji,-0.45339566,4.864863,-0.21679115,13.521753,8.640626,7.4055853
ddc_dzo_04433,labeled,Thinley,-8.557808,-1.036447,0.46864724,10.281368,5.705238,10.789457
ddc_dzo_04439,labeled,Romeo,1.7850723,-0.4475559,-0.2279554,11.956433,11.438695,10.186358
ddc_dzo_04417,labeled,Romeo,3.13416,-1.3803716,-0.037674308,10.119917,12.345305,7.720059
ddc_dzo_04482,labeled,Dorji,-1.0555522,6.964403,1.2193985,13.563256,8.24084,6.9280725
ddc_dzo_04476,labeled,Romeo,1.9979914,-0.596856,-0.35361946,11.109537,10.851071,9.675137
ddc_dzo_04483,labeled,Romeo,0.42012382,-0.4670331,-1.4873079,11.792374,10.753251,9.684126
ddc_dzo_04487,labeled,Romeo,2.2330356,-2.0764866,0.40910602,10.039904,11.406989,8.597104
ddc_dzo_04474,labeled,Romeo,1.8204659,-1.098595,1.0196725,9.291816,10.001618,9.518319
ddc_dzo_04469,labeled,Romeo,3.1034591,-1.1251165,-1.2759995,9.346918,12.038829,7.4858413
ddc_dzo_04458,labeled,Romeo,3.03026,-0.86724687,0.7356405,9.10729,12.228706,7.150954
ddc_dzo_04472,labeled,Romeo,3.5420246,-0.54215074,0.89619434,8.68225,11.963409,8.9163065
ddc_dzo_04456,labeled,Thinley,-9.090224,-0.28582698,0.93728423,10.451596,5.072131,10.122895
ddc_dzo_04484,labeled,Romeo,0.6348142,-1.8811721,0.6258148,10.857905,10.592451,9.97388
ddc_dzo_04453,labeled,Romeo,3.7439039,-1.1040752,0.42057133,9.8320265,11.650338,7.3780293
ddc_dzo_04478,labeled,Dorji,0.802325,8.914508,-0.22640038,13.326091,8.906183,6.180736
ddc_dzo_04488,labeled,Namgay,-1.2205377,1.9940248,-13.725984,-4.980144,5.5168333,8.640956
ddc_dzo_04454,labeled,Thinley,-9.327477,-0.8205128,0.7674277,9.902796,5.204816,10.121031
ddc_dzo_04473,labeled,Romeo,1.4908048,-1.0159596,0.5870209,9.900601,11.029699,9.2616825
ddc_dzo_09556,labeled,Romeo,2.23506,-0.34276223,0.3379954,11.325279,11.399354,9.614366
ddc_dzo_04501,labeled,Thinley,-9.835811,-1.5083909,0.6209524,10.428975,4.7478657,9.459882
ddc_dzo_04508,labeled,Romeo,3.1871815,-1.2513118,-0.10256684,10.04523,11.0054035,10.281808
ddc_dzo_04515,labeled,Romeo,2.7894287,-1.0619026,1.1633058,12.173588,10.866254,10.861163
ddc_dzo_04526,labeled,Namgay,1.4987099,0.96813095,-2.791688,9.648801,12.102336,7.376874
ddc_dzo_04505,labeled,Thinley,-9.076721,0.7507993,1.4884608,10.589218,5.6568675,10.131769
ddc_dzo_04512,labeled,Romeo,1.2018669,0.77047443,1.4440982,9.34313,12.372349,8.988987
ddc_dzo_04521,labeled,Namgay,0.16836548,3.4369946,-9.300045,-5.052774,5.349825,8.668388
ddc_dzo_04496,labeled,Dorji,0.4575944,8.365587,0.6550298,13.23459,8.718662,7.8224854
ddc_dzo_04492,labeled,Romeo,3.173513,-0.9513464,-0.03872323,9.405701,11.891995,8.286042
ddc_dzo_04513,labeled,Romeo,1.4449852,-1.2697397,1.0851182,10.85891,10.855664,9.527991
ddc_dzo_04495,labeled,Romeo,2.3724184,-0.2907275,0.4019648,12.360732,11.193046,9.731497
ddc_dzo_04489,labeled,Romeo,3.6165535,-0.47057796,0.39350414,10.017278,11.704335,9.093016
ddc_dzo_04532,labeled,Romeo,2.558237,-0.9481224,0.73846674,12.14484,11.05727,10.682538
ddc_dzo_04546,labeled,Romeo,1.9287071,-1.3637766,1.4601417,8.911933,11.623528,9.921984
ddc_dzo_03451,labeled,Romeo,2.7560291,-0.9949949,0.41394424,9.108556,11.514586,9.420791
ddc_dzo_04562,labeled,Romeo,2.0915337,-1.719728,1.3281589,8.530956,11.469382,9.630158
ddc_dzo_04552,labeled,Romeo,3.5125217,-1.4262793,1.9622903,12.018488,10.425686,10.186917
ddc_dzo_04545,labeled,Dorji,-1.3237405,9.147294,1.763144,13.642683,8.485577,7.284925
ddc_dzo_04530,labeled,Thinley,-9.370105,-2.221825,-0.26764446,9.579056,5.63284,10.413581
ddc_dzo_04529,labeled,Romeo,2.0584133,0.182477,1.7344475,10.640298,10.135267,10.516151
ddc_dzo_04563,labeled,Romeo,0.65516436,0.5940075,0.7956514,11.464004,10.090115,7.548045
ddc_dzo_04567,labeled,Romeo,0.8469021,0.1494819,-0.9874754,12.323904,10.791867,10.078785
ddc_dzo_04537,labeled,Namgay,-2.4157977,0.6891861,-14.285795,12.560373,5.161088,5.226665
ddc_dzo_04539,labeled,Thinley,-6.6028624,-0.8855667,0.19791579,9.683525,9.246567,9.717484
ddc_dzo_04557,labeled,Romeo,3.1562338,-1.4005642,0.6720798,11.415568,10.454361,7.8233204
ddc_dzo_04565,labeled,Romeo,1.8685495,-0.39569497,0.56134856,10.321202,10.999098,9.965133
ddc_dzo_04544,labeled,Thinley,-10.4508,-0.37969184,0.335433,9.251069,4.723802,10.944627
ddc_dzo_04543,labeled,Thinley,-7.0358133,-0.719198,-1.7249124,9.25343,5.4451504,10.300045
ddc_dzo_04533,labeled,Dorji,0.3168378,6.110214,0.39066124,13.38743,8.325768,6.8394485
ddc_dzo_04542,labeled,Romeo,2.222806,-0.44966018,-0.46765757,9.397817,12.246079,7.360292
ddc_dzo_04603,labeled,Romeo,2.0167751,-1.289197,1.057548,10.643825,11.314495,7.3344073
ddc_dzo_04606,labeled,Romeo,1.654268,-1.3507884,0.73633194,11.245128,10.221249,7.8929577
ddc_dzo_04601,labeled,Dorji,-0.62081033,7.675977,1.8449883,13.461485,8.859389,6.6918774
ddc_dzo_04599,labeled,Romeo,0.9780643,-1.7289369,-0.35479236,8.865171,10.915771,7.8020363
ddc_dzo_04588,labeled,Romeo,1.1692328,-1.6967125,0.610778,9.573632,10.943695,9.68371
ddc_dzo_04572,labeled,Thinley,-4.3223724,-0.9424759,0.845304,10.727605,6.186368,10.74416
ddc_dzo_04584,labeled,Romeo,2.7165449,-0.8001416,-0.02023594,8.688399,11.757063,9.5124655
ddc_dzo_04578,labeled,Thinley,-8.291792,-0.11173391,0.59462523,9.56544,5.2040806,11.013307
ddc_dzo_04577,labeled,Thinley,-6.807151,-0.42194748,-0.16627884,9.242731,5.4613285,10.367125
ddc_dzo_04576,labeled,Romeo,1.8164856,0.01233238,0.2506609,10.067393,10.281271,7.094936
ddc_dzo_04594,labeled,Thinley,-8.228783,-0.87493,-0.8557298,9.279544,4.6649733,9.938119
ddc_dzo_04593,labeled,Romeo,2.117208,-0.9499295,-0.030249119,9.790006,11.976122,10.555493
ddc_dzo_04573,labeled,Romeo,1.0884192,-1.1427919,-0.29640317,11.678676,10.811192,9.388701
ddc_dzo_04574,labeled,Namgay,-0.33960915,1.2304281,-12.434944,13.337631,4.97534,5.6455173
ddc_dzo_04580,labeled,Thinley,-9.192664,-0.7761971,0.92736053,10.303755,5.7680387,10.917216
ddc_dzo_04581,labeled,Thinley,-5.663145,0.393888,1.4306421,10.304904,4.559644,9.663818
ddc_dzo_04591,labeled,Thinley,-7.001913,1.9306717,0.3344499,10.595783,5.492589,9.995383
ddc_dzo_04575,labeled,Romeo,3.3828413,1.1675788,0.9878473,11.943318,11.243421,10.320314
ddc_dzo_04644,labeled,Romeo,1.8530602,-0.24111414,0.7470119,12.225666,11.045052,9.138558
ddc_dzo_04642,labeled,Romeo,1.9275186,-0.79670155,1.3259726,9.649105,10.038403,8.03749
ddc_dzo_04621,labeled,Romeo,0.86335444,-1.0557504,0.24696016,10.935515,10.635075,10.719933
ddc_dzo_04607,labeled,Romeo,4.115747,-1.3289971,1.234163,10.999618,10.413877,7.291534
ddc_dzo_02984,labeled,Romeo,0.13720751,-1.6810496,0.85025764,10.183558,12.003631,8.196253
ddc_dzo_04612,labeled,Romeo,0.9539573,-1.6177479,0.74931777,8.754396,10.915811,9.526782
ddc_dzo_04628,labeled,Namgay,-1.3316565,0.3038082,-10.578709,13.00866,4.718366,5.560991
ddc_dzo_04638,labeled,Romeo,2.0601754,-0.60145926,-0.033147812,9.093785,11.513639,8.445951
ddc_dzo_04631,labeled,Namgay,-0.7218857,-0.028944016,-12.498282,12.726996,5.1019716,5.375322
ddc_dzo_04647,labeled,Namgay,-1.553493,0.5126511,-7.730406,12.51319,5.717721,5.6873493
ddc_dzo_04646,labeled,Thinley,-9.572422,-1.6552012,0.24472833,9.578066,4.2451887,9.795039
ddc_dzo_04637,labeled,Thinley,-8.349735,0.08255386,0.1144619,9.263707,5.157746,11.092937
ddc_dzo_04609,labeled,Dorji,0.4687457,7.1454287,0.5993537,13.233839,8.53508,7.6025395
ddc_dzo_04624,labeled,Romeo,2.4146354,-0.7545395,1.0014224,10.336348,10.853416,10.957188
ddc_dzo_04627,labeled,Romeo,1.8797798,1.8016642,0.7336647,9.5659485,10.420492,6.795601
ddc_dzo_04610,labeled,Namgay,-0.6564336,1.7170601,-12.245736,-4.952442,5.452937,8.652556
ddc_dzo_04611,labeled,Romeo,1.9655817,1.8007368,0.16883707,9.122161,11.623029,7.3034616
ddc_dzo_04616,labeled,Romeo,1.3690637,-1.0995901,1.1542315,11.7859955,10.286214,9.804728
ddc_dzo_04619,labeled,Romeo,0.39654383,-1.3350825,0.15517664,9.818687,10.980606,11.048113
ddc_dzo_04635,labeled,Romeo,1.333297,-1.6926665,0.8954239,9.170589,11.049666,10.103166
ddc_dzo_04682,labeled,Dorji,-1.6505216,7.414072,0.39700496,13.188076,9.177848,6.3461266
ddc_dzo_04666,labeled,Romeo,2.157921,-0.43525064,-0.5324226,10.315645,12.063031,9.33128
ddc_dzo_04658,labeled,Romeo,3.9777668,-1.7116139,-0.26682377,10.602104,11.240724,9.599593
ddc_dzo_04659,labeled,Romeo,2.018952,-0.65773404,0.82850647,9.003154,12.29305,7.2717223
ddc_dzo_04663,labeled,Thinley,-9.382599,-1.3248744,-0.9195052,10.572633,6.2661304,10.587084
ddc_dzo_04660,labeled,Romeo,0.24948454,-0.2516893,0.9099126,10.867038,9.880457,8.27472
ddc_dzo_04648,labeled,Romeo,-0.2059982,-0.016331434,-0.061723232,10.764926,9.596367,10.684763
ddc_dzo_04674,labeled,Romeo,0.7897355,-0.6197808,0.83007574,10.428435,10.927209,6.8448114
ddc_dzo_04667,labeled,Romeo,2.597091,-1.0693614,0.59663844,8.645254,11.959623,7.8341756
ddc_dzo_04656,labeled,Romeo,0.7170377,-2.1618392,0.37913233,8.810533,11.573564,9.226624
ddc_dzo_04670,labeled,Thinley,-8.058555,-1.1828115,1.144325,9.72658,5.3508205,10.081426
ddc_dzo_04673,labeled,Thinley,-6.006706,-0.042901754,0.40736103,9.673328,5.065224,10.263854
ddc_dzo_04653,labeled,Thinley,-6.3989887,0.78869903,-0.7080114,11.4466305,10.048745,9.075081
ddc_dzo_04675,labeled,Romeo,2.6423378,-1.0526452,0.45276594,11.472636,11.724579,9.796224
ddc_dzo_04649,labeled,Thinley,-9.4572525,-2.0876465,1.043654,9.626348,4.2231603,9.959662
ddc_dzo_02340,labeled,Romeo,4.3218117,-1.4175102,-0.065463066,8.526302,10.692797,8.83144
ddc_dzo_04695,labeled,Romeo,2.8206675,0.23370028,-0.7276675,9.269884,12.388309,8.401423
ddc_dzo_04707,labeled,Romeo,2.824973,-1.5682081,2.0686584,9.217959,12.276693,8.064671
ddc_dzo_04720,labeled,Namgay,-1.100483,-0.27431756,-10.737822,12.617497,4.80341,5.28554
ddc_dzo_04688,labeled,Thinley,-9.9911585,-1.9046397,0.23436463,9.4643545,4.4477034,10.234255
ddc_dzo_04710,labeled,Thinley,-9.23443,-2.7667122,0.48149917,10.037527,5.3252807,10.47315
ddc_dzo_04721,labeled,Thinley,-7.5161448,-1.1829445,0.98208386,9.773146,4.69692,9.747369
ddc_dzo_04714,labeled,Dorji,-0.5640235,7.3205004,2.0636256,13.726226,8.749971,6.3521705
ddc_dzo_04704,labeled,Thinley,-5.7810807,-0.5080405,0.41821158,9.82788,5.0499988,10.698942
ddc_dzo_04690,labeled,Romeo,2.7727764,-1.3105764,-0.25849795,9.006825,10.205162,9.499454
ddc_dzo_04716,labeled,Thinley,-7.6678777,0.8998382,-1.53327,9.987843,4.150624,9.850999
ddc_dzo_04702,labeled,Thinley,-6.455125,0.11669278,1.2604796,10.81856,5.4842634,9.757037
ddc_dzo_04687,labeled,Romeo,1.2269607,-1.5542645,-0.13607764,9.861122,12.509023,8.329755
ddc_dzo_04693,labeled,Romeo,0.07599664,0.43039155,1.8077998,9.996009,10.000442,7.4545565
ddc_dzo_04692,labeled,Romeo,2.1515288,-1.4405413,-0.51483274,8.946736,12.0529585,8.795168
ddc_dzo_04728,labeled,Dorji,0.68024564,6.600857,-1.3182576,13.444381,8.39512,7.040232
ddc_dzo_04744,labeled,Romeo,2.3210788,1.4333993,0.8356382,10.829565,10.167578,8.225643
ddc_dzo_04737,labeled,Romeo,2.1915946,-0.22731364,1.4851627,11.559549,10.694343,8.903442
ddc_dzo_05172,labeled,Romeo,1.4348447,-0.08816719,0.9959047,8.527507,10.832197,9.604903
ddc_dzo_04761,labeled,Thinley,-7.2547607,-1.9969279,1.4574125,9.772258,5.37956,9.595778
ddc_dzo_04742,labeled,Romeo,1.1089218,1.474591,-0.33386707,10.025609,9.580659,8.633618
ddc_dzo_04752,labeled,Namgay,-3.522929,2.5787134,-7.536652,13.060899,5.1600003,5.720152
ddc_dzo_04741,labeled,Romeo,2.0828218,0.8378725,1.0832769,9.4713545,11.648873,10.630446
ddc_dzo_04735,labeled,Romeo,1.051455,-0.5258789,-0.4709614,8.728442,11.310013,9.727868
ddc_dzo_04726,labeled,Romeo,3.6429298,0.03709936,1.0370777,8.650193,11.084327,7.975719
ddc_dzo_04758,labeled,Namgay,-0.1720233,0.22593284,-5.078313,12.783261,5.2761917,5.3359604
ddc_dzo_04757,labeled,Romeo,2.5379682,-0.65428793,-0.12431884,9.454686,10.344454,8.461402
ddc_dzo_04739,labeled,Romeo,1.6766437,-0.50663537,-1.550143,8.816955,10.419397,7.907921
ddc_dzo_04746,labeled,Romeo,3.1700299,-1.7760594,-0.031057239,9.159795,11.362647,8.778282
ddc_dzo_04759,labeled,Thinley,-9.284281,-2.0890973,0.027792692,9.804625,5.3719096,10.132435
ddc_dzo_04753,labeled,Thinley,-7.8471413,-1.0097232,0.40695,10.443983,6.21266,11.135918
ddc_dzo_04734,labeled,Dorji,-1.7070422,9.0282,1.2268975,13.5299,8.50247,7.159296
ddc_dzo_04732,labeled,Thinley,-10.242771,-2.2532384,1.2570382,9.298364,4.704693,10.91932
ddc_dzo_04725,labeled,Romeo,1.383913,1.2875164,0.7759223,11.218432,9.592747,8.358563
ddc_dzo_04771,labeled,Romeo,3.0865839,-1.0747789,1.3807738,11.078098,11.452313,8.407194
ddc_dzo_04780,labeled,Romeo,1.2372575,1.1041152,0.40690804,10.453557,11.038315,8.33894
ddc_dzo_04792,labeled,Romeo,1.9527286,-0.77795887,0.79356027,8.746911,10.078391,10.047237
ddc_dzo_04788,labeled,Romeo,0.34700513,-0.8328929,0.4929986,10.805835,10.239734,10.568651
ddc_dzo_04765,labeled,Romeo,2.675973,-1.0273983,0.6272002,9.036229,11.482272,9.972439
ddc_dzo_04798,labeled,Romeo,2.0453606,-1.6727962,0.12643695,9.4899025,11.409749,9.535731
ddc_dzo_04796,labeled,Thinley,-7.672789,-1.5939486,0.9254422,9.743597,5.39938,9.753101
ddc_dzo_04789,labeled,Thinley,-6.296419,-0.79577255,-0.20376635,9.413329,10.233182,10.851069
ddc_dzo_04794,labeled,Dorji,0.19661295,4.0825777,0.7972685,9.625645,9.914942,9.368623
ddc_dzo_04772,labeled,Romeo,2.4127696,0.4444625,1.329895,9.212788,12.274152,7.579457
ddc_dzo_04797,labeled,Romeo,2.7049103,-1.2236145,0.34622073,9.526969,11.670433,10.257504
ddc_dzo_04773,labeled,Thinley,-8.379696,-0.3786168,0.042737365,9.604297,4.1967754,9.899999
ddc_dzo_04768,labeled,Dorji,-0.56951094,5.0974345,0.4697374,13.172612,7.4979954,6.682162
ddc_dzo_04791,labeled,Thinley,-8.680861,0.05340588,-0.38468242,10.191049,4.8056445,9.503145
ddc_dzo_04776,labeled,Romeo,2.8742979,-1.211966,-0.24441624,11.323741,11.200804,7.1242704
ddc_dzo_04806,labeled,Romeo,0.0978353,-1.7781041,1.4055643,11.9957075,9.560719,9.211644
ddc_dzo_04814,labeled,Romeo,1.8832254,0.4516666,0.33458763,10.696454,9.959541,9.000099
ddc_dzo_08751,labeled,Romeo,2.843707,-1.4279983,1.6466866,11.154708,11.745964,9.556554
ddc_dzo_04836,labeled,Romeo,1.6962508,0.5266005,0.41577244,9.921576,10.117622,8.642439
ddc_dzo_05629,labeled,Romeo,1.6504005,0.114372015,1.0257335,9.975772,10.543789,7.3541226
ddc_dzo_04830,labeled,Thinley,-7.3264294,-0.39889067,0.3273039,9.751467,4.795458,9.415719
ddc_dzo_04809,labeled,Thinley,-7.5859966,-0.5307734,0.7086959,9.081001,4.856668,10.3495455
ddc_dzo_04832,labeled,Romeo,2.010395,-1.6272242,0.57415915,9.155504,11.357413,8.729209
ddc_dzo_04823,labeled,Romeo,3.5541875,-0.39213467,1.6523383,9.894907,11.605176,8.754713
ddc_dzo_04805,labeled,Namgay,-2.0323005,-0.27101701,-8.585905,12.730921,5.3496013,5.52802
ddc_dzo_04819,labeled,Thinley,-6.0067863,-0.62922764,-0.6018803,9.227565,5.475912,10.357348
ddc_dzo_04813,labeled,Romeo,1.5963733,-1.7451663,1.4257805,10.036576,11.727067,9.477415
ddc_dzo_04835,labeled,Thinley,-6.701259,0.44115323,0.7493074,10.549201,5.332839,10.877309
ddc_dzo_04821,labeled,Dorji,-1.5215745,6.9245934,0.7733101,12.506307,9.709505,7.595475
ddc_dzo_04817,labeled,Dorji,-0.2430959,5.6872864,-0.24901628,13.59538,8.756462,6.0182467
ddc_dzo_04858,labeled,Dorji,-0.0006008148,5.1560817,0.8290732,12.872161,9.612084,7.462511
ddc_dzo_04856,labeled,Romeo,1.6176112,-1.111995,0.42925036,8.353726,10.493981,9.511032
ddc_dzo_04852,labeled,Romeo,0.76240444,-0.0002477169,0.31588745,12.147169,10.720766,10.756216
ddc_dzo_04840,labeled,Romeo,1.6284423,-0.91684437,0.3168662,11.558397,11.351041,8.927821
ddc_dzo_04864,labeled,Romeo,3.0649085,-0.7690251,-0.587458,9.801344,12.631669,7.9478364
ddc_dzo_04846,labeled,Romeo,0.9759598,-1.9085417,0.94906855,10.793627,10.724099,8.240483
ddc_dzo_04236,labeled,Romeo,2.3922381,-0.9036832,0.8021159,8.641632,11.818034,9.514215
ddc_dzo_03193,labeled,Namgay,-0.5484072,-0.60905874,-13.880438,-5.2659307,5.855148,9.023929
ddc_dzo_04854,labeled,Romeo,2.2001455,-2.3662546,0.38267994,9.9989395,10.933167,7.836759
ddc_dzo_04843,labeled,Dorji,1.2442486,10.6861515,0.5935707,13.323589,8.743805,7.5352397
ddc_dzo_04870,labeled,Romeo,1.4776388,-0.23766193,0.3244338,11.846384,10.907316,8.75004
ddc_dzo_04862,labeled,Thinley,-9.559465,-2.2233014,1.0234649,9.645349,5.244463,11.218593
ddc_dzo_04873,labeled,Thinley,-5.9625173,-0.20287192,-0.21718645,9.018698,4.996571,10.48325
ddc_dzo_04842,labeled,Thinley,-10.158516,-1.5207237,0.63945127,10.167699,4.2010565,9.39767
ddc_dzo_04853,labeled,Romeo,1.0851674,-0.033073306,-0.48736173,11.255759,10.373269,7.467726
ddc_dzo_04841,labeled,Thinley,-11.021941,-2.1435494,1.8324097,10.164853,4.23326,9.7233925
ddc_dzo_04894,labeled,Romeo,0.5588987,-2.6193953,-0.12116906,11.887259,11.409442,9.823121
ddc_dzo_04897,labeled,Romeo,1.411554,0.9813067,0.40619737,12.130889,10.553071,9.103669
ddc_dzo_04896,labeled,Romeo,0.69907165,-0.32887816,1.1422851,11.814271,11.198616,10.226194
ddc_dzo_04879,labeled,Romeo,0.8614216,-1.7200967,0.25851285,10.389547,11.334652,10.51781
ddc_dzo_04893,labeled,Thinley,-5.9928474,-1.4194671,1.6878096,10.151988,5.8740177,9.9008
ddc_dzo_04874,labeled,Romeo,3.1311564,-0.84133685,0.4981668,9.929076,12.614493,8.828784
ddc_dzo_03840,labeled,Namgay,-1.9182674,1.0816884,-11.144365,-5.2537627,5.832116,8.985918
ddc_dzo_04884,labeled,Romeo,2.744159,-1.4943731,-0.07133022,11.941806,10.280302,8.146475
ddc_dzo_04886,labeled,Romeo,0.5222105,-1.4236655,0.7512969,10.050537,12.450697,9.152713
ddc_dzo_04910,labeled,Romeo,1.7382817,-0.65680635,-2.0305345,11.817838,11.466043,9.360992
ddc_dzo_04909,labeled,Romeo,0.17785645,1.1902521,-2.8505611,11.12716,9.367845,8.88448
ddc_dzo_04906,labeled,Thinley,-8.315332,-2.088993,0.28674126,10.663665,4.9213405,10.211399
ddc_dzo_04880,labeled,Romeo,1.4649796,-0.20270133,-0.3379135,9.589951,10.425918,7.7992268
ddc_dzo_04888,labeled,Thinley,-9.366312,-1.3211135,1.0340099,10.381487,6.073838,11.16412
ddc_dzo_04905,labeled,Romeo,2.5828562,-1.0540261,0.17230546,9.368744,11.666427,7.4875054
ddc_dzo_04912,labeled,Dorji,0.56951654,6.8905215,1.3645962,13.496559,8.963802,6.349991
ddc_dzo_04941,labeled,Romeo,2.0087266,-0.13734531,0.66662455,12.380841,10.731452,10.183298
ddc_dzo_04917,labeled,Romeo,3.243077,-1.9428993,1.6439083,10.652428,11.481871,9.260627
ddc_dzo_09267,labeled,Romeo,3.051283,-1.2582793,0.55044806,9.073634,11.388691,9.797459
ddc_dzo_04928,labeled,Romeo,2.27359,-0.739656,0.3306179,8.488207,10.687982,10.013232
ddc_dzo_04922,labeled,Romeo,2.324906,-0.003608942,0.37402833,11.36635,11.259078,8.388571
ddc_dzo_04930,labeled,Namgay,-0.5325669,0.58159447,-2.2674544,9.367144,10.685196,9.053366
ddc_dzo_04919,labeled,Namgay,-1.6650572,0.09145498,-13.384644,-4.77939,5.019659,8.33423
ddc_dzo_04939,labeled,Romeo,1.3218344,0.27197695,-0.944263,8.976492,10.874167,10.027705
ddc_dzo_04938,labeled,Namgay,-4.373083,0.8190435,-9.627263,12.742461,5.540176,5.740782
ddc_dzo_04924,labeled,Thinley,-5.951071,-0.9719503,0.6756834,9.83171,6.13577,10.857201
ddc_dzo_04946,labeled,Romeo,0.5355575,1.1200322,0.32699633,11.327967,9.742454,7.4869237
ddc_dzo_04940,labeled,Romeo,2.3774207,-0.89012814,0.91290784,9.622715,12.286546,8.692433
ddc_dzo_04945,labeled,Dorji,-0.35159636,6.4973345,1.0586715,13.444765,8.747439,7.3366013
ddc_dzo_04936,labeled,Romeo,1.2440876,-1.7683318,0.33928812,9.478191,10.0178385,9.237214
ddc_dzo_04920,labeled,Romeo,3.1877377,-1.624008,0.3386309,10.213184,10.342939,7.1039963
ddc_dzo_04966,labeled,Romeo,2.8334894,-1.5164686,0.76567817,10.316626,10.670444,9.581744
ddc_dzo_04971,labeled,Romeo,2.714866,-0.053692706,1.3206396,10.983071,10.808806,10.381891
ddc_dzo_04976,labeled,Romeo,3.0617456,-1.3807344,0.9503502,9.687679,10.663239,7.5012636
ddc_dzo_04986,labeled,Romeo,2.5800753,0.95565295,-0.5837436,10.724178,11.3370695,7.8925047
ddc_dzo_04982,labeled,Romeo,1.2443159,0.7926427,-0.65148234,11.41802,11.950351,8.744123
ddc_dzo_04957,labeled,Thinley,-5.298258,0.093999475,1.0657673,10.615061,6.5174747,10.904292
ddc_dzo_04975,labeled,Thinley,-7.361329,-0.6755202,0.9152707,10.025406,6.392955,10.858884
ddc_dzo_04987,labeled,Dorji,-1.7570066,9.318336,1.9820634,13.395032,8.690712,7.5068607
ddc_dzo_04969,labeled,Romeo,0.9598886,-1.0958447,-0.21578121,11.598409,10.227989,8.046825
ddc_dzo_04979,labeled,Dorji,-0.09060541,8.30749,0.9715219,13.536236,8.659452,7.0363708
ddc_dzo_04978,labeled,Dorji,-0.43924856,7.854375,0.29628372,13.36769,8.754315,6.4051905
ddc_dzo_04951,labeled,Romeo,3.6682868,-0.8454328,0.11186147,9.396801,10.09023,8.921856
ddc_dzo_04984,labeled,Thinley,-7.636482,-0.79927135,1.5859784,9.902852,5.055863,9.815668
ddc_dzo_04965,labeled,Thinley,-8.95608,-1.5936956,0.13945651,10.232757,5.725214,10.645637
ddc_dzo_04956,labeled,Dorji,-1.7836256,7.9174724,1.2278564,13.315512,8.93191,6.6184263
ddc_dzo_04959,labeled,Romeo,0.8971462,-0.060282707,0.8594203,10.266764,9.917108,10.365985
ddc_dzo_04967,labeled,Thinley,-7.6718626,0.7152386,0.44158506,10.534834,4.7850657,9.781817
ddc_dzo_04960,labeled,Romeo,0.9417497,-0.0623312,-1.5198061,11.050526,10.431329,6.759589
ddc_dzo_05006,labeled,Romeo,0.31159103,-0.17457461,0.5908165,11.353317,9.551483,9.165557
ddc_dzo_05003,labeled,Romeo,1.9011432,0.11172366,-1.2646756,9.512985,12.60283,7.7736554
ddc_dzo_05009,labeled,Romeo,3.536901,-0.6255232,0.96741414,9.5940275,12.566742,7.9813356
ddc_dzo_04997,labeled,Romeo,1.8831127,0.2871461,0.19305849,10.946487,10.585089,7.153627
ddc_dzo_04993,labeled,Romeo,3.2330554,-1.5698136,0.89255,10.209958,11.62208,9.488922
ddc_dzo_05024,labeled,Romeo,2.557528,-1.8915716,0.68441427,10.223271,12.305605,8.336187
ddc_dzo_05015,labeled,Namgay,-1.9258127,2.0560858,-9.948324,12.612177,4.91812,5.199919
ddc_dzo_05019,labeled,Romeo,1.8222873,-0.60169816,-0.6684246,10.226516,10.599389,6.8797274
ddc_dzo_05007,labeled,Romeo,0.8233161,-1.3995516,1.8477882,8.813129,12.090271,8.401275
ddc_dzo_05022,labeled,Romeo,2.8503995,-0.5256742,-1.1187692,10.348715,11.69062,10.336314
ddc_dzo_04995,labeled,Thinley,-8.194416,0.27299738,-0.61607075,9.208858,5.0345006,11.018673
ddc_dzo_04999,labeled,Thinley,-6.370908,-1.5377121,0.4810771,9.756546,4.77255,9.521975
ddc_dzo_05008,labeled,Thinley,-8.791918,-1.7064124,0.22664428,10.691391,5.2645607,9.973725
ddc_dzo_05023,labeled,Romeo,1.7851951,0.36831677,0.30259037,10.476877,12.286476,8.51922
ddc_dzo_04990,labeled,Romeo,2.3507836,-0.5002599,-1.4101036,11.371448,10.840944,7.189934
ddc_dzo_05045,labeled,Romeo,1.9113264,-0.35278654,-0.26643932,12.263387,11.4153595,10.169875
ddc_dzo_01769,labeled,Romeo,1.5611609,-0.75661945,0.062449485,10.863285,11.675516,9.884161
ddc_dzo_05035,labeled,Romeo,1.3307297,-0.015373826,0.43987226,11.429381,11.517889,9.404925
ddc_dzo_05030,labeled,Romeo,0.82006544,-0.5891876,0.9644284,11.399821,12.027768,9.54366
ddc_dzo_05034,labeled,Dorji,0.7160697,9.136788,0.1304121,13.487362,9.102769,6.469813
ddc_dzo_05053,labeled,Romeo,2.3260603,-1.5151904,1.1538593,9.600315,11.152428,7.870728
ddc_dzo_05061,labeled,Romeo,2.5958133,-2.3512464,1.7880855,11.832455,10.558886,9.9046
ddc_dzo_05025,labeled,Namgay,0.57898307,-1.1465471,-4.446788,9.808362,11.098947,11.162649
ddc_dzo_05047,labeled,Romeo,2.8383622,-0.20667645,1.535413,8.874561,12.472202,8.250437
ddc_dzo_05051,labeled,Namgay,0.053234577,1.3306433,-7.318323,13.242719,5.3668876,5.597822
ddc_dzo_05046,labeled,Dorji,0.85177386,7.064693,-0.0046595335,13.535795,8.53846,6.554376
ddc_dzo_05037,labeled,Dorji,0.5270753,6.528743,0.71358776,13.125022,9.399429,7.5483537
ddc_dzo_05040,labeled,Romeo,2.3562694,-1.7401755,1.1413202,11.154146,10.842335,10.308881
ddc_dzo_05028,labeled,Thinley,-9.523443,-1.116004,2.8526134,10.362875,5.4832215,10.433679
ddc_dzo_05049,labeled,Romeo,2.2982802,-1.084177,1.1293222,10.376877,10.858164,9.691457
ddc_dzo_05043,labeled,Romeo,3.1664276,-0.8169718,-0.08073211,9.708983,10.978028,8.29584
ddc_dzo_05029,labeled,Romeo,1.9072683,-0.99918574,0.79097486,9.138842,12.037084,9.257896
ddc_dzo_05036,labeled,Romeo,2.918651,-1.5770829,1.4825755,8.401711,11.787975,9.498687
ddc_dzo_05093,labeled,Dorji,-2.7078173,7.304842,1.7384074,13.640642,8.637326,6.564562
ddc_dzo_05079,labeled,Romeo,1.5257504,-0.6085323,1.0059438,9.421829,12.289376,7.5005884
ddc_dzo_05074,labeled,Romeo,0.5521083,0.30468667,0.48458338,11.043192,9.838697,8.618215
ddc_dzo_05088,labeled,Romeo,1.9568423,-1.8442206,-0.17295027,9.9726095,10.257171,7.411818
ddc_dzo_05096,labeled,Romeo,0.7780608,-0.78334785,0.5749953,8.720514,10.397028,8.40038
ddc_dzo_05072,labeled,Thinley,-7.4186077,0.99858725,2.0319695,10.489798,5.823281,10.686091
ddc_dzo_05068,labeled,Thinley,-7.700693,-1.7819917,1.7427849,10.738962,5.5309596,10.033075
ddc_dzo_05065,labeled,Romeo,3.4531758,-0.65637743,0.7904829,9.197614,11.494083,9.470318
ddc_dzo_05078,labeled,Romeo,1.458205,-1.5878363,0.819073,9.947233,10.900501,8.463669
ddc_dzo_05083,labeled,Romeo,3.5419674,-0.13160372,0.6827887,9.3390875,9.996728,7.6099396
ddc_dzo_05090,labeled,Thinley,-7.9097147,-1.4454722,1.1595457,9.846867,5.046035,10.342291
ddc_dzo_05097,labeled,Romeo,1.6415428,0.042123795,0.14523625,10.568342,10.31861,7.3037705
ddc_dzo_05086,labeled,Romeo,2.5182238,-1.5153117,0.6395656,8.61308,10.788386,9.800813
ddc_dzo_05100,labeled,Dorji,1.9474831,8.6052685,1.5871441,13.640394,8.842514,6.614197
ddc_dzo_05066,labeled,Thinley,-5.288949,0.1917764,0.7968135,10.645304,4.8579464,10.364354
ddc_dzo_05080,labeled,Romeo,-0.59113336,-0.8347783,-0.8506001,11.300995,10.714418,6.7852964
ddc_dzo_05104,labeled,Dorji,-0.7952669,6.4170856,1.7985334,13.301563,9.349725,6.833906
ddc_dzo_05113,labeled,Romeo,3.203162,-1.3224669,-1.1597695,8.404207,11.225039,9.2146015
ddc_dzo_05128,labeled,Romeo,2.2594929,1.6180952,0.8248718,9.830609,10.5068655,7.4062243
ddc_dzo_05131,labeled,Romeo,3.220097,-2.2605352,0.4701221,10.597102,10.344995,7.6580834
ddc_dzo_05105,labeled,Romeo,3.1190908,-0.7070215,0.41718233,9.721877,11.955624,9.126359
ddc_dzo_03450,labeled,Romeo,2.2281828,-1.3122513,-0.3391838,9.103806,12.398167,7.220243
ddc_dzo_05116,labeled,Romeo,1.3997267,-1.2695608,-0.050787568,10.499828,11.677637,10.691852
ddc_dzo_05108,labeled,Thinley,-7.7886763,0.26185322,-0.18608248,10.144475,4.867269,10.644533
ddc_dzo_05110,labeled,Dorji,-1.9776475,8.431395,0.8504268,13.365528,8.132394,6.8452706
ddc_dzo_05586,labeled,Thinley,-11.720445,-1.8235675,0.7983403,9.7266445,4.374513,9.676163
ddc_dzo_05103,labeled,Thinley,-11.4365225,-1.5312239,1.5970032,9.579474,4.4424624,9.839408
ddc_dzo_05133,labeled,Thinley,-7.8957825,0.18720794,0.7306052,10.055663,4.87944,10.315333
ddc_dzo_05126,labeled,Romeo,1.2046468,-0.6476755,0.70986766,10.84554,11.010037,7.9550266
ddc_dzo_05118,labeled,Romeo,2.083452,-1.4762156,1.3483473,11.464037,10.230428,8.044343
ddc_dzo_05169,labeled,Dorji,0.84657264,7.8395076,1.1852977,13.629583,8.973304,6.241688
ddc_dzo_05151,labeled,Dorji,1.6896515,5.0652337,-0.100692034,12.5314455,10.28915,9.76166
ddc_dzo_05161,labeled,Romeo,1.9036379,-1.7301798,0.8974534,9.946724,10.436502,8.661517
ddc_dzo_05165,labeled,Romeo,2.2192485,-2.4849114,0.86904836,10.138902,10.77148,8.259315
ddc_dzo_05162,labeled,Romeo,2.6602771,-1.3479161,0.10431814,8.471264,11.285752,9.331367
ddc_dzo_05149,labeled,Namgay,-2.5191479,0.93123055,-10.422135,12.691163,4.662725,5.3810616
ddc_dzo_05156,labeled,Namgay,-0.29452753,-1.0290718,-8.805586,13.251078,5.183091,5.638032
ddc_dzo_05146,labeled,Dorji,-1.6919584,9.042706,-1.1340349,13.397774,8.531513,6.5424366
ddc_dzo_05170,labeled,Romeo,2.0218208,-1.1330945,2.4502378,9.222194,12.121893,8.588871
ddc_dzo_05150,labeled,Romeo,2.0052705,-0.46992823,0.50943327,9.131271,12.350212,7.2005463
ddc_dzo_05140,labeled,Thinley,-7.2596984,-0.743762,1.474226,10.013278,5.5707264,11.457271
ddc_dzo_05160,labeled,Thinley,-8.838415,-1.2924061,1.0482311,9.317324,4.305878,10.038223
ddc_dzo_05158,labeled,Thinley,-8.326497,-1.5820684,0.85972977,9.527408,4.9932823,10.754876
ddc_dzo_05143,labeled,Thinley,-8.9036045,-0.406255,0.115766406,10.242897,5.0310698,9.30169
ddc_dzo_05141,labeled,Thinley,-7.7485,0.07369566,0.24310637,10.4993305,6.1666284,11.083911
ddc_dzo_05148,labeled,Thinley,-6.551216,-1.586833,0.4845333,9.176331,5.251349,10.194261
ddc_dzo_05155,labeled,Romeo,1.9327881,-0.97293806,0.096462786,10.424451,11.079735,7.215077
ddc_dzo_05138,labeled,Yigzin,0.67275786,2.5975578,-1.2611017,9.435912,12.527512,6.471362
ddc_dzo_05186,labeled,Romeo,2.044592,-0.25708103,-0.030189037,9.7131,12.201919,6.891742
ddc_dzo_05187,labeled,Romeo,2.335619,-0.67992353,-0.55247736,9.029244,11.496412,9.993273
ddc_dzo_05173,labeled,Romeo,2.4949636,-0.4958098,1.4354911,8.946408,10.491587,10.482465
ddc_dzo_05175,labeled,Dorji,-0.26561308,8.993341,-2.2701454,13.607683,8.823477,6.1023297
ddc_dzo_05190,labeled,Romeo,2.1158423,0.7846272,-0.04208255,11.341437,10.6449,10.422853
ddc_dzo_05195,labeled,Romeo,1.2665671,-0.17066202,0.20256805,12.06326,10.617,10.516485
ddc_dzo_05199,labeled,Romeo,2.1656928,-0.71966755,1.1830437,10.998305,10.129401,7.370137
ddc_dzo_05200,labeled,Romeo,1.69405,-0.6937392,0.76379645,9.514494,11.491731,9.646081
ddc_dzo_05176,labeled,Thinley,-10.820601,-3.0083337,0.9631338,9.685118,4.8736696,11.04865
ddc_dzo_05204,labeled,Romeo,3.7591715,-1.3806186,-1.2745967,10.491908,12.407827,8.007414
ddc_dzo_05182,labeled,Thinley,-10.336165,-1.6322484,0.91327965,9.284743,5.144095,10.617487
ddc_dzo_05198,labeled,Romeo,3.5030718,-0.47572696,0.2969575,11.465699,10.937931,8.596604
ddc_dzo_05191,labeled,Romeo,2.9221065,-1.2788165,0.6022949,10.695235,11.601681,10.629264
ddc_dzo_05174,labeled,Romeo,0.6020713,-2.3942108,1.1368074,11.1517,9.617056,8.791463
ddc_dzo_02555,labeled,Romeo,1.3487561,-0.67894137,0.64131457,9.37183,10.883648,9.999873
ddc_dzo_05208,labeled,Thinley,-8.11812,-1.1160889,0.30151725,10.167023,5.4403977,9.987235
ddc_dzo_05216,labeled,Thinley,-6.602384,-0.6841774,0.5310941,10.46608,4.9922547,9.5215845
ddc_dzo_05230,labeled,Romeo,3.914874,0.39536977,0.79199016,10.8874235,11.563791,9.187535
ddc_dzo_05234,labeled,Namgay,-4.388719,0.19049445,-7.996352,12.887756,4.6985936,5.497135
ddc_dzo_04465,labeled,Namgay,-2.4403596,-0.6762214,-6.5749164,13.248513,5.327637,5.6680584
ddc_dzo_05219,labeled,Romeo,1.5250943,0.34251118,-2.046605,9.525793,10.383463,8.09548
ddc_dzo_05232,labeled,Namgay,-0.79057217,-0.009699106,-10.441829,12.621992,5.5605183,5.418404
ddc_dzo_05209,labeled,Namgay,-0.6859703,1.7100284,-12.872134,12.521033,5.361309,5.2758417
ddc_dzo_05239,labeled,Romeo,2.0182743,-1.8764348,0.8439378,9.908705,12.52012,7.3119617
ddc_dzo_05229,labeled,Romeo,1.3235605,-1.4356921,1.0599074,9.71703,12.269804,6.9042206
ddc_dzo_05236,labeled,Thinley,-10.518856,-1.7373549,1.5844461,10.12991,4.5421486,10.678304
ddc_dzo_05227,labeled,Namgay,-0.8842296,1.0944729,-14.332916,-5.249944,5.580517,8.493085
ddc_dzo_05233,labeled,Romeo,1.1561261,-0.18490636,1.026103,11.685184,10.16006,7.7923884
ddc_dzo_05224,labeled,Romeo,2.5025096,-0.620361,0.5806718,12.063851,11.256107,10.765881
ddc_dzo_08059,labeled,Romeo,2.8493788,-1.9531193,0.012039125,8.540912,11.044148,9.54608
ddc_dzo_05254,labeled,Romeo,2.7794669,-0.5310036,0.19647062,10.372646,12.51651,8.426047
ddc_dzo_05252,labeled,Romeo,0.9051872,-0.41874194,-0.2758758,11.724231,10.73789,9.739842
ddc_dzo_05269,labeled,Romeo,0.91081226,-0.5394306,0.9830284,11.730704,10.737324,9.545685
ddc_dzo_05263,labeled,Namgay,-2.5612803,-0.69722867,-7.2698603,13.229066,5.2064857,5.7670326
ddc_dzo_05267,labeled,Romeo,1.0467342,0.683748,0.60612154,10.242153,10.932496,10.765341
ddc_dzo_05258,labeled,Thinley,-7.452121,-2.227481,0.80405354,9.631535,5.771772,10.6246195
ddc_dzo_05256,labeled,Thinley,-10.586235,-1.9977314,1.7547872,9.896272,4.8270245,10.786829
ddc_dzo_05251,labeled,Thinley,-7.354604,-0.099434614,0.20677555,10.346865,6.172026,11.0628805
ddc_dzo_05242,labeled,Romeo,1.8291599,1.5531783,-0.43855143,10.633502,11.387439,7.886684
ddc_dzo_05246,labeled,Thinley,-8.498835,-2.553316,1.0426744,9.319974,4.7605615,10.367779
ddc_dzo_05259,labeled,Romeo,1.2339622,-0.88020396,0.3708043,9.631525,10.335978,8.326616
ddc_dzo_05273,labeled,Romeo,2.0286427,-0.49752235,1.2828171,11.523247,11.082719,9.508095
ddc_dzo_05245,labeled,Romeo,3.2162116,-0.63840437,0.6740966,10.099711,12.243128,7.85759
ddc_dzo_09681,labeled,Romeo,2.1880546,-0.5625834,-0.5969854,8.73588,10.528993,8.925962
ddc_dzo_05278,labeled,Thinley,-8.539669,-2.0631323,-0.15260983,10.002386,4.645785,9.267088
ddc_dzo_05297,labeled,Romeo,2.8416753,-0.45378354,-0.0058484077,8.976218,12.240494,7.376521
ddc_dzo_05310,labeled,Romeo,3.045444,-1.1272244,0.9441846,9.487768,10.316823,7.703475
ddc_dzo_05285,labeled,Romeo,2.375871,-1.0760386,0.6131296,9.171066,12.496097,7.7843633
ddc_dzo_05279,labeled,Romeo,1.9382639,-1.0437384,0.35062408,9.4073305,12.526334,9.028925
ddc_dzo_05312,labeled,Thinley,-10.656106,-3.057272,2.436009,9.33714,4.482811,10.463786
ddc_dzo_05300,labeled,Thinley,-7.125582,2.6375237,1.2113526,10.313012,4.5867095,10.134124
ddc_dzo_05281,labeled,Dorji,-0.39258602,10.752088,0.04655969,13.657205,8.823443,6.6165705
ddc_dzo_05290,labeled,Romeo,2.4135926,-0.8514851,0.3175782,9.524283,11.879238,10.551597
ddc_dzo_05294,labeled,Romeo,0.8716209,-0.08881569,-0.5648496,9.961666,11.853067,6.9864025
ddc_dzo_05287,labeled,Romeo,1.472702,-0.74582887,1.0655383,8.708348,10.9254,7.686543
ddc_dzo_05304,labeled,Romeo,2.602503,-1.3025113,0.66837096,9.522703,12.224121,6.9228883
ddc_dzo_05286,labeled,Romeo,2.2807217,-1.6993799,0.4086814,8.92134,12.067185,7.9087152
ddc_dzo_05292,labeled,Thinley,-9.939787,-1.0664668,1.2082965,9.675592,4.9246264,9.738675
ddc_dzo_05295,labeled,Thinley,-8.361822,-1.0423956,1.8087366,9.4166975,4.29907,9.910104
ddc_dzo_05289,labeled,Romeo,4.263064,-0.95218956,1.4472011,9.925309,11.838008,8.746749
ddc_dzo_05996,labeled,Romeo,1.2649391,0.48728836,-1.4976909,11.662429,11.004019,10.585817
ddc_dzo_05321,labeled,Thinley,-8.472658,-1.391233,0.08396435,10.6779785,5.71928,10.066694
ddc_dzo_05338,labeled,Romeo,2.071162,-1.033044,0.42829156,8.562014,12.228368,9.214475
ddc_dzo_05350,labeled,Namgay,0.62663364,0.7184682,-12.386544,-5.269634,5.8409514,8.973136
ddc_dzo_05330,labeled,Thinley,-6.6313877,-1.371402,1.1581217,9.703554,5.39413,9.510715
ddc_dzo_05318,labeled,Dorji,-0.99639416,5.2260084,2.2315083,11.911051,11.337371,10.49391
ddc_dzo_05329,labeled,Namgay,1.2604985,0.48500967,-4.0587792,9.925283,11.330369,11.158436
ddc_dzo_05348,labeled,Thinley,-8.481505,-1.729013,0.2953441,9.621041,5.8347607,10.841794
ddc_dzo_05343,labeled,Romeo,2.720922,0.508193,-0.35202384,9.700351,12.301369,7.866798
ddc_dzo_05336,labeled,Dorji,-0.33249712,8.318755,-0.43730736,13.352669,8.597981,7.6417823
ddc_dzo_05332,labeled,Namgay,-0.59457684,1.5621276,-10.32528,12.635774,5.4497156,5.3383617
ddc_dzo_05315,labeled,Thinley,-9.664066,-2.0032775,0.75247645,10.559457,4.9161434,10.481564
ddc_dzo_05314,labeled,Dorji,-0.06949687,8.815664,1.3880861,13.201238,9.151917,6.4986224
ddc_dzo_05320,labeled,Romeo,1.8723761,-1.589565,0.5152397,9.950143,10.303322,10.173517
ddc_dzo_05326,labeled,Romeo,-0.24872208,-0.9915693,0.053373337,10.777624,9.332876,7.5057116
ddc_dzo_05340,labeled,Romeo,2.4524617,-2.222288,-0.427248,10.070026,12.259974,8.077507
ddc_dzo_02411,labeled,Romeo,2.4351978,-1.867888,0.57164484,9.272925,11.831218,8.425772
ddc_dzo_05371,labeled,Romeo,2.217447,-0.97079253,0.27430177,9.949941,12.200403,7.9277015
ddc_dzo_05355,labeled,Romeo,1.9464353,-0.964737,0.2543974,9.450633,12.413075,8.816183
ddc_dzo_05372,labeled,Romeo,3.169006,-1.7369576,1.830786,9.875458,10.131056,8.290317
ddc_dzo_05358,labeled,Romeo,2.8979843,-0.026446939,0.8881192,10.216016,9.548242,8.971581
ddc_dzo_05368,labeled,Thinley,-10.79273,-2.06537,0.7636087,9.970527,5.463904,11.2185
ddc_dzo_05375,labeled,Romeo,1.7294471,-0.6548903,-0.17283976,11.0557575,9.585979,8.713467
ddc_dzo_05385,labeled,Thinley,-9.710781,-1.9648838,1.3204833,9.843515,5.232825,9.761481
ddc_dzo_05374,labeled,Romeo,1.6481256,-2.0090404,1.2853119,10.677417,10.693679,8.801906
ddc_dzo_05353,labeled,Romeo,3.2168207,-0.7682592,0.5482732,12.050865,10.445835,9.677093
ddc_dzo_05387,labeled,Romeo,3.368013,-1.3663898,0.7529695,10.3519,11.544238,10.697272
ddc_dzo_05381,labeled,Thinley,-6.7457156,-0.828619,-1.032657,9.545129,4.5894356,9.744198
ddc_dzo_05373,labeled,Romeo,2.3763218,-0.91397387,1.5640879,8.951284,11.86771,8.299438
ddc_dzo_05359,labeled,Romeo,1.8837514,-2.2037773,1.1874256,8.537664,11.124534,8.200762
ddc_dzo_05376,labeled,Romeo,2.0667145,0.40579057,0.15255304,10.302473,11.087413,7.5259275
ddc_dzo_05362,labeled,Romeo,0.6746044,-0.063996315,-0.3992083,11.800461,10.755866,8.236673
ddc_dzo_05410,labeled,Romeo,2.747951,-0.2849083,0.14038157,9.752203,10.3727865,6.909794
ddc_dzo_05416,labeled,Namgay,-2.3026543,-0.19233274,-7.23275,13.243435,5.2990184,5.8242407
ddc_dzo_05426,labeled,Romeo,1.6127272,-0.12956166,-1.3444185,9.222033,12.277802,9.219822
ddc_dzo_05404,labeled,Dorji,-1.11839,7.609235,-0.58670115,13.429497,8.837403,6.1092257
ddc_dzo_05400,labeled,Thinley,-11.690964,-1.5408664,1.7190306,9.875132,4.5306826,10.662585
ddc_dzo_05403,labeled,Romeo,1.8055172,-0.1657443,-0.09818649,11.954191,10.750197,10.782032
ddc_dzo_05396,labeled,Romeo,0.6325751,-0.24976373,0.39621636,11.0379925,10.891949,8.02677
ddc_dzo_05401,labeled,Romeo,1.4158165,-0.60198355,0.03289628,10.711495,11.188364,10.844533
ddc_dzo_05423,labeled,Thinley,-9.931794,-1.7422898,0.80899334,9.361153,4.4781766,10.581957
ddc_dzo_05424,labeled,Thinley,-10.9521265,-2.09902,0.9571886,10.2043915,5.3005066,11.259776
ddc_dzo_05407,labeled,Romeo,3.3931494,-1.0620916,0.646296,11.060136,10.674656,9.832985
ddc_dzo_05414,labeled,Dorji,-0.39311254,9.13469,0.788438,13.596851,8.412477,7.0707355
ddc_dzo_05418,labeled,Romeo,3.121827,-0.7628533,0.16076851,11.6538105,10.678992,8.818104
ddc_dzo_05443,labeled,Romeo,1.7303618,-2.2105536,0.2618804,10.216752,10.385147,9.5215435
ddc_dzo_05428,labeled,Romeo,1.3691118,-0.9741607,0.34053004,10.085477,12.176099,8.865458
ddc_dzo_05441,labeled,Romeo,1.7626569,-3.2200599,-0.16273537,9.208776,11.230268,9.655666
ddc_dzo_05455,labeled,Dorji,-2.45902,11.097573,0.15792763,13.525249,8.683203,6.759205
ddc_dzo_05434,labeled,Dorji,-0.35643005,10.194049,2.530089,13.596777,8.923861,6.1961665
ddc_dzo_05432,labeled,Namgay,-1.6254439,1.5321698,-11.439062,-4.8052945,5.491576,8.658678
ddc_dzo_05457,labeled,Romeo,2.266119,0.6570946,0.15609586,9.9185705,11.93282,7.799297
ddc_dzo_05461,labeled,Romeo,2.4030638,0.06468725,0.6152363,10.465768,11.023508,6.6911573
ddc_dzo_05437,labeled,Romeo,1.4220707,0.20851058,0.91845894,9.056134,10.2825575,8.624613
ddc_dzo_05440,labeled,Romeo,1.2742732,0.03338957,0.27978903,8.499287,10.689853,9.907859
ddc_dzo_05444,labeled,Romeo,3.0556011,-0.6231947,0.23392689,8.957844,10.359521,8.48123
ddc_dzo_05447,labeled,Thinley,-7.3052893,-1.5623151,0.57644796,9.839878,5.401909,10.879063
ddc_dzo_05462,labeled,Thinley,-11.835552,-2.6363502,1.0799801,9.498118,4.3045106,9.909801
ddc_dzo_05446,labeled,Thinley,-8.899303,-1.298131,1.2344426,9.476522,5.11833,11.046421
ddc_dzo_05445,labeled,Dorji,-1.3221222,4.983983,1.7069046,13.085268,8.972571,7.3961024
ddc_dzo_05494,labeled,Romeo,2.226472,-1.4042888,0.8313897,10.30873,11.1533985,8.4214325
ddc_dzo_02768,labeled,Romeo,1.908006,-0.18976218,1.552707,11.447324,10.737266,7.890407
ddc_dzo_05484,labeled,Romeo,1.6924961,-1.1826291,0.1588045,10.96352,12.36574,9.150283
ddc_dzo_05496,labeled,Romeo,1.6367574,-1.9590948,1.1226506,10.209772,11.440722,10.745061
ddc_dzo_05503,labeled,Romeo,1.3437753,-0.22895646,1.5833445,9.34466,12.446379,8.531279
ddc_dzo_05475,labeled,Dorji,-1.117177,8.407653,0.78143644,13.287183,8.614698,7.735251
ddc_dzo_05497,labeled,Romeo,1.078604,-1.2157784,0.052737236,11.445329,9.9369545,7.739194
ddc_dzo_05474,labeled,Romeo,2.3380747,-0.2769842,-0.08696607,9.801316,11.722269,10.011393
ddc_dzo_05499,labeled,Thinley,-6.3961134,-1.0610461,-0.12804362,9.1724615,5.4652576,10.799448
ddc_dzo_05482,labeled,Thinley,-9.170312,-0.86716557,0.38551736,9.737627,5.418808,11.226033
ddc_dzo_05500,labeled,Romeo,0.63387704,0.041444257,-0.117745996,9.933491,11.9535265,7.6872787
ddc_dzo_05492,labeled,Thinley,-10.257108,-2.4157472,0.7045741,10.22594,4.933298,10.988465
ddc_dzo_05467,labeled,Thinley,-8.160286,-1.2510264,0.28784323,10.230599,5.158623,11.040991
ddc_dzo_05498,labeled,Romeo,2.9045403,-1.4632775,0.99980974,11.985012,11.164492,10.783729
ddc_dzo_05471,labeled,Romeo,0.5521703,-1.8030674,-0.12954783,11.822921,11.248815,8.966187
ddc_dzo_01009,labeled,Romeo,3.3088794,0.22356915,-0.99394035,12.270718,11.295138,10.549986
ddc_dzo_05527,labeled,Romeo,2.9334843,-0.6386106,-1.631764,12.297831,11.084742,8.818528
ddc_dzo_05541,labeled,Romeo,1.4969394,-0.06512225,-0.06729126,9.584202,11.483619,7.2424254
ddc_dzo_05515,labeled,Dorji,-0.2840438,7.9576597,1.1952024,13.2505045,9.304334,7.0155425
ddc_dzo_05538,labeled,Romeo,2.0752149,-1.5136633,0.62766695,11.470901,9.8594055,7.676007
ddc_dzo_05540,labeled,Romeo,2.0262687,-0.9823443,-0.15557742,9.627645,11.4163065,8.947692
ddc_dzo_05528,labeled,Romeo,2.2060087,-2.1137772,0.9682317,9.74477,11.752063,10.663646
ddc_dzo_05539,labeled,Thinley,-10.90038,-0.9632058,0.283492,10.490046,4.995388,9.946968
ddc_dzo_05534,labeled,Romeo,1.9990585,1.1645993,0.5341517,10.727496,11.60265,10.00133
ddc_dzo_05530,labeled,Thinley,-10.993725,-1.5386138,0.49871743,9.252349,4.5527163,10.799882
ddc_dzo_05511,labeled,Thinley,-7.928653,-1.8548173,1.0003781,9.977009,4.7006874,10.24211
ddc_dzo_05537,labeled,Romeo,2.264585,0.7804202,0.27605224,11.961945,11.525892,9.090861
ddc_dzo_05561,labeled,Romeo,2.6187663,2.0510015,0.40856695,12.40944,10.851184,10.42296
ddc_dzo_05574,labeled,Romeo,1.0556717,0.8452506,-0.19494104,11.570889,9.640767,8.675007
ddc_dzo_05554,labeled,Romeo,1.5097427,-1.0810984,0.74712265,9.400488,11.723809,9.760971
ddc_dzo_05558,labeled,Namgay,-2.6642423,0.24247587,-9.013139,12.835471,4.768497,5.487188
ddc_dzo_05584,labeled,Romeo,3.2807736,-1.2058486,-1.251278,9.241641,11.730459,9.271971
ddc_dzo_05569,labeled,Romeo,1.5710087,-1.2242416,0.4723341,10.211933,12.433186,8.074229
ddc_dzo_05579,labeled,Romeo,1.53357,0.7234409,1.9413698,8.947307,12.281165,7.3280573
ddc_dzo_05583,labeled,Romeo,1.6260192,2.1201544,-0.7175741,10.897762,11.391658,8.045668
ddc_dzo_05562,labeled,Thinley,-10.256651,-1.5101874,1.2252127,9.556728,4.62679,9.792499
ddc_dzo_05582,labeled,Dorji,0.3112588,7.39651,-0.64878035,13.451002,8.638617,7.1971035
ddc_dzo_05552,labeled,Dorji,0.36461693,10.303404,2.5797617,13.066662,8.690443,7.665078
ddc_dzo_05576,labeled,Romeo,1.0647862,-0.410635,0.069568396,8.742756,11.950515,9.50725
ddc_dzo_05547,labeled,Romeo,0.28001404,-2.7866983,-0.22181177,11.538802,9.899725,7.6286883
ddc_dzo_05560,labeled,Thinley,-9.854082,-1.6296735,1.6697669,9.812464,5.8430705,11.2163515
ddc_dzo_05548,labeled,Romeo,1.5520958,-1.2857757,0.16179657,10.144657,11.027821,7.680728
ddc_dzo_05575,labeled,Romeo,2.4770412,-2.100595,-0.11953616,8.8239765,12.0195,7.6139297
ddc_dzo_04875,labeled,Romeo,2.7251391,-2.1107974,0.26232243,11.62173,10.545439,9.732841
ddc_dzo_05609,labeled,Romeo,3.3182228,-0.10583103,0.9525118,11.819435,11.187671,10.3075285
ddc_dzo_05587,labeled,Romeo,1.1685673,0.29139364,0.7244247,10.211035,9.441358,9.415736
ddc_dzo_05617,labeled,Romeo,2.4286518,-1.309162,0.7444711,9.295505,12.472827,8.534425
ddc_dzo_05597,labeled,Romeo,2.6061995,-0.71776193,-1.3930979,10.374863,12.39612,8.020279
ddc_dzo_05618,labeled,Romeo,1.9641168,-0.9263625,0.46725488,9.8288355,10.187494,7.026981
ddc_dzo_05615,labeled,Romeo,2.2544024,-1.2096865,0.37134784,11.313419,10.29692,7.741092
ddc_dzo_05605,labeled,Thinley,-9.034813,-1.5568917,1.6680331,9.827537,5.386308,11.120852
ddc_dzo_05600,labeled,Thinley,-7.5490475,-0.88805866,1.1291976,10.563349,5.309116,9.786387
ddc_dzo_05589,labeled,Romeo,1.7475505,-1.4815984,-0.28441095,8.327488,10.539028,9.560809
ddc_dzo_05622,labeled,Romeo,1.6076232,-0.6375779,1.0665638,10.716256,9.678906,8.478779
ddc_dzo_05613,labeled,Romeo,2.4211345,-1.4733169,0.8752953,10.643433,10.268773,8.023478
ddc_dzo_05625,labeled,Thinley,-9.625008,-0.92995596,0.9896579,9.328104,4.8906503,10.997265
ddc_dzo_05606,labeled,Dorji,-0.00021648407,11.2090225,1.3173466,13.337857,8.323095,7.4833035
ddc_dzo_05607,labeled,Thinley,-8.202783,-1.136149,0.4133997,9.40685,4.2734027,9.816541
ddc_dzo_05610,labeled,Dorji,-0.2939105,3.8916025,0.07307601,13.123742,9.398757,8.22758
ddc_dzo_05620,labeled,Thinley,-9.724285,-2.4538608,0.6193217,9.887754,4.1163144,10.070639
ddc_dzo_05614,labeled,Romeo,0.92509365,-1.1070039,0.7193972,9.693454,9.915595,9.762563
ddc_dzo_05630,labeled,Romeo,1.5399888,-1.5658804,1.9463065,10.544721,10.218206,7.2201624
ddc_dzo_05663,labeled,Romeo,3.7003713,-1.0902067,0.15954733,10.000661,12.335436,7.227553
ddc_dzo_05659,labeled,Romeo,1.4483564,-0.5771154,-0.6490886,10.132351,12.234064,7.5666733
ddc_dzo_05651,labeled,Romeo,2.4751506,-1.5527849,-2.0938516,9.148808,10.6201725,10.738699
ddc_dzo_05627,labeled,Romeo,1.3464742,-0.7593286,-0.024475574,8.8076935,12.239338,7.3077936
ddc_dzo_05644,labeled,Dorji,-1.1477132,11.18485,1.0581436,13.505355,9.03121,6.5791626
ddc_dzo_05648,labeled,Dorji,-0.26641214,10.922508,1.3487899,13.515482,9.341941,6.5961213
ddc_dzo_05645,labeled,Romeo,1.7598193,0.3064785,-0.1625228,10.018647,11.606839,7.0267715
ddc_dzo_05662,labeled,Romeo,1.8278315,-2.3685927,0.5213148,9.609103,11.503244,7.514611
ddc_dzo_05654,labeled,Romeo,3.5816517,-0.36911988,-0.9992579,10.22517,10.620456,8.959599
ddc_dzo_05638,labeled,Romeo,2.5624743,-1.0058343,0.41592407,10.196337,12.244179,7.8806777
ddc_dzo_05643,labeled,Thinley,-6.9693103,-2.0559845,-0.7552166,10.58679,5.2430077,9.790349
ddc_dzo_05634,labeled,Romeo,1.1977594,-1.8617252,0.18866456,10.293226,11.976103,8.03203
ddc_dzo_05640,labeled,Romeo,2.5846267,-1.4767469,-0.19950707,10.242159,11.534309,10.235017
ddc_dzo_05642,labeled,Romeo,2.9971797,0.288965,-0.25175238,12.243139,10.718515,9.923122
ddc_dzo_05674,labeled,Dorji,-0.43580997,8.187635,2.3574526,13.218096,8.905057,7.569403
ddc_dzo_05685,labeled,Romeo,2.1985633,-0.9794996,0.29529953,9.5162115,11.224919,8.998694
ddc_dzo_05676,labeled,Romeo,1.2736354,-1.5345144,0.6600896,11.184989,10.827708,8.556842
ddc_dzo_05682,labeled,Romeo,1.5412985,-0.5252365,-0.47978318,9.527887,9.672484,9.586907
ddc_dzo_05696,labeled,Romeo,1.4626096,0.18937135,1.8119795,11.633547,10.328907,7.914684
ddc_dzo_05695,labeled,Romeo,3.2257946,-1.2901607,0.8477421,10.544007,10.926188,7.210672
ddc_dzo_05694,labeled,Romeo,0.8747161,-1.1016405,-0.2574518,10.21262,10.313152,8.73023
ddc_dzo_05669,labeled,Thinley,-9.266047,-2.1114686,1.0381272,9.337899,4.687404,10.298886
ddc_dzo_05698,labeled,Thinley,-8.569528,-2.0850186,0.6855129,9.451275,5.054112,9.962065
ddc_dzo_05686,labeled,Romeo,0.59020424,-0.26000333,0.9257735,10.971264,9.670176,7.2732344
ddc_dzo_05670,labeled,Thinley,-9.521523,-1.2512298,0.6427049,10.355411,5.561965,10.515308
ddc_dzo_05665,labeled,Thinley,-9.315497,-1.7364604,-0.2742653,10.3828535,5.636901,10.96846
ddc_dzo_05683,labeled,Dorji,-0.53593373,9.277861,1.1990268,13.402276,9.035806,6.593959
ddc_dzo_05700,labeled,Romeo,1.5448623,-1.8509649,0.7704165,11.406572,11.542482,10.015284
ddc_dzo_05699,labeled,Romeo,3.0256486,0.54244244,-0.588089,9.715479,12.259143,6.8421955
ddc_dzo_05718,labeled,Romeo,1.8445125,-0.16825795,0.36291832,9.960341,10.952087,9.978598
ddc_dzo_02240,labeled,Romeo,2.895163,-0.11428571,1.3417377,9.501178,11.528833,6.818299
ddc_dzo_05717,labeled,Romeo,3.3247476,-0.5097499,0.52078533,10.1479645,11.456023,10.596032
ddc_dzo_05737,labeled,Thinley,-8.522863,-1.5034716,1.2969756,9.398865,5.416869,9.896254
ddc_dzo_05741,labeled,Dorji,-1.8594036,7.0513077,1.0297089,12.992565,9.305555,7.733925
ddc_dzo_05704,labeled,Romeo,2.4254353,-1.5277596,0.34201145,9.734348,12.157255,9.820608
ddc_dzo_05729,labeled,Romeo,2.9794004,-1.2901797,1.3361129,9.075265,10.423884,9.3375635
ddc_dzo_05705,labeled,Romeo,1.2876003,-2.4296472,-0.09297657,12.3613825,10.540556,10.0817175
ddc_dzo_05738,labeled,Thinley,-8.837688,-2.194643,1.4502953,9.405446,4.6189833,10.685813
ddc_dzo_05732,labeled,Romeo,0.9131007,-1.0943177,0.062895894,8.84171,11.9829035,7.666987
ddc_dzo_05735,labeled,Romeo,2.4334855,1.0923848,-0.561887,9.85323,12.059878,6.8655486
ddc_dzo_05733,labeled,Romeo,2.3106778,-1.7692649,0.18831015,8.49484,10.946293,8.761743
ddc_dzo_05722,labeled,Romeo,2.093898,-0.73804224,0.613775,8.939934,12.416952,7.7644897
ddc_dzo_05708,labeled,Romeo,2.4820232,0.030052185,1.083848,9.958983,10.272858,7.5592036
ddc_dzo_05727,labeled,Thinley,-5.6272388,-0.17662573,-0.561203,10.399675,6.3652143,11.048591
ddc_dzo_05724,labeled,Thinley,-5.2196064,-0.6571379,0.6358894,9.741348,9.368485,9.580643
ddc_dzo_05756,labeled,Romeo,1.5726155,-0.8742251,-0.4479921,9.474058,9.887009,10.693115
ddc_dzo_05761,labeled,Romeo,2.224413,-1.8715742,-0.24929585,10.397972,10.564202,8.193674
ddc_dzo_05697,labeled,Romeo,1.9896959,0.32109213,-0.3238325,9.346996,12.186964,7.2677474
ddc_dzo_05771,labeled,Thinley,-7.030278,-1.1430855,0.63239694,9.712331,5.3888927,9.970443
ddc_dzo_05744,labeled,Romeo,2.3519785,-0.301397,1.8022889,10.007875,12.439051,9.48431
ddc_dzo_05758,labeled,Romeo,2.4211998,-0.19004256,0.088903666,9.51474,12.189009,7.2398386
ddc_dzo_05753,labeled,Thinley,-10.857316,-1.9206522,1.795103,9.213246,4.917815,10.922444
ddc_dzo_05759,labeled,Romeo,-0.30784202,-1.5868546,-0.25972605,9.829477,10.131851,6.750408
ddc_dzo_05743,labeled,Romeo,1.1631563,-0.94932175,-0.96589345,11.832041,11.37683,8.274281
ddc_dzo_05757,labeled,Romeo,1.3668247,-1.3586578,1.104604,9.434268,11.722493,9.124147
ddc_dzo_05766,labeled,Romeo,2.1804378,-0.5709369,0.010595083,9.994363,10.420565,7.137518
ddc_dzo_05747,labeled,Romeo,2.8293614,-0.37319988,0.44964814,11.261907,11.16117,10.421362
ddc_dzo_05769,labeled,Thinley,-8.487379,-1.1039987,-0.3709476,9.96296,4.8098884,9.723002
ddc_dzo_05777,labeled,Romeo,3.7950954,-1.0442464,-0.26119757,11.7267275,11.62914,10.137547
ddc_dzo_05762,labeled,Namgay,-2.396985,-0.28797317,-11.837274,-4.75509,5.0331054,8.310463
ddc_dzo_05755,labeled,Romeo,1.5185137,-0.20618343,-0.010679483,11.394954,11.705299,9.777017
ddc_dzo_05749,labeled,Romeo,1.1296377,-0.7170317,0.4733635,9.04695,12.250668,9.217956
ddc_dzo_05803,labeled,Dorji,0.9509863,6.90676,1.0104504,13.394219,9.230533,6.433801
ddc_dzo_05893,labeled,Romeo,2.3544824,-0.4368441,0.5771773,9.260029,11.48238,10.452594
ddc_dzo_05812,labeled,Romeo,2.3992894,0.70408654,1.1886456,10.1829815,10.871887,7.7532625
ddc_dzo_05801,labeled,Romeo,2.2787821,-1.4056036,-0.15994103,9.201397,11.200582,8.499867
ddc_dzo_05778,labeled,Romeo,2.3382988,-0.64024305,1.0467246,11.830959,10.969857,9.11215
ddc_dzo_05798,labeled,Romeo,1.4490931,-0.8863907,-0.29646516,10.110836,10.933342,10.883654
ddc_dzo_05796,labeled,Thinley,-9.566203,-2.2916863,1.4764004,10.389409,5.4506903,10.311084
ddc_dzo_05786,labeled,Romeo,3.6472156,-0.7450342,-0.9886142,11.202111,11.287565,7.956777
ddc_dzo_05802,labeled,Romeo,3.0482762,-0.98465157,0.15200734,8.407279,11.851705,9.50923
ddc_dzo_05791,labeled,Romeo,1.7692932,-1.1758704,1.129564,9.192138,12.306563,7.798883
ddc_dzo_05813,labeled,Romeo,0.6256702,0.64034724,1.7403393,10.21596,11.008388,7.119822
ddc_dzo_05789,labeled,Dorji,0.85209775,4.590371,0.2220538,13.107369,9.450501,7.7775884
ddc_dzo_05782,labeled,Thinley,-8.431436,-1.0316272,-0.96093917,9.288563,4.7516136,10.023431
ddc_dzo_05784,labeled,Thinley,-9.978221,-1.9289856,1.1502728,10.198234,4.629314,10.670189
ddc_dzo_05779,labeled,Romeo,1.918287,-0.35470468,-0.07773769,11.455837,10.900843,9.008406
ddc_dzo_05781,labeled,Dorji,-1.8620458,7.504715,0.50335395,13.168278,9.059067,7.603454
ddc_dzo_05806,labeled,Romeo,2.2800972,0.18932128,1.4365425,12.326847,9.521175,8.422301
ddc_dzo_05795,labeled,Romeo,2.1679893,-2.3809586,-0.19823813,9.110561,11.87731,8.923728
ddc_dzo_07117,labeled,Romeo,2.327917,-0.6241858,-0.2905714,10.525255,10.3622675,7.7799964
ddc_dzo_05833,labeled,Romeo,2.2947893,-1.7329786,0.47585535,12.386915,10.824541,10.673309
ddc_dzo_05825,labeled,Romeo,1.1268239,-1.4796684,0.6244032,10.930601,11.227403,7.296724
ddc_dzo_05834,labeled,Romeo,2.332863,-0.22564793,-0.018578291,8.515404,11.705035,9.6124525
ddc_dzo_05836,labeled,Namgay,0.84349227,0.6975324,-1.9718447,9.970862,10.876113,11.019759
ddc_dzo_05830,labeled,Dorji,-0.39991713,6.4249597,-2.972372,13.067497,9.095453,6.507925
ddc_dzo_05824,labeled,Dorji,-0.6811229,8.981108,2.3450341,13.227034,9.393693,7.879461
ddc_dzo_05847,labeled,Thinley,-9.886791,-1.4002721,0.99281883,10.137513,5.6306562,11.379555
ddc_dzo_05827,labeled,Romeo,3.218737,0.6653112,0.6931865,11.572615,10.8762,10.163245
ddc_dzo_05850,labeled,Romeo,3.54171,-1.4584702,0.21941352,10.095507,10.498251,7.8381176
ddc_dzo_05837,labeled,Romeo,2.7751033,-0.8836603,-0.33451748,9.1845875,12.246677,9.273258
ddc_dzo_05852,labeled,Namgay,-3.288589,-0.56863624,-7.7821455,12.49085,5.5452433,5.7091208
ddc_dzo_05835,labeled,Romeo,-0.31521726,-0.5089073,0.30525398,8.647317,10.302698,10.140782
ddc_dzo_05829,labeled,Romeo,2.153569,0.96144795,-0.09162021,10.051313,10.589781,6.896371
ddc_dzo_05839,labeled,Romeo,2.852357,-0.5410143,0.1789183,10.675423,12.164433,9.3073
ddc_dzo_05870,labeled,Romeo,2.3533287,-1.8315315,-0.81181264,9.228283,10.618655,10.117453
ddc_dzo_05864,labeled,Romeo,3.5464654,2.2124686,0.5556195,10.695882,10.778452,9.497464
ddc_dzo_05884,labeled,Romeo,1.2449071,-0.74099725,0.0004440546,10.116877,10.295726,7.1386175
ddc_dzo_05882,labeled,Thinley,-10.627886,-1.05801,1.0760233,9.722923,4.2024503,9.894968
ddc_dzo_05876,labeled,Romeo,1.1740355,-1.1122794,-0.24326158,9.769453,12.176431,10.20586
ddc_dzo_05855,labeled,Romeo,2.9883854,-0.6773805,1.2973778,8.603443,11.619969,8.676119
ddc_dzo_05889,labeled,Dorji,-0.4773357,10.589028,-1.3584714,13.245496,9.23982,6.5578322
ddc_dzo_05891,labeled,Thinley,-7.661303,-0.8840556,1.7866387,10.180174,5.838737,10.674699
ddc_dzo_05888,labeled,Romeo,2.0885189,-2.6734626,1.0852509,8.9447,11.7081785,9.4922285
ddc_dzo_05857,labeled,Namgay,-1.302702,-0.106622756,-10.221016,13.081295,4.977822,5.522871
ddc_dzo_05887,labeled,Thinley,-9.550231,-1.3683554,0.7834544,9.921711,5.1795964,11.261641
ddc_dzo_05858,labeled,Thinley,-8.926305,-0.413939,-0.26455557,9.215943,4.75736,10.925478
ddc_dzo_05861,labeled,Dorji,-2.2149544,9.682861,-2.0182118,13.214455,9.108455,6.9208994
ddc_dzo_05854,labeled,Romeo,1.2975513,-1.6366374,1.2011757,11.865082,11.1832485,8.821759
ddc_dzo_05868,labeled,Romeo,2.9125786,-1.1594429,1.2176774,8.483327,11.873787,9.402324
ddc_dzo_05880,labeled,Romeo,1.0001383,-1.7275589,0.2495184,10.856347,10.079603,10.584722
ddc_dzo_05875,labeled,Romeo,1.0592515,-0.20370948,1.0640999,9.490673,11.19442,9.871111
ddc_dzo_05902,labeled,Dorji,-0.62251663,9.2239,0.88483715,13.57004,8.74946,6.076973
ddc_dzo_05899,labeled,Thinley,-9.168521,-1.2123015,0.021708965,10.257571,6.0213013,11.2832575
ddc_dzo_05906,labeled,Romeo,1.6393018,-0.3141501,0.42671478,10.7137,10.493026,7.1957164
ddc_dzo_05894,labeled,Romeo,3.665413,-1.5502894,1.0150914,11.472304,11.438955,10.00159
ddc_dzo_05900,labeled,Romeo,3.1061196,-0.430295,-0.6316998,8.419653,11.844879,9.281185
ddc_dzo_05912,labeled,Thinley,-8.171365,-0.30298722,0.44266284,10.488985,5.325642,9.869628
ddc_dzo_05910,labeled,Namgay,0.6635866,-1.383869,-3.0343492,8.82705,11.872042,9.19926
ddc_dzo_05908,labeled,Namgay,-0.16221881,-0.62078005,-12.515379,-5.1641245,5.6213665,8.586687
ddc_dzo_05897,labeled,Thinley,-9.009212,-1.355402,0.76881814,9.406922,5.4459352,11.131665
ddc_dzo_05921,labeled,Romeo,1.6188605,-1.1916742,-1.3029428,9.717375,11.643612,10.38188
ddc_dzo_05909,labeled,Romeo,1.629718,-1.1155269,-0.048104405,11.13653,10.54273,7.563833
ddc_dzo_05926,labeled,Thinley,-10.099069,-2.4295852,1.6922402,9.950061,5.58302,11.403639
ddc_dzo_05896,labeled,Dorji,0.22880578,7.373313,0.2415556,12.626547,9.767359,7.410791
ddc_dzo_05904,labeled,Romeo,2.7563415,-1.5494425,0.55177474,10.321118,11.860738,7.3331513
ddc_dzo_05930,labeled,Romeo,1.7045071,-1.1857831,0.7529337,12.045093,11.236,9.189547
ddc_dzo_05898,labeled,Romeo,2.4596837,-1.3393815,0.10273361,10.453968,11.412232,10.429845
ddc_dzo_05920,labeled,Romeo,2.632217,-0.98388004,0.41337824,9.964463,12.048289,8.777914
ddc_dzo_05966,labeled,Romeo,3.8386924,0.3970198,0.13300824,11.231359,11.35357,9.262104
ddc_dzo_05950,labeled,Romeo,2.0679572,-1.5020863,0.27956903,10.50611,9.729195,7.314094
ddc_dzo_05936,labeled,Romeo,2.435253,-0.06807339,1.170603,9.816919,12.596839,9.24561
ddc_dzo_05958,labeled,Romeo,3.3272152,-2.3786466,0.29006577,10.497281,10.687128,10.89021
ddc_dzo_05932,labeled,Romeo,3.590973,-2.2442987,-0.62421274,9.000325,12.390565,7.5149817
ddc_dzo_05945,labeled,Romeo,1.6608553,-0.7286712,0.629298,9.765872,12.524931,9.023212
ddc_dzo_05947,labeled,Namgay,-1.292558,-0.3762753,-2.92388,10.947939,11.1018915,7.601166
ddc_dzo_05955,labeled,Romeo,1.7340367,-0.116295576,-0.30721498,10.6186695,12.164446,8.769543
ddc_dzo_05937,labeled,Dorji,-2.4944715,6.5679297,0.6281071,13.304767,8.520783,7.610317
ddc_dzo_05949,labeled,Thinley,-11.51943,-1.7131928,2.1805487,9.985649,4.326726,10.455492
ddc_dzo_05943,labeled,Thinley,-9.198376,-1.5570604,0.034374237,9.280002,4.551302,10.7109785
ddc_dzo_05941,labeled,Thinley,-8.286428,-1.8009756,0.52651334,10.308983,4.6065087,10.036228
ddc_dzo_05938,labeled,Romeo,3.234224,-0.24033546,0.10245603,10.512861,11.171098,10.444042
ddc_dzo_05946,labeled,Dorji,-1.4376373,10.077475,1.5448778,13.707965,8.99053,6.440876
ddc_dzo_05952,labeled,Thinley,-9.412954,-1.2503152,2.2981026,9.296375,5.413416,10.155995
ddc_dzo_05962,labeled,Romeo,2.941897,-0.5210453,-0.19154477,8.550045,11.804984,9.57573
ddc_dzo_05969,labeled,Dorji,-2.3689685,7.6794453,1.9282274,13.202291,9.275245,7.087665
ddc_dzo_05957,labeled,Romeo,3.1661181,-0.9910488,-0.10129309,9.550143,11.242416,6.81984
ddc_dzo_05961,labeled,Romeo,-0.1985457,-1.4183434,0.55937624,11.253151,10.2533655,7.9699473
ddc_dzo_05935,labeled,Romeo,1.4559171,-1.2059374,-0.047166348,12.170062,10.983244,10.820871
ddc_dzo_06002,labeled,Romeo,2.3445015,-1.142987,1.180305,9.911018,12.582522,8.047967
ddc_dzo_05923,labeled,Romeo,2.8955774,0.003193736,-0.13292503,11.145296,10.622129,10.100839
ddc_dzo_06005,labeled,Romeo,0.10752667,-1.5382552,-1.5395064,9.472853,10.035612,7.032826
ddc_dzo_05984,labeled,Romeo,1.7334774,0.74219394,1.2530551,10.017702,12.072954,7.892857
ddc_dzo_06003,labeled,Romeo,2.5730474,-1.6684725,0.3715644,9.410426,12.442774,6.6882076
ddc_dzo_05997,labeled,Romeo,1.5637115,-1.7446256,-0.20695639,9.845016,10.707679,11.046785
ddc_dzo_05973,labeled,Namgay,-2.397271,-0.564785,-12.779695,-5.107946,5.386687,8.587426
ddc_dzo_05976,labeled,Romeo,1.4339788,-1.0746986,0.05487442,11.332535,10.80286,9.291798
ddc_dzo_05971,labeled,Romeo,1.4352703,-0.255086,0.46862197,10.137561,12.293631,8.395678
ddc_dzo_05990,labeled,Romeo,1.4772115,-2.2056491,-0.07463646,10.480337,12.344038,8.654692
ddc_dzo_06006,labeled,Namgay,-0.8540096,0.8762715,-7.393791,12.669357,5.524647,5.4306827
ddc_dzo_05991,labeled,Thinley,-9.447912,-2.1484566,-0.74436975,10.479735,4.737418,9.47845
ddc_dzo_05989,labeled,Thinley,-9.198683,-1.0492067,0.78908074,10.009206,4.9886165,10.70111
ddc_dzo_05986,labeled,Thinley,-10.577398,-1.543364,1.6335528,9.77558,5.270426,11.221344
ddc_dzo_05272,labeled,Romeo,2.901021,-2.566851,1.8262963,11.887121,10.9158325,9.678553
ddc_dzo_06041,labeled,Romeo,2.727801,-1.8981574,-0.21062946,9.003665,11.256719,8.056792
ddc_dzo_06025,labeled,Romeo,2.046001,0.3104334,1.305694,10.858727,10.939592,7.918614
ddc_dzo_06022,labeled,Romeo,0.4321799,-1.2942393,0.56672335,11.330254,10.858969,9.883634
ddc_dzo_06033,labeled,Romeo,2.8910794,-1.1892157,0.5105158,8.448973,10.75293,9.504547
ddc_dzo_06011,labeled,Romeo,2.0551763,-1.1315091,0.6510023,10.612549,11.793343,10.479225
ddc_dzo_06021,labeled,Romeo,2.7629511,-0.8163144,0.79570484,9.474954,12.246234,8.970132
ddc_dzo_06028,labeled,Romeo,1.8634691,-1.0952811,1.220072,10.195867,12.07308,7.768981
ddc_dzo_06026,labeled,Thinley,-8.295775,-1.724105,1.5160277,9.852202,4.6025405,9.593377
ddc_dzo_06014,labeled,Dorji,-0.9002459,14.036472,1.4653003,13.516761,8.765932,7.058326
ddc_dzo_06032,labeled,Romeo,3.1829667,0.15358615,-0.22965598,11.477838,10.868947,9.505479
ddc_dzo_06010,labeled,Romeo,3.297996,-1.3366497,-1.5046799,8.91952,12.529676,7.570134
ddc_dzo_06036,labeled,Romeo,3.2828403,-0.37075925,0.39591312,11.881018,10.0233965,9.58444
ddc_dzo_06042,labeled,Romeo,1.6074393,-1.2163681,0.2712984,9.648867,9.828373,9.906711
ddc_dzo_06030,labeled,Romeo,1.8913275,-2.2704368,-0.98700833,9.251834,12.163477,7.7910705
ddc_dzo_06054,labeled,Romeo,1.8897581,-1.779073,0.3847432,12.273744,11.207713,10.378618
ddc_dzo_09098,labeled,Romeo,2.370265,1.1010056,1.3819296,10.527352,9.825173,7.669555
ddc_dzo_06067,labeled,Romeo,3.442834,-0.73884535,0.6502685,11.814142,11.606575,9.811504
ddc_dzo_06049,labeled,Thinley,-6.736146,-0.9581556,0.20859528,10.245588,5.980658,10.060573
ddc_dzo_06057,labeled,Romeo,1.8530171,-1.4698906,-0.1490767,9.566902,12.666722,7.8500667
ddc_dzo_06076,labeled,Dorji,0.59107196,8.025245,0.33785534,13.258468,9.176757,6.3772025
ddc_dzo_06066,labeled,Dorji,-2.225279,10.754225,1.1943507,13.518619,8.662664,6.375904
ddc_dzo_06079,labeled,Romeo,3.2420006,-0.026850104,-0.5512881,10.52999,10.99271,11.346094
ddc_dzo_06073,labeled,Romeo,2.3516436,-2.6112113,0.034285635,10.170269,12.199111,7.8128657
ddc_dzo_06064,labeled,Romeo,0.92203283,-2.2938414,0.03474605,9.58271,11.609109,8.979124
ddc_dzo_06069,labeled,Romeo,-0.28379625,-0.26810294,1.1953456,10.616039,10.773622,8.09748
ddc_dzo_06061,labeled,Dorji,0.37544286,5.0377107,0.9671751,11.744255,9.687352,8.1973095
ddc_dzo_06045,labeled,Thinley,-6.643907,0.7039337,0.39551336,10.00646,4.3401203,9.568787
ddc_dzo_06088,labeled,Romeo,2.3977103,-0.059560776,0.39785528,12.23613,11.322975,10.513911
ddc_dzo_06123,labeled,Romeo,1.1653924,0.7533698,-1.5012388,10.80723,11.338267,10.737351
ddc_dzo_06087,labeled,Dorji,-0.8040688,6.076569,0.95550764,12.704761,9.617556,7.4582477
ddc_dzo_06101,labeled,Romeo,3.2892694,-0.37788486,-0.046812773,9.721233,10.266431,7.7143745
ddc_dzo_06124,labeled,Thinley,-7.051657,-0.8189554,0.14440656,9.630789,4.3507595,9.551036
ddc_dzo_06113,labeled,Romeo,2.3299487,-2.7805276,-0.37694448,10.036411,12.376389,9.500698
ddc_dzo_06103,labeled,Namgay,-1.8789291,0.95442533,-15.954277,12.645311,4.7633047,5.2767773
ddc_dzo_06100,labeled,Dorji,-1.6933112,11.160033,-1.7251858,13.432372,8.804608,6.4754868
ddc_dzo_06112,labeled,Thinley,-8.19323,-0.8338749,-0.2954623,9.843413,5.309654,10.905752
ddc_dzo_06089,labeled,Thinley,-9.114965,-0.17813206,0.9411812,10.065267,4.836512,10.819652
ddc_dzo_06118,labeled,Thinley,-9.081368,-0.4535518,0.27432632,9.899554,5.399996,9.875554
ddc_dzo_06105,labeled,Romeo,2.74638,-2.289439,1.3780836,9.515669,12.236131,9.41354
ddc_dzo_06107,labeled,Thinley,-6.8467155,-0.505569,0.5348711,10.446341,6.384462,11.018402
ddc_dzo_06099,labeled,Thinley,-8.406247,-0.80690217,0.5635388,10.066074,5.674418,10.079465
ddc_dzo_06098,labeled,Thinley,-9.8847,-1.9896053,-0.14441252,10.606263,5.0336614,10.333155
ddc_dzo_06093,labeled,Romeo,-0.8182254,-0.3476858,-1.7971997,8.796369,10.592412,10.39336
ddc_dzo_06114,labeled,Romeo,2.4631252,0.63645077,-1.26966,9.437096,12.515417,6.4892464
ddc_dzo_06095,labeled,Romeo,3.0073347,-1.8222935,-2.1813219,10.338665,11.013348,6.695189
ddc_dzo_06097,labeled,Romeo,1.2684273,-2.1215544,1.585623,10.8916645,11.349121,10.787306
ddc_dzo_06109,labeled,Romeo,3.073743,-0.6726208,1.3601086,9.549293,12.317369,6.7615714
ddc_dzo_00228,labeled,Romeo,3.5883267,-2.7472801,1.018877,11.694436,11.271977,10.053908
ddc_dzo_06142,labeled,Romeo,2.756381,-1.0718019,-0.24427539,10.739256,11.348579,7.966322
ddc_dzo_06131,labeled,Romeo,1.4749314,-1.6338271,-0.6847334,10.484472,12.044997,10.295004
ddc_dzo_07174,labeled,Romeo,2.0684156,-0.60879755,1.5851431,8.408652,11.685149,8.713118
ddc_dzo_06144,labeled,Romeo,2.8890238,-2.0272722,-0.60383415,10.7532015,11.117298,7.5770206
ddc_dzo_06139,labeled,Thinley,-6.5360017,-0.91038805,0.97588277,10.61848,5.810105,10.493392
ddc_dzo_06133,labeled,Dorji,-0.09794401,8.361846,1.2441068,13.533301,8.959749,7.835
ddc_dzo_06148,labeled,Romeo,2.193761,-1.845441,-0.30853844,9.243035,12.553856,7.6574965
ddc_dzo_06128,labeled,Dorji,0.9936251,6.595124,0.724246,13.137137,9.461759,7.035297
ddc_dzo_06146,labeled,Thinley,-8.772577,-1.12044,0.8121532,9.260775,5.348164,10.3327055
ddc_dzo_06150,labeled,Thinley,-8.255845,-1.3193668,1.2447834,10.628974,5.136351,10.234722
ddc_dzo_06126,labeled,Yigzin,0.7134665,0.10923159,-1.2329869,9.80339,12.748786,7.935955
ddc_dzo_06145,labeled,Romeo,3.7588158,-1.6504753,0.780357,8.732175,12.104008,9.317206
ddc_dzo_06159,labeled,Dorji,-0.49716926,7.442893,0.72689056,13.376046,8.815027,6.8007812
ddc_dzo_09976,labeled,Romeo,2.1658616,-1.0966916,-0.19170594,10.510102,10.825155,6.994756
ddc_dzo_08706,labeled,Romeo,2.2643778,-1.1291513,1.0041451,11.444002,10.118873,7.646077
ddc_dzo_06155,labeled,Thinley,-6.3392425,-0.63993573,0.9763165,9.686826,5.2813087,9.547567
ddc_dzo_06153,labeled,Romeo,3.4376514,-1.4291304,-0.19522798,9.852619,11.942603,8.907488
ddc_dzo_06158,labeled,Romeo,2.0906148,-0.5464411,0.5727258,9.225262,11.710657,6.74467
ddc_dzo_06171,labeled,Romeo,2.329387,-0.82033324,0.57457185,9.453613,10.615376,8.511078
ddc_dzo_06168,labeled,Thinley,-8.049067,-1.2593238,1.7006122,10.102659,5.0388436,10.4877615
ddc_dzo_06169,labeled,Romeo,1.9539212,-1.2634718,0.97381186,10.448581,11.426795,9.860601
ddc_dzo_06165,labeled,Romeo,3.3480265,0.40153396,0.10607125,10.713768,10.645401,7.3171463
ddc_dzo_06175,labeled,Thinley,-7.177538,-2.218419,0.5467856,9.711879,5.291371,9.658732
ddc_dzo_06170,labeled,Romeo,2.5657606,0.56319714,-0.46587467,9.096045,11.974282,6.9013753
ddc_dzo_06154,labeled,Romeo,1.896737,-0.9793981,1.4436854,10.435699,11.366975,9.420143
ddc_dzo_06180,labeled,Romeo,1.8250723,-1.6136382,0.34491834,10.112782,11.667786,8.1599865
ddc_dzo_05933,labeled,Romeo,1.5448802,0.9219714,0.25923908,10.811192,9.681308,8.206283
ddc_dzo_06189,labeled,Romeo,2.4406478,0.11893988,-1.2653081,8.814789,10.491147,10.376109
ddc_dzo_06197,labeled,Thinley,-6.5922546,-2.152264,0.19500482,10.316482,4.933211,9.320202
ddc_dzo_06195,labeled,Romeo,1.174398,-0.42216992,0.77339494,11.876898,11.298878,8.723795
ddc_dzo_06192,labeled,Romeo,2.4622154,-1.3288765,0.18660355,11.108319,11.30903,9.638916
ddc_dzo_06207,labeled,Dorji,-2.7439387,9.257132,0.24465561,13.677215,8.263931,6.9705734
ddc_dzo_06190,labeled,Romeo,1.6486766,0.028172731,-0.6550298,10.724136,11.347713,10.343253
ddc_dzo_06184,labeled,Romeo,2.1962063,-0.6119922,-0.24155521,8.548966,11.630838,9.4475355
ddc_dzo_06205,labeled,Thinley,-10.367367,-1.9735472,1.0425272,9.680476,5.229284,10.515307
ddc_dzo_06206,labeled,Namgay,0.3846612,-0.49934196,-9.915354,-4.9960546,5.1513085,8.565207
ddc_dzo_06201,labeled,Thinley,-8.03681,-0.93159586,1.3288558,10.639412,5.948565,10.754121
ddc_dzo_06188,labeled,Dorji,-0.68206716,7.193519,1.1237736,13.4219055,8.84853,6.412204
ddc_dzo_06203,labeled,Thinley,-6.021367,0.42823812,0.6419173,10.124619,4.9861746,9.973121
ddc_dzo_06199,labeled,Romeo,-0.014678359,-0.44651246,1.2528445,10.296505,11.099706,10.776288
ddc_dzo_02626,labeled,Romeo,2.3946013,-1.7407577,0.7343197,12.193462,10.966131,9.701657
ddc_dzo_06229,labeled,Romeo,1.8262978,-1.2591501,0.25581086,10.950441,12.300325,9.445166
ddc_dzo_06232,labeled,Romeo,1.8859608,-1.1292133,-0.18511343,10.478387,10.6947775,10.827388
ddc_dzo_06235,labeled,Romeo,1.0343084,-0.48124087,0.5776067,10.003548,11.544269,8.293085
ddc_dzo_06221,labeled,Romeo,1.8813994,-0.9155147,1.4746815,9.659421,11.4613285,9.817353
ddc_dzo_06210,labeled,Thinley,-8.531403,-1.0883615,1.8340924,10.490469,5.697295,10.841937
ddc_dzo_06211,labeled,Dorji,-0.3974613,5.94376,0.662251,13.600917,8.552102,7.2033324
ddc_dzo_07175,labeled,Dorji,-0.42850184,8.303443,0.47818708,13.5792055,8.927201,6.3995
ddc_dzo_06215,labeled,Romeo,2.5483618,-0.42627227,0.48795247,10.347451,11.840416,9.743325
ddc_dzo_06220,labeled,Romeo,1.9459869,-0.10272586,0.7159254,11.4032755,10.690884,8.736177
ddc_dzo_06226,labeled,Romeo,1.5738769,0.2005333,1.259234,10.988815,11.655768,10.675065
ddc_dzo_06233,labeled,Romeo,1.4530113,-1.2850661,1.0790132,10.73596,10.658246,8.118435
ddc_dzo_06225,labeled,Romeo,1.8626819,-1.5108645,0.30980587,11.066031,11.440978,10.149912
ddc_dzo_06212,labeled,Romeo,1.08213,-0.90053326,0.5143992,9.065478,10.786431,9.906736
ddc_dzo_06237,labeled,Romeo,2.28136,-1.4451327,0.8700676,10.888211,10.398493,10.674113
ddc_dzo_06243,labeled,Romeo,1.7646084,-0.27247703,0.9557338,11.332151,10.688557,9.8838415
ddc_dzo_06255,labeled,Romeo,2.2278159,-0.5062307,0.07392454,9.529238,11.315641,8.405975
ddc_dzo_06256,labeled,Romeo,3.3024716,-0.8416213,0.21245337,9.751587,12.526697,7.757298
ddc_dzo_06244,labeled,Romeo,2.9028373,-0.56374717,0.24566138,8.641947,11.949539,8.627405
ddc_dzo_06251,labeled,Dorji,-0.35890722,5.3789577,-0.2982583,12.025624,10.34653,9.291348
ddc_dzo_06252,labeled,Romeo,1.5037379,-1.4128771,1.3833287,10.523514,10.949848,7.297772
ddc_dzo_06247,labeled,Romeo,1.4410224,-0.519053,0.8900049,8.723517,10.958341,7.781312
ddc_dzo_06248,labeled,Romeo,2.1595592,-0.98930776,-0.16821814,9.577199,11.645262,7.2935143
ddc_dzo_06260,labeled,Thinley,-10.637377,-2.278279,0.95253146,9.444487,4.688235,10.003557
ddc_dzo_06245,labeled,Dorji,0.7612891,8.153505,0.65984344,13.293842,8.642515,7.7607183
ddc_dzo_06240,labeled,Thinley,-8.814624,-0.23361874,-0.3600312,9.912417,5.675403,10.22341
ddc_dzo_06262,labeled,Thinley,-9.568835,-0.40094882,0.5182009,10.172371,4.6714377,10.330509
ddc_dzo_06242,labeled,Romeo,0.4651783,-1.1369767,-0.22464132,11.68056,10.466589,8.758713
ddc_dzo_06249,labeled,Romeo,1.8473141,-0.5283804,0.22953582,11.0816765,10.557957,10.276052
ddc_dzo_06238,labeled,Romeo,1.7887559,-0.9118999,-1.334589,10.638795,10.16486,9.117975
ddc_dzo_06269,labeled,Romeo,2.8249426,-1.4704859,0.14268184,8.548895,12.190372,9.278847
ddc_dzo_06272,labeled,Romeo,2.7631426,-0.6012101,0.17682862,9.99953,10.040909,8.340629
ddc_dzo_06274,labeled,Romeo,1.6747761,-1.2980542,0.7449248,11.470609,10.936092,7.936168
ddc_dzo_06289,labeled,Romeo,0.7701545,-1.2747327,0.64771307,9.342453,9.934031,8.676722
ddc_dzo_06275,labeled,Nima,-0.006706476,1.5540212,-4.4152923,9.778055,9.820046,10.005584
ddc_dzo_06268,labeled,Dorji,-2.3744078,8.108197,1.6265545,13.404255,8.035249,7.0913844
ddc_dzo_06273,labeled,Romeo,2.172559,-0.28891408,-0.5899575,11.096952,12.277582,8.616273
ddc_dzo_06284,labeled,Romeo,3.3768506,-1.2422553,1.1862508,9.521879,12.031586,9.3560915
ddc_dzo_06288,labeled,Romeo,2.1936054,-0.43251455,0.07476759,8.800503,12.321392,7.764983
ddc_dzo_06286,labeled,Thinley,-7.6885467,-1.4113096,0.9042224,10.123687,4.918936,9.867194
ddc_dzo_06287,labeled,Dorji,-0.24054249,5.982789,1.1370019,13.4134245,9.224723,6.4874983
ddc_dzo_06281,labeled,Dorji,-1.9186447,9.176815,2.036,13.649671,8.479524,7.164803
ddc_dzo_06277,labeled,Romeo,2.247723,-1.0232465,0.8672328,11.365882,10.626653,10.246836
ddc_dzo_06290,labeled,Romeo,0.641598,-0.24931249,0.32655805,9.860358,10.450759,7.4390225
ddc_dzo_06282,labeled,Romeo,0.60569525,-0.9691458,-0.14814621,9.129325,11.382069,9.030226
ddc_dzo_06001,labeled,Romeo,0.5059479,0.7366853,1.0300672,11.234489,9.88068,7.5134506
ddc_dzo_07320,labeled,Thinley,-7.284699,0.121429205,0.746457,10.217904,4.8399014,9.486997
ddc_dzo_06302,labeled,Romeo,1.8666248,0.91675854,-0.2609368,12.239473,11.23907,8.796109
ddc_dzo_06311,labeled,Romeo,1.9442644,-1.6362618,0.813622,9.50912,11.365476,8.626126
ddc_dzo_06299,labeled,Namgay,0.19776487,2.3376856,-9.380186,12.5466585,5.5068574,5.377111
ddc_dzo_06297,labeled,Thinley,-7.971139,1.1326132,0.530439,9.316912,4.8486276,10.876962
ddc_dzo_06296,labeled,Romeo,1.1839131,-1.2810793,1.0904952,10.611945,9.9267025,7.475357
ddc_dzo_06315,labeled,Romeo,1.9100273,0.38802207,0.26277447,9.496189,12.205335,6.9051156
ddc_dzo_06321,labeled,Romeo,3.459222,-1.5867611,-1.0576079,9.715708,12.736219,8.528754
ddc_dzo_06306,labeled,Thinley,-7.998357,-1.89935,0.2622614,10.469139,5.6737337,10.442854
ddc_dzo_06319,labeled,Romeo,3.1048937,0.2888811,-0.30194628,8.872208,10.984243,8.387947
ddc_dzo_06308,labeled,Romeo,2.005664,0.9625795,0.92687845,10.156286,11.058687,6.9101977
ddc_dzo_06307,labeled,Romeo,1.5609207,-0.86169827,0.58143127,10.256433,11.446517,8.231165
ddc_dzo_06320,labeled,Romeo,3.6144674,-0.9549751,-1.3998077,11.391431,10.824069,10.772011
ddc_dzo_06317,labeled,Romeo,2.9712334,0.66333497,0.08669829,9.767919,10.01148,7.5187364
ddc_dzo_06318,labeled,Romeo,1.826828,-1.7630963,-0.28412652,10.162603,10.75264,8.534389
ddc_dzo_06322,labeled,Romeo,1.9417586,-1.1901383,-0.49580383,9.808787,12.3296,8.243308
ddc_dzo_06314,labeled,Romeo,2.5152326,-2.0468485,0.28539658,10.102376,12.433261,8.296407
ddc_dzo_06340,labeled,Romeo,1.870647,-1.9561825,0.24381621,9.497965,11.382497,8.630787
ddc_dzo_00546,labeled,Romeo,1.8672867,-0.8816496,-0.11778426,12.162995,11.176331,10.205231
ddc_dzo_06335,labeled,Romeo,0.97774637,-1.1839565,0.62710047,11.268618,9.804672,8.200795
ddc_dzo_06338,labeled,Romeo,0.6684107,-1.0632035,-0.042256713,11.464802,9.407111,8.30786
ddc_dzo_06349,labeled,Romeo,2.0952287,0.26302075,-0.6832946,11.046996,10.740972,9.359708
ddc_dzo_06331,labeled,Romeo,2.1996548,-1.8343225,1.9934964,9.94796,9.80989,8.020013
ddc_dzo_06337,labeled,Romeo,2.1822171,-1.4345174,0.22039568,9.155838,11.448096,7.9812937
ddc_dzo_06350,labeled,Romeo,2.3304086,-0.7739469,0.00018185377,10.859148,10.183509,7.670125
ddc_dzo_06339,labeled,Romeo,2.2607214,-0.9520421,0.43311843,9.945424,11.471768,10.964807
ddc_dzo_06343,labeled,Romeo,1.2431571,-0.6297666,0.8217867,9.527245,11.782114,10.529396
ddc_dzo_06334,labeled,Romeo,3.0339856,-1.8559806,-0.85252905,8.920385,11.96843,7.2118
ddc_dzo_06333,labeled,Romeo,1.7897105,-0.3271916,0.500088,8.909226,11.644504,7.4070587
ddc_dzo_06326,labeled,Romeo,2.0493536,-0.7408191,0.018110752,9.453318,10.672849,10.074982
ddc_dzo_06325,labeled,Romeo,1.3049756,-0.7789614,1.8032067,11.812426,10.946567,8.574694
ddc_dzo_06332,labeled,Romeo,2.698161,-0.78684425,0.5513139,12.184625,10.348968,9.39371
ddc_dzo_06347,labeled,Romeo,2.8184557,-0.14581728,0.55502105,8.586417,10.821801,10.113518
ddc_dzo_06354,labeled,Romeo,3.6164086,-0.47846526,1.1340417,11.958244,9.707077,8.304605
ddc_dzo_02584,labeled,Romeo,2.645928,-1.5350078,0.07264925,11.043879,10.163615,7.605553
ddc_dzo_06374,labeled,Romeo,1.6711121,-2.5214458,-0.41960377,9.779001,12.683137,8.013737
ddc_dzo_06380,labeled,Romeo,1.4265671,-0.9060608,0.27906132,10.414858,11.691947,10.322211
ddc_dzo_06367,labeled,Romeo,1.7969532,-1.9754226,0.40659618,8.439566,12.011783,8.63297
ddc_dzo_06370,labeled,Romeo,1.6300206,0.75360924,0.32275915,9.574432,10.679425,7.8795576
ddc_dzo_06369,labeled,Romeo,1.9428778,-1.4713407,0.5812082,10.29285,10.85257,8.5180435
ddc_dzo_06362,labeled,Romeo,1.1498501,-0.17248678,1.0498259,11.065707,11.226587,7.729137
ddc_dzo_06377,labeled,Thinley,-8.391641,-2.577292,0.9842583,9.624387,4.1548595,9.932066
ddc_dzo_06376,labeled,Nima,1.629337,1.1258464,-1.86061,9.82506,10.633933,7.4350986
ddc_dzo_06360,labeled,Romeo,3.0724618,-0.047154903,0.31612062,10.513736,10.826666,10.081971
ddc_dzo_06353,labeled,Romeo,3.196343,-1.5921938,0.63453734,11.550506,10.771077,7.915048
ddc_dzo_06359,labeled,Romeo,0.8293084,-0.44185477,0.6471257,8.4743395,12.18269,9.160376
ddc_dzo_06385,labeled,Romeo,2.1600845,-0.33309406,1.9945899,9.724632,10.481452,8.818667
ddc_dzo_06409,labeled,Namgay,-0.89843845,-0.14953113,-11.502336,12.5781765,4.9043746,5.152909
ddc_dzo_01032,labeled,Namgay,-0.037784576,0.057406187,-9.572846,13.07116,5.235484,5.5263944
ddc_dzo_06383,labeled,Thinley,-6.925899,-0.8636098,0.6028969,9.256632,5.5559645,11.015237
ddc_dzo_06391,labeled,Thinley,-10.101204,-1.2841172,1.8525672,10.098369,4.4048953,10.218734
ddc_dzo_06404,labeled,Romeo,1.5806456,-1.8902766,-1.0571831,11.701646,10.87665,10.080437
ddc_dzo_06390,labeled,Thinley,-9.850143,-2.135601,1.2251725,10.220558,4.909788,10.799809
ddc_dzo_06401,labeled,Thinley,-7.443641,-0.7956026,0.35752296,10.203179,5.5448623,11.256736
ddc_dzo_06382,labeled,Romeo,1.346694,-1.7840161,-0.3226907,8.939007,11.864591,8.185484
ddc_dzo_06402,labeled,Romeo,1.7636366,-0.9116688,-0.10705948,8.377694,10.916925,9.775143
ddc_dzo_06403,labeled,Dorji,0.1412456,8.803756,-0.61934084,13.546499,8.395015,6.963841
ddc_dzo_06405,labeled,Dorji,0.974797,5.8398542,0.30261135,13.426414,8.749004,6.9357347
ddc_dzo_06394,labeled,Romeo,0.52661157,-0.19317472,0.32991695,12.105033,10.862443,10.750456
ddc_dzo_06407,labeled,Romeo,0.3891977,-2.510284,0.92006993,11.555779,10.450445,9.170708
ddc_dzo_06397,labeled,Romeo,2.2532506,-0.80075824,0.82600117,12.29274,10.70054,10.293029
ddc_dzo_04754,labeled,Namgay,-0.3165865,0.31341386,-11.6133995,13.148365,4.9804745,5.571423
ddc_dzo_06433,labeled,Romeo,0.6056059,-1.4732237,-0.0060133934,8.828913,10.393706,10.386051
ddc_dzo_06412,labeled,Romeo,2.575753,-1.6997073,0.36428344,9.085155,11.659901,10.268662
ddc_dzo_06416,labeled,Romeo,2.4200442,-0.42692697,0.8379606,11.303115,12.199506,9.057094
ddc_dzo_06438,labeled,Romeo,2.336936,-0.68830156,-0.04677081,10.961274,10.365167,9.172328
ddc_dzo_06430,labeled,Romeo,3.1170955,-0.3065095,1.2148819,11.558201,10.192643,7.875056
ddc_dzo_06440,labeled,Romeo,0.72812283,-1.015773,0.426831,8.72978,10.257897,10.206368
ddc_dzo_06415,labeled,Dorji,0.46184337,7.9331894,0.0052194595,13.439291,8.447012,7.507211
ddc_dzo_06413,labeled,Romeo,1.5964566,-0.837322,-0.08880687,10.635634,10.505344,7.8664446
ddc_dzo_06432,labeled,Romeo,2.6428194,-1.7650709,0.76352406,10.710186,9.441862,7.599422
ddc_dzo_06426,labeled,Thinley,-6.9506707,0.5430137,0.45258093,10.102479,4.7627807,9.3384285
ddc_dzo_06437,labeled,Thinley,-9.116122,0.39397287,0.96465874,9.166427,4.7011895,10.881796
ddc_dzo_06424,labeled,Romeo,3.55619,-0.9853246,2.512356,11.515233,11.045272,8.605622
ddc_dzo_06434,labeled,Romeo,2.04331,-0.853023,0.6392578,10.915853,10.795365,8.783899
ddc_dzo_06452,labeled,Romeo,3.8252728,-1.6068367,0.675035,11.423778,9.760064,8.836198
ddc_dzo_06465,labeled,Romeo,2.795813,-1.4071553,-0.26523077,11.574097,10.486954,8.158893
ddc_dzo_06460,labeled,Romeo,2.8785057,-1.2065396,0.14187336,10.670927,10.886881,8.59921
ddc_dzo_02307,labeled,Romeo,1.4639378,-0.08194637,-0.7775305,10.454568,10.836734,7.009497
ddc_dzo_06450,labeled,Romeo,3.387393,-1.2920129,0.20472574,9.928289,11.302765,7.966865
ddc_dzo_06457,labeled,Romeo,2.1405106,-0.010383844,1.29244,8.629109,11.389987,8.48686
ddc_dzo_06468,labeled,Romeo,2.4341521,-2.007657,0.6968957,10.783606,11.502386,7.510501
ddc_dzo_06463,labeled,Thinley,-7.5928116,-0.82912314,0.305058,10.387618,4.6235824,9.989548
ddc_dzo_06466,labeled,Dorji,0.5596918,7.9139385,1.9653285,13.623702,8.988128,6.614507
ddc_dzo_06451,labeled,Romeo,2.2667384,-0.947865,-0.20394397,8.455546,10.780909,9.852292
ddc_dzo_06446,labeled,Romeo,2.441291,-1.2450254,0.89236546,9.025324,12.507306,8.458656
ddc_dzo_06464,labeled,Romeo,2.5749745,-0.7288003,0.24788225,9.032503,11.618983,8.583144
ddc_dzo_06445,labeled,Namgay,0.37284127,1.483949,-2.816867,10.946615,10.355608,5.9120226
ddc_dzo_06461,labeled,Thinley,-7.421174,-0.8520673,1.345534,9.69697,5.357482,9.683565
ddc_dzo_06447,labeled,Romeo,2.3188767,-0.51321894,-0.0017969608,9.726128,11.758941,10.142576
ddc_dzo_06458,labeled,Romeo,1.5919636,-0.49742234,0.3243444,12.323142,10.533608,9.00183
ddc_dzo_06454,labeled,Romeo,2.2215934,0.9029325,0.60871506,11.6354885,10.824902,9.610011
ddc_dzo_06476,labeled,Romeo,2.5518694,0.3784268,0.6133454,11.165962,9.541576,7.8448453
ddc_dzo_06491,labeled,Romeo,1.69637,-0.8103857,2.3491333,10.18903,11.089291,6.831222
ddc_dzo_06482,labeled,Romeo,2.8542032,-0.9208683,-0.48787022,9.952916,11.921303,7.6908746
ddc_dzo_06497,labeled,Romeo,2.3840594,-0.37295407,0.37008786,10.869081,11.745324,10.472508
ddc_dzo_06494,labeled,Romeo,1.748875,-0.92530924,-0.31293297,10.367484,11.072716,7.7420573
ddc_dzo_06481,labeled,Thinley,-10.815996,-1.6540346,1.9575124,9.489294,4.775973,9.83305
ddc_dzo_06487,labeled,Romeo,1.4718921,-0.633659,1.0747666,11.599861,11.4152155,8.833873
ddc_dzo_06490,labeled,Romeo,1.289022,-1.3882794,0.62798893,9.118467,10.32794,9.638689
ddc_dzo_06474,labeled,Dorji,-0.5218288,5.367825,1.1844738,13.32076,9.093667,6.381952
ddc_dzo_06475,labeled,Thinley,-9.047229,-1.0709434,0.72412586,10.365385,5.1401877,10.903428
ddc_dzo_06492,labeled,Thinley,-10.219086,-1.6930622,-0.105373204,9.641632,4.7194004,9.930942
ddc_dzo_06493,labeled,Romeo,2.7086978,-1.3229192,-0.45758092,9.604677,11.126333,8.203702
ddc_dzo_06472,labeled,Thinley,-9.779335,-1.1873751,0.95571136,10.430124,5.2995195,10.997937
ddc_dzo_06478,labeled,Romeo,2.9849963,-0.63138473,-0.8879442,9.624764,12.326847,7.641992
ddc_dzo_06470,labeled,Romeo,2.1829278,-0.53388834,0.9244556,9.289665,10.687427,7.7910576
ddc_dzo_06517,labeled,Romeo,2.1784763,-0.13693208,-0.6434448,11.034829,10.876372,8.279548
ddc_dzo_09000,labeled,Romeo,2.4100347,-0.84962094,0.64673805,12.149887,10.789549,9.579887
ddc_dzo_06519,labeled,Romeo,1.8773808,-1.4693881,-0.5626774,10.255747,11.28433,10.310249
ddc_dzo_06515,labeled,Romeo,2.4903195,-1.1093296,1.0049269,9.588808,12.745831,7.828898
ddc_dzo_06524,labeled,Romeo,2.0091848,-1.0965123,0.92212343,10.021955,10.280753,6.9623094
ddc_dzo_06516,labeled,Dorji,-0.18286718,7.3750134,2.1881545,13.538652,8.670376,6.985566
ddc_dzo_06512,labeled,Romeo,0.7389145,-0.63306594,-0.56691575,8.568474,11.18509,8.263052
ddc_dzo_06514,labeled,Thinley,-8.851879,-1.3720961,1.8020749,9.376271,4.781471,10.298479
ddc_dzo_06499,labeled,Thinley,-7.0824747,-0.6497935,-1.4271626,9.751767,5.0895677,10.779585
ddc_dzo_06501,labeled,Romeo,2.6511297,-1.5019498,1.3691815,10.739706,12.37655,8.206243
ddc_dzo_06500,labeled,Romeo,1.4015948,-1.4186544,0.06456578,10.420817,10.412649,7.1646714
ddc_dzo_06521,labeled,Romeo,1.9779016,-0.28928447,-2.019711,10.329027,11.132149,6.587672
ddc_dzo_06503,labeled,Romeo,0.94445455,-1.3605988,0.9674065,11.134578,11.675258,9.218507
ddc_dzo_05680,labeled,Romeo,0.8377263,-1.7453415,0.73216176,9.22272,5.05472,10.525036
ddc_dzo_06528,labeled,Romeo,1.9824408,-1.8300827,-0.36285996,11.735795,11.46494,10.195001
ddc_dzo_06549,labeled,Romeo,0.9177661,-0.3379389,0.71601176,11.479975,9.789246,7.7152185
ddc_dzo_06548,labeled,Romeo,1.7612352,-1.870553,0.5836479,9.181235,11.208639,8.479821
ddc_dzo_06547,labeled,Thinley,-7.94158,0.035623938,0.36704862,10.607523,5.348014,9.829161
ddc_dzo_06532,labeled,Thinley,-9.1263,-1.0520675,-0.042871714,9.531895,4.126635,9.844584
ddc_dzo_06536,labeled,Romeo,2.5366929,-0.93843794,0.47200543,11.077784,11.554901,7.852797
ddc_dzo_06527,labeled,Dorji,-1.1881299,7.6102934,0.9493185,13.283629,8.709924,7.591996
ddc_dzo_06544,labeled,Namgay,0.50440836,0.97494006,-10.561895,-4.8185344,5.4023004,8.591267
ddc_dzo_06545,labeled,Thinley,-9.130183,-1.665234,0.86321497,9.793231,4.9826336,10.517416
ddc_dzo_06550,labeled,Thinley,-7.536305,-1.5311354,0.85813785,10.139187,4.8790464,10.302249
ddc_dzo_06537,labeled,Yigzin,2.8744206,0.6233351,-1.7628613,9.403696,12.578425,6.5386686
ddc_dzo_03685,labeled,Romeo,0.6119944,0.3352534,0.59444,12.190323,10.703889,10.77523
ddc_dzo_04018,labeled,Romeo,1.9082003,-1.1319137,1.3431104,8.471608,12.0744295,9.210166
ddc_dzo_06564,labeled,Thinley,-7.6225505,-0.9355736,-0.6153736,10.343193,6.068236,11.312932
ddc_dzo_06563,labeled,Romeo,0.024359226,-2.0835772,-0.39719915,10.300536,9.870668,9.958259
ddc_dzo_06558,labeled,Romeo,1.7210162,-0.26499063,0.28236437,12.006501,10.202889,9.833341
ddc_dzo_06566,labeled,Romeo,1.3530989,-0.5270765,-0.16257858,11.889533,10.660667,8.77272
ddc_dzo_06562,labeled,Romeo,1.5400257,-2.0420492,0.3900562,9.362902,12.514393,7.5864
ddc_dzo_06576,labeled,Thinley,-9.766838,-0.77530885,0.7887102,9.372541,4.667676,10.63345
ddc_dzo_06556,labeled,Romeo,1.2426662,-1.3300412,0.34555435,10.624993,9.811015,8.297051
ddc_dzo_06575,labeled,Romeo,2.0712514,0.5258029,0.96830904,10.092737,12.1710825,7.193297
ddc_dzo_06569,labeled,Romeo,3.6893537,-1.3989979,-0.9224949,11.896384,11.608465,9.712481
ddc_dzo_05194,labeled,Romeo,2.954997,-0.294463,-0.4835267,11.737361,10.757921,9.744697
ddc_dzo_06591,labeled,Romeo,3.0885093,-1.1215918,-0.6320443,9.748894,10.763021,7.9496217
ddc_dzo_06587,labeled,Romeo,1.9064064,0.47486877,1.674788,11.327096,9.917949,8.221664
ddc_dzo_06605,labeled,Dorji,-0.48567915,6.7627087,-0.38049293,13.016796,9.221788,6.797196
ddc_dzo_06592,labeled,Thinley,-7.271802,-0.5574268,0.36257946,9.559781,4.33597,9.882018
ddc_dzo_06589,labeled,Thinley,-6.6851535,-0.7559824,0.9073113,9.282489,5.5446167,10.836393
ddc_dzo_06606,labeled,Romeo,1.1785226,-0.15235448,1.9617763,8.549253,11.899024,7.6424336
ddc_dzo_06607,labeled,Romeo,2.1450405,1.5362868,0.55211115,10.093395,10.425426,6.9445343
ddc_dzo_06586,labeled,Dorji,-2.2319007,5.389998,0.83106565,13.557401,8.593428,7.5592737
ddc_dzo_06585,labeled,Nima,-1.2351676,0.6427696,-0.67046475,9.254909,9.859821,10.464963
ddc_dzo_06608,labeled,Thinley,-6.7827826,-1.525109,1.8144188,9.4648,5.6542563,10.441681
ddc_dzo_06598,labeled,Romeo,1.8549538,-0.48210502,1.401588,10.6624365,10.96145,10.793872
ddc_dzo_00018,labeled,Romeo,1.26119,-0.3694396,0.45605373,11.588062,10.741911,10.956102
ddc_dzo_06610,labeled,Romeo,3.3269043,-1.6325905,0.845376,12.241422,10.455733,10.152731
ddc_dzo_06612,labeled,Romeo,2.4127321,0.57328594,0.88437235,8.994613,11.872946,8.331195
ddc_dzo_06618,labeled,Romeo,-1.0800469,-1.5432196,0.055195987,10.587281,9.120699,8.901896
ddc_dzo_06629,labeled,Thinley,-7.290862,-0.10609388,-0.018310308,10.255073,5.9451303,10.609875
ddc_dzo_06620,labeled,Romeo,2.4842832,-0.33593708,0.31760597,11.594194,9.938701,9.168921
ddc_dzo_06622,labeled,Thinley,-7.883893,-0.6746359,1.2946103,9.340975,5.47754,10.809452
ddc_dzo_06634,labeled,Thinley,-10.12666,-2.1767826,1.003671,9.608406,4.945055,11.107648
ddc_dzo_06627,labeled,Romeo,0.9188801,-0.8929198,0.39761782,8.301489,11.787538,8.830649
ddc_dzo_06613,labeled,Dorji,-1.1277885,6.4007106,1.0628537,13.132575,8.943994,7.355079
ddc_dzo_06619,labeled,Thinley,-8.2687645,-0.99391246,1.7780304,9.640564,5.291273,10.232303
ddc_dzo_06617,labeled,Romeo,1.8661735,-0.14328963,0.14271018,10.279636,10.09002,7.541226
ddc_dzo_06621,labeled,Thinley,-7.535307,-2.1393864,0.56603384,9.6502,5.123862,10.992273
ddc_dzo_06624,labeled,Romeo,1.9931519,-1.7047837,-0.03694731,10.400682,11.265598,9.187482
ddc_dzo_06625,labeled,Romeo,0.28892612,-0.5202625,0.21650636,9.056049,11.980484,8.058208
ddc_dzo_02914,labeled,Romeo,0.8203435,-0.24025989,0.5615964,11.883728,10.586962,10.42591
ddc_dzo_01328,labeled,Romeo,0.84710085,-1.064639,-0.28534985,10.957541,9.770805,10.769645
ddc_dzo_06652,labeled,Romeo,2.1113486,-1.5995889,0.086597845,11.14854,11.506928,8.9424095
ddc_dzo_06650,labeled,Romeo,0.9168219,3.3545911,0.70375633,10.432761,10.712554,7.924796
ddc_dzo_06643,labeled,Romeo,1.4584391,-1.3381248,0.70337033,10.414767,9.886211,8.916931
ddc_dzo_06642,labeled,Thinley,-7.514164,-1.3112698,0.28131962,10.645124,5.0261216,9.678806
ddc_dzo_06663,labeled,Romeo,2.187386,-1.6452975,0.010058403,8.706451,11.802389,8.468681
ddc_dzo_06651,labeled,Romeo,2.9366124,-0.5578184,-0.66581976,11.807109,10.835115,10.030688
ddc_dzo_06658,labeled,Romeo,1.8705416,-0.40462366,0.22753094,10.781801,11.14478,8.057648
ddc_dzo_06654,labeled,Romeo,2.633945,-2.3323402,0.9793402,9.854846,11.897398,7.016063
ddc_dzo_06656,labeled,Romeo,1.1545472,-0.833751,-0.37557328,9.753361,10.349038,8.227241
ddc_dzo_06641,labeled,Romeo,2.3901358,-0.123966694,0.83981097,10.952086,10.619502,8.576693
ddc_dzo_06646,labeled,Romeo,2.384437,0.34572983,1.1877227,9.736583,11.623186,10.412925
ddc_dzo_06648,labeled,Romeo,2.082251,-0.7327409,0.05195014,10.307109,11.415677,9.101702
ddc_dzo_06644,labeled,Romeo,1.6419647,-1.4886415,0.07732259,9.671333,11.458749,8.734595
ddc_dzo_03290,labeled,Romeo,0.71501195,-0.5564027,1.4562225,10.741014,10.084241,7.8210745
ddc_dzo_05033,labeled,Romeo,0.63383293,0.46116912,1.0960815,10.767683,11.096755,8.927385
ddc_dzo_06670,labeled,Thinley,-7.964587,-0.23199272,1.3427272,10.748994,5.5155096,10.496903
ddc_dzo_06676,labeled,Romeo,3.4059696,-0.30748558,0.14182615,11.188101,10.698992,10.655884
ddc_dzo_06686,labeled,Romeo,2.8606274,-0.63702154,0.13353896,9.865738,10.237442,7.420378
ddc_dzo_06679,labeled,Thinley,-9.010345,-1.5295225,1.6333057,9.935543,4.7099414,10.304143
ddc_dzo_06682,labeled,Dorji,-0.8373605,8.568415,0.42635557,13.472417,8.365812,6.779981
ddc_dzo_06681,labeled,Namgay,-2.0451717,0.64468753,-9.992235,12.643089,5.56239,5.442957
ddc_dzo_06691,labeled,Dorji,-0.9546027,8.89192,0.09821653,13.334088,8.68128,7.712947
ddc_dzo_06680,labeled,Dorji,0.4752885,6.309469,0.7827313,13.004409,9.269101,7.931151
ddc_dzo_06685,labeled,Dorji,0.47143593,7.181842,0.93524057,13.280982,8.883541,7.260277
ddc_dzo_06688,labeled,Romeo,2.8645294,0.53952247,-0.31273746,8.546168,12.007358,8.18803
ddc_dzo_06690,labeled,Thinley,-8.61398,-1.8108914,1.1098852,9.998855,4.8649893,10.461418
ddc_dzo_07212,labeled,Romeo,0.43648124,1.9620266,1.7777655,12.296563,10.800911,10.528521
ddc_dzo_01456,labeled,Romeo,1.5215883,0.051718116,0.34603226,9.82936,9.721944,8.1280985
ddc_dzo_06700,labeled,Romeo,1.5685424,-1.0170803,0.98574615,9.34521,10.808219,9.868202
ddc_dzo_06694,labeled,Romeo,2.0245738,-0.11379409,0.26165748,9.599871,10.139682,7.8355613
ddc_dzo_06698,labeled,Romeo,1.8995882,-1.6303483,-0.38966203,11.911598,11.240062,8.573084
ddc_dzo_06708,labeled,Romeo,1.4214816,-1.0041872,0.38805628,9.693529,12.612172,7.818018
ddc_dzo_06717,labeled,Romeo,2.9940045,-1.7476718,1.049139,9.795844,11.459133,7.306176
ddc_dzo_06701,labeled,Romeo,2.2493465,-1.1890898,-0.92056036,8.915567,10.457281,8.719473
ddc_dzo_06716,labeled,Romeo,2.643715,-0.5617404,-0.35449684,9.808312,10.282882,7.198578
ddc_dzo_06695,labeled,Romeo,1.7441044,-2.1963806,1.3203468,11.758027,9.901721,9.236897
ddc_dzo_06696,labeled,Thinley,-10.332701,0.25044274,0.8979757,10.07191,4.725982,10.9256
ddc_dzo_06707,labeled,Dorji,0.68048096,6.864403,-0.6569716,13.566426,8.82371,6.7878785
ddc_dzo_06703,labeled,Romeo,1.8289751,-0.8067589,-0.39467096,9.399756,12.577144,7.1107626
ddc_dzo_06702,labeled,Thinley,-7.6688294,-0.18088007,1.2774034,10.558308,5.7732196,10.642924
ddc_dzo_06705,labeled,Romeo,1.9964142,-1.1068752,0.32640326,9.652434,11.002176,8.624502
ddc_dzo_06693,labeled,Romeo,1.8951979,-0.94167244,0.10452008,10.582351,12.369348,8.312891
ddc_dzo_04847,labeled,Romeo,2.4216049,-0.12999058,0.8781229,10.704379,11.147235,10.688166
ddc_dzo_06740,labeled,Romeo,2.4237795,-1.9753726,0.34239239,10.120934,11.748529,10.58842
ddc_dzo_06724,labeled,Romeo,2.3179843,-1.8054259,-0.529596,9.247815,12.10175,9.467359
ddc_dzo_06733,labeled,Romeo,1.9957458,-1.3306346,0.43248892,9.116957,12.139311,8.29591
ddc_dzo_06728,labeled,Romeo,3.407471,-1.3503265,1.715316,8.396065,11.496644,9.236463
ddc_dzo_06731,labeled,Thinley,-6.6951704,-1.0971179,0.73372746,10.508125,5.1525445,10.74216
ddc_dzo_06725,labeled,Romeo,1.8389494,-0.99567527,0.94254875,9.178363,12.059142,7.2602587
ddc_dzo_06739,labeled,Dorji,0.6649265,8.117628,-0.43203464,13.408705,8.399487,6.7592797
ddc_dzo_06736,labeled,Dorji,-1.0366597,8.2031555,1.2968097,13.54281,8.019363,6.8189673
ddc_dzo_06745,labeled,Thinley,-6.902381,-2.124504,0.829742,10.163774,4.974467,9.945962
ddc_dzo_06744,labeled,Thinley,-9.348268,-1.8069692,1.5762281,10.200396,5.2849603,10.82468
ddc_dzo_06742,labeled,Thinley,-9.452111,-0.5477427,1.1388161,9.615566,4.695303,10.590574
ddc_dzo_06719,labeled,Romeo,2.3082585,-0.30103338,0.80656004,9.891088,9.626453,9.315757
ddc_dzo_03850,labeled,Dorji,-0.50560343,10.450073,0.19682431,13.340296,9.037508,6.2393775
ddc_dzo_06760,labeled,Romeo,1.9494101,-1.0343574,-0.7396524,11.285511,11.714092,7.8486505
ddc_dzo_04055,labeled,Romeo,1.9505987,-1.5224887,0.37636566,11.939103,10.831994,10.035186
ddc_dzo_06758,labeled,Romeo,2.1242507,0.5702448,0.8582885,10.044831,10.515599,10.190452
ddc_dzo_06751,labeled,Romeo,2.5318115,-0.94041646,0.3228581,9.53855,12.770419,7.755433
ddc_dzo_06749,labeled,Romeo,2.271562,-1.3125811,1.3384876,8.610144,12.049353,7.686121
ddc_dzo_06761,labeled,Romeo,2.2583833,-2.549637,0.3149315,9.020206,10.992878,7.7536054
ddc_dzo_06747,labeled,Romeo,2.4300642,-1.651426,0.82156813,9.413565,11.321055,8.783767
ddc_dzo_06763,labeled,Namgay,-3.2616744,3.1847677,-3.0208545,13.169614,7.232929,6.487105
ddc_dzo_06772,labeled,Dorji,0.10512972,6.313922,-0.025162697,13.738715,8.9067545,6.520664
ddc_dzo_06769,labeled,Dorji,-0.49796534,5.503431,-0.34299493,13.26448,9.004453,6.690722
ddc_dzo_06748,labeled,Romeo,1.8392419,-1.3766931,-0.693537,11.997743,11.353147,9.706782
ddc_dzo_06756,labeled,Namgay,-0.7434206,-0.86252284,-13.55084,-4.605311,5.3599105,8.336679
ddc_dzo_06750,labeled,Romeo,1.7711732,-1.7543591,0.5894222,11.94395,10.374702,9.553653
ddc_dzo_06754,labeled,Romeo,2.3566937,-0.47235802,0.3798511,9.699423,12.718721,8.094289
ddc_dzo_06759,labeled,Romeo,3.153285,-0.6427517,1.2845151,10.761095,10.190753,8.5502405
ddc_dzo_04363,labeled,Romeo,2.3168607,-0.51262736,0.7646966,11.799984,10.712007,10.40742
ddc_dzo_06784,labeled,Romeo,2.9364867,-0.8948364,0.6541708,10.058169,12.166061,9.072867
ddc_dzo_06780,labeled,Romeo,1.8987491,-1.475456,0.5129703,9.359527,11.433677,10.531932
ddc_dzo_06778,labeled,Romeo,3.239329,-1.043481,0.49112844,10.43436,11.1675415,7.3981166
ddc_dzo_06797,labeled,Thinley,-9.655111,-1.6074824,1.8180149,9.113995,4.667337,10.475203
ddc_dzo_06781,labeled,Romeo,3.4415336,-0.9508834,-0.064098835,8.686922,11.018654,9.878577
ddc_dzo_06783,labeled,Romeo,4.29575,0.26087886,0.07528591,9.673139,11.383512,7.553305
ddc_dzo_06795,labeled,Romeo,2.3825488,-0.10842037,1.8171339,11.548193,11.370491,8.975123
ddc_dzo_06800,labeled,Romeo,1.8688354,-0.010695457,0.68005633,8.95687,11.907126,8.2987385
ddc_dzo_06776,labeled,Romeo,1.0075607,-0.6799159,0.23689651,8.954759,11.193813,7.603118
ddc_dzo_06796,labeled,Nima,1.0994213,-0.43595672,-3.3130264,9.2739525,10.255454,7.7077518
ddc_dzo_06790,labeled,Thinley,-7.8252363,-1.8392572,0.9888753,9.510461,5.5596285,11.020943
ddc_dzo_06791,labeled,Romeo,2.02088,0.2587294,1.2768974,10.028329,10.515327,8.77014
ddc_dzo_06788,labeled,Thinley,-9.340733,-1.7153407,-0.6127243,10.616558,4.9537992,9.83316
ddc_dzo_09169,labeled,Romeo,1.0714631,-0.42238694,0.11980152,9.54592,10.738513,8.020191
ddc_dzo_06813,labeled,Romeo,3.2593694,-1.1887712,0.93072176,9.773176,12.787968,8.190182
ddc_dzo_06807,labeled,Romeo,2.1305108,-0.6290159,0.02862084,9.865029,11.169472,10.721683
ddc_dzo_06808,labeled,Romeo,-0.46243858,-0.98220253,0.08075738,8.881576,11.91304,8.427757
ddc_dzo_06809,labeled,Dorji,0.34605655,9.608286,0.8029105,13.529902,8.956344,6.979444
ddc_dzo_06820,labeled,Romeo,2.6476336,-0.5027348,-1.1912327,8.719601,11.983137,9.265313
ddc_dzo_06814,labeled,Dorji,-1.7537897,8.421007,-0.22998667,13.411713,8.021628,7.0198226
ddc_dzo_06812,labeled,Romeo,2.6720738,-0.6598203,1.1092149,12.025289,10.538005,9.090277
ddc_dzo_06819,labeled,Thinley,-10.731529,-1.3597319,1.172065,9.908919,4.969643,11.042714
ddc_dzo_06824,labeled,Dorji,-0.83142096,6.643209,1.0671829,13.151109,9.140021,6.366185
ddc_dzo_06817,labeled,Thinley,-8.533634,-1.4392707,1.4907255,10.073758,5.205311,10.719689
ddc_dzo_06804,labeled,Romeo,1.9271979,-0.43519193,0.49506092,11.709906,10.567607,8.808552
ddc_dzo_06815,labeled,Romeo,2.2354503,-2.6838672,0.38676977,9.606392,12.589878,8.085101
ddc_dzo_06840,labeled,Romeo,1.212813,-1.6602411,-0.054658532,11.131127,10.709938,6.9618196
ddc_dzo_06831,labeled,Romeo,1.8843284,-1.5062754,0.13094753,9.91806,11.039895,8.083836
ddc_dzo_08429,labeled,Romeo,2.4043875,-1.4085388,0.23316288,11.90483,10.372984,10.685051
ddc_dzo_06829,labeled,Romeo,3.5196397,-0.8935348,0.59008515,10.017351,11.887551,7.863892
ddc_dzo_06849,labeled,Romeo,1.9160903,-0.5200932,0.21683216,11.890365,10.270358,8.134597
ddc_dzo_06828,labeled,Romeo,3.3588312,-0.9701874,0.49631166,11.23819,10.703772,7.3141065
ddc_dzo_06842,labeled,Romeo,2.7398875,0.9901182,1.180738,8.910087,11.868746,8.47207
ddc_dzo_06841,labeled,Romeo,1.5642624,-1.2904038,0.5838969,9.286183,11.178651,8.713192
ddc_dzo_06851,labeled,Romeo,1.5707778,-0.9040667,0.42639065,11.034273,9.840943,8.30143
ddc_dzo_06830,labeled,Thinley,-9.159866,-1.5172706,0.6511464,9.91362,4.7665706,10.730726
ddc_dzo_07318,labeled,Thinley,-6.238247,-0.13510126,1.8282417,9.695255,5.366906,9.677403
ddc_dzo_06853,labeled,Romeo,3.7764602,-0.2379663,-0.029527307,10.271408,10.2557335,8.290351
ddc_dzo_06847,labeled,Romeo,2.2281604,-1.8194427,0.5641648,11.215368,11.073054,9.002813
ddc_dzo_06874,labeled,Romeo,1.1047678,-1.2953992,-0.5405351,10.255976,12.375852,8.592697
ddc_dzo_06859,labeled,Romeo,2.6452816,-0.4723668,0.39896917,8.407832,12.074641,9.254346
ddc_dzo_06870,labeled,Romeo,2.125475,-0.85623395,-1.2454481,8.81922,12.0459,7.221314
ddc_dzo_06875,labeled,Romeo,2.0632546,1.9975667,0.5787196,9.614016,12.438599,8.009703
ddc_dzo_06871,labeled,Romeo,2.4972072,-1.062092,-0.31756353,8.969078,12.15939,7.78973
ddc_dzo_06867,labeled,Romeo,1.4023389,-1.2273395,-0.39736986,9.813314,12.336487,7.0658536
ddc_dzo_06877,labeled,Namgay,-2.891243,2.058116,-7.9790764,12.567526,6.0257196,5.7516365
ddc_dzo_06865,labeled,Dorji,0.10542846,10.383806,2.0288002,13.332951,9.131935,6.3896637
ddc_dzo_06861,labeled,Dorji,0.79046017,8.216771,1.0519109,13.526662,9.068847,6.387076
ddc_dzo_05907,labeled,Romeo,3.3770416,-1.1704439,1.6659186,9.422803,12.436093,8.945806
ddc_dzo_07321,labeled,Dorji,0.29147434,7.269027,1.198767,13.356829,9.194516,6.4531293
ddc_dzo_06860,labeled,Thinley,-8.027238,-1.769629,0.3589878,10.163093,5.5998425,10.829026
ddc_dzo_06880,labeled,Dorji,1.0666384,7.8621206,1.376559,13.502936,9.2752,6.5608487
ddc_dzo_06872,labeled,Dorji,-0.68940854,9.83593,1.3379775,13.723365,8.793065,6.7643065
ddc_dzo_06879,labeled,Romeo,1.6915458,-2.2810032,0.43468142,12.028045,9.705641,8.16179
ddc_dzo_04810,labeled,Romeo,1.1309241,-2.3870625,0.8802122,11.677998,11.068505,9.616
ddc_dzo_06899,labeled,Thinley,-9.578994,-1.4219722,1.9860327,10.014844,4.6469164,9.785141
ddc_dzo_06908,labeled,Romeo,0.64196587,-1.415932,0.5870074,10.107653,9.719346,7.9443393
ddc_dzo_06898,labeled,Namgay,-2.7814608,-1.5207641,-10.01013,-4.7384887,5.0302033,8.310776
ddc_dzo_06909,labeled,Romeo,2.2077227,-0.2764281,1.1275307,11.898177,10.487381,8.764401
ddc_dzo_06896,labeled,Romeo,1.4335163,-0.35972285,1.1411338,11.948789,10.018725,9.171452
ddc_dzo_06891,labeled,Thinley,-8.790517,-1.7976422,0.39483082,9.408998,4.7208753,10.185631
ddc_dzo_06906,labeled,Romeo,0.49553132,-1.1791992,-0.49281913,10.13821,9.591348,9.327127
ddc_dzo_06893,labeled,Romeo,1.2839735,-1.4101167,1.0071937,9.86807,12.416352,7.420549
ddc_dzo_06885,labeled,Thinley,-9.13736,-0.728626,0.7489829,10.634648,5.9064317,10.561695
ddc_dzo_06894,labeled,Romeo,2.8261716,-2.4813123,0.92398393,11.4195595,11.443019,7.7528133
ddc_dzo_06902,labeled,Romeo,2.2419071,-1.5265558,-0.32895684,10.489322,10.533288,10.804921
ddc_dzo_06892,labeled,Romeo,2.8977451,-0.31063485,-0.43204802,9.958539,12.748037,8.272139
ddc_dzo_06915,labeled,Romeo,2.269546,-1.3414502,0.31730795,9.086252,12.00844,6.9458194
ddc_dzo_06923,labeled,Romeo,2.1247458,-1.3220363,0.08435714,9.729688,10.262735,7.149438
ddc_dzo_06917,labeled,Romeo,2.7151968,-1.4598191,0.57754755,12.04695,10.358117,9.395452
ddc_dzo_06927,labeled,Romeo,3.7213216,-2.4623456,1.4099561,11.619813,11.111835,8.5518675
ddc_dzo_06931,labeled,Romeo,2.3002596,0.13779247,1.6818323,8.88557,12.041033,8.139051
ddc_dzo_03066,labeled,Romeo,2.3503919,-0.9102521,-1.1351833,8.204831,11.606193,9.204102
ddc_dzo_06929,labeled,Namgay,-0.97081614,1.346488,-12.048597,12.7860985,5.170842,5.3699727
ddc_dzo_06934,labeled,Dorji,-0.9063835,8.146688,1.722671,13.26977,8.343869,7.4539146
ddc_dzo_06913,labeled,Romeo,1.7265774,-0.11377549,0.8496572,12.012781,10.942553,8.328747
ddc_dzo_06936,labeled,Thinley,-6.65198,-2.0365908,-0.13498819,10.287854,5.3157096,10.119164
ddc_dzo_06911,labeled,Romeo,2.6087976,-1.0279393,0.4877969,10.531439,11.798067,10.538207
ddc_dzo_08159,labeled,Namgay,-2.573287,1.7344053,-12.314809,-5.2744393,5.8628526,9.034648
ddc_dzo_06945,labeled,Romeo,0.734756,0.17536068,1.0557315,12.175454,10.946774,8.531817
ddc_dzo_02092,labeled,Romeo,2.489882,0.4484895,0.08791822,11.363563,10.860931,9.712724
ddc_dzo_06942,labeled,Romeo,0.010287166,-1.0934143,0.31335056,10.1090555,12.198731,9.968359
ddc_dzo_06947,labeled,Romeo,2.4119058,-2.0709412,-0.31543136,9.626977,12.468473,8.41939
ddc_dzo_06964,labeled,Dorji,-0.513165,7.4677296,0.91978693,13.411614,9.251036,6.3771477
ddc_dzo_06952,labeled,Romeo,1.1347442,-0.5250857,0.31059736,11.98856,11.416215,8.772798
ddc_dzo_06946,labeled,Romeo,0.88192123,-1.8714942,0.268183,10.0165205,11.466076,10.246163
ddc_dzo_06960,labeled,Romeo,2.3743343,-1.083251,0.18481028,8.913846,11.94035,8.331091
ddc_dzo_06956,labeled,Romeo,2.9152536,-2.9674516,2.0370495,9.933548,12.205163,7.0247116
ddc_dzo_06949,labeled,Thinley,-5.522863,-1.0204241,0.9376278,9.21156,5.133825,10.134186
ddc_dzo_06938,labeled,Dorji,-0.71585774,5.654997,0.4624943,12.085114,10.40467,9.4621315
ddc_dzo_06953,labeled,Thinley,-8.462503,-0.5926466,-0.57076615,9.715058,5.1764812,11.093054
ddc_dzo_01865,labeled,Romeo,3.312578,-1.1960975,0.12362051,11.959682,10.706361,9.498249
ddc_dzo_06991,labeled,Romeo,1.3646536,-1.7954168,-0.11894846,9.993903,10.604821,10.187266
ddc_dzo_06986,labeled,Romeo,2.3785915,-1.3279656,-0.0038027167,9.315234,11.340234,10.052636
ddc_dzo_06990,labeled,Romeo,1.9129364,-1.0804602,0.6467009,10.368181,11.979218,10.395543
ddc_dzo_06969,labeled,Romeo,2.8839478,0.25453103,1.1597171,10.895665,11.760443,10.497738
ddc_dzo_06965,labeled,Namgay,-1.1212687,1.487304,-11.45147,-4.8378687,5.2308874,8.393168
ddc_dzo_06974,labeled,Romeo,0.995458,-0.563344,0.84665537,10.787084,9.888272,8.856695
ddc_dzo_06975,labeled,Romeo,0.875826,-1.4223263,0.72057295,9.741076,11.209672,10.096859
ddc_dzo_06970,labeled,Thinley,-9.269258,-2.2208307,0.69582295,10.357297,4.9232063,10.019906
ddc_dzo_06979,labeled,Dorji,-1.4985659,10.462558,1.9056336,13.688547,8.877685,6.8287826
ddc_dzo_06987,labeled,Romeo,1.552184,-0.51148415,1.0549109,11.775375,10.113179,8.472954
ddc_dzo_06983,labeled,Romeo,1.9653912,-0.70006496,1.0819225,11.106387,11.694467,9.863546
ddc_dzo_05054,labeled,Romeo,2.0578632,1.2639921,0.30123046,8.974688,11.793436,7.4740796
ddc_dzo_06995,labeled,Romeo,2.549964,-1.4754013,-0.42089802,9.921371,10.136074,8.423458
ddc_dzo_07007,labeled,Romeo,2.5725183,-0.5264853,0.90323055,11.1127,11.023008,9.177768
ddc_dzo_07003,labeled,Romeo,2.9372694,-3.451864,-0.006466627,8.91382,11.6105995,7.2999716
ddc_dzo_07016,labeled,Romeo,2.684908,-0.9273741,1.2147528,9.670465,12.051388,9.030279
ddc_dzo_07010,labeled,Romeo,4.313431,-1.153681,-0.3171612,8.721447,11.902437,9.625954
ddc_dzo_07017,labeled,Romeo,0.6452384,-0.3727886,0.42222872,10.5239725,9.906438,8.254309
ddc_dzo_06993,labeled,Romeo,1.4816828,-0.31311798,1.1776549,10.393889,10.243505,7.2917914
ddc_dzo_07012,labeled,Dorji,0.0917027,7.9059553,0.6577867,13.363122,8.8511715,7.483444
ddc_dzo_06998,labeled,Romeo,2.553903,-0.86012125,0.59810805,9.922574,12.256791,8.856929
ddc_dzo_07009,labeled,Romeo,0.067717366,-0.24847388,0.3439076,10.990469,9.6795225,7.0692644
ddc_dzo_06992,labeled,Romeo,3.468439,-0.6583315,2.111018,12.133748,10.206833,9.335833
ddc_dzo_07004,labeled,Romeo,1.6874306,-1.2070518,-0.16211092,11.590662,11.100312,7.625226
ddc_dzo_07040,labeled,Romeo,2.7335644,0.12065601,-0.45354402,10.608607,10.23526,6.778147
ddc_dzo_01945,labeled,Romeo,0.95241404,-0.77831686,-0.26212662,10.244648,11.783996,8.826458
ddc_dzo_09330,labeled,Romeo,2.7733686,-1.5611634,0.86804354,11.427307,11.706192,9.523499
ddc_dzo_07021,labeled,Romeo,1.3970922,-0.27231264,0.02906704,10.957626,10.376131,6.835146
ddc_dzo_07034,labeled,Romeo,2.7693756,-1.228289,0.32415724,11.590499,10.461979,7.937411
ddc_dzo_07038,labeled,Thinley,-8.376137,-1.5933359,1.476568,9.719653,4.3668857,9.663118
ddc_dzo_07026,labeled,Romeo,1.4501481,0.4182459,-0.58447695,11.055203,10.480579,7.4874506
ddc_dzo_07035,labeled,Dorji,-0.5633569,7.1405964,1.6757498,13.761848,8.927774,6.4241395
ddc_dzo_07045,labeled,Dorji,-0.14576054,7.123627,0.93823457,13.694955,8.734618,6.339039
ddc_dzo_07025,labeled,Romeo,2.5929575,-0.73463225,-0.061508775,9.849165,11.169276,10.013627
ddc_dzo_07041,labeled,Namgay,0.8541939,-0.48910666,-3.3015132,9.892005,11.184843,11.238659
ddc_dzo_07044,labeled,Dorji,-0.532624,8.951678,0.35139346,13.518898,8.665934,6.830269
ddc_dzo_07027,labeled,Romeo,1.7238673,-1.5584555,0.015261531,11.809113,11.251326,8.730141
ddc_dzo_04211,labeled,Romeo,3.3397818,-1.0315449,1.4998823,10.76259,11.362192,7.178467
ddc_dzo_07069,labeled,Romeo,2.3828187,-0.605481,-0.15841842,9.837061,10.914886,8.151297
ddc_dzo_07073,labeled,Romeo,1.6939206,1.199816,0.34643066,11.795996,10.247436,9.039793
ddc_dzo_07066,labeled,Romeo,3.1778264,-3.4107869,-0.013900124,10.076904,9.434121,8.942029
ddc_dzo_07078,labeled,Romeo,3.0765572,0.36171162,0.81962824,9.480982,11.841862,8.688401
ddc_dzo_07072,labeled,Thinley,-10.624773,-2.2217689,0.7780468,9.440035,4.903956,11.00899
ddc_dzo_07070,labeled,Romeo,1.5325527,-0.7236846,0.6462333,10.264492,12.39826,7.734075
ddc_dzo_07053,labeled,Romeo,2.3125846,-0.74410564,0.6688315,10.446899,12.1541605,10.201916
ddc_dzo_07061,labeled,Romeo,2.6749938,-2.1340435,-0.34347463,9.84051,12.463082,8.566801
ddc_dzo_07064,labeled,Romeo,3.1979396,-0.9785922,-0.26251936,9.174264,12.036821,9.149907
ddc_dzo_07076,labeled,Romeo,3.0098588,-0.964013,0.5341479,9.087476,11.811057,10.036337
ddc_dzo_07071,labeled,Dorji,-0.56933296,10.245178,1.5868376,13.713502,8.888673,6.8453913
ddc_dzo_07075,labeled,Romeo,2.148932,-1.8690355,0.9389379,10.945066,11.153823,9.630082
ddc_dzo_07063,labeled,Romeo,2.4466066,0.47266042,-0.5148145,11.510164,10.221519,8.806431
ddc_dzo_07089,labeled,Romeo,3.2874603,-0.40243578,-0.27115154,9.142567,10.7279,10.649138
ddc_dzo_07087,labeled,Romeo,1.9281161,-1.5281373,0.6168819,9.552533,9.922843,9.112267
ddc_dzo_07080,labeled,Romeo,1.0894581,0.46640456,0.35515463,11.733198,10.157537,7.953828
ddc_dzo_07084,labeled,Thinley,-5.5147343,-0.8488189,1.498024,9.53924,4.621245,9.789689
ddc_dzo_07105,labeled,Namgay,0.37789536,0.60207176,-10.788039,-4.6878185,5.3702335,8.434431
ddc_dzo_07100,labeled,Dorji,1.1869906,5.6816463,1.4857644,13.016604,9.214831,6.726967
ddc_dzo_07107,labeled,Thinley,-7.9254365,-1.2913315,0.8773768,10.020233,5.593538,11.413121
ddc_dzo_07083,labeled,Thinley,-9.2534275,-1.2183373,0.46155924,9.40198,4.482776,10.48597
ddc_dzo_07095,labeled,Dorji,-0.7378754,7.3891664,-1.3500984,13.453014,8.804813,7.552182
ddc_dzo_07090,labeled,Dorji,-0.75439656,7.665629,1.3682921,13.167754,8.952151,6.9292493
ddc_dzo_07082,labeled,Romeo,1.8460989,-1.5044365,0.43664983,10.812645,10.879084,8.615753
ddc_dzo_07099,labeled,Romeo,1.5510917,-2.7364488,0.32256383,9.2443,11.578809,8.096294
ddc_dzo_07127,labeled,Romeo,0.59297085,-1.3815457,0.44614267,9.774724,11.766283,8.979559
ddc_dzo_07132,labeled,Romeo,0.44319743,-0.38552457,0.90030557,11.259343,11.727406,9.03138
ddc_dzo_07137,labeled,Romeo,2.5031154,0.37992358,0.6363088,9.2231455,10.004352,9.79355
ddc_dzo_07114,labeled,Romeo,2.0607324,-1.8191977,1.1877341,9.650102,12.127347,9.407137
ddc_dzo_07129,labeled,Dorji,0.13452154,7.568927,-0.73684883,13.540228,8.95171,6.263694
ddc_dzo_07128,labeled,Dorji,-1.2000251,7.907659,0.54595685,13.346624,8.590797,7.653728
ddc_dzo_07123,labeled,Dorji,-0.3952577,5.4921722,0.20308352,13.349667,9.288049,6.4580584
ddc_dzo_07121,labeled,Romeo,3.5245245,-1.2489703,-0.8228092,9.5265255,11.974311,7.7093816
ddc_dzo_07126,labeled,Romeo,1.7321107,-1.1006317,0.23139262,9.069224,11.740527,9.49272
ddc_dzo_07118,labeled,Romeo,2.0356526,-1.480958,-0.07411885,9.946681,12.672118,9.139816
ddc_dzo_07115,labeled,Dorji,0.5563681,4.3567753,1.2094731,10.346347,12.037366,10.179471
ddc_dzo_07113,labeled,Romeo,3.1114686,0.079069614,-0.9164046,9.641561,12.624036,8.902219
ddc_dzo_07119,labeled,Romeo,-0.07195473,-1.3245497,0.5717604,10.672965,10.623575,7.498854
ddc_dzo_07130,labeled,Romeo,2.9570596,-2.7214513,0.8902159,9.5371065,11.469129,8.845723
ddc_dzo_07133,labeled,Romeo,1.5966727,-1.6672713,1.4059706,9.155184,10.569015,8.022014
ddc_dzo_07136,labeled,Romeo,3.0164177,-0.85562456,0.33192277,8.5949745,11.838735,8.811962
ddc_dzo_07158,labeled,Thinley,-7.7778716,-0.93640757,1.7789152,9.31536,5.4939055,10.96275
ddc_dzo_07157,labeled,Romeo,1.7242794,-1.5282147,0.44119596,9.915136,11.70544,9.067596
ddc_dzo_07160,labeled,Romeo,2.9329915,-0.1951508,-0.97260046,11.794502,10.971272,10.61583
ddc_dzo_07156,labeled,Romeo,3.2491412,-3.1705914,0.3575217,10.683386,11.818574,7.673281
ddc_dzo_07148,labeled,Romeo,2.853735,-1.7839727,0.48943472,9.212431,12.359426,7.1923676
ddc_dzo_07140,labeled,Romeo,1.9059958,0.81117547,0.19274294,9.717981,12.62245,8.868955
ddc_dzo_07151,labeled,Dorji,0.6087556,6.97352,0.21179438,13.39865,9.251752,6.3759303
ddc_dzo_07164,labeled,Romeo,2.6805496,-1.1068547,0.82741195,9.85865,11.798524,10.631751
ddc_dzo_07159,labeled,Dorji,-0.9093063,7.941408,1.3416376,13.330573,8.858024,7.0657015
ddc_dzo_07161,labeled,Romeo,2.4146287,-0.437778,0.48871362,8.475237,11.164402,8.926703
ddc_dzo_07146,labeled,Thinley,-7.251612,-0.6470759,0.12231696,10.438053,5.284398,9.703619
ddc_dzo_07163,labeled,Dorji,1.1067047,6.747297,0.3661816,13.231214,8.832964,7.048986
ddc_dzo_07141,labeled,Romeo,2.9735975,-0.6165056,-0.12933588,11.193768,10.869598,7.9894133
ddc_dzo_07150,labeled,Romeo,1.5147965,-0.69637895,0.22945291,10.750397,10.971756,7.713045
ddc_dzo_07171,labeled,Romeo,3.00669,-1.6104603,1.2690244,10.036567,10.6661,8.845362
ddc_dzo_07184,labeled,Romeo,2.7628524,-0.9879179,0.30225468,10.643944,11.450135,10.305543
ddc_dzo_07198,labeled,Romeo,2.2987082,-0.85092306,0.47100568,9.774148,10.534211,8.026566
ddc_dzo_07186,labeled,Romeo,2.120765,-0.47926378,0.35386372,9.96318,10.289864,6.8402166
ddc_dzo_07207,labeled,Romeo,2.8908691,-0.6888652,1.2607164,9.969824,12.24988,7.6859946
ddc_dzo_07197,labeled,Romeo,1.551594,-0.8440682,-0.33215046,8.40137,12.071186,8.29692
ddc_dzo_07204,labeled,Namgay,-0.69571304,0.1532759,-11.220557,12.674533,5.170086,5.3670807
ddc_dzo_07203,labeled,Dorji,0.19077349,12.031273,0.4315716,13.441569,8.595408,7.436817
ddc_dzo_07188,labeled,Romeo,1.1345577,-0.8497047,1.2443658,9.404111,11.468571,8.479937
ddc_dzo_07176,labeled,Thinley,-7.1827574,-1.6295514,-0.25539494,10.596586,5.361871,9.756111
ddc_dzo_07191,labeled,Namgay,-1.8182974,1.2781605,-11.340893,12.645068,4.9738755,5.2585673
ddc_dzo_07190,labeled,Thinley,-7.916375,-0.84605443,0.93384194,10.682707,5.6780577,10.044388
ddc_dzo_07185,labeled,Thinley,-6.8891673,-1.3628225,1.0364857,9.210427,5.445276,11.036291
ddc_dzo_07177,labeled,Dorji,-1.677093,11.2704525,1.6206026,13.671772,8.605065,7.101128
ddc_dzo_07205,labeled,Romeo,0.64745665,-0.13270497,0.5133395,9.062035,10.123519,8.907992
ddc_dzo_07178,labeled,Romeo,2.1058338,-0.3777771,0.011213809,10.14625,11.291886,10.3742285
ddc_dzo_07208,labeled,Romeo,3.185195,-1.8548069,-0.9950652,9.007515,12.534834,8.5011635
ddc_dzo_07224,labeled,Romeo,2.0635972,-0.13821459,-0.08106291,9.51639,10.861091,8.029684
ddc_dzo_07217,labeled,Romeo,2.3742692,-0.10763705,-0.43070555,11.394895,12.130466,9.322166
ddc_dzo_07239,labeled,Romeo,1.6204907,-0.4709494,1.7164094,11.479944,10.996298,8.35322
ddc_dzo_07248,labeled,Namgay,-1.0436039,-0.3219686,-12.949557,12.833947,5.017297,5.343685
ddc_dzo_07223,labeled,Thinley,-6.6754923,-0.1555224,0.56808186,9.95584,4.6056075,9.37133
ddc_dzo_07246,labeled,Romeo,1.2818589,-1.4108663,0.52030444,8.634368,11.525858,10.00088
ddc_dzo_07233,labeled,Dorji,-1.3921132,6.804322,0.57924867,13.342976,8.607194,7.747727
ddc_dzo_07230,labeled,Romeo,3.1981058,-0.31209803,0.08176234,10.861913,11.1258,8.179412
ddc_dzo_07234,labeled,Romeo,1.0858655,0.9748626,0.91610265,10.754268,10.661014,8.207125
ddc_dzo_07249,labeled,Romeo,3.3706012,-0.3386171,0.5442522,9.066578,11.875139,8.35477
ddc_dzo_07242,labeled,Romeo,1.322125,-0.8943795,0.94914764,8.95602,11.341893,7.245694
ddc_dzo_07247,labeled,Romeo,3.7466063,-1.0661318,1.0708685,11.779901,10.558235,10.001682
ddc_dzo_07261,labeled,Dorji,-0.0680418,9.247635,0.85320306,13.761269,8.875995,6.4712944
ddc_dzo_07270,labeled,Romeo,2.5166292,-1.0884043,-0.054722786,9.553115,11.687831,9.709872
ddc_dzo_07279,labeled,Namgay,-1.1441336,0.6439303,-11.565023,12.924287,4.7093863,5.5023556
ddc_dzo_07273,labeled,Thinley,-8.324236,-1.8964925,0.21317613,9.901419,4.953151,10.34063
ddc_dzo_07278,labeled,Romeo,2.0375435,-1.1249933,-0.74701697,8.980078,12.058608,9.472332
ddc_dzo_07256,labeled,Dorji,-0.42266178,8.450905,0.85476327,13.363117,8.460921,6.947367
ddc_dzo_07267,labeled,Romeo,2.69151,-0.42843866,-0.6529157,9.634231,12.340233,6.9256387
ddc_dzo_07280,labeled,Thinley,-7.49165,-0.55758524,0.5940194,10.113522,5.5741696,11.349488
ddc_dzo_07265,labeled,Romeo,1.2430282,-0.81032014,-0.16289091,10.247789,11.141765,7.1414943
ddc_dzo_07262,labeled,Romeo,2.1507936,-0.07895261,1.0335529,11.028297,11.135387,10.111878
ddc_dzo_07251,labeled,Romeo,1.5462508,-1.0379187,0.4817359,9.192543,10.557003,7.659759
ddc_dzo_07275,labeled,Romeo,2.2137008,-2.1839652,0.92943263,9.674016,11.44596,10.244791
ddc_dzo_07268,labeled,Thinley,-11.511783,-1.2933683,2.2678723,9.303931,5.2270846,10.565797
ddc_dzo_07255,labeled,Nima,-0.6880927,-1.4458216,-0.40133953,10.075681,9.597128,8.947874
ddc_dzo_07263,labeled,Romeo,1.7611504,0.76561654,0.63600737,11.296451,10.059101,7.4583693
ddc_dzo_07254,labeled,Romeo,2.7509632,-0.47530937,0.54844856,10.490834,10.156568,7.451844
ddc_dzo_07277,labeled,Romeo,3.0906162,1.1879365,-0.4987278,9.233624,11.986187,6.879925
ddc_dzo_07294,labeled,Romeo,1.7440543,-1.686626,1.0436814,9.448233,10.362201,9.155738
ddc_dzo_05406,labeled,Thinley,-9.874125,-1.3839881,-0.10962415,10.1532755,5.6908755,10.617243
ddc_dzo_07306,labeled,Romeo,1.4807622,-0.8141413,-0.21797657,8.380491,11.952962,9.262738
ddc_dzo_07287,labeled,Romeo,1.8900491,-0.82092524,1.2752405,11.408282,11.118842,9.537974
ddc_dzo_07291,labeled,Romeo,2.412014,0.39181733,0.42159855,9.934688,10.260798,7.5028424
ddc_dzo_07286,labeled,Romeo,3.4540093,-0.7966533,1.021905,11.203494,9.816506,8.348665
ddc_dzo_07301,labeled,Romeo,0.68364024,-1.3581553,0.4425969,10.554422,10.981297,10.676087
ddc_dzo_07303,labeled,Thinley,-11.569905,-1.8505247,1.0711246,9.472049,4.5277853,10.730492
ddc_dzo_07298,labeled,Romeo,2.319186,-1.7961825,0.38727576,10.281585,11.396298,10.409178
ddc_dzo_07314,labeled,Namgay,-1.5068493,1.8419944,-7.53124,13.155358,5.463787,5.6183314
ddc_dzo_07289,labeled,Romeo,2.012373,-0.80428576,0.27640986,9.163591,11.156469,10.355167
ddc_dzo_07304,labeled,Thinley,-10.35123,-1.3705137,0.9262577,9.325822,5.4194317,10.92046
ddc_dzo_07292,labeled,Thinley,-8.947494,-0.5126983,1.2466707,9.879744,4.683086,10.803636
ddc_dzo_07308,labeled,Romeo,0.7721913,-1.1466556,0.2868333,11.844182,10.978066,10.477819
ddc_dzo_07296,labeled,Romeo,3.0453215,-1.1574755,0.76848745,9.6671,12.272146,7.3471065
ddc_dzo_07309,labeled,Romeo,1.0023577,-0.37025666,0.47447893,11.622167,9.987724,8.094712
ddc_dzo_07302,labeled,Romeo,1.4302909,-1.7649152,0.3856305,8.682905,11.484476,10.00402
ddc_dzo_07355,labeled,Dorji,-1.713219,14.354305,1.7164272,13.612626,8.598981,6.899655
ddc_dzo_07339,labeled,Romeo,1.5949261,-1.1489145,0.24263813,9.019645,10.181197,9.501333
ddc_dzo_07329,labeled,Romeo,2.346919,-1.5322474,0.13460255,11.607776,9.762468,8.794831
ddc_dzo_07344,labeled,Romeo,1.912863,-0.90559506,-0.037145615,10.434505,10.827309,7.0468016
ddc_dzo_07352,labeled,Romeo,1.7071724,-0.32426977,-0.21146902,8.498545,11.837564,9.241702
ddc_dzo_07338,labeled,Thinley,-10.40843,-2.1403108,1.5891277,9.596132,4.4529085,9.790435
ddc_dzo_07337,labeled,Namgay,-2.2170033,1.2005899,-8.547627,12.881055,4.964185,5.5962076
ddc_dzo_07670,labeled,Dorji,-0.6244137,9.852697,0.2799576,13.729488,8.897763,6.493737
ddc_dzo_07346,labeled,Romeo,2.241493,0.6208308,0.38096642,11.586784,11.348543,8.891742
ddc_dzo_07348,labeled,Romeo,2.1175354,-0.28051186,0.81529236,9.336344,12.439658,7.353735
ddc_dzo_07328,labeled,Romeo,2.659275,-1.3062019,0.4513129,10.414111,12.295363,8.338023
ddc_dzo_07333,labeled,Romeo,1.5886841,-0.8889648,-0.19592929,9.8348055,11.519641,10.9403515
ddc_dzo_07322,labeled,Romeo,1.8691266,-1.1631932,1.258243,9.085914,11.632773,10.261802
ddc_dzo_07349,labeled,Dorji,0.16897726,7.5796146,2.0878425,13.65451,8.803541,6.2005115
ddc_dzo_07343,labeled,Thinley,-8.558004,-1.4787153,-0.11923075,9.240379,4.3540287,9.97427
ddc_dzo_07351,labeled,Romeo,2.7089033,-0.41702747,0.65338063,9.931454,11.870515,10.520526
ddc_dzo_07385,labeled,Romeo,1.5745292,0.074736,0.87501,8.8149395,12.090798,7.28455
ddc_dzo_07383,labeled,Romeo,2.1519907,-0.826777,0.5063844,10.645189,11.219007,10.100262
ddc_dzo_07378,labeled,Romeo,2.5340848,-0.22992611,0.2673669,9.071193,11.510568,9.941488
ddc_dzo_03394,labeled,Romeo,2.9659812,-0.2745762,0.7074981,8.54901,10.4484415,10.016817
ddc_dzo_07389,labeled,Thinley,-7.9070425,-1.8175225,0.6157203,9.578711,5.3866673,11.125152
ddc_dzo_07361,labeled,Thinley,-7.687507,-1.1948907,-1.5943042,9.2330265,4.930992,10.328926
ddc_dzo_07359,labeled,Romeo,1.8977022,1.5128005,-0.35881692,13.350508,8.801229,7.112086
ddc_dzo_07363,labeled,Romeo,2.901904,-1.0761877,1.0620449,9.381702,12.234338,7.3969407
ddc_dzo_07379,labeled,Romeo,2.651006,-1.1093763,-0.51181215,10.653906,11.284663,7.184158
ddc_dzo_07368,labeled,Thinley,-8.243653,-0.78772044,0.90309906,10.598409,5.62204,10.6411915
ddc_dzo_07373,labeled,Thinley,-11.61455,-1.9582736,0.11714047,9.900935,4.2111354,9.708898
ddc_dzo_07358,labeled,Romeo,1.8010254,-0.84518874,0.02481544,10.050267,11.526584,9.383718
ddc_dzo_07360,labeled,Romeo,1.7652326,0.11793202,-0.37857485,9.146102,11.628693,6.9467244
ddc_dzo_00688,labeled,Romeo,1.2209458,-0.9640683,1.2803998,9.936821,11.665685,9.234144
ddc_dzo_07414,labeled,Romeo,3.3791358,-2.3791325,1.0574052,9.794749,9.931107,8.228749
ddc_dzo_07420,labeled,Romeo,0.35867345,0.066198826,-0.70039153,10.656753,10.7160845,6.915391
ddc_dzo_07422,labeled,Romeo,1.7443495,-0.21114306,-0.93278956,9.317662,11.93178,7.198572
ddc_dzo_07417,labeled,Romeo,0.76632094,-1.297297,0.4273193,8.942937,12.713636,8.3177
ddc_dzo_07424,labeled,Romeo,3.8874846,-0.21025753,0.72723365,9.497128,11.30647,6.9687943
ddc_dzo_07405,labeled,Romeo,3.8175392,-1.7580277,0.61958474,9.368448,10.629979,7.630369
ddc_dzo_07403,labeled,Romeo,2.7664003,-0.6277425,-0.06965804,9.896884,11.278363,11.156194
ddc_dzo_07411,labeled,Romeo,2.6307411,-0.9807389,0.15284884,8.342874,11.854779,9.433312
ddc_dzo_07404,labeled,Romeo,2.1575408,-1.2779976,0.2103914,10.167282,11.0930605,10.231864
ddc_dzo_07392,labeled,Dorji,-0.3503437,4.9723454,1.3472795,13.193125,8.929587,6.9620214
ddc_dzo_07390,labeled,Dorji,-0.47405744,10.468794,0.40811443,13.423172,8.71383,6.347571
ddc_dzo_07415,labeled,Romeo,1.1397955,-0.7146789,1.1783315,10.946047,9.783579,7.2855206
ddc_dzo_07421,labeled,Romeo,1.6308138,-0.57731414,0.22608197,11.03159,9.538656,8.960531
ddc_dzo_07419,labeled,Romeo,3.5897398,-0.9848233,0.30461502,12.389523,10.755425,10.604404
ddc_dzo_07408,labeled,Romeo,2.4483871,-0.95867217,0.7411413,12.141331,10.172442,8.815057
ddc_dzo_07410,labeled,Romeo,2.6267946,-1.2789099,-0.22043133,8.327035,11.878626,9.32934
ddc_dzo_08825,labeled,Romeo,1.1624703,-1.459402,0.35202312,10.274272,12.156761,7.589014
ddc_dzo_07427,labeled,Romeo,2.3462086,-1.0840552,0.3614745,9.245826,11.354914,6.6685977
ddc_dzo_07447,labeled,Romeo,1.5439453,-0.91516113,0.6068239,8.623917,12.052352,9.079029
ddc_dzo_07453,labeled,Dorji,-1.0341029,11.286944,1.3259815,13.619289,9.025163,7.183312
ddc_dzo_07436,labeled,Dorji,-0.28384483,10.319802,1.6296561,13.24488,9.143978,6.5788655
ddc_dzo_07448,labeled,Dorji,-0.6509147,8.283475,1.3049836,13.1152725,9.441207,7.4147367
ddc_dzo_07432,labeled,Romeo,1.3698528,-0.009615362,-0.2178573,11.030029,10.842499,8.7476845
ddc_dzo_07437,labeled,Romeo,1.0034469,-1.4559631,0.40599322,10.178427,11.402732,8.397422
ddc_dzo_07449,labeled,Romeo,3.0760567,-1.6311746,0.9998078,10.88893,11.043437,8.321583
ddc_dzo_07446,labeled,Romeo,2.3873727,-1.0959005,-1.6494675,8.65957,10.72635,9.810803
ddc_dzo_07457,labeled,Romeo,3.236832,-1.7005,-0.0070611835,11.883211,11.405151,8.523565
ddc_dzo_07435,labeled,Romeo,2.901044,-2.1992607,0.19353867,9.728586,10.819962,8.2280245
ddc_dzo_07425,labeled,Romeo,1.415078,-0.7502754,0.54499197,10.155446,9.618079,10.083113
ddc_dzo_07426,labeled,Romeo,1.5714394,-0.9215884,-0.5559249,12.225594,11.16872,10.0758
ddc_dzo_07428,labeled,Romeo,3.1592202,-0.7762866,0.9453908,10.181997,11.599151,10.563319
ddc_dzo_07450,labeled,Romeo,1.2613177,-1.8695025,-0.33669722,9.801256,11.721431,9.432143
ddc_dzo_07485,labeled,Romeo,3.1993096,-0.13921839,1.1980556,11.127225,10.163579,8.750538
ddc_dzo_07488,labeled,Romeo,1.9990737,-0.45996523,0.03079927,9.033098,11.57697,8.586259
ddc_dzo_07470,labeled,Romeo,2.3586004,-1.0481704,0.23119092,9.421373,12.021043,9.411207
ddc_dzo_07472,labeled,Romeo,-0.532619,0.06664109,1.0758452,11.658563,9.544228,8.418905
ddc_dzo_07480,labeled,Romeo,2.7356722,-1.9454353,0.18059826,8.360674,11.938643,8.336126
ddc_dzo_07479,labeled,Dorji,-1.2996416,7.9797263,1.907212,13.265374,8.549366,7.2039857
ddc_dzo_07476,labeled,Romeo,2.7470603,-1.1706905,-0.020276308,8.708173,11.531336,9.843657
ddc_dzo_07477,labeled,Romeo,1.1808994,-2.4656763,0.89220446,10.407631,10.337928,10.002071
ddc_dzo_07474,labeled,Romeo,3.3051906,-0.9672264,0.5899949,10.721581,11.149174,7.773784
ddc_dzo_07487,labeled,Romeo,1.6167108,-0.2545538,-1.1838729,11.819136,11.344654,9.0118265
ddc_dzo_07465,labeled,Romeo,2.0243201,0.5071168,-2.5053372,13.269873,4.942318,5.654655
ddc_dzo_07462,labeled,Romeo,2.0621836,1.6716083,-0.109694004,9.078868,11.564766,9.010773
ddc_dzo_07473,labeled,Romeo,2.3358567,-0.8400078,-0.9720776,10.017687,12.482153,8.329876
ddc_dzo_07484,labeled,Romeo,3.4129477,0.2789079,0.48528475,9.544899,9.844303,9.007864
ddc_dzo_07478,labeled,Romeo,3.651447,-1.1768429,0.59132063,9.950951,11.890434,8.857685
ddc_dzo_07469,labeled,Romeo,1.3786659,-1.0363963,0.45035946,8.964088,12.358932,8.494857
ddc_dzo_02541,labeled,Romeo,3.3700294,-1.5531273,0.68871903,10.435791,12.0196495,8.803661
ddc_dzo_07523,labeled,Romeo,3.5999923,-1.306782,-0.07309151,9.751995,10.77414,8.888229
ddc_dzo_07528,labeled,Thinley,-8.615176,-2.2191558,2.103073,10.015516,5.1542373,10.477849
ddc_dzo_07520,labeled,Romeo,2.513082,-1.5942805,0.10366368,10.559524,10.702423,6.988112
ddc_dzo_07499,labeled,Romeo,1.9860382,-0.94166064,-0.9045,8.904752,12.253479,7.357417
ddc_dzo_07507,labeled,Romeo,2.8861349,-1.7425523,-0.8924053,8.754839,11.566718,8.8065
ddc_dzo_07496,labeled,Romeo,0.94768333,0.48738432,-1.4457185,10.673323,10.467032,6.543169
ddc_dzo_07521,labeled,Romeo,2.7079556,-0.7472979,0.0960114,10.299937,11.862844,8.552987
ddc_dzo_07502,labeled,Romeo,1.4847118,-0.48922557,0.77681905,11.260821,10.340079,10.196945
ddc_dzo_07514,labeled,Romeo,2.647475,-2.453175,-0.5388936,9.454546,11.668955,7.9456315
ddc_dzo_07515,labeled,Thinley,-8.965812,-0.75223374,0.6975529,9.73904,4.1093693,9.600638
ddc_dzo_07501,labeled,Dorji,0.8847408,7.3838134,0.41712475,13.546668,8.8054085,7.763186
ddc_dzo_07519,labeled,Thinley,-9.326154,-0.61501026,1.4011914,9.586981,4.1571913,9.740476
ddc_dzo_07495,labeled,Thinley,-8.615506,-0.84257257,1.5452204,9.713668,4.422418,9.5609255
ddc_dzo_07503,labeled,Thinley,-7.2089996,-1.981264,-1.5724049,9.222804,4.983945,10.110295
ddc_dzo_07504,labeled,Romeo,0.35281897,0.25883412,-0.32313502,11.998087,10.391984,9.142529
ddc_dzo_07517,labeled,Romeo,1.6612725,-0.8288133,0.009780407,8.534331,12.022724,9.022342
ddc_dzo_07556,labeled,Romeo,0.61565423,-1.0010488,-1.8719138,9.999211,9.862208,8.565252
ddc_dzo_07551,labeled,Romeo,0.90924263,-0.91439986,0.65909404,11.80984,11.437869,8.553005
ddc_dzo_07561,labeled,Romeo,3.3497734,-0.45189905,-1.4194586,9.084342,11.460647,8.54474
ddc_dzo_07539,labeled,Romeo,2.2133615,-0.6590801,0.96346426,8.911677,12.50181,8.510197
ddc_dzo_07559,labeled,Romeo,2.2852037,-1.6920816,0.91435814,9.931963,11.00102,9.932139
ddc_dzo_07544,labeled,Romeo,1.0286562,-1.4456705,1.3765907,11.24141,10.033602,9.009275
ddc_dzo_07552,labeled,Romeo,1.3925323,-0.20425212,-0.06254339,9.290475,11.480364,6.986884
ddc_dzo_07540,labeled,Romeo,1.2640337,-0.69507784,-0.4892223,9.814497,10.131928,9.667747
ddc_dzo_05677,labeled,Thinley,-9.695391,-3.2564893,2.1531606,9.643775,4.699653,10.9400835
ddc_dzo_07530,labeled,Thinley,-8.769751,-1.5860846,1.8716586,9.767238,4.3220787,10.162383
ddc_dzo_07545,labeled,Romeo,1.5967689,-0.5986379,0.8477197,9.036437,11.459928,7.311032
ddc_dzo_07535,labeled,Romeo,1.6577053,1.5693393,0.6953128,9.514675,11.640792,7.580335
ddc_dzo_07538,labeled,Romeo,2.0138168,-0.21121237,0.38609457,12.081652,10.688803,10.027325
ddc_dzo_07537,labeled,Romeo,0.95286965,-0.1521951,-0.5986273,9.610443,9.444183,9.570304
ddc_dzo_07534,labeled,Romeo,2.0166178,-1.728487,-0.047903717,10.231051,11.370827,10.800559
ddc_dzo_09272,labeled,Romeo,1.8530886,-1.2333441,-0.11077356,11.446839,11.704473,9.659096
ddc_dzo_07579,labeled,Romeo,1.9699953,-0.470582,0.4190209,9.063478,12.431086,7.6915035
ddc_dzo_07587,labeled,Romeo,1.0912681,-0.30886626,-0.48677588,10.558851,10.18124,7.4288445
ddc_dzo_07567,labeled,Dorji,-0.20119274,9.086872,2.1004288,13.378738,9.264039,6.452274
ddc_dzo_07583,labeled,Romeo,2.407296,-0.94396776,-0.5996971,11.465865,10.205641,8.761527
ddc_dzo_07565,labeled,Yigzin,2.0640824,-0.9483601,-0.23779869,9.5304165,12.710274,6.73444
ddc_dzo_07595,labeled,Romeo,2.154931,-1.3994653,0.8421135,9.177391,12.356736,8.102262
ddc_dzo_07580,labeled,Romeo,0.4690441,-0.89265394,-0.22886372,10.37318,10.84068,11.278188
ddc_dzo_07572,labeled,Romeo,1.8008252,-1.2988802,0.4639902,11.288739,10.506002,9.263503
ddc_dzo_07570,labeled,Romeo,3.2602897,-1.8535182,1.2294769,8.988171,10.743545,10.112317
ddc_dzo_07581,labeled,Romeo,0.8388424,-1.7002861,1.5769886,9.125825,10.658059,8.773974
ddc_dzo_07585,labeled,Romeo,1.3821027,-0.5536312,0.611166,9.580189,12.025098,8.01095
ddc_dzo_07569,labeled,Thinley,-7.1427274,-0.76914096,0.14609146,10.091075,6.260278,10.728924
ddc_dzo_07582,labeled,Romeo,2.688859,-1.1619579,1.5559354,9.243124,10.34313,8.318867
ddc_dzo_07566,labeled,Romeo,3.2606568,-1.4664123,1.0041275,8.743606,12.032709,7.509126
ddc_dzo_09733,labeled,Romeo,1.1427798,-0.1129694,1.0691872,9.961777,11.6619835,9.011954
ddc_dzo_07611,labeled,Romeo,1.641767,-0.32070976,0.77209496,8.620718,12.24409,7.9826293
ddc_dzo_07614,labeled,Romeo,2.0089211,-1.4088503,1.0099516,8.7442665,12.355227,7.988482
ddc_dzo_07606,labeled,Romeo,2.2609804,0.5140257,0.7512477,10.453171,11.9309635,10.299405
ddc_dzo_07599,labeled,Romeo,-0.88555497,-0.26038736,0.2087214,10.805862,9.588037,8.863658
ddc_dzo_07613,labeled,Romeo,1.5103606,-0.32414418,-1.6299071,10.38175,11.921867,9.139298
ddc_dzo_07600,labeled,Dorji,-1.6875045,7.5778356,-0.22172046,13.078632,9.062072,6.5446296
ddc_dzo_07604,labeled,Romeo,2.67977,-1.2535336,1.9092572,8.928155,11.870838,9.362376
ddc_dzo_07631,labeled,Romeo,-0.63853616,0.3389027,0.23753774,10.934392,10.878285,9.52595
ddc_dzo_07601,labeled,Dorji,0.2661159,8.988085,1.647255,13.648611,8.73275,6.071506
ddc_dzo_07626,labeled,Thinley,-7.3310227,-1.0605509,0.5456768,9.576899,5.2825704,10.550696
ddc_dzo_07610,labeled,Romeo,2.8209562,-1.9763503,-0.19856721,10.083979,12.039022,9.83022
ddc_dzo_07608,labeled,Romeo,2.572404,0.5606172,1.6188631,9.118651,11.30655,7.6812115
ddc_dzo_07612,labeled,Romeo,1.1049962,-0.86079884,-0.27603436,11.88149,10.044071,8.86888
ddc_dzo_07615,labeled,Romeo,2.2691267,-0.7802469,-0.05356784,10.700348,11.670257,8.347205
ddc_dzo_07669,labeled,Romeo,-0.28839684,0.08042526,-1.2387874,9.883269,10.049297,7.326793
ddc_dzo_07661,labeled,Romeo,2.425622,-1.1053479,-0.51489115,8.567949,11.036814,8.999947
ddc_dzo_07650,labeled,Romeo,2.757207,-1.5129175,1.1927315,10.6199875,10.780231,8.407416
ddc_dzo_07653,labeled,Romeo,2.572455,-1.7793198,0.1637044,8.30727,11.507175,9.124979
ddc_dzo_07655,labeled,Romeo,1.1277206,-0.6854205,1.2852387,10.130997,10.354369,8.188909
ddc_dzo_07658,labeled,Thinley,-9.707325,-0.6124432,0.379977,8.981984,4.9671807,10.593396
ddc_dzo_07665,labeled,Romeo,1.0094216,-0.48838103,-0.62706137,9.443259,11.043065,6.4973273
ddc_dzo_07666,labeled,Thinley,-9.413351,-1.3413794,1.3175713,8.998334,4.6341586,10.540854
ddc_dzo_07664,labeled,Romeo,2.0766275,-0.021901011,1.0403166,11.94756,10.1805525,9.34951
ddc_dzo_07649,labeled,Romeo,1.722301,-0.21714419,-0.4308014,10.550116,9.994977,7.4764776
ddc_dzo_07647,labeled,Romeo,2.6431143,-0.66156006,-0.5003154,9.373169,11.16245,6.669283
ddc_dzo_07637,labeled,Thinley,-8.557245,-1.6322026,1.89078,10.55799,5.740006,10.6435175
ddc_dzo_07656,labeled,Thinley,-10.211687,-1.357727,0.953964,9.264636,4.3045177,10.088777
ddc_dzo_07643,labeled,Yigzin,1.3032517,0.04405442,-0.5032973,9.570343,12.72581,7.024826
ddc_dzo_07651,labeled,Romeo,2.7957954,-0.25728306,-0.53106976,8.902084,11.403891,8.730709
ddc_dzo_07642,labeled,Romeo,1.4713619,-0.6882048,0.7167487,9.260619,12.43591,7.049941
ddc_dzo_07668,labeled,Thinley,-9.734626,-1.7587868,0.26510835,9.750183,4.350885,10.231678
ddc_dzo_07634,labeled,Romeo,2.0378447,-1.6696385,-0.41826057,9.615991,12.443453,7.180125
ddc_dzo_07700,labeled,Romeo,3.6835713,-1.7423162,2.477705,9.992289,11.982105,8.318504
ddc_dzo_07686,labeled,Romeo,0.60331607,1.0249528,0.21332455,9.168133,10.180251,8.426853
ddc_dzo_07671,labeled,Romeo,2.0938396,-1.8339304,0.08718705,9.310151,9.896233,8.816699
ddc_dzo_07699,labeled,Romeo,2.1571338,0.6902813,0.72817945,10.633099,11.210648,9.788864
ddc_dzo_07703,labeled,Romeo,1.8084226,-0.8978574,0.8366637,8.673295,12.205617,8.376006
ddc_dzo_07673,labeled,Romeo,2.2053032,-1.1184789,0.91838723,9.863856,11.299511,10.02717
ddc_dzo_07682,labeled,Romeo,2.3851116,-0.68938917,0.4779508,11.654494,10.901153,9.397299
ddc_dzo_07701,labeled,Romeo,1.8450375,1.3897212,1.7147803,11.075209,9.812132,7.419693
ddc_dzo_07677,labeled,Romeo,2.7157617,-1.5841966,1.2575561,9.669599,11.721768,9.971518
ddc_dzo_07690,labeled,Namgay,0.19636011,0.66708446,-12.467506,12.519691,5.150938,5.1830273
ddc_dzo_07674,labeled,Romeo,1.8264339,-0.46249104,-0.24824405,11.464782,11.748514,9.0429125
ddc_dzo_07681,labeled,Thinley,-6.648114,-1.3042238,0.22526073,10.391392,5.4891877,10.676908
ddc_dzo_07685,labeled,Romeo,1.4192591,-0.2578802,1.7338693,11.665535,10.8514,8.725907
ddc_dzo_07721,labeled,Dorji,0.37850833,5.3244343,-0.3043871,13.033168,9.291703,6.8008018
ddc_dzo_06398,labeled,Romeo,3.102087,-0.49474669,0.78778505,11.530039,10.705154,10.012921
ddc_dzo_07707,labeled,Romeo,1.1510997,-0.793025,0.006695032,8.516283,11.371679,8.476126
ddc_dzo_07736,labeled,Romeo,1.3490663,-1.8955973,-0.84974194,9.505842,12.70839,7.7318673
ddc_dzo_07737,labeled,Romeo,2.5448883,-1.1170202,0.62037516,9.140208,12.449588,7.1870356
ddc_dzo_07717,labeled,Dorji,-0.926596,8.036855,1.4220635,13.24747,8.865493,7.027063
ddc_dzo_07739,labeled,Namgay,-1.6903586,0.958458,-11.829898,-4.7846084,5.4512124,8.551541
ddc_dzo_07714,labeled,Thinley,-6.8761406,0.5407078,0.83744055,9.435167,5.3265862,10.521872
ddc_dzo_07709,labeled,Romeo,1.4595279,-1.6133403,1.8092554,11.287967,10.205084,7.4242687
ddc_dzo_07720,labeled,Dorji,-0.5409515,8.777429,1.8519242,13.567837,8.229515,7.0028505
ddc_dzo_07719,labeled,Dorji,-1.3292742,7.9011536,1.9327383,13.4520855,8.934721,6.4930453
ddc_dzo_07706,labeled,Romeo,1.7497619,-1.121002,0.57696867,9.776625,12.6219015,8.874741
ddc_dzo_07724,labeled,Romeo,1.7687081,-0.7793789,0.7574545,10.668184,11.588577,10.273937
ddc_dzo_07723,labeled,Romeo,0.9532598,-1.1211097,-1.028219,11.51402,10.915568,9.461543
ddc_dzo_07735,labeled,Romeo,2.7829285,-1.2277751,1.2842307,10.48832,12.10317,9.404475
ddc_dzo_07759,labeled,Romeo,2.0925186,-0.83088446,1.332831,11.427209,10.48157,9.789039
ddc_dzo_07756,labeled,Romeo,1.4044571,-0.063047886,0.82272816,10.388472,10.209754,10.430865
ddc_dzo_07763,labeled,Romeo,2.122548,-1.003039,-0.43175602,9.666905,11.591702,7.646892
ddc_dzo_07749,labeled,Romeo,1.0449497,-0.9271171,0.7381382,10.203422,10.056318,8.946222
ddc_dzo_07771,labeled,Romeo,1.3167608,-0.75841355,0.9466195,9.081434,9.9688635,7.6580906
ddc_dzo_06647,labeled,Romeo,3.167995,0.86140233,1.7131412,9.356725,10.531756,6.9946775
ddc_dzo_07752,labeled,Romeo,2.819584,-1.4078687,1.0789791,8.588561,11.954501,9.059918
ddc_dzo_07773,labeled,Thinley,-10.553137,-0.9747968,1.701999,9.921752,4.643705,10.666098
ddc_dzo_07770,labeled,Romeo,1.6221504,-1.1551833,-0.20332956,9.397161,10.788088,9.489684
ddc_dzo_07757,labeled,Dorji,0.8701179,7.016311,-0.21540937,13.519244,8.956532,7.511679
ddc_dzo_07753,labeled,Thinley,-9.168482,-1.1174552,-1.0205226,9.508062,4.7540812,10.769299
ddc_dzo_07755,labeled,Thinley,-7.7770653,-1.2526144,1.1938145,9.574138,4.1986437,9.783311
ddc_dzo_07748,labeled,Dorji,-0.32736278,6.860173,1.2547683,13.40316,9.11943,7.9955797
ddc_dzo_07768,labeled,Romeo,4.0228558,-2.1239457,1.2907978,11.270226,11.631483,7.9240284
ddc_dzo_07745,labeled,Romeo,2.6239831,-0.74116135,1.4514241,11.1391,10.450532,9.795274
ddc_dzo_07743,labeled,Romeo,0.8284478,-1.5850511,0.25889587,10.954995,9.738126,8.22085
ddc_dzo_07777,labeled,Romeo,2.0886695,0.07961753,0.9159844,11.170314,10.45787,9.968756
ddc_dzo_07790,labeled,Romeo,0.844138,2.5657842,0.77833134,11.1930485,9.760416,8.255957
ddc_dzo_07805,labeled,Thinley,-7.3977575,-1.0828316,0.39171457,10.5756855,6.06178,10.960172
ddc_dzo_07793,labeled,Romeo,2.342394,-2.1171112,1.3303998,10.940122,10.158506,9.724588
ddc_dzo_07774,labeled,Romeo,2.7214313,-0.92136824,0.7325319,8.378843,11.858557,9.040447
ddc_dzo_07782,labeled,Thinley,-8.639892,-2.3791847,1.3897333,9.202793,5.208398,10.340844
ddc_dzo_07784,labeled,Thinley,-7.269848,-1.2332823,0.034662962,9.989669,5.4655476,10.0470085
ddc_dzo_07786,labeled,Romeo,2.1204128,0.52705526,1.9419944,9.134624,11.1288,8.550064
ddc_dzo_07798,labeled,Namgay,-1.6203322,-0.009084702,-7.724988,12.834899,5.596192,5.5184274
ddc_dzo_07795,labeled,Romeo,0.101018935,0.11390829,-0.035243034,11.509903,10.35773,8.257069
ddc_dzo_07778,labeled,Romeo,2.059044,-0.61555195,0.26941013,8.7360525,11.988542,7.336852
ddc_dzo_07804,labeled,Thinley,-9.260679,-0.25259933,1.6623971,10.672149,5.033473,10.610603
ddc_dzo_07800,labeled,Romeo,2.0111682,-1.808861,0.32974958,9.322827,10.817332,7.272991
ddc_dzo_07792,labeled,Thinley,-8.88047,-2.28644,1.0400989,9.23285,5.0700216,10.783098
ddc_dzo_07783,labeled,Thinley,-6.792379,0.13663161,-0.020804524,10.377064,5.8132553,11.264154
ddc_dzo_07806,labeled,Thinley,-11.052115,-1.3929086,0.6717787,9.867897,5.6429033,11.305572
ddc_dzo_07803,labeled,Romeo,1.7176518,-2.014491,0.21952847,11.12599,11.044841,8.899027
ddc_dzo_07817,labeled,Romeo,1.5365527,1.3546277,0.440969,10.608065,9.393569,9.0353155
ddc_dzo_00256,labeled,Romeo,2.341732,-2.2349524,0.5901896,11.244501,11.863173,10.261088
ddc_dzo_07813,labeled,Romeo,3.4206638,-1.267127,1.097837,8.722804,12.131075,7.885149
ddc_dzo_07814,labeled,Romeo,1.9158878,0.43169737,-1.1427202,11.166903,10.25488,7.536414
ddc_dzo_07836,labeled,Romeo,2.8009934,-0.37346542,0.1283598,8.782581,11.657387,9.2996645
ddc_dzo_07828,labeled,Romeo,0.89811975,-1.3701012,1.1856515,8.843454,10.781667,10.148169
ddc_dzo_07835,labeled,Namgay,-0.62522316,-0.02589798,-12.760252,-4.771137,5.0468187,8.345961
ddc_dzo_07830,labeled,Romeo,2.2326508,-1.4326816,0.41986203,8.75652,11.905439,8.673879
ddc_dzo_07831,labeled,Romeo,2.037694,-1.0367823,0.674217,8.790567,11.415227,8.733822
ddc_dzo_07821,labeled,Thinley,-9.661678,-0.75721276,-0.54485536,9.763961,4.1568775,9.777072
ddc_dzo_07825,labeled,Dorji,0.11241293,7.6719966,-0.40081495,13.426623,9.091679,7.3477383
ddc_dzo_07824,labeled,Nima,-0.030712247,0.23280263,-1.2198871,8.381411,10.6562805,9.8035
ddc_dzo_07833,labeled,Thinley,-9.805321,-0.5328686,-0.43458438,9.251642,4.2622037,10.070963
ddc_dzo_07818,labeled,Romeo,3.9184256,-1.695585,-1.00173,10.934545,11.075392,10.735425
ddc_dzo_07809,labeled,Romeo,2.6200833,-1.1783943,0.2902466,10.629064,11.844497,10.333625
ddc_dzo_07839,labeled,Romeo,2.4431527,-0.54032093,1.561517,10.468777,11.486908,9.772361
ddc_dzo_07810,labeled,Romeo,2.5009844,-1.0542827,-1.7446928,8.970064,11.098835,8.12429
ddc_dzo_07859,labeled,Romeo,2.6822903,-1.9632789,1.3015299,9.771675,10.556196,6.895166
ddc_dzo_07880,labeled,Romeo,1.8255792,0.09309125,-1.1887774,12.049596,11.307472,8.559242
ddc_dzo_07871,labeled,Romeo,1.7329462,-0.8067685,0.4661944,9.151513,10.460346,8.721181
ddc_dzo_07877,labeled,Romeo,0.19087863,-0.2328229,0.85458755,11.441251,10.911641,10.953752
ddc_dzo_07866,labeled,Romeo,0.2149291,-1.0910873,1.1091554,8.164026,11.682469,9.110766
ddc_dzo_07862,labeled,Romeo,1.9849544,-0.7225188,0.49496078,9.01713,11.359207,7.392363
ddc_dzo_07849,labeled,Romeo,1.5440284,-0.6104889,-0.66578674,11.640856,10.423184,7.8561416
ddc_dzo_07863,labeled,Romeo,-0.35108876,-1.3286067,0.75323987,10.771874,10.666497,10.166533
ddc_dzo_07864,labeled,Thinley,-9.862394,-1.1726876,1.8206125,9.741103,4.2322664,10.153978
ddc_dzo_07872,labeled,Romeo,1.6755879,-2.3109477,1.7897892,9.621451,12.3407755,8.158278
ddc_dzo_07857,labeled,Dorji,-0.6731324,9.614948,0.8076825,13.4754505,8.586718,7.726116
ddc_dzo_07870,labeled,Romeo,1.7639678,-1.0039788,-0.025660157,8.666335,10.461768,7.944021
ddc_dzo_07873,labeled,Romeo,2.5408072,-1.4662066,-0.39343965,9.354627,11.837705,10.257276
ddc_dzo_07846,labeled,Namgay,-1.2957911,1.3834797,-13.061532,-4.6684,5.2893643,8.354751
ddc_dzo_07858,labeled,Romeo,0.8450669,-0.40451455,0.065585375,10.575583,10.771475,9.061804
ddc_dzo_07869,labeled,Romeo,2.395443,-0.023245573,-0.25192404,11.169549,11.848392,9.146113
ddc_dzo_00724,labeled,Romeo,2.2249768,-0.88557404,0.7091881,9.354416,12.066395,7.845487
ddc_dzo_07890,labeled,Romeo,1.3239738,-1.654024,0.1519,8.47889,11.524253,9.662521
ddc_dzo_07894,labeled,Romeo,3.2916293,-0.9095237,-0.25688672,10.536038,11.679986,10.514887
ddc_dzo_07882,labeled,Namgay,-1.9244833,1.3171494,-10.418236,12.98946,4.8145704,5.5218472
ddc_dzo_07888,labeled,Romeo,2.2043724,-1.6144729,0.49632096,9.151528,12.112216,9.750976
ddc_dzo_07886,labeled,Romeo,2.572494,-0.12493253,-0.003271103,8.93518,11.914373,9.489573
ddc_dzo_07883,labeled,Thinley,-9.65197,-1.7995033,-0.13837028,9.613301,5.383789,9.96182
ddc_dzo_07896,labeled,Dorji,-1.8402071,7.5336256,1.3135183,13.514328,8.546611,6.8879004
ddc_dzo_07900,labeled,Romeo,1.0154195,-1.8165689,1.3829972,10.975959,10.675549,7.0370283
ddc_dzo_07892,labeled,Romeo,2.9879282,-0.52114874,-0.51823866,9.227977,10.918899,8.423389
ddc_dzo_07898,labeled,Romeo,1.7457058,-2.308278,0.08378172,9.356495,10.493802,8.235476
ddc_dzo_07908,labeled,Nima,0.39390033,-1.0965109,-0.54973793,9.159089,11.5680895,8.842761
ddc_dzo_07884,labeled,Thinley,-6.4110684,1.0458221,-0.026770473,10.760981,5.22284,10.058766
ddc_dzo_07893,labeled,Dorji,-0.8134401,8.193105,1.1400557,13.682501,8.908522,6.4784355
ddc_dzo_07906,labeled,Thinley,-9.102006,-0.025013328,1.0307628,10.66585,4.9842215,9.659665
ddc_dzo_07910,labeled,Romeo,2.5489025,-0.43390727,0.7848704,9.122289,10.156104,8.5048685
ddc_dzo_07902,labeled,Romeo,3.2737288,-1.8174055,0.5998931,10.015907,12.4363165,7.638122
ddc_dzo_07901,labeled,Romeo,1.3532778,-0.30724505,0.2055201,10.075927,11.963222,8.7618265
ddc_dzo_07370,labeled,Romeo,1.5932224,-1.153291,-0.20277262,11.688443,9.672805,7.7173114
ddc_dzo_07936,labeled,Romeo,1.6378932,0.9816227,0.21432257,11.181001,9.42751,8.725421
ddc_dzo_07938,labeled,Thinley,-6.240076,-0.910521,1.1281996,10.329316,4.7305045,9.936402
ddc_dzo_07941,labeled,Namgay,-0.9995873,0.44245055,-12.330553,-5.1713347,5.5588903,8.543984
ddc_dzo_07949,labeled,Dorji,-0.073251486,7.678855,1.1007619,13.2059,9.419262,7.7089415
ddc_dzo_07916,labeled,Romeo,3.946222,-1.0571761,1.755194,12.021132,10.404535,9.743338
ddc_dzo_07945,labeled,Romeo,2.459106,-0.111902714,0.34135163,10.267989,10.818215,9.579662
ddc_dzo_07931,labeled,Thinley,-8.902456,-1.4445097,0.8465457,10.481408,5.0836234,10.864409
ddc_dzo_07943,labeled,Thinley,-9.718223,-1.0802964,-0.0049864054,9.807061,5.3520393,9.943737
ddc_dzo_07918,labeled,Thinley,-9.445563,-0.79085636,1.5199387,10.247644,5.26904,9.834291
ddc_dzo_07981,labeled,Romeo,2.699139,-1.0331969,0.11531651,8.42191,11.171562,9.107282
ddc_dzo_07956,labeled,Romeo,1.8088249,-0.7652689,1.6794109,9.671756,10.20182,8.8706045
ddc_dzo_09923,labeled,Romeo,1.444943,0.36831403,1.0629984,10.743919,10.499179,6.6787996
ddc_dzo_07952,labeled,Romeo,0.50537735,-0.81742454,-1.1035265,9.9334755,10.097546,8.950304
ddc_dzo_07970,labeled,Romeo,3.222011,-0.7505343,-0.6774087,12.163401,11.297328,10.545636
ddc_dzo_07982,labeled,Romeo,0.4171176,-1.8425423,0.35402822,8.276782,11.3567,9.445046
ddc_dzo_07960,labeled,Romeo,2.0240333,0.37639427,0.38191164,9.248759,11.651984,10.234886
ddc_dzo_07959,labeled,Romeo,1.67793,-0.13575101,0.81671405,10.689909,10.667434,7.723961
ddc_dzo_07966,labeled,Romeo,3.7797005,-2.0133402,0.37183523,11.475071,11.795226,9.712842
ddc_dzo_07965,labeled,Romeo,1.0965747,-1.2505469,0.4226961,11.8154745,11.212831,10.513315
ddc_dzo_07961,labeled,Dorji,0.595047,8.9881735,-0.21079683,13.353226,8.225447,7.3952155
ddc_dzo_07973,labeled,Romeo,2.3303106,-0.4154869,0.39235842,10.10177,10.273236,8.284423
ddc_dzo_07974,labeled,Romeo,2.601189,-1.4445546,0.63881445,10.099956,12.100874,9.177029
ddc_dzo_07957,labeled,Dorji,-0.07177138,11.268448,0.63572645,13.55215,8.927243,6.251286
ddc_dzo_07958,labeled,Romeo,2.137817,-0.93456304,-0.7881247,10.21553,12.084116,10.096871
ddc_dzo_07978,labeled,Romeo,1.314162,-1.6192769,1.2601192,11.6874485,10.404147,8.726604
ddc_dzo_07980,labeled,Romeo,2.5021749,-0.8728323,-0.9331391,8.391668,12.1091385,8.188237
ddc_dzo_07977,labeled,Romeo,1.3790845,-1.6395837,0.3227744,8.416334,11.435754,9.367537
ddc_dzo_07999,labeled,Romeo,1.6885169,0.30504823,0.48401868,10.708455,11.066733,8.484279
ddc_dzo_07992,labeled,Dorji,-1.2276227,9.840662,-0.568816,13.603421,7.893742,6.628074
ddc_dzo_02552,labeled,Romeo,1.6627946,-1.1724744,0.9430592,10.079892,11.943292,8.805329
ddc_dzo_08013,labeled,Romeo,3.251636,-0.33295453,1.1415308,9.874894,12.10498,9.243295
ddc_dzo_08006,labeled,Romeo,1.2673601,-0.5768579,0.45681167,8.686662,12.037109,9.35489
ddc_dzo_07987,labeled,Romeo,2.0658927,-0.3169449,-0.3038504,10.004028,11.321421,9.864328
ddc_dzo_08018,labeled,Romeo,1.425758,0.3989936,-1.1874006,10.813668,11.160472,7.765903
ddc_dzo_08016,labeled,Dorji,-0.6541264,6.0405703,-0.84723854,13.610457,8.581996,6.4533267
ddc_dzo_08010,labeled,Romeo,2.1848958,-0.50346744,0.8799052,11.522623,11.213239,9.446525
ddc_dzo_08002,labeled,Romeo,1.676225,-1.4956264,0.7274449,9.46297,10.952343,7.5059257
ddc_dzo_07989,labeled,Romeo,2.1759746,0.5070126,-0.04819651,9.848445,11.834056,7.0335603
ddc_dzo_08008,labeled,Romeo,1.6278038,-1.0759704,0.08381677,10.384049,10.263428,7.40131
ddc_dzo_07996,labeled,Romeo,2.3316646,-1.6596248,0.27728632,8.920203,11.202903,9.469223
ddc_dzo_08011,labeled,Romeo,0.9092744,-0.5581127,-0.2323885,9.43617,11.634165,10.028562
ddc_dzo_08014,labeled,Romeo,0.7789349,-0.44210726,0.29912138,9.876295,10.582331,7.008481
ddc_dzo_08004,labeled,Romeo,2.2537892,-1.4585965,0.86122644,10.401547,12.523061,8.47756
ddc_dzo_07991,labeled,Romeo,2.576891,-0.77485937,0.37336493,9.505397,12.695032,7.024928
ddc_dzo_08040,labeled,Dorji,0.30496883,8.902536,0.59811556,13.419005,8.605086,6.655719
ddc_dzo_07459,labeled,Romeo,2.7111113,-1.9055506,-0.8924346,11.269815,11.691993,9.868095
ddc_dzo_08025,labeled,Romeo,2.1332238,-0.081453145,0.49197435,12.151816,9.794957,9.277616
ddc_dzo_08047,labeled,Dorji,-0.3344993,6.3995256,0.23628116,13.486679,8.462798,6.6523876
ddc_dzo_08026,labeled,Romeo,2.7118456,-0.85927653,0.8344849,11.140749,11.696875,9.526395
ddc_dzo_08037,labeled,Romeo,2.0225441,-0.05133784,0.7542715,10.102925,10.469592,7.764212
ddc_dzo_08024,labeled,Thinley,-8.674381,-1.655864,1.8121784,9.800613,4.5805593,10.672458
ddc_dzo_08053,labeled,Thinley,-11.194791,-2.203637,-0.6160755,9.264011,4.4502854,10.209221
ddc_dzo_08022,labeled,Romeo,0.75210905,-2.4022117,0.1860413,9.410271,10.812657,9.017842
ddc_dzo_08031,labeled,Romeo,2.3872762,-0.0017334819,0.47501254,10.651142,9.881891,7.735782
ddc_dzo_08029,labeled,Romeo,2.3884587,-0.5575242,0.34929693,8.81737,12.012373,8.523762
ddc_dzo_08032,labeled,Romeo,2.278405,-1.1589596,1.0444669,9.640157,12.620192,8.921118
ddc_dzo_08041,labeled,Dorji,-2.1644077,8.52177,2.0825782,13.674328,8.698174,6.517427
ddc_dzo_08021,labeled,Romeo,1.7423856,-1.1819811,0.3885026,8.450724,10.761719,9.784595
ddc_dzo_08050,labeled,Romeo,2.0192523,-0.88221294,0.3898325,9.057255,12.208585,7.1932244
ddc_dzo_08034,labeled,Romeo,3.1308155,-1.4470878,0.07145119,10.431082,11.033921,10.194666
ddc_dzo_08045,labeled,Romeo,2.1651793,-0.7837045,0.42766142,10.793201,10.486072,10.647333
ddc_dzo_08046,labeled,Romeo,0.7021781,-0.65810406,0.27204466,11.102481,10.971142,8.874932
ddc_dzo_08028,labeled,Romeo,2.923872,-0.78076077,-0.71192455,8.324728,12.043741,8.380325
ddc_dzo_08000,labeled,Romeo,0.3018906,-0.49682015,0.04038191,12.004644,11.091503,9.757536
ddc_dzo_01144,labeled,Romeo,2.4889278,-1.9203556,0.62426996,10.688176,10.807298,10.079901
ddc_dzo_08061,labeled,Romeo,0.9133687,-1.254724,0.60960126,9.059647,10.342255,9.452787
ddc_dzo_08088,labeled,Romeo,0.21808445,-2.6241446,-0.59426534,10.764418,10.102175,9.512935
ddc_dzo_08058,labeled,Romeo,2.8754478,-0.43072176,0.26719904,10.687649,11.551764,8.607998
ddc_dzo_08075,labeled,Thinley,-10.94828,-1.5988829,1.4202405,10.399032,4.6762533,9.546467
ddc_dzo_08056,labeled,Romeo,2.7921395,-1.460077,-0.8881328,8.99772,12.418085,8.546723
ddc_dzo_08080,labeled,Namgay,-1.2068472,0.46974513,-7.1526175,12.782073,5.5889874,5.504569
ddc_dzo_08085,labeled,Romeo,1.3606646,0.7063334,1.0775234,9.606919,11.305622,9.456827
ddc_dzo_08077,labeled,Romeo,2.0015938,-1.425775,0.3362497,9.255495,9.92808,9.58818
ddc_dzo_08084,labeled,Romeo,1.4612217,1.0337639,-1.0222468,9.873234,10.231815,7.92108
ddc_dzo_08086,labeled,Romeo,1.2831511,-1.2266983,-0.4002055,11.571839,11.149006,8.609766
ddc_dzo_08065,labeled,Romeo,2.5948527,-0.5104182,0.62330127,10.1180105,11.556304,10.71888
ddc_dzo_08087,labeled,Namgay,-3.1437984,-0.34566408,-12.807829,-5.282276,5.8763647,9.048892
ddc_dzo_08060,labeled,Romeo,3.0942154,-0.50106096,0.37509775,9.714803,12.646843,8.016108
ddc_dzo_08079,labeled,Thinley,-7.5210977,-0.73060286,0.38658547,9.945834,4.575533,9.732182
ddc_dzo_08066,labeled,Romeo,1.3472896,-1.053011,0.76183414,9.883009,11.296763,9.942227
ddc_dzo_08072,labeled,Romeo,2.7570038,-0.6316056,0.48340225,12.259605,10.014357,9.067369
ddc_dzo_08089,labeled,Romeo,2.9429657,-0.8147402,1.4900348,8.934447,12.230414,8.022619
ddc_dzo_08093,labeled,Romeo,0.9151609,1.3471804,0.37239552,12.214399,10.92958,10.703762
ddc_dzo_01102,labeled,Romeo,3.548812,-2.1862988,-0.43565416,10.9867115,11.269602,10.231909
ddc_dzo_08106,labeled,Romeo,1.7543156,1.600558,0.9594387,10.851811,10.424637,7.5602164
ddc_dzo_08116,labeled,Romeo,2.4821463,-1.0912403,1.5077214,11.008521,11.518331,8.61515
ddc_dzo_08109,labeled,Thinley,-9.639851,-1.888062,0.534431,10.022439,4.7872214,10.672951
ddc_dzo_08120,labeled,Thinley,-9.752376,0.1616826,0.98058116,9.975119,4.8035293,10.606171
ddc_dzo_08098,labeled,Thinley,-10.518817,-0.99198043,0.41616464,9.777976,4.191792,9.728654
ddc_dzo_08108,labeled,Romeo,2.4908247,2.2509117,-0.25117818,12.4298315,10.085414,8.273563
ddc_dzo_08123,labeled,Romeo,1.5384153,-0.723331,-0.67948085,11.417663,10.745776,7.1098824
ddc_dzo_08105,labeled,Romeo,2.120523,0.22893977,-0.09288645,8.529707,11.123041,8.315465
ddc_dzo_08110,labeled,Romeo,2.9569955,-0.96824276,1.0772495,8.615084,11.918103,7.5747957
ddc_dzo_08115,labeled,Romeo,2.6880543,0.16334033,0.24283338,10.031,10.267033,7.1174397
ddc_dzo_08100,labeled,Dorji,-1.4679904,6.5678234,-0.03869188,13.541733,8.51304,6.94504
ddc_dzo_08112,labeled,Romeo,3.3785844,-1.9897308,-0.7827064,10.149596,11.155093,9.317848
ddc_dzo_08200,labeled,Romeo,2.5846467,-1.5681669,0.12625575,9.618176,11.732802,8.681062
ddc_dzo_08101,labeled,Romeo,3.2761257,-1.2535052,-0.9787297,9.125812,11.7786255,10.370944
ddc_dzo_08138,labeled,Romeo,2.4979093,-0.5229981,-0.57198083,10.253745,10.570199,7.45829
ddc_dzo_09871,labeled,Romeo,1.6066225,-2.2820427,0.7615523,10.589245,10.4958,7.801339
ddc_dzo_08155,labeled,Romeo,2.6345296,-1.1148198,0.003385678,8.849683,11.04708,10.241535
ddc_dzo_08149,labeled,Romeo,1.9253287,-1.2440557,-0.8967293,8.870801,11.922871,8.1895895
ddc_dzo_08150,labeled,Romeo,1.3626312,-0.32955027,0.6597362,10.947284,10.354134,6.8125005
ddc_dzo_08145,labeled,Thinley,-9.362431,-2.044299,1.4431444,10.690555,5.3581185,9.934298
ddc_dzo_08129,labeled,Romeo,3.1380644,-1.1343606,0.9859655,9.853059,10.339699,6.980084
ddc_dzo_08158,labeled,Namgay,-1.6248541,0.95356333,-15.202351,12.990817,5.005166,5.4329715
ddc_dzo_08148,labeled,Namgay,0.9052527,-0.3693394,-11.106709,12.656402,5.384915,5.3494925
ddc_dzo_08140,labeled,Romeo,-0.91772527,-1.9716985,0.4420929,11.80722,9.829064,9.592425
ddc_dzo_08139,labeled,Thinley,-8.469742,-0.9158633,-0.08161473,9.628387,4.2460814,9.690212
ddc_dzo_08128,labeled,Thinley,-8.80121,-0.44195926,0.42324376,10.349641,5.0508084,10.9236
ddc_dzo_08125,labeled,Thinley,-8.067663,-1.8306465,0.5392213,9.336291,5.4604964,11.106545
ddc_dzo_08160,labeled,Dorji,0.30671406,7.429753,0.62709486,13.557552,8.592705,6.4703674
ddc_dzo_08142,labeled,Romeo,2.929138,-2.0648568,-0.29381335,11.767151,9.93167,8.864072
ddc_dzo_08153,labeled,Romeo,1.9306455,-1.859364,-0.114774525,9.788824,11.667625,8.766242
ddc_dzo_08135,labeled,Romeo,1.3094126,-0.7943647,1.0482914,9.716318,10.212993,8.948484
ddc_dzo_08143,labeled,Romeo,0.26951766,-0.84866476,0.3656206,10.325597,11.305273,10.710801
ddc_dzo_08180,labeled,Romeo,2.4927392,-2.3530526,-0.42219853,10.910138,11.252874,7.822398
ddc_dzo_08190,labeled,Romeo,2.1213415,-1.6061788,-0.43686867,9.507352,11.118549,7.2648125
ddc_dzo_08197,labeled,Romeo,1.3770808,-1.4616269,-0.4508841,10.084058,9.708352,9.512716
ddc_dzo_08185,labeled,Romeo,2.5821235,-0.7276586,-0.7120416,9.241036,11.893092,8.480531
ddc_dzo_08177,labeled,Romeo,1.858706,-0.7577324,1.1991162,10.36125,9.767689,10.149996
ddc_dzo_08199,labeled,Romeo,2.655972,-0.58532286,1.6564174,9.95734,10.326309,9.184134
ddc_dzo_08181,labeled,Romeo,1.5703416,-1.3890512,0.21487021,8.559261,11.840689,7.628148
ddc_dzo_08167,labeled,Romeo,2.8567564,-0.77055097,-1.2226906,10.202422,11.172264,6.8762474
ddc_dzo_08164,labeled,Romeo,1.6124372,-0.21899629,0.7039218,12.335255,10.950136,8.906378
ddc_dzo_08194,labeled,Romeo,1.6089888,-1.1803317,0.9738152,8.6706915,11.41081,9.548298
ddc_dzo_08188,labeled,Romeo,4.075263,-0.41225815,-0.2490561,9.79504,12.214568,9.194147
ddc_dzo_08192,labeled,Romeo,1.2799897,-0.57916,-0.13034675,8.893949,10.669108,8.456186
ddc_dzo_08163,labeled,Romeo,1.8535415,-0.96931016,-0.4719473,9.781788,10.160661,6.7674193
ddc_dzo_08165,labeled,Romeo,2.7540028,-1.69596,1.2283616,11.800663,11.124302,8.866655
ddc_dzo_09285,labeled,Thinley,-7.99964,-1.6654005,1.5665226,10.171073,6.0374894,11.350584
ddc_dzo_08182,labeled,Romeo,1.5292606,0.05401683,0.18361378,8.769752,12.3880825,8.526271
ddc_dzo_08175,labeled,Romeo,2.4228806,0.098459005,-2.1703737,9.954362,12.47941,9.010343
ddc_dzo_08179,labeled,Romeo,3.0351217,-1.6403767,1.0513746,9.61313,10.9403715,8.94371
ddc_dzo_08202,labeled,Romeo,2.1533227,-0.42330563,0.887818,9.775495,11.932833,7.5136127
ddc_dzo_05268,labeled,Romeo,1.2827277,-1.0212507,-0.1301539,11.349997,12.15557,9.378652
ddc_dzo_08208,labeled,Romeo,1.475563,-1.5432124,-0.10883057,8.842658,10.628218,9.766069
ddc_dzo_08203,labeled,Romeo,0.55969244,-2.6113067,0.38479483,9.717832,9.551257,9.628771
ddc_dzo_08220,labeled,Romeo,1.6718163,0.30630684,0.48777592,10.805827,9.992363,6.7981358
ddc_dzo_08221,labeled,Romeo,2.3975148,-1.0542549,-0.9980582,8.400063,10.417316,9.526303
ddc_dzo_08240,labeled,Namgay,0.46691704,-0.45420212,-4.5128508,10.074688,10.739151,8.173529
ddc_dzo_08218,labeled,Thinley,-8.530081,-0.7785084,0.7360923,10.029587,4.7961307,10.58863
ddc_dzo_08229,labeled,Namgay,-1.9196275,2.0388706,-11.272273,-5.2715197,5.855797,9.021565
ddc_dzo_08227,labeled,Romeo,3.4019976,-1.1009524,-0.4515506,9.079406,10.793698,7.717195
ddc_dzo_08234,labeled,Nima,1.263594,-0.5200058,-4.2740307,11.09992,10.606193,6.396536
ddc_dzo_08224,labeled,Romeo,3.3029091,-1.7940493,-1.0309634,9.85835,10.450972,6.836643
ddc_dzo_08213,labeled,Thinley,-8.447196,-1.3926617,1.4181936,9.914981,5.1428013,9.732042
ddc_dzo_08238,labeled,Thinley,-7.472984,-1.0059673,0.88408947,10.52531,5.730252,10.86561
ddc_dzo_08222,labeled,Dorji,1.4680766,5.4085455,-0.24891424,11.237099,9.672079,8.470731
ddc_dzo_08233,labeled,Romeo,0.7592375,-2.5687795,0.51081336,9.762065,10.032453,10.381347
ddc_dzo_08241,labeled,Romeo,0.35649014,-0.62354946,0.70104706,11.221921,9.500069,7.089878
ddc_dzo_08276,labeled,Romeo,3.0889869,-0.5243275,-0.30682683,10.842472,12.0504265,9.835619
ddc_dzo_08267,labeled,Romeo,1.9011757,-0.101704836,0.091772795,9.733622,10.179723,7.986186
ddc_dzo_08278,labeled,Romeo,2.871149,0.64236784,-0.22500324,11.408315,10.266519,10.481704
ddc_dzo_08243,labeled,Romeo,1.3881158,-0.86423683,0.5564883,8.659804,10.597798,10.272336
ddc_dzo_08279,labeled,Romeo,3.1465063,-1.1046598,0.2314114,9.932193,10.584849,8.794149
ddc_dzo_08256,labeled,Romeo,2.159712,-0.296705,0.2051332,10.45014,10.234167,8.626291
ddc_dzo_08248,labeled,Romeo,2.0509272,-0.34337902,1.1811419,8.470109,11.540212,9.035083
ddc_dzo_08255,labeled,Namgay,-0.3788452,-0.25523806,-16.33771,12.56714,5.236423,5.266
ddc_dzo_08251,labeled,Romeo,2.7384148,-0.3657421,-0.38017464,8.688226,11.984886,7.45379
ddc_dzo_08247,labeled,Thinley,-8.288979,-1.5121624,-0.9801588,10.635817,5.271291,10.565127
ddc_dzo_08260,labeled,Romeo,2.6650574,0.2530973,-0.16539693,11.564667,10.345311,8.072839
ddc_dzo_08262,labeled,Romeo,1.0819503,-1.0398407,0.9921529,8.409574,11.581716,9.190702
ddc_dzo_08257,labeled,Romeo,1.5692345,-1.154468,0.15712571,8.869661,11.555645,10.174406
ddc_dzo_08258,labeled,Thinley,-9.813224,-2.1449292,1.6476735,9.602452,4.7981596,9.846335
ddc_dzo_08270,labeled,Dorji,-1.807448,5.284197,-0.36626714,10.166649,10.011868,10.242607
ddc_dzo_08259,labeled,Dorji,-0.33673215,8.681102,2.2258494,13.1835575,9.281773,6.9456425
ddc_dzo_08252,labeled,Thinley,-8.808079,-0.67986625,0.42522144,10.81309,5.3441343,10.220087
ddc_dzo_08271,labeled,Romeo,1.4384172,-0.59900403,-1.4622414,11.369841,10.631649,10.724578
ddc_dzo_08273,labeled,Romeo,3.8141026,-1.1347287,1.6217892,12.052425,10.722378,10.211025
ddc_dzo_08281,labeled,Romeo,1.5438821,-0.81844723,-0.5206528,11.1185255,10.753826,10.407889
ddc_dzo_08311,labeled,Romeo,2.436716,-0.21273482,0.66719055,11.820632,10.0027895,9.041148
ddc_dzo_08295,labeled,Romeo,2.2926164,0.58519363,2.3948004,12.300666,10.767442,9.9372635
ddc_dzo_08310,labeled,Romeo,0.0076514482,-2.0277407,0.81143486,10.158288,9.551103,8.514214
ddc_dzo_08308,labeled,Romeo,2.0781562,-0.19616415,0.13103032,11.237305,9.76193,8.426011
ddc_dzo_08289,labeled,Romeo,2.037042,-0.6124803,0.939589,9.89681,12.503372,8.261514
ddc_dzo_08313,labeled,Romeo,1.7136866,-2.1148617,-0.13147688,10.000599,11.509579,9.439604
ddc_dzo_08283,labeled,Romeo,1.9234905,-1.1046401,-0.5154476,8.443071,11.108947,9.342563
ddc_dzo_08291,labeled,Romeo,0.8905517,-0.9216166,-0.05291617,10.722921,9.517948,8.966168
ddc_dzo_08290,labeled,Romeo,-0.196558,-1.6287816,0.3320333,10.875933,10.892274,8.718591
ddc_dzo_08284,labeled,Romeo,2.0961888,-1.5310906,0.124622464,10.631848,11.882499,10.241872
ddc_dzo_08303,labeled,Romeo,1.6125011,-0.41295502,0.25617078,9.675636,12.097018,9.061469
ddc_dzo_08301,labeled,Romeo,3.1639233,1.412986,0.5062151,9.82795,10.278026,7.488698
ddc_dzo_08294,labeled,Thinley,-9.332367,-0.81068254,1.7899007,10.048736,5.254572,9.878271
ddc_dzo_08315,labeled,Dorji,-1.2742174,11.408682,1.8702922,13.678037,8.972562,6.7509384
ddc_dzo_08309,labeled,Romeo,2.1184678,-1.013854,-0.19828343,9.23648,11.623849,9.903778
ddc_dzo_08292,labeled,Romeo,1.6706111,-0.63299084,-0.17216825,8.83631,11.707331,7.380746
ddc_dzo_08300,labeled,Romeo,2.236994,-1.0599997,-0.7039442,8.763295,11.569768,9.824693
ddc_dzo_08345,labeled,Romeo,2.81692,-0.26618433,-0.7463072,11.403393,12.005104,8.727719
ddc_dzo_08351,labeled,Romeo,1.7916752,-0.7037262,1.2320269,10.688707,9.580322,8.289218
ddc_dzo_08325,labeled,Romeo,2.039934,-0.71960187,-0.39255643,10.322119,11.36615,9.872013
ddc_dzo_08320,labeled,Romeo,2.2447855,-1.3652995,-0.07194102,8.996049,12.409995,8.585507
ddc_dzo_08352,labeled,Thinley,-6.301463,0.23973417,1.7146297,10.437541,4.7622514,9.848976
ddc_dzo_09621,labeled,Thinley,-3.2270136,1.494463,-0.5113158,11.289672,9.788194,7.222336
ddc_dzo_08343,labeled,Romeo,3.0552788,-1.9692609,0.045060635,9.95556,12.361282,8.502978
ddc_dzo_08336,labeled,Romeo,2.4445121,-0.45970702,1.2958349,8.577046,12.2614355,9.18531
ddc_dzo_08319,labeled,Romeo,2.1775265,-1.4165152,-1.5889335,10.139786,11.479139,8.085104
ddc_dzo_08344,labeled,Thinley,-8.632365,-1.5975553,1.2324677,10.309803,5.177348,10.519287
ddc_dzo_08338,labeled,Romeo,1.9482837,-0.51712596,0.21324515,9.461503,10.807381,6.9172497
ddc_dzo_08333,labeled,Romeo,2.2100914,-1.0232998,0.47104186,10.635811,11.238159,8.72905
ddc_dzo_08339,labeled,Thinley,-10.132733,-2.1802568,0.049195528,9.8374195,4.531376,10.553141
ddc_dzo_08316,labeled,Romeo,2.2491145,-0.47912604,0.722399,9.131695,10.796216,7.571058
ddc_dzo_08329,labeled,Romeo,1.0571482,-1.0172944,0.0882346,11.823849,10.749891,8.574472
ddc_dzo_02835,labeled,Romeo,3.045208,-0.7597654,0.3447933,11.169689,11.686681,8.330815
ddc_dzo_08372,labeled,Romeo,0.12333512,-1.598629,0.58246994,11.625167,9.814317,8.039104
ddc_dzo_08390,labeled,Romeo,2.0017257,0.16137868,-0.736403,10.15142,9.695343,10.160112
ddc_dzo_08377,labeled,Romeo,2.096437,-0.82303286,-0.27391315,8.84135,12.074345,9.022503
ddc_dzo_08358,labeled,Romeo,1.6267642,-1.0841079,0.26163983,8.421718,11.151028,9.341514
ddc_dzo_08371,labeled,Romeo,2.0610123,0.024261355,0.9897202,10.835679,11.570486,9.636224
ddc_dzo_08363,labeled,Romeo,2.6088197,-3.0511038,0.63556075,8.513392,11.466008,9.471851
ddc_dzo_08355,labeled,Romeo,2.3534603,-0.6557913,-0.80006313,8.488734,12.190033,8.080613
ddc_dzo_08365,labeled,Romeo,0.64105296,-0.68797624,0.7618604,10.332334,9.753047,7.953426
ddc_dzo_08391,labeled,Thinley,-10.533481,-0.60041285,0.5375607,10.251917,5.059195,11.097554
ddc_dzo_08385,labeled,Romeo,0.5412541,-2.2903154,1.1572527,10.225177,9.778207,9.564642
ddc_dzo_08387,labeled,Romeo,2.5316463,0.78393006,-0.8307893,8.653628,11.993859,7.9777308
ddc_dzo_08380,labeled,Namgay,-0.12625504,-0.25574332,-9.803249,-5.1756563,5.63926,8.585108
ddc_dzo_08376,labeled,Thinley,-7.079964,-0.7822161,-0.015678763,9.176714,5.4465013,10.979929
ddc_dzo_08370,labeled,Dorji,0.67987823,7.836571,1.0881536,11.741972,10.174467,10.422245
ddc_dzo_08389,labeled,Romeo,1.5427369,-0.62126464,0.33596134,9.320877,12.420769,7.749469
ddc_dzo_08388,labeled,Romeo,2.6379564,-1.5219214,1.1102853,12.1262865,10.511317,9.55542
ddc_dzo_08383,labeled,Romeo,2.6792843,-1.0328555,0.14105248,9.045155,11.761982,9.104909
ddc_dzo_08374,labeled,Romeo,1.7565566,-2.4186792,0.7094196,9.499793,11.690954,10.409389
ddc_dzo_08417,labeled,Romeo,1.3047894,1.1305171,0.94053066,9.403198,11.91142,9.941012
ddc_dzo_08413,labeled,Romeo,2.8189278,-1.0305082,0.13324785,8.837009,10.297467,8.832061
ddc_dzo_08430,labeled,Romeo,1.8115982,0.31689882,0.038745493,11.970986,10.928501,8.546441
ddc_dzo_08428,labeled,Romeo,3.7251966,-0.8574525,0.61108446,8.945554,11.347594,9.459098
ddc_dzo_08402,labeled,Romeo,1.6995716,-0.93829536,0.2859044,8.386408,10.556558,9.604065
ddc_dzo_08408,labeled,Romeo,0.38202858,-0.83785343,-1.1441293,10.008086,11.409581,10.733998
ddc_dzo_08409,labeled,Romeo,0.3507619,0.02795124,1.9445341,10.167277,11.099561,11.654083
ddc_dzo_08424,labeled,Romeo,2.547998,-0.80201244,-0.21673632,12.47952,10.841937,9.377296
ddc_dzo_08414,labeled,Dorji,-2.444213,8.020557,1.0815139,13.243692,9.186508,6.4686465
ddc_dzo_08420,labeled,Thinley,-9.562862,-1.0866802,0.42805392,10.306109,4.918042,10.398653
ddc_dzo_08395,labeled,Romeo,2.565428,-0.023965657,0.41923237,9.465624,11.013547,8.481837
ddc_dzo_08425,labeled,Romeo,1.2641257,-0.52252376,0.88607633,10.838154,9.9650135,8.735409
ddc_dzo_08396,labeled,Thinley,-8.508519,-0.611403,-0.118957356,9.309046,5.5124483,10.736316
ddc_dzo_08406,labeled,Thinley,-4.748826,0.7727516,-0.077121735,12.02157,10.944322,10.482488
ddc_dzo_08392,labeled,Romeo,2.3561065,-2.4466991,-0.16943729,12.152382,10.797019,9.048227
ddc_dzo_08426,labeled,Romeo,2.9964466,-1.3422674,0.29383433,8.769437,11.898153,8.273875
ddc_dzo_08394,labeled,Romeo,0.8710331,0.8128414,-0.14210176,11.248033,10.3877945,10.374955
ddc_dzo_08393,labeled,Romeo,2.7165456,-0.50508857,0.39247727,10.830313,11.770927,10.5640545
ddc_dzo_08412,labeled,Romeo,0.90738857,-0.25247777,0.86441815,9.856617,12.390902,8.510366
ddc_dzo_08461,labeled,Romeo,2.9627318,-1.490259,-0.915275,9.055054,11.437935,7.612796
ddc_dzo_03636,labeled,Romeo,1.1495392,0.33413607,1.0639837,9.720586,11.699719,8.403296
ddc_dzo_08452,labeled,Romeo,2.1349754,0.11767334,0.24710429,11.852298,10.559312,9.277787
ddc_dzo_08438,labeled,Romeo,2.8656723,-1.9120564,0.042220592,8.789421,12.333276,7.813092
ddc_dzo_08435,labeled,Romeo,2.2467053,-1.7901928,-0.6831844,9.370466,12.091379,9.192707
ddc_dzo_08437,labeled,Romeo,1.8351868,-2.351144,0.71074516,10.805705,10.786593,7.4600563
ddc_dzo_08447,labeled,Romeo,3.1188684,-0.6484458,0.1143446,9.968152,12.477612,7.667152
ddc_dzo_08449,labeled,Romeo,2.015979,-1.2658304,1.6032016,10.092516,11.908249,9.661429
ddc_dzo_08441,labeled,Thinley,-8.072699,-0.8029015,0.84935355,9.871603,4.070881,9.680521
ddc_dzo_08443,labeled,Romeo,1.4221516,-0.7862332,-0.1107049,9.138948,12.286855,7.6199985
ddc_dzo_08440,labeled,Thinley,-8.990464,-1.4761322,1.2638373,9.732712,4.708106,10.647433
ddc_dzo_08433,labeled,Romeo,2.0098834,-1.2784346,-0.660828,9.501715,11.710014,10.548507
ddc_dzo_08448,labeled,Romeo,2.9752069,-1.435753,0.43393618,9.316971,12.540371,8.559818
ddc_dzo_08460,labeled,Romeo,1.8155236,-0.39234853,0.40448177,10.796463,11.397431,8.575207
ddc_dzo_08450,labeled,Romeo,3.3782117,-0.43435788,-0.3949654,9.551775,11.017448,10.0286045
ddc_dzo_08497,labeled,Romeo,-0.9004225,-0.15604973,-0.5137234,11.794441,11.043108,10.196931
ddc_dzo_08484,labeled,Dorji,0.14521003,3.4935622,-1.9972364,11.03716,11.000987,7.454939
ddc_dzo_08501,labeled,Romeo,2.0647426,-0.5415486,0.26582408,10.590447,11.217439,7.575509
ddc_dzo_08482,labeled,Thinley,-6.778797,-1.6239978,0.37267494,10.295093,4.586102,9.532325
ddc_dzo_08500,labeled,Dorji,-0.40289927,7.598928,0.77856684,13.232607,9.306477,6.700938
ddc_dzo_08476,labeled,Dorji,-1.3682206,10.706166,2.0460315,13.489676,8.676158,6.3027635
ddc_dzo_08489,labeled,Dorji,-1.0201957,7.1829543,1.2899244,13.078221,9.379493,6.8210955
ddc_dzo_08494,labeled,Dorji,-1.5820574,5.279215,0.116598845,9.270023,12.226538,9.012362
ddc_dzo_08503,labeled,Romeo,1.9908196,-0.13877401,0.63841033,9.88678,9.366635,9.597824
ddc_dzo_08496,labeled,Romeo,3.4188344,-0.6908685,1.230464,10.690767,11.346235,9.177694
ddc_dzo_08480,labeled,Nima,-1.3429971,-0.83210313,-3.204869,9.880857,11.853188,7.1566834
ddc_dzo_08479,labeled,Romeo,2.7678022,-0.0020356178,1.7353129,11.713443,11.375322,9.617278
ddc_dzo_08474,labeled,Romeo,2.67858,-0.2658056,1.0498476,10.907791,10.7220125,10.670016
ddc_dzo_08473,labeled,Romeo,4.268737,-1.2113466,-0.32633114,10.411635,11.639695,9.172338
ddc_dzo_08524,labeled,Romeo,4.001384,-1.1903749,0.46527576,11.922602,11.259295,10.024505
ddc_dzo_08527,labeled,Romeo,3.506381,-1.2580571,0.2952758,10.189098,10.49865,8.903263
ddc_dzo_08538,labeled,Romeo,2.1468217,-0.83401394,0.864234,11.388081,9.740377,7.772504
ddc_dzo_08523,labeled,Thinley,-7.96588,-1.772662,0.7870769,9.946204,5.3294997,9.619552
ddc_dzo_08530,labeled,Romeo,3.1487076,-2.153126,1.0503778,10.818692,11.9583,10.096586
ddc_dzo_08534,labeled,Thinley,-11.196289,-0.72797155,0.9729763,9.258011,4.5651174,10.761868
ddc_dzo_08540,labeled,Romeo,1.1073062,-1.2056936,-0.32526207,9.760132,10.206078,7.2464
ddc_dzo_08518,labeled,Romeo,2.3451512,-1.8424444,0.16118741,11.529735,11.894157,9.898114
ddc_dzo_08514,labeled,Romeo,3.2328916,1.546293,-0.38537377,10.141775,11.451312,8.708607
ddc_dzo_08535,labeled,Dorji,-1.6874967,7.605516,3.1206503,13.1408415,8.998487,7.4531198
ddc_dzo_08537,labeled,Thinley,-8.828606,-1.3500819,-0.39437452,9.2766695,5.5743775,10.685573
ddc_dzo_08512,labeled,Romeo,2.9320478,-1.2350123,-1.7940502,9.94217,11.753158,8.457413
ddc_dzo_08545,labeled,Romeo,1.2467873,-1.3522198,1.4608601,10.152546,12.155174,8.574624
ddc_dzo_08542,labeled,Romeo,-0.050884485,-0.16037035,-0.7574408,12.260873,10.928881,9.922937
ddc_dzo_08536,labeled,Thinley,-7.351539,-0.39961064,-0.12666011,9.931657,4.833273,9.349895
ddc_dzo_08539,labeled,Romeo,3.0986073,-1.2088097,0.9479759,8.954604,10.418123,8.843821
ddc_dzo_08557,labeled,Romeo,2.342849,-1.1517833,0.27878207,12.070065,10.965112,9.939422
ddc_dzo_08549,labeled,Romeo,1.1384144,-0.9775926,0.5518106,11.751726,9.62182,8.273534
ddc_dzo_08566,labeled,Romeo,2.2874117,-1.0276141,1.9908231,9.042495,11.749166,7.7276025
ddc_dzo_03151,labeled,Romeo,2.1919088,-1.1142585,-0.3397194,10.601513,10.970621,7.14862
ddc_dzo_08577,labeled,Romeo,3.7073538,-1.9158211,1.2950461,11.099235,11.034289,9.275256
ddc_dzo_08551,labeled,Romeo,2.1444688,-1.2919953,0.22458673,9.229622,12.020146,9.631684
ddc_dzo_08567,labeled,Romeo,2.5782537,0.93160796,0.81605065,10.672827,9.789678,6.937519
ddc_dzo_08578,labeled,Thinley,-8.140244,-0.37522805,2.2006264,9.52388,4.1433296,9.930926
ddc_dzo_08560,labeled,Romeo,2.9669304,0.84004116,1.3666856,11.116501,12.23316,9.752483
ddc_dzo_08582,labeled,Romeo,2.3059986,-1.0760219,-0.017798558,11.4401045,10.91705,7.8785267
ddc_dzo_08583,labeled,Romeo,1.6830748,0.57852817,1.118408,11.351698,9.95912,8.445744
ddc_dzo_08575,labeled,Romeo,1.8425814,0.21582127,0.5723741,11.277496,10.590485,7.161087
ddc_dzo_08570,labeled,Romeo,1.8509111,-1.2439363,0.48531318,10.570229,11.136602,8.95835
ddc_dzo_08547,labeled,Romeo,0.9538478,-0.31034887,0.85238266,9.501719,11.119781,8.407611
ddc_dzo_08569,labeled,Romeo,0.37985423,-0.72135615,1.1494572,10.248966,10.857456,8.551634
ddc_dzo_08576,labeled,Romeo,3.4039576,-0.7291744,0.11927056,10.801998,11.22636,10.878316
ddc_dzo_08581,labeled,Romeo,0.36381316,-0.9051385,0.84994924,9.287682,11.573498,8.558314
ddc_dzo_08550,labeled,Romeo,1.6771472,0.8505893,0.23086286,11.931277,10.513705,10.466679
ddc_dzo_08614,labeled,Romeo,1.9149009,-0.6712551,2.1793692,9.154368,9.826246,9.441202
ddc_dzo_08618,labeled,Romeo,1.4417523,-0.6430879,0.26341534,9.835966,10.291701,8.697262
ddc_dzo_08595,labeled,Thinley,-7.018771,-0.70439315,-2.4921103,10.436718,6.432223,10.5887575
ddc_dzo_08586,labeled,Romeo,2.863117,-0.5890574,-0.9664271,9.85402,11.914296,9.398933
ddc_dzo_08607,labeled,Romeo,1.1200756,-1.0870392,-1.6931233,8.92375,10.92705,7.708184
ddc_dzo_08599,labeled,Romeo,3.097311,-0.8040017,0.13709533,10.276181,12.33994,9.517826
ddc_dzo_08604,labeled,Dorji,-1.6891642,10.520664,0.7047007,13.7355795,8.952556,6.8676405
ddc_dzo_08590,labeled,Romeo,1.663212,-0.94034123,0.92910075,9.7332735,12.570052,7.8665037
ddc_dzo_08623,labeled,Romeo,1.1452415,-0.68098855,0.2359184,10.86007,10.426844,9.296778
ddc_dzo_08615,labeled,Namgay,-0.17195725,2.2551732,-7.571097,10.333543,9.411349,3.5141342
ddc_dzo_08606,labeled,Thinley,-9.525827,-0.5396366,1.3438132,9.861553,4.3635926,10.284225
ddc_dzo_08611,labeled,Romeo,0.80861926,-1.1556262,0.20687056,9.617981,10.02236,8.288149
ddc_dzo_08588,labeled,Romeo,1.6512926,-0.15025914,0.4397235,11.9089575,10.864397,10.735724
ddc_dzo_08585,labeled,Thinley,-12.030666,-1.1881688,0.41786098,9.781224,4.2744427,9.747113
ddc_dzo_08610,labeled,Romeo,1.7192729,-1.3404334,0.40376353,9.962881,11.451367,11.060556
ddc_dzo_08662,labeled,Romeo,1.0336043,-0.76619285,-0.17671585,12.1804,10.6039505,10.7046585
ddc_dzo_08647,labeled,Romeo,1.538996,-1.0779204,0.15131545,11.241606,10.090581,8.475188
ddc_dzo_07718,labeled,Thinley,-10.383078,-2.5258846,0.7167156,9.803915,5.156315,11.0554905
ddc_dzo_08626,labeled,Romeo,1.7304524,-0.8891301,-0.39558434,8.450244,11.802842,8.786286
ddc_dzo_08653,labeled,Romeo,3.0744615,0.60571945,1.2888603,8.579696,11.962327,7.535461
ddc_dzo_08641,labeled,Romeo,2.7170796,-1.4090132,0.5758848,11.663615,9.614657,8.66915
ddc_dzo_08638,labeled,Namgay,-1.7636466,-0.7631483,-9.780269,12.657983,5.481557,5.417825
ddc_dzo_08633,labeled,Thinley,-10.618989,-2.1255143,1.9575891,9.942798,4.4872723,10.799667
ddc_dzo_08652,labeled,Romeo,1.0724413,-0.8308815,1.2481416,10.695732,10.592266,8.186345
ddc_dzo_08649,labeled,Romeo,0.8477545,-0.37913775,0.11990261,8.571863,11.970425,8.585159
ddc_dzo_08657,labeled,Dorji,1.2630701,5.285751,0.39780426,12.585883,9.597603,7.1995206
ddc_dzo_08634,labeled,Romeo,1.9204006,-1.3828368,0.15305042,10.962445,10.865298,8.061149
ddc_dzo_08627,labeled,Romeo,1.8503661,-0.32083496,0.893244,11.939182,9.935964,9.459149
ddc_dzo_08650,labeled,Romeo,2.3927112,-0.55298495,-0.68925506,9.193579,11.96159,10.284013
ddc_dzo_08663,labeled,Romeo,3.206465,-0.72566223,-0.95445096,9.617687,10.866296,10.525715
ddc_dzo_08659,labeled,Dorji,-1.1897095,7.8438883,1.6258472,13.160945,9.320907,7.3469605
ddc_dzo_08646,labeled,Thinley,-9.119217,-1.2720728,0.61370635,10.271449,5.1907573,10.656893
ddc_dzo_08636,labeled,Romeo,3.793691,-0.41543984,1.3180878,11.670536,10.555819,9.026413
ddc_dzo_00614,labeled,Romeo,3.1258261,-0.8846834,0.35912395,10.01019,11.904585,9.195008
ddc_dzo_08680,labeled,Romeo,2.3051343,0.30297995,1.240922,9.31759,9.757361,8.796877
ddc_dzo_08679,labeled,Romeo,2.4778113,0.38575396,1.3908329,9.474978,11.897235,6.9768877
ddc_dzo_08677,labeled,Romeo,1.8878009,-1.2302613,0.93359673,11.869212,11.465922,9.113417
ddc_dzo_08682,labeled,Romeo,2.7303135,-0.29951367,-0.097074986,9.088569,12.042551,7.3332934
ddc_dzo_08664,labeled,Romeo,0.7631396,-0.32016087,-0.21234179,9.093529,9.634423,9.569261
ddc_dzo_08684,labeled,Thinley,-8.456949,-0.5951439,1.4253807,10.173254,4.912806,10.4281435
ddc_dzo_08678,labeled,Dorji,-3.0810456,8.418491,1.110776,13.652977,8.164242,6.4059887
ddc_dzo_08686,labeled,Dorji,-0.093645096,6.9526644,1.2510035,13.083964,9.179567,6.2669077
ddc_dzo_08672,labeled,Romeo,2.9301038,-0.28460217,1.1423376,9.295397,11.322456,7.981087
ddc_dzo_08670,labeled,Dorji,-1.876807,9.75882,0.52877283,13.706932,8.489581,7.2526402
ddc_dzo_08668,labeled,Romeo,2.2246716,0.38377333,1.0919391,10.184482,10.894652,8.048401
ddc_dzo_08675,labeled,Romeo,-0.39401186,-0.499084,0.3194313,11.90336,10.875678,10.859147
ddc_dzo_08666,labeled,Romeo,3.4538736,0.00049737096,-1.0634344,11.188079,10.939747,10.163459
ddc_dzo_08692,labeled,Romeo,3.7193668,-1.85529,-0.5345547,11.108731,10.962728,8.875624
ddc_dzo_08667,labeled,Romeo,2.9753764,-0.3324206,-0.13535976,12.221219,10.406521,9.973352
ddc_dzo_08734,labeled,Romeo,2.8428047,-0.34081,-0.58525753,8.948833,11.133569,9.078887
ddc_dzo_08727,labeled,Romeo,2.0716307,-0.063186884,0.25675488,10.13396,10.601559,9.343667
ddc_dzo_08726,labeled,Romeo,1.0173166,-1.7845473,0.93760467,10.112981,10.038971,8.3751
ddc_dzo_04703,labeled,Romeo,3.1729593,0.5374293,0.14938569,9.607197,11.925063,9.303155
ddc_dzo_08709,labeled,Romeo,2.025907,-0.6337415,0.71400595,8.520197,12.167678,7.9592056
ddc_dzo_08729,labeled,Romeo,1.1718342,-1.7677323,0.9835658,10.398556,10.6904745,10.210358
ddc_dzo_08741,labeled,Romeo,0.78637266,-0.0974741,0.08147609,8.782049,10.909137,8.766398
ddc_dzo_08716,labeled,Romeo,1.4171152,0.48965567,-0.3571049,9.020706,11.580533,7.4510727
ddc_dzo_08704,labeled,Romeo,2.3847404,-1.1904725,-0.021965504,9.504141,11.140198,6.4379725
ddc_dzo_08725,labeled,Romeo,1.8079433,-1.5109506,-0.9708011,10.188146,10.935379,7.0189276
ddc_dzo_08736,labeled,Romeo,2.2360349,-0.552264,-0.14382994,10.153254,10.374904,8.168694
ddc_dzo_08735,labeled,Romeo,0.9110972,-1.4260856,1.0891345,10.844399,10.626594,7.307586
ddc_dzo_08732,labeled,Thinley,-8.323977,-3.175443,1.1272833,9.392784,5.092198,10.396251
ddc_dzo_08720,labeled,Romeo,1.0877522,0.039619684,-0.7164173,11.912573,10.27241,9.010739
ddc_dzo_08740,labeled,Romeo,1.9089258,-0.83509994,0.17229652,9.974642,12.525903,8.102286
ddc_dzo_08719,labeled,Romeo,1.8861418,0.3669653,-2.2106204,11.026319,11.6021,8.812038
ddc_dzo_08717,labeled,Romeo,2.4208553,-1.6721053,0.45130998,10.020821,12.210735,8.897452
ddc_dzo_08730,labeled,Romeo,3.2599669,-0.37081325,0.39290237,9.426588,10.419765,8.629784
ddc_dzo_08760,labeled,Romeo,1.5476887,-1.7643225,0.23629731,9.7386055,10.265671,9.484734
ddc_dzo_08766,labeled,Romeo,3.5305748,-0.96270037,-0.27530074,10.831112,10.497445,6.8181386
ddc_dzo_08752,labeled,Romeo,1.9289402,-0.23057508,0.6835785,9.96724,10.862342,8.805248
ddc_dzo_08776,labeled,Romeo,2.0520704,-2.4317498,0.8984866,8.393955,11.224906,9.007053
ddc_dzo_08764,labeled,Thinley,-9.468373,-2.0143547,1.6078954,9.671724,4.25361,10.061542
ddc_dzo_08744,labeled,Romeo,2.831927,-1.3810176,0.84704924,10.135927,12.534633,9.366903
ddc_dzo_08743,labeled,Romeo,1.4539149,0.2262857,0.8605938,12.229212,10.649174,10.703221
ddc_dzo_08761,labeled,Romeo,2.2779841,1.279425,1.0935555,11.273219,10.593854,8.885659
ddc_dzo_08768,labeled,Romeo,1.7647818,0.5058746,-0.34889734,12.26001,10.563354,9.500069
ddc_dzo_08759,labeled,Dorji,1.3913171,8.664475,0.8941587,13.353335,9.144525,7.3631463
ddc_dzo_08748,labeled,Romeo,2.857057,-1.0224617,0.09796834,9.432715,11.537902,7.0090327
ddc_dzo_08780,labeled,Thinley,-8.896444,-0.7277603,0.7198123,9.577077,5.0010047,10.746544
ddc_dzo_08749,labeled,Thinley,-8.127395,-0.12494612,-0.020608902,10.788849,5.386734,10.305601
ddc_dzo_08769,labeled,Romeo,2.335916,-0.60613227,-0.6865895,9.963196,12.143716,10.376149
ddc_dzo_08746,labeled,Romeo,1.4843364,-1.2022252,0.2079534,8.960894,11.637041,8.629657
ddc_dzo_08818,labeled,Romeo,2.197863,-0.9918884,0.15819621,9.087273,11.823885,9.483073
ddc_dzo_08802,labeled,Romeo,2.399455,-0.19088769,0.5039609,11.705404,10.602849,9.771022
ddc_dzo_08781,labeled,Romeo,1.7270483,-0.7617258,-0.08226633,11.965268,10.260424,9.150773
ddc_dzo_08793,labeled,Romeo,2.8478155,0.5393004,0.605911,9.790296,12.673811,8.8580885
ddc_dzo_08806,labeled,Namgay,-1.2591577,0.15321612,-7.037187,10.338713,9.395716,10.418498
ddc_dzo_08814,labeled,Thinley,-11.510278,-0.86156774,1.3154511,10.459507,4.7472563,9.805147
ddc_dzo_08790,labeled,Romeo,2.0892532,0.212499,0.5345204,10.429276,11.4004755,9.38595
ddc_dzo_08819,labeled,Romeo,0.005330801,-0.0069568157,0.78629947,11.837894,9.776409,8.755879
ddc_dzo_08815,labeled,Romeo,1.8862791,-2.4347935,0.5261221,11.308524,10.123945,7.2906213
ddc_dzo_08789,labeled,Romeo,1.9564198,-1.2753248,0.3045709,9.318514,11.6673,6.7582145
ddc_dzo_08798,labeled,Romeo,2.1735468,-0.39280748,0.66752815,9.839271,11.601696,10.853432
ddc_dzo_08803,labeled,Romeo,1.0941396,1.069411,1.7454832,11.302319,10.438635,8.925135
ddc_dzo_08817,labeled,Romeo,2.263363,-1.7780318,0.07832599,9.200444,11.273254,7.768723
ddc_dzo_08811,labeled,Romeo,2.3714793,-1.1695999,1.1503916,9.6807,10.178633,7.865293
ddc_dzo_08857,labeled,Romeo,2.8103106,0.09755041,1.0206003,11.975149,10.907984,10.098717
ddc_dzo_08829,labeled,Romeo,3.0102305,0.2023158,-0.12563401,10.720782,11.178396,8.215378
ddc_dzo_08839,labeled,Thinley,-9.348925,-1.403554,1.7261366,10.002599,5.5064783,10.923092
ddc_dzo_08823,labeled,Romeo,1.8250618,-0.54140115,0.79458094,8.3796835,11.802621,8.976535
ddc_dzo_08827,labeled,Romeo,0.81717646,-0.18284881,0.8922173,11.063221,10.974856,8.877858
ddc_dzo_08838,labeled,Romeo,1.9931934,1.0274458,1.0092387,10.127827,11.0760975,9.878835
ddc_dzo_08840,labeled,Dorji,0.6130228,5.1687527,0.1768145,13.236127,9.355141,7.744296
ddc_dzo_08834,labeled,Dorji,1.4992197,8.190617,2.3496845,13.320416,9.254025,6.82985
ddc_dzo_08836,labeled,Romeo,1.2824764,-0.8630321,-1.2056727,10.151438,10.990916,9.748584
ddc_dzo_08847,labeled,Romeo,2.9576874,-1.2609668,0.72782516,10.651976,10.092085,7.773249
ddc_dzo_08843,labeled,Romeo,2.1038194,-0.9327147,1.2697632,10.766726,11.431041,9.246591
ddc_dzo_08851,labeled,Thinley,-10.17579,-2.0001798,-0.140553,9.585766,4.5414324,9.629026
ddc_dzo_08841,labeled,Thinley,-8.999657,-1.9733908,0.5644722,9.779255,5.291337,11.043147
ddc_dzo_08845,labeled,Romeo,2.2256467,-1.1152356,1.0482125,8.620226,12.044324,7.5732007
ddc_dzo_08835,labeled,Romeo,1.9777145,-1.1162429,0.44895506,10.93429,10.77941,10.706291
ddc_dzo_08855,labeled,Romeo,1.2680159,-1.9112593,-0.10989761,8.3478565,11.921381,8.622205
ddc_dzo_08873,labeled,Romeo,1.2405171,-0.36648896,0.6848607,11.906962,10.558127,10.153899
ddc_dzo_08883,labeled,Romeo,0.93106985,-1.2482783,0.9458215,10.821899,9.882408,10.264057
ddc_dzo_06667,labeled,Romeo,1.2356527,-1.8324087,0.45474625,11.580521,11.493203,10.410514
ddc_dzo_08866,labeled,Romeo,1.3884497,-1.168328,-0.19228649,9.21566,12.450909,8.183561
ddc_dzo_08894,labeled,Romeo,1.7773101,0.19173479,1.424387,10.081649,9.673648,10.277945
ddc_dzo_08892,labeled,Romeo,0.6150837,-0.010289669,-0.27620316,10.790447,9.800186,6.893246
ddc_dzo_08863,labeled,Romeo,1.1218934,-0.36053038,-0.6093862,9.104695,10.642009,10.620487
ddc_dzo_08895,labeled,Romeo,0.84549624,-1.7869653,0.883435,8.972084,11.336262,8.507346
ddc_dzo_08861,labeled,Dorji,0.24906588,6.8708954,-0.47669148,11.558221,10.472607,10.414703
ddc_dzo_08874,labeled,Romeo,3.221611,-2.2547374,1.565147,10.022222,11.7659,8.485014
ddc_dzo_08884,labeled,Thinley,-9.957495,-1.079606,0.77557397,9.548127,4.598989,10.8132925
ddc_dzo_08860,labeled,Romeo,1.9940732,-0.40899563,-1.1769644,9.696043,11.656929,10.833288
ddc_dzo_08893,labeled,Namgay,-0.5607977,1.6894345,-4.8335075,12.920802,4.8428583,5.4150066
ddc_dzo_08890,labeled,Romeo,2.0633268,-1.4343371,1.7769265,11.08469,11.023685,10.168478
ddc_dzo_08880,labeled,Romeo,0.9229866,-1.4472378,-0.63342595,11.674081,11.274716,10.131472
ddc_dzo_08868,labeled,Romeo,2.671138,-3.2207654,-0.14752173,9.168838,10.846228,8.01971
ddc_dzo_08901,labeled,Dorji,-0.74932283,3.2029796,0.20942783,10.74964,9.4719095,8.854315
ddc_dzo_08359,labeled,Romeo,0.6110954,-0.2756529,0.65378666,9.225526,11.622685,7.803035
ddc_dzo_08917,labeled,Romeo,2.5313337,-2.7058191,0.067717075,9.421573,11.136112,7.4243245
ddc_dzo_08902,labeled,Romeo,0.76775455,-1.6874478,0.6582508,11.363577,11.323887,9.429411
ddc_dzo_08907,labeled,Romeo,1.5093143,-0.8381605,-0.4235294,11.4156475,11.442111,9.797779
ddc_dzo_08910,labeled,Thinley,-5.8823366,-1.0441525,-0.24441528,10.695154,6.1189723,10.707414
ddc_dzo_08906,labeled,Namgay,0.7015686,0.44113314,-13.765808,12.87243,4.758606,5.443321
ddc_dzo_08921,labeled,Romeo,1.6066924,-1.0029905,1.1988146,9.47359,11.170787,10.092693
ddc_dzo_08936,labeled,Namgay,-0.21633577,0.54622877,-4.9780903,11.0073185,11.011728,7.4918466
ddc_dzo_08927,labeled,Romeo,2.6393218,-0.6598874,1.4810053,9.1552925,11.465234,7.7894106
ddc_dzo_08925,labeled,Romeo,2.4298873,-1.3853041,2.128484,8.988428,11.924845,7.6628633
ddc_dzo_08908,labeled,Dorji,-1.2614926,10.343213,0.5013407,13.641774,8.181571,6.2892933
ddc_dzo_08931,labeled,Romeo,2.3693457,-0.16012502,0.9959383,10.509185,10.293036,9.639938
ddc_dzo_08903,labeled,Romeo,0.44912267,-0.76217043,0.5137545,11.091612,11.448933,10.240122
ddc_dzo_08929,labeled,Romeo,0.28166795,-1.5512345,-0.58532405,10.084754,10.979735,10.87403
ddc_dzo_08922,labeled,Romeo,1.8237567,-0.40711957,0.0051005483,9.425183,12.1019335,8.940131
ddc_dzo_08938,labeled,Romeo,2.3281567,-0.69039035,0.7274146,10.073614,9.614077,10.229165
ddc_dzo_03110,labeled,Romeo,1.6147039,-2.0301929,1.3083451,11.468288,11.751671,9.585152
ddc_dzo_08977,labeled,Romeo,0.5515176,-1.1914601,0.70087767,11.021106,10.909942,10.552871
ddc_dzo_08943,labeled,Romeo,2.977018,-0.90526533,1.3375484,9.426912,10.82537,9.924028
ddc_dzo_08942,labeled,Romeo,-0.050971866,-0.74552107,-0.41754723,8.667152,10.22684,10.111383
ddc_dzo_08951,labeled,Romeo,2.8635893,-1.407334,1.5228533,10.353213,9.792629,8.466165
ddc_dzo_08973,labeled,Romeo,1.3386819,-1.7006402,-0.096019626,8.958667,11.556508,9.837508
ddc_dzo_08963,labeled,Thinley,-8.324202,0.35707188,0.43227133,10.379743,5.794904,10.447913
ddc_dzo_08959,labeled,Romeo,3.3173192,-0.5427325,0.3796646,9.158208,11.70226,9.02615
ddc_dzo_08939,labeled,Thinley,-10.755901,-2.0022993,1.6945189,9.517459,4.171243,10.027215
ddc_dzo_08947,labeled,Romeo,-0.23783457,-0.9786316,0.56337595,10.301179,10.263552,8.267902
ddc_dzo_08970,labeled,Romeo,1.2840884,0.043112516,1.5663924,9.623273,11.374555,10.352756
ddc_dzo_08956,labeled,Romeo,2.8976262,-1.034853,0.47333264,9.949729,10.104447,9.737658
ddc_dzo_08976,labeled,Romeo,2.3347292,-0.9486809,-0.20154595,10.063865,10.800614,6.8843536
ddc_dzo_08972,labeled,Romeo,3.1422198,0.018383972,0.29083443,8.908574,12.154599,8.742916
ddc_dzo_08944,labeled,Romeo,3.7206373,-2.0516427,0.28650808,12.05359,10.426273,9.970026
ddc_dzo_08950,labeled,Romeo,2.89813,-0.031184912,0.4038167,11.324692,9.857639,8.427446
ddc_dzo_08957,labeled,Romeo,1.1465273,-0.4428373,0.94616413,8.175017,11.537904,9.177512
ddc_dzo_08982,labeled,Romeo,-0.04803872,-2.410945,1.8274662,8.385627,10.520553,9.460051
ddc_dzo_08990,labeled,Romeo,1.2416095,-0.14729452,1.4658811,11.468827,10.9608,9.20304
ddc_dzo_08998,labeled,Romeo,1.7748694,-1.1236331,1.1614642,11.298883,9.500231,7.9599566
ddc_dzo_09004,labeled,Romeo,2.4950995,0.5526209,0.776027,10.820959,10.452151,7.1335588
ddc_dzo_08980,labeled,Romeo,2.2577567,-1.4896741,0.5423433,10.200665,11.824321,10.448376
ddc_dzo_08997,labeled,Thinley,-8.319653,-1.8770258,-0.0029654503,10.233675,4.82576,9.466026
ddc_dzo_08996,labeled,Romeo,1.6605611,-0.27641347,-0.2799487,11.893787,10.961939,10.395513
ddc_dzo_08985,labeled,Romeo,0.94017494,0.32308042,-0.6052778,9.881281,10.106659,6.862811
ddc_dzo_09010,labeled,Romeo,2.3411074,-0.64440274,-1.1211987,8.521528,11.045861,8.475173
ddc_dzo_09006,labeled,Dorji,-2.0534017,10.042944,-0.74975824,13.350604,7.62446,6.587433
ddc_dzo_09009,labeled,Romeo,1.7176259,-0.16078466,1.8601358,11.482493,10.548027,10.579807
ddc_dzo_09005,labeled,Romeo,0.8035803,1.3630829,0.6693167,9.283489,11.685184,6.934061
ddc_dzo_09012,labeled,Romeo,2.3405676,0.04915428,0.09591913,11.118591,12.312242,8.566308
ddc_dzo_09015,labeled,Romeo,1.8573335,-1.5446839,0.8955202,9.681906,11.653109,10.264732
ddc_dzo_09002,labeled,Dorji,-2.7789917,8.380976,0.82399225,13.65414,8.9292755,7.631987
ddc_dzo_08979,labeled,Romeo,1.3569784,0.95648885,0.8828665,9.242943,11.714414,7.780508
ddc_dzo_09001,labeled,Romeo,1.8227849,-0.23358113,1.089932,12.157562,10.035258,9.286485
ddc_dzo_09377,labeled,Romeo,2.7497594,0.635365,0.6734104,11.469887,10.590795,10.411066
ddc_dzo_09025,labeled,Thinley,-5.392065,-1.2542558,0.4959135,9.465217,5.444763,10.037412
ddc_dzo_09046,labeled,Romeo,1.8461108,-1.3417587,0.5745344,8.722783,12.217357,7.537784
ddc_dzo_09034,labeled,Romeo,1.6426225,-1.8247085,-1.932332,10.225415,11.108625,11.703183
ddc_dzo_09017,labeled,Romeo,2.2522311,-0.82284164,0.13864645,8.58502,11.839219,9.812016
ddc_dzo_09026,labeled,Romeo,2.0658455,-0.80758667,0.12698603,9.16314,10.653094,10.749123
ddc_dzo_09038,labeled,Dorji,-1.0743756,6.5403705,0.5112697,13.09436,9.130451,7.4949083
ddc_dzo_09021,labeled,Dorji,-1.5683378,8.469474,1.0855348,13.475495,8.473604,7.0014324
ddc_dzo_09043,labeled,Thinley,-8.890759,-0.8659746,0.32080197,9.831225,4.825106,10.431537
ddc_dzo_09029,labeled,Romeo,1.9749215,-0.8953745,-0.07739496,9.261587,10.666753,8.224441
ddc_dzo_09045,labeled,Nima,1.3015592,-0.48656666,-0.44356006,8.891777,12.195331,9.243859
ddc_dzo_09037,labeled,Romeo,4.0243506,-1.3745816,1.221518,12.332727,11.313847,10.161216
ddc_dzo_09055,labeled,Thinley,-8.934345,-1.8500152,1.133048,9.644712,5.2520504,10.239108
ddc_dzo_09042,labeled,Romeo,2.3159442,-0.36398816,0.58093405,11.713953,10.976893,9.62174
ddc_dzo_09031,labeled,Romeo,3.0067773,-0.7670139,0.9937199,10.506802,10.484601,7.840714
ddc_dzo_09022,labeled,Romeo,2.3328953,-1.301841,-0.070614815,10.562363,10.904064,10.658315
ddc_dzo_09032,labeled,Romeo,1.9279184,0.57500243,0.10004532,9.349544,12.075676,9.72429
ddc_dzo_05885,labeled,Romeo,2.1754618,-0.21377957,0.558249,11.501917,10.455293,9.1897745
ddc_dzo_09094,labeled,Romeo,2.823184,-0.89129794,0.34017396,9.464515,11.729797,7.344929
ddc_dzo_09062,labeled,Romeo,0.9793316,-0.9145695,0.83169925,11.401831,10.402119,8.610475
ddc_dzo_09071,labeled,Romeo,2.6541276,0.13331032,0.7403501,10.050138,10.604405,7.0240736
ddc_dzo_09080,labeled,Romeo,1.5036798,-1.8301334,0.23683453,8.320335,11.939394,8.664598
ddc_dzo_09067,labeled,Romeo,2.439631,-0.3181653,-0.29138803,8.46611,11.329214,9.556256
ddc_dzo_09087,labeled,Romeo,1.3534093,-2.415945,0.77948165,9.873677,12.568543,7.3046026
ddc_dzo_09091,labeled,Romeo,2.2028983,-0.56284344,0.07269907,9.959701,12.088875,7.7208786
ddc_dzo_09085,labeled,Thinley,-7.658294,0.6815359,0.58673763,10.551289,5.0399117,10.764074
ddc_dzo_09058,labeled,Romeo,2.1137652,-0.060284138,0.5756746,11.252323,10.248509,8.761212
ddc_dzo_09063,labeled,Romeo,0.9092442,-0.81228566,0.7928661,8.853006,10.9770355,9.87677
ddc_dzo_09074,labeled,Romeo,2.869991,-0.25029033,-0.36527872,9.205207,11.143568,6.892905
ddc_dzo_09081,labeled,Dorji,-0.28070092,9.565529,2.5918791,13.190904,8.9302435,7.4136753
ddc_dzo_09066,labeled,Romeo,2.440287,-1.1494974,0.78889656,9.065985,11.852588,9.365675
ddc_dzo_09088,labeled,Romeo,2.7686472,-1.7689809,0.25423002,9.196368,12.450731,7.7099447
ddc_dzo_09078,labeled,Romeo,1.5531783,0.23170614,0.72768915,9.732219,11.961911,9.578307
ddc_dzo_09095,labeled,Romeo,2.2163806,-0.1273067,0.9084091,11.637613,10.278441,9.892466
ddc_dzo_09069,labeled,Romeo,3.788991,1.3375254,0.32757568,12.231947,10.8732,10.713588
ddc_dzo_09112,labeled,Romeo,3.7906501,0.43846393,1.1069313,10.249281,12.096295,7.7742724
ddc_dzo_01687,labeled,Romeo,3.1741745,0.34158397,0.44997668,10.865984,10.935109,10.653962
ddc_dzo_02057,labeled,Romeo,2.6618211,-0.4500404,0.4052831,10.292999,11.445867,10.498623
ddc_dzo_09100,labeled,Romeo,2.15823,-3.6353807,1.8645827,11.448642,10.108068,7.559805
ddc_dzo_09111,labeled,Romeo,1.6867173,-1.8160295,0.29687977,11.562006,10.915687,9.703721
ddc_dzo_09096,labeled,Romeo,1.487242,-0.825793,-0.4395972,11.42571,10.957841,9.281409
ddc_dzo_09116,labeled,Namgay,-0.34990978,2.9045548,-9.856245,12.857652,5.129203,5.3491936
ddc_dzo_09113,labeled,Thinley,-8.971218,0.3511672,-0.51499104,9.682669,5.0394034,10.114246
ddc_dzo_09126,labeled,Romeo,1.2734197,0.29125792,0.6144903,11.14374,10.529661,7.6709375
ddc_dzo_09115,labeled,Thinley,-8.143855,-2.5344906,1.0114658,10.350168,4.890351,9.808082
ddc_dzo_09097,labeled,Romeo,1.5586078,-0.0022733212,0.34176326,9.793168,10.52375,8.754214
ddc_dzo_09105,labeled,Thinley,-9.129389,-0.9936433,-0.45763898,10.595754,5.747997,10.679722
ddc_dzo_09102,labeled,Romeo,1.3673236,-0.8079274,-0.15521955,8.279493,11.748923,9.173579
ddc_dzo_09117,labeled,Namgay,-1.3901259,2.5307093,-13.915464,-5.075566,5.57959,8.580307
ddc_dzo_09110,labeled,Thinley,-8.280578,-1.8023014,0.337263,10.117272,4.4760885,9.648513
ddc_dzo_09109,labeled,Romeo,1.9704657,-0.25508523,0.31248033,11.50806,10.886686,9.377322
ddc_dzo_09106,labeled,Romeo,2.1521342,1.3125315,-0.6360152,10.264022,12.082449,8.745845
ddc_dzo_09118,labeled,Romeo,1.2168467,-0.27713162,0.54529333,11.7140875,10.507763,8.564374
ddc_dzo_09099,labeled,Romeo,2.3647563,-2.5069833,0.80819106,9.8934555,11.154074,8.690702
ddc_dzo_09155,labeled,Romeo,2.235078,1.3174028,0.8670069,11.773388,11.78454,9.341693
ddc_dzo_09151,labeled,Dorji,-2.1033442,9.185576,0.77327275,13.642236,8.50938,6.5735207
ddc_dzo_09134,labeled,Romeo,1.8998551,-1.285064,0.84508896,8.699619,10.510243,9.7309
ddc_dzo_09145,labeled,Thinley,-9.862321,-0.22163153,-0.11962843,10.534535,6.156594,10.963134
ddc_dzo_09161,labeled,Romeo,0.9722743,-0.42742878,0.61049104,11.89053,11.529596,8.621482
ddc_dzo_09168,labeled,Namgay,-2.156952,-0.07120371,-11.961399,13.35518,5.216338,5.6436744
ddc_dzo_09157,labeled,Romeo,2.537951,-0.7766993,0.020525336,9.632054,12.1218195,7.0160108
ddc_dzo_09160,labeled,Thinley,-9.231487,-2.1063955,1.1015537,9.878408,4.2140036,9.932659
ddc_dzo_09135,labeled,Romeo,2.283276,0.7517799,-0.063844204,8.587706,11.8388815,8.242998
ddc_dzo_09138,labeled,Romeo,1.8807194,-0.5649233,0.12538958,11.39297,11.665495,9.430329
ddc_dzo_09148,labeled,Romeo,2.560145,-1.3690052,-1.6051269,10.748356,9.841898,6.888918
ddc_dzo_09147,labeled,Thinley,-9.324332,-1.8763077,1.0553101,9.112485,4.3900247,10.323194
ddc_dzo_09167,labeled,Thinley,-9.855374,-1.627253,0.5034343,9.277039,4.5424423,10.673565
ddc_dzo_09171,labeled,Dorji,-1.3355138,9.200441,0.2588488,13.595841,8.7157345,6.3138003
ddc_dzo_09158,labeled,Romeo,3.0169315,-0.10734153,0.30205476,10.225908,12.1503105,8.758894
ddc_dzo_09136,labeled,Romeo,3.3634303,-0.08748865,1.1458514,9.911421,11.723293,6.891034
ddc_dzo_09156,labeled,Yigzin,0.75635695,0.61238325,-0.5415442,8.866146,12.262045,8.554662
ddc_dzo_09139,labeled,Romeo,2.833874,-1.2193882,-0.112161875,9.552995,11.075737,7.4862556
ddc_dzo_09206,labeled,Dorji,-1.2304707,8.24848,0.67713356,13.364564,8.936904,6.244318
ddc_dzo_09181,labeled,Romeo,0.8607683,-1.1858184,0.6666155,12.034897,10.200484,10.190995
ddc_dzo_09175,labeled,Dorji,0.6263977,8.589184,2.1649504,13.231185,8.965949,7.644768
ddc_dzo_09183,labeled,Romeo,2.0763664,0.7836523,-0.10284662,10.728139,10.423095,6.544453
ddc_dzo_09176,labeled,Thinley,-8.616828,0.0746977,1.1524305,10.067731,4.779372,9.259401
ddc_dzo_09197,labeled,Romeo,2.508717,-0.37182546,1.0937409,12.173465,10.907338,10.369963
ddc_dzo_09188,labeled,Romeo,0.10575867,-2.1787024,1.432462,9.603135,10.564929,10.315081
ddc_dzo_09196,labeled,Dorji,-1.7657584,9.548325,1.2092872,13.6626,9.013289,6.6814103
ddc_dzo_09202,labeled,Dorji,-1.6159511,4.2692566,-0.46496993,13.292382,8.615616,7.6032567
ddc_dzo_09191,labeled,Romeo,1.6766481,-2.012981,-0.12163234,10.001066,10.080927,9.686049
ddc_dzo_09195,labeled,Romeo,1.638953,-1.0022027,-0.17145538,11.600659,11.028932,10.80419
ddc_dzo_09194,labeled,Romeo,2.8652115,-2.3820975,-0.07396293,10.721514,11.568826,9.397381
ddc_dzo_09187,labeled,Romeo,1.1575241,-1.0473784,1.3111975,9.1017,10.944568,8.24551
ddc_dzo_09203,labeled,Thinley,-9.761419,-0.2581322,1.4302008,9.793215,4.099919,9.76701
ddc_dzo_09189,labeled,Romeo,2.5257754,-2.2833974,1.1756674,10.274569,10.404107,8.913471
ddc_dzo_09208,labeled,Dorji,-0.019931316,6.3780875,0.52479625,13.585708,8.78935,6.119221
ddc_dzo_09174,labeled,Romeo,2.4732118,-1.8313723,1.2375066,9.176679,10.020955,7.872693
ddc_dzo_09199,labeled,Romeo,1.7842393,-0.20086479,-1.2079177,12.39112,10.784685,10.508733
ddc_dzo_09201,labeled,Romeo,2.2619944,-0.9019543,-0.7124847,10.024834,12.389608,9.57697
ddc_dzo_09236,labeled,Romeo,1.2469175,-1.2244524,0.39640617,11.983277,11.5887165,10.087065
ddc_dzo_06122,labeled,Romeo,3.2615037,-1.9795805,0.6982782,9.236233,11.985261,8.647819
ddc_dzo_09210,labeled,Romeo,3.1876726,-1.5484238,0.7185069,10.427458,11.938398,10.43874
ddc_dzo_09225,labeled,Romeo,2.2546434,-1.1397758,-0.53940463,9.593936,11.010768,10.591007
ddc_dzo_09229,labeled,Romeo,3.117138,-1.1466235,-0.45904994,8.893279,11.851534,9.598045
ddc_dzo_09223,labeled,Thinley,-8.432864,0.020086884,0.71466017,10.462928,4.997328,10.060592
ddc_dzo_09220,labeled,Thinley,-7.8462186,0.0203166,0.7158648,10.3457985,5.4564376,10.916188
ddc_dzo_09235,labeled,Thinley,-8.197014,-0.7523556,-0.33371067,9.796213,4.935045,9.787127
ddc_dzo_09239,labeled,Thinley,-6.886413,-1.1949608,0.59587777,9.908432,5.6110125,10.835211
ddc_dzo_09215,labeled,Thinley,-11.171038,-2.2901354,1.6751118,10.01579,4.6189556,10.849479
ddc_dzo_09230,labeled,Romeo,2.7020829,-1.5926247,1.3616052,11.888051,11.075103,9.989912
ddc_dzo_09224,labeled,Romeo,1.2585921,-0.51151305,1.0281647,9.572193,12.600034,8.184946
ddc_dzo_09213,labeled,Romeo,3.1938968,-1.581084,1.1554949,11.002145,11.632287,10.095078
ddc_dzo_09243,labeled,Romeo,1.4550154,-2.054755,0.7226074,11.889214,10.36445,9.550174
ddc_dzo_09280,labeled,Romeo,1.8983481,-0.5891836,0.02704829,11.833031,11.093806,9.700203
ddc_dzo_03613,labeled,Romeo,2.417671,-0.10051036,-0.5732448,10.962819,11.5716,8.765031
ddc_dzo_09259,labeled,Romeo,2.549542,-1.3559382,0.14190379,9.322178,11.144697,9.799311
ddc_dzo_09266,labeled,Romeo,2.4743838,-0.7225108,-0.3000493,10.782404,10.528202,10.394606
ddc_dzo_09249,labeled,Namgay,-3.3960245,0.6961768,-13.435551,-4.9150043,5.36292,8.663362
ddc_dzo_09268,labeled,Romeo,2.2128606,0.63531816,0.12492514,9.833917,10.411455,10.158034
ddc_dzo_09264,labeled,Dorji,-0.35576403,7.789709,0.49275213,13.138116,9.232614,7.488016
ddc_dzo_09258,labeled,Romeo,3.530825,-1.9450283,1.303088,9.133841,11.356076,9.483933
ddc_dzo_09262,labeled,Romeo,2.1652873,-0.4578513,0.15745232,10.686071,11.216245,10.545651
ddc_dzo_09263,labeled,Romeo,1.51195,-0.8102379,-0.6873553,10.851131,12.189584,9.035215
ddc_dzo_09255,labeled,Romeo,1.957556,-1.079234,-2.1971612,9.54539,11.826863,8.437589
ddc_dzo_09250,labeled,Dorji,0.4547391,12.404293,2.6681294,13.772903,8.819142,6.599579
ddc_dzo_09274,labeled,Nima,0.35069704,-1.5184273,-1.5776656,9.519247,9.866507,9.792962
ddc_dzo_09286,labeled,Romeo,-1.3047466,-2.1655006,0.7496158,9.712167,5.2542515,10.508103
ddc_dzo_09294,labeled,Romeo,2.1326718,-0.18570542,0.53012574,9.172766,11.9615,8.972789
ddc_dzo_09304,labeled,Romeo,1.4700835,-0.032642126,0.6391051,11.012337,10.855562,7.4657702
ddc_dzo_09283,labeled,Romeo,3.5445838,-2.249959,0.08965433,9.078294,11.861236,7.8771534
ddc_dzo_09293,labeled,Romeo,1.8543177,-1.1356668,0.88013935,8.500369,10.564543,10.131933
ddc_dzo_09321,labeled,Namgay,-1.7120152,0.74731976,-15.120211,12.822296,4.714886,5.408818
ddc_dzo_09317,labeled,Romeo,0.99578285,0.19714034,0.6171136,8.846325,12.404793,8.801215
ddc_dzo_09311,labeled,Romeo,2.95409,-0.42055368,-1.4144869,9.724526,11.729619,10.766482
ddc_dzo_09291,labeled,Romeo,1.3711648,-0.56793976,0.86657465,11.851767,11.617169,8.675349
ddc_dzo_09319,labeled,Namgay,-0.87212086,-0.30858672,-8.085933,13.209203,4.8855543,5.6292787
ddc_dzo_09297,labeled,Romeo,1.7535864,-2.3898792,0.99667835,10.681078,10.844705,10.286944
ddc_dzo_09310,labeled,Romeo,0.037756443,-0.62913007,1.3127699,8.757643,10.414173,8.667658
ddc_dzo_09302,labeled,Romeo,1.7201103,-0.6310179,1.5781434,10.165105,12.234594,9.629017
ddc_dzo_09320,labeled,Romeo,2.460165,-0.33697623,0.84571886,9.973234,10.760857,7.015257
ddc_dzo_09313,labeled,Thinley,-8.532595,-1.057183,0.022529066,10.423446,5.2017264,9.798792
ddc_dzo_09289,labeled,Dorji,0.59056985,8.207465,1.3336518,13.058084,8.87039,7.716093
ddc_dzo_09309,labeled,Dorji,0.11080122,6.349836,0.117301285,13.188141,9.432683,7.78667
ddc_dzo_09300,labeled,Dorji,0.93226767,6.1947336,1.706784,13.119529,9.220258,7.7013927
ddc_dzo_09318,labeled,Romeo,1.2855495,-0.9415412,1.5679332,11.242711,10.486324,7.706012
ddc_dzo_09345,labeled,Romeo,3.6826682,-1.3107461,0.40394044,11.783757,11.771614,10.0415325
ddc_dzo_09343,labeled,Romeo,2.756301,-1.0014079,0.6748123,11.68271,11.333312,10.278859
ddc_dzo_09352,labeled,Romeo,1.5856751,-1.0010133,0.4318576,8.833693,10.484714,9.723015
ddc_dzo_09338,labeled,Romeo,-0.45757985,-0.8073487,0.14728379,11.2459345,10.674941,10.346878
ddc_dzo_07192,labeled,Dorji,1.1048796,7.1202254,0.5821257,12.178275,10.068161,8.8453865
ddc_dzo_09328,labeled,Romeo,1.6690679,-0.46384513,-0.8714254,10.019677,11.481397,10.386571
ddc_dzo_09332,labeled,Romeo,2.3587062,-2.0193098,0.48517227,9.3639555,11.828221,10.422524
ddc_dzo_09355,labeled,Romeo,1.2841152,-1.2805002,0.6680159,8.82912,11.833538,9.494416
ddc_dzo_09349,labeled,Romeo,1.9743698,-1.2928199,1.1889088,9.500517,12.194838,7.6588745
ddc_dzo_09342,labeled,Thinley,-6.2965097,1.3587315,1.0883794,9.811349,4.726852,9.36013
ddc_dzo_09329,labeled,Romeo,0.30119514,-1.0175854,0.2888304,12.031514,11.24256,8.779154
ddc_dzo_09339,labeled,Namgay,-2.9348383,0.6807928,-6.161825,13.140336,4.9781036,5.711329
ddc_dzo_09354,labeled,Namgay,-0.9651289,0.34243184,-11.898501,-5.2837205,5.875804,9.046892
ddc_dzo_09353,labeled,Dorji,-0.7453507,4.7378025,0.43000412,13.219107,9.226677,6.5030646
ddc_dzo_09335,labeled,Thinley,-6.527913,-0.54806566,0.6993923,10.344517,5.9591117,10.24544
ddc_dzo_09327,labeled,Romeo,1.5947695,-1.4968461,-0.7817826,11.486967,11.107197,8.390385
ddc_dzo_09348,labeled,Thinley,-9.351178,-1.5535798,1.7231901,9.143881,4.585635,10.771231
ddc_dzo_09362,labeled,Dorji,-0.9190316,5.7042227,0.6249428,13.01756,8.767397,7.703989
ddc_dzo_09361,labeled,Romeo,2.524483,-1.560338,0.81132984,11.0598345,10.216342,7.51352
ddc_dzo_09372,labeled,Namgay,-1.890315,1.0083959,-13.162755,12.862783,4.7778397,5.5061336
ddc_dzo_09371,labeled,Romeo,1.1188846,-0.9696531,-0.13849711,9.939609,12.64901,9.055253
ddc_dzo_09364,labeled,Romeo,3.2974706,-1.5928233,0.4636674,8.373393,12.057913,8.453371
ddc_dzo_09368,labeled,Romeo,1.6550119,-1.1476922,-0.2830019,10.003203,9.799736,8.35516
ddc_dzo_09360,labeled,Thinley,-7.8635044,-0.978395,0.7690699,11.08232,10.156315,10.025236
ddc_dzo_09385,labeled,Namgay,-1.2470264,0.29823172,-13.889553,-5.2274795,5.6234784,8.518236
ddc_dzo_09365,labeled,Romeo,1.6448152,-1.1745279,-0.5451391,10.500783,11.643918,10.740194
ddc_dzo_09383,labeled,Romeo,3.649661,-0.37580562,0.82577205,11.8898535,9.572004,8.270087
ddc_dzo_09376,labeled,Romeo,1.6739732,-2.1310825,-1.0499249,8.979321,10.156502,8.236441
ddc_dzo_09384,labeled,Romeo,4.0797486,-2.0505328,0.25052375,8.933156,10.368899,9.430281
ddc_dzo_09393,labeled,Dorji,-0.9755149,5.3380747,-0.25588834,13.369106,8.590858,7.739564
ddc_dzo_09390,labeled,Thinley,-10.847368,-1.742574,0.08978987,9.660144,4.4073925,10.513513
ddc_dzo_09375,labeled,Dorji,-0.16179657,7.0785427,1.8017704,13.601295,8.396222,6.4070034
ddc_dzo_09381,labeled,Dorji,-1.0120214,6.3016214,1.1311102,13.188228,9.339695,7.7246685
ddc_dzo_09394,labeled,Romeo,2.736365,-1.8837762,-0.22386336,11.307504,10.690108,9.741211
ddc_dzo_09373,labeled,Thinley,-10.054043,-0.5413245,0.38882303,9.76169,4.8689237,10.9721365
ddc_dzo_09417,labeled,Dorji,-0.17776418,7.557195,-0.15541124,13.583504,8.914556,6.1255875
ddc_dzo_08030,labeled,Romeo,2.8359952,-0.6385801,0.37267065,9.991397,11.301747,8.426776
ddc_dzo_09404,labeled,Thinley,-8.006554,-2.0522914,0.73788357,10.008827,4.5335107,9.683966
ddc_dzo_09405,labeled,Romeo,2.3295631,0.721853,1.4258347,9.969171,9.883931,9.7630415
ddc_dzo_09402,labeled,Romeo,3.3782363,-2.14185,0.5482389,10.53302,10.878593,8.791998
ddc_dzo_09435,labeled,Romeo,3.1904912,-0.4645939,-1.5270824,9.153954,10.588383,10.608252
ddc_dzo_09410,labeled,Dorji,0.3313489,9.390107,1.1122487,13.3666115,9.093892,7.805116
ddc_dzo_09429,labeled,Namgay,-1.422901,-0.3438692,-11.808092,-4.8468447,5.4388866,8.499774
ddc_dzo_09398,labeled,Thinley,-8.599301,1.7566326,0.7095425,10.084282,4.1860185,9.626603
ddc_dzo_09407,labeled,Romeo,2.1888716,-0.77891755,-3.0951085,9.717583,9.427454,8.258114
ddc_dzo_09400,labeled,Dorji,1.378886,6.4340544,0.7870957,13.262301,8.77247,7.0427966
ddc_dzo_09427,labeled,Dorji,-0.55266094,7.689889,-0.8831495,13.30378,8.603405,7.480319
ddc_dzo_09403,labeled,Thinley,-10.290502,-0.6427264,0.60889673,10.094247,5.026937,10.003381
ddc_dzo_09425,labeled,Romeo,2.855039,-1.3375456,0.10380584,10.118018,12.1365185,9.984389
ddc_dzo_09399,labeled,Romeo,2.5876305,-2.2911067,-0.113729,8.812118,12.129735,9.060761
ddc_dzo_01507,labeled,Romeo,2.911439,-0.7047515,1.0512761,9.340238,11.450375,8.096859
ddc_dzo_09460,labeled,Romeo,2.9650881,-1.4872779,-0.3340112,9.280909,10.693206,9.413667
ddc_dzo_09467,labeled,Romeo,0.66488886,-0.8341751,-0.93904114,10.933714,9.731922,8.263974
ddc_dzo_09465,labeled,Namgay,-1.6089993,-0.58457565,-8.2819,13.280114,4.9740167,5.700971
ddc_dzo_09469,labeled,Namgay,-1.6099272,0.87998843,-6.410082,12.634258,6.192653,5.980673
ddc_dzo_09451,labeled,Romeo,2.2439115,-1.1411734,-0.010563493,8.594411,11.905168,9.811658
ddc_dzo_09444,labeled,Romeo,2.5395155,-1.6980458,0.21569467,9.170139,11.856511,7.865203
ddc_dzo_09474,labeled,Thinley,-8.218584,1.9709888,0.15677774,9.276921,4.6008,10.033617
ddc_dzo_09470,labeled,Romeo,2.984294,-0.7351264,-0.13657951,12.298249,10.678493,10.644435
ddc_dzo_09445,labeled,Romeo,2.922048,0.08510733,-0.44996262,11.49581,10.490892,6.851998
ddc_dzo_09448,labeled,Romeo,3.6131182,-0.85435474,0.21006393,10.157854,10.06512,6.9074855
ddc_dzo_09466,labeled,Romeo,2.6587062,-1.0462723,1.5589569,10.018759,10.55019,6.92271
ddc_dzo_09457,labeled,Romeo,3.2718377,-2.7227445,0.05625868,9.875116,10.574028,7.3659606
ddc_dzo_09477,labeled,Thinley,-9.986095,-1.7873383,-0.15021157,9.685902,5.225671,11.129795
ddc_dzo_09471,labeled,Dorji,-0.3889184,4.3115177,1.9545903,12.480123,10.136797,9.673214
ddc_dzo_09472,labeled,Romeo,2.1502843,-1.8611362,0.24157286,11.57144,10.604659,10.797046
ddc_dzo_09442,labeled,Romeo,2.23352,-0.8267012,0.49822903,9.161005,11.944418,8.768281
ddc_dzo_09500,labeled,Romeo,2.5980287,-1.9018195,-0.15632963,12.25455,10.461708,9.700701
ddc_dzo_09485,labeled,Romeo,1.9818021,-1.865072,0.98739886,10.36329,12.259101,9.472891
ddc_dzo_09499,labeled,Romeo,2.4943357,-2.0812356,0.9670067,8.603037,12.150729,8.089448
ddc_dzo_09480,labeled,Romeo,1.6308384,-1.4144257,-0.6788485,11.26227,11.536441,9.987216
ddc_dzo_09484,labeled,Romeo,-0.1788528,-0.44681573,-0.59714997,11.776497,11.547832,10.36791
ddc_dzo_09491,labeled,Dorji,-0.16064596,10.61845,0.94996786,13.552664,8.944846,6.174956
ddc_dzo_09492,labeled,Romeo,1.202593,-1.4172498,0.031235218,9.670948,10.339946,7.342803
ddc_dzo_09511,labeled,Thinley,-8.014816,-1.5975602,1.7543266,9.225823,4.864458,10.345086
ddc_dzo_09504,labeled,Romeo,2.705039,-0.5505321,0.7947093,8.881737,11.536393,7.2740717
ddc_dzo_09486,labeled,Thinley,-7.666336,-1.317811,1.2180849,9.568018,5.35777,11.193571
ddc_dzo_09503,labeled,Thinley,-9.400765,-0.9348942,1.4159485,9.919162,4.9291306,10.805561
ddc_dzo_09509,labeled,Romeo,2.6884973,0.37694865,-0.15421271,11.547785,11.491332,8.927624
ddc_dzo_09495,labeled,Thinley,-7.214268,-1.165895,1.3582658,9.161527,5.5377507,10.908842
ddc_dzo_09487,labeled,Thinley,-9.261787,-0.28114974,-0.14146161,10.014299,4.795547,9.873313
ddc_dzo_09489,labeled,Thinley,-8.342796,-1.3225551,0.8818185,9.91172,4.7742524,10.739385
ddc_dzo_09493,labeled,Romeo,1.8391849,-0.8000592,-0.19933343,9.861419,10.939103,8.320965
ddc_dzo_09510,labeled,Romeo,2.505971,-0.7817235,0.7473015,9.101867,11.796084,7.651354
ddc_dzo_09532,labeled,Thinley,-7.908274,-1.5496997,0.86008394,10.093224,4.5816417,9.799621
ddc_dzo_09533,labeled,Romeo,2.9871423,-1.7433829,-0.42659664,9.34108,12.0055685,6.7493834
ddc_dzo_09526,labeled,Romeo,1.4939246,-0.8011278,1.097799,10.00693,12.516671,9.432554
ddc_dzo_09518,labeled,Namgay,-6.0073805,-0.2664428,-10.0738,12.874367,5.153008,5.7864895
ddc_dzo_09549,labeled,Romeo,2.1295469,-0.73139465,0.53898954,9.096248,12.201299,7.5372353
ddc_dzo_09544,labeled,Thinley,-9.718656,0.51372665,1.4329872,9.394944,4.443829,9.889784
ddc_dzo_09519,labeled,Thinley,-8.428275,-0.6203313,0.8943968,10.43479,6.111524,10.984761
ddc_dzo_09539,labeled,Namgay,-0.33034897,1.2002531,-11.808218,-4.85452,5.433366,8.628721
ddc_dzo_09517,labeled,Romeo,2.6481855,-0.78278655,-0.25568986,10.385368,11.6179905,10.905853
ddc_dzo_09542,labeled,Thinley,-8.091836,-0.37246788,1.4996641,10.082949,5.119238,9.928929
ddc_dzo_09551,labeled,Romeo,0.5776723,-0.8772203,0.004392147,10.053425,10.848455,6.8604426
ddc_dzo_09525,labeled,Romeo,1.720834,-1.5028228,1.6295054,9.094871,11.466965,7.4793377
ddc_dzo_09522,labeled,Dorji,-0.66855764,9.690625,1.0338466,13.556514,8.878725,7.7468534
ddc_dzo_09543,labeled,Romeo,2.7817771,-1.0001795,1.0155753,11.1419525,10.592622,8.679393
ddc_dzo_09537,labeled,Romeo,2.2508986,-0.47789717,0.60206664,11.076454,10.709385,8.653485
ddc_dzo_09527,labeled,Dorji,-1.3023595,9.474347,2.090067,13.247949,9.260345,7.1763253
ddc_dzo_09547,labeled,Namgay,-0.8784883,0.66717887,-11.505709,-5.224737,5.5987077,8.523592
ddc_dzo_09550,labeled,Dorji,-1.0223646,6.088347,0.73902273,13.266062,8.794007,7.9879823
ddc_dzo_09538,labeled,Romeo,1.4556887,-0.38232768,0.50742626,12.261144,10.254437,10.081787
ddc_dzo_09529,labeled,Romeo,1.9334543,-1.1307338,0.4375887,11.2541,10.802221,10.301069
ddc_dzo_09593,labeled,Dorji,-0.33762133,6.9559693,1.5751162,13.567275,8.28536,6.470823
ddc_dzo_02909,labeled,Romeo,0.8988471,-0.3863554,0.32483077,9.606136,11.720685,9.875434
ddc_dzo_09572,labeled,Romeo,3.090137,-1.6051629,-0.5801313,9.046196,12.630425,7.629716
ddc_dzo_09595,labeled,Romeo,2.2323234,-1.9582567,0.24979734,11.37529,9.99796,7.6760964
ddc_dzo_09582,labeled,Romeo,3.956795,-1.9325068,1.357645,11.25711,10.891491,8.974576
ddc_dzo_09575,labeled,Romeo,2.5551708,0.55838305,0.16528177,9.912572,12.352531,9.770492
ddc_dzo_09580,labeled,Thinley,-8.999629,-0.09856546,0.7953939,10.093633,4.581403,9.596359
ddc_dzo_09561,labeled,Thinley,-10.45232,-1.4845178,1.4318147,10.274658,4.4448557,9.626828
ddc_dzo_09564,labeled,Romeo,1.5223216,-0.17227498,0.39201117,9.282394,11.027878,7.8024373
ddc_dzo_09571,labeled,Romeo,1.4773718,-0.030177712,1.1300552,9.584947,10.8869095,8.550088
ddc_dzo_09560,labeled,Romeo,0.9920416,-1.9712445,0.5936599,10.744157,10.660096,7.6465755
ddc_dzo_09583,labeled,Romeo,1.9481258,-0.6970687,1.4095798,9.927749,11.155004,9.596946
ddc_dzo_09568,labeled,Thinley,-8.040404,-1.457891,0.9413935,9.501398,4.8981786,9.721085
ddc_dzo_09557,labeled,Dorji,-0.43576467,9.400528,0.9951141,13.35362,9.214999,7.6098742
ddc_dzo_09581,labeled,Thinley,-9.439645,-1.2075217,1.0340071,10.0560465,5.746485,11.445154
ddc_dzo_09563,labeled,Romeo,1.5355449,-0.64728,1.8576773,9.737346,10.494199,7.149479
ddc_dzo_09588,labeled,Romeo,2.0377731,0.3991058,-0.035815,9.54939,10.060782,9.313041
ddc_dzo_09577,labeled,Romeo,0.98947155,0.7700268,0.3390026,12.012512,10.43717,10.016633
ddc_dzo_09630,labeled,Romeo,2.3173847,-1.1529531,2.7902536,10.880195,10.982488,9.968094
ddc_dzo_09623,labeled,Thinley,-8.667219,-1.1500864,-0.86569905,9.180024,5.1276097,10.914369
ddc_dzo_09605,labeled,Romeo,-0.85683966,1.2573609,-1.2010412,13.185306,8.1378765,6.540932
ddc_dzo_09633,labeled,Romeo,2.1197984,-1.0543652,-0.9890981,11.8804,10.102562,9.696218
ddc_dzo_09626,labeled,Romeo,3.03501,-0.94178236,1.0614383,9.609248,11.769096,8.465976
ddc_dzo_09618,labeled,Romeo,2.894499,-0.8987566,-0.02928102,10.431753,11.606304,9.389298
ddc_dzo_09629,labeled,Thinley,-7.47808,-0.35067865,0.120517254,10.000811,5.3704696,10.105166
ddc_dzo_09597,labeled,Romeo,3.2334614,-0.48946312,-0.015581131,9.308981,12.118699,6.8391438
ddc_dzo_09634,labeled,Dorji,-1.2204309,6.3543587,1.3397641,12.89957,9.301358,7.539073
ddc_dzo_09598,labeled,Romeo,1.8805803,-0.9091454,0.879097,10.629883,12.061013,8.847346
ddc_dzo_09601,labeled,Romeo,3.5496602,-1.8804104,1.1404079,9.075985,11.911035,8.325388
ddc_dzo_09622,labeled,Romeo,0.6390884,-2.1209257,0.8168893,10.828069,10.499435,10.479517
ddc_dzo_09614,labeled,Thinley,-9.648634,-1.1439242,-2.6108413,8.944806,4.8028092,10.457903
ddc_dzo_09627,labeled,Namgay,-1.4102734,-0.44382954,-3.0426965,9.750732,10.844266,11.101576
ddc_dzo_09619,labeled,Thinley,-8.238624,-1.0852159,-0.39414597,10.3650675,4.481163,9.601337
ddc_dzo_09643,labeled,Romeo,2.0599303,-0.9831095,0.790715,11.385946,10.463882,7.0739794
ddc_dzo_09674,labeled,Thinley,-7.972143,-0.9762689,0.71365446,10.04614,5.304555,10.645443
ddc_dzo_09675,labeled,Romeo,2.3663652,-2.2807367,-0.029518306,11.119924,9.687637,7.4258738
ddc_dzo_09658,labeled,Romeo,3.1330454,-0.3558302,-0.5882261,11.512027,9.990585,9.589813
ddc_dzo_09641,labeled,Romeo,1.7279633,-1.3233159,0.5667652,9.923832,12.662079,9.082616
ddc_dzo_09654,labeled,Romeo,1.6530237,-1.3990805,0.5972997,10.712347,11.62128,10.461793
ddc_dzo_09653,labeled,Namgay,-0.057861567,2.7229187,-8.784327,-5.2959027,5.8803906,8.999044
ddc_dzo_09666,labeled,Romeo,3.0527213,0.026037216,0.5952561,8.956378,11.963634,9.347362
ddc_dzo_09661,labeled,Romeo,1.9311306,-0.86949825,1.1489894,11.941948,11.360469,8.738804
ddc_dzo_09671,labeled,Romeo,2.8511343,-0.7036667,1.5423403,12.087984,9.78201,9.251545
ddc_dzo_09646,labeled,Thinley,-11.24297,-1.8392506,0.573739,9.54507,4.6499505,10.816152
ddc_dzo_09647,labeled,Romeo,0.57320976,-1.0163933,0.6291604,11.447609,10.653774,8.78126
ddc_dzo_09670,labeled,Dorji,-1.1569825,5.320017,1.2620037,13.674703,8.831138,6.2951326
ddc_dzo_09636,labeled,Dorji,-0.05282402,6.143851,0.85621405,11.874497,10.263058,10.495209
ddc_dzo_09665,labeled,Thinley,-9.569191,-0.38906097,2.0686798,9.034933,5.0527873,10.700898
ddc_dzo_09639,labeled,Romeo,1.77598,-0.9196785,0.8443996,9.38944,11.468513,8.331322
ddc_dzo_09645,labeled,Thinley,-9.231047,-1.00945,0.59975576,10.174738,5.6639585,11.350761
ddc_dzo_09664,labeled,Romeo,0.26544785,-0.49428457,0.6531377,8.853241,10.900947,8.402615
ddc_dzo_09677,labeled,Romeo,2.0308363,-1.4268814,0.17441607,8.749188,12.422587,8.446764
ddc_dzo_09686,labeled,Romeo,1.7785106,-1.054852,-0.94701195,10.0139065,10.75381,6.98139
ddc_dzo_09695,labeled,Romeo,2.5714142,-0.054620802,0.30280924,11.404654,11.584261,8.741791
ddc_dzo_09706,labeled,Romeo,2.1935492,0.16656059,-0.888031,10.7359705,10.868985,8.144904
ddc_dzo_09704,labeled,Namgay,-0.70976067,0.78198373,-6.03461,13.450955,5.114956,5.606839
ddc_dzo_09709,labeled,Romeo,1.3914813,-0.9737725,1.1407669,11.05668,10.498122,6.9560137
ddc_dzo_09712,labeled,Thinley,-9.482478,-0.9511609,-0.08526385,10.023848,6.014193,11.237594
ddc_dzo_09707,labeled,Romeo,3.5214524,-2.181111,1.6439879,9.007567,12.286526,8.093634
ddc_dzo_09696,labeled,Namgay,-1.0611191,2.30669,-13.473726,12.608798,5.423547,5.360873
ddc_dzo_09701,labeled,Romeo,2.6917086,-1.948417,-2.4939754,10.021091,11.630901,8.228153
ddc_dzo_09680,labeled,Romeo,1.6242578,-2.0696766,-0.28338557,8.3352785,10.474899,9.545045
ddc_dzo_09697,labeled,Thinley,-9.079656,-1.7094264,1.1275747,10.354865,4.90265,10.883836
ddc_dzo_09688,labeled,Thinley,-8.65031,-1.2472599,0.24274778,10.130853,4.7745967,9.415384
ddc_dzo_09715,labeled,Thinley,-6.9748087,-0.89381385,0.9803088,10.175703,5.85551,10.508542
ddc_dzo_09739,labeled,Romeo,1.9152141,-1.4113376,1.4448025,10.025409,11.942768,10.441447
ddc_dzo_09734,labeled,Romeo,2.1957319,-1.6644908,0.3729596,10.923677,11.169213,9.603412
ddc_dzo_04908,labeled,Thinley,-8.893994,-0.9466536,-1.0738505,9.403534,5.0755296,10.438477
ddc_dzo_08068,labeled,Romeo,2.4838223,-0.6192751,-0.2938485,10.080633,11.123393,6.888496
ddc_dzo_09724,labeled,Romeo,1.7756503,-0.45045114,-0.103392124,11.154791,9.985249,9.182219
ddc_dzo_09744,labeled,Thinley,-8.809152,-1.2588565,1.3573134,10.179493,5.0146503,10.537628
ddc_dzo_09728,labeled,Romeo,1.5092835,-0.602442,0.15396166,10.31163,11.227978,11.134029
ddc_dzo_09751,labeled,Dorji,0.16171813,9.817336,0.7254009,13.177592,9.089283,6.577897
ddc_dzo_09718,labeled,Romeo,1.4969659,0.24460858,-2.6632986,10.992519,11.27362,7.7349286
ddc_dzo_09750,labeled,Romeo,2.3819513,-0.993528,-0.62174374,9.113822,11.79158,7.882437
ddc_dzo_09731,labeled,Romeo,2.2340682,-1.194576,1.0709307,9.913281,11.543931,10.059919
ddc_dzo_09725,labeled,Thinley,-10.272827,-2.6366286,1.1927426,9.420998,4.7954473,11.026587
ddc_dzo_09735,labeled,Thinley,-10.671189,-2.9166017,-0.19194031,9.268558,4.5554395,9.933829
ddc_dzo_09745,labeled,Romeo,2.505807,-0.84928095,0.03368163,8.589593,12.102757,8.815602
ddc_dzo_09743,labeled,Romeo,1.4699986,0.91092443,-0.61576223,12.328655,10.310825,9.240123
ddc_dzo_09732,labeled,Romeo,3.051442,-0.85982084,0.49252385,11.814027,11.012071,9.61201
ddc_dzo_08786,labeled,Thinley,-7.9283624,-0.06706715,-1.0896751,9.102939,5.329509,10.825961
ddc_dzo_09754,labeled,Thinley,-7.246934,-0.99771476,1.5387015,9.78518,4.7667775,9.430176
ddc_dzo_09778,labeled,Thinley,-10.046084,-2.2159917,0.8231067,10.017865,5.208722,9.555803
ddc_dzo_09782,labeled,Romeo,6.069791,-2.1179907,-0.21199322,10.242729,11.118685,11.720191
ddc_dzo_09781,labeled,Romeo,1.9764934,-1.5868747,0.0039331913,8.68416,10.999146,8.725024
ddc_dzo_09753,labeled,Thinley,-9.160859,-0.36319613,-0.33931637,10.26903,4.287242,9.330974
ddc_dzo_09775,labeled,Thinley,-8.380116,-0.32702455,1.5264933,10.228092,4.3029313,9.49992
ddc_dzo_09769,labeled,Thinley,-6.5516334,-1.0433795,0.59856594,9.198352,5.5100207,10.799265
ddc_dzo_09791,labeled,Romeo,1.8069243,0.5928781,0.72453046,10.667296,11.706335,8.41513
ddc_dzo_09771,labeled,Romeo,2.3283424,1.6944911,0.59997654,12.166619,10.733406,10.070066
ddc_dzo_09762,labeled,Romeo,1.0687299,-0.33824652,-0.7511034,9.991698,12.579776,8.522243
ddc_dzo_09757,labeled,Romeo,2.5699778,-2.4551437,-0.63074327,10.354222,10.774583,9.788302
ddc_dzo_09772,labeled,Thinley,-9.78517,-1.4399114,-1.4059179,9.000438,4.92029,10.58032
ddc_dzo_09783,labeled,Dorji,-1.3181114,7.7071195,-0.98281074,12.555845,9.653879,7.676729
ddc_dzo_09779,labeled,Thinley,-8.499638,-0.09956086,1.3447887,9.611411,5.614747,10.370328
ddc_dzo_09790,labeled,Dorji,-0.27071893,6.6008453,1.5723696,13.250664,8.501976,7.6133137
ddc_dzo_09830,labeled,Romeo,2.965523,-0.39286733,0.20828867,9.659251,11.982088,6.742891
ddc_dzo_09803,labeled,Romeo,1.8967217,-1.5954515,0.70629346,10.77018,10.017821,6.8500295
ddc_dzo_09823,labeled,Romeo,2.580205,-1.4678996,0.6073309,9.788952,10.075713,8.158872
ddc_dzo_09825,labeled,Thinley,-8.24788,-1.552491,2.2822309,9.888181,5.3149543,9.748574
ddc_dzo_09805,labeled,Romeo,3.2006845,-0.19419119,0.7279117,8.9413595,11.991651,7.848732
ddc_dzo_09806,labeled,Romeo,2.3053634,-0.40427876,-1.1084206,11.298146,10.186995,7.7171783
ddc_dzo_09801,labeled,Thinley,-8.907927,-1.4459532,1.004497,10.429872,5.396343,10.14575
ddc_dzo_09814,labeled,Romeo,1.6485658,-0.6949731,0.31390738,9.338969,11.613361,7.877283
ddc_dzo_09810,labeled,Romeo,2.5574064,-2.170238,0.18970847,10.456316,9.904113,3.6352444
ddc_dzo_09831,labeled,Romeo,2.9938524,-1.6632495,1.1137965,10.143872,11.786213,9.051581
ddc_dzo_09827,labeled,Romeo,2.4224086,-1.4604975,0.42572862,12.068156,11.028761,8.396014
ddc_dzo_09832,labeled,Romeo,3.712358,-0.50333273,0.58316785,9.619461,10.752152,6.9277544
ddc_dzo_09820,labeled,Thinley,-8.199411,0.03372097,1.561503,10.649611,4.9106965,9.65537
ddc_dzo_09813,labeled,Romeo,2.1579747,-1.1585841,1.6255589,12.269888,11.168147,10.558684
ddc_dzo_09802,labeled,Romeo,0.18032202,0.39849293,0.285712,10.015591,10.510784,7.913436
ddc_dzo_09800,labeled,Dorji,-0.9847785,6.047095,1.4823284,13.23347,9.032252,6.1837487
ddc_dzo_09817,labeled,Romeo,0.42446136,-1.973844,0.023878813,9.006821,10.337958,7.724946
ddc_dzo_09799,labeled,Romeo,3.3725405,-0.7508755,-0.37940598,8.530861,11.978736,9.530254
ddc_dzo_09870,labeled,Romeo,2.954532,-2.5052571,0.6320677,10.725765,10.5930605,7.634808
ddc_dzo_05502,labeled,Thinley,-8.7664995,-1.8051493,0.5400872,10.6501045,5.1804433,10.717272
ddc_dzo_09852,labeled,Romeo,1.0267794,-0.90876436,0.26599097,9.008028,10.269737,8.922051
ddc_dzo_09840,labeled,Romeo,2.0709155,-1.1878932,0.09064078,9.884886,10.044162,7.434458
ddc_dzo_09854,labeled,Thinley,-6.8387623,-1.1993268,-0.48944783,10.111822,4.8395586,9.214399
ddc_dzo_09834,labeled,Romeo,1.9144909,-0.49691796,0.9424398,11.620878,9.661399,7.967539
ddc_dzo_09844,labeled,Romeo,2.6580496,0.5270541,1.0525537,8.909554,12.099325,7.2598467
ddc_dzo_09850,labeled,Dorji,-1.1440678,8.881635,0.7036475,13.541179,8.677535,6.290691
ddc_dzo_09843,labeled,Thinley,-9.144599,-2.044336,1.4410295,9.959111,5.196037,10.870297
ddc_dzo_09848,labeled,Romeo,1.0894012,-0.9064776,0.9853215,9.168082,11.597414,6.9720454
ddc_dzo_09861,labeled,Thinley,-7.305154,-0.11033058,0.9065764,9.167524,5.087665,10.792577
ddc_dzo_09845,labeled,Romeo,1.2452192,0.024038315,1.0405915,10.996739,10.401507,6.6029034
ddc_dzo_09864,labeled,Thinley,-8.71395,-0.72897315,0.69839376,9.43285,5.5752378,10.463923
ddc_dzo_09857,labeled,Thinley,-8.78738,-0.6576321,1.0138316,9.317524,4.512735,10.601608
ddc_dzo_09835,labeled,Romeo,1.3254392,-1.05356,-0.98980653,9.824111,10.898251,10.82913
ddc_dzo_09888,labeled,Romeo,2.8885334,-0.35069788,0.6828823,12.183335,11.225401,10.230156
ddc_dzo_09904,labeled,Romeo,2.4343643,-0.91141105,0.43599057,8.725242,11.264237,10.081378
ddc_dzo_09874,labeled,Romeo,0.36737537,0.27733898,-0.076107025,10.460405,10.7458515,7.6976523
ddc_dzo_09900,labeled,Romeo,0.8374118,-0.9808646,1.2368785,10.980638,11.332868,9.886957
ddc_dzo_09892,labeled,Romeo,1.0052079,0.45598936,0.4892888,12.312018,10.54836,10.714125
ddc_dzo_09878,labeled,Romeo,2.55361,-2.1004736,0.55237484,10.096987,12.255936,7.775613
ddc_dzo_09877,labeled,Romeo,1.4129446,-1.081349,0.5897865,10.039797,12.573636,7.9157977
ddc_dzo_09909,labeled,Romeo,1.603754,-1.0657959,-0.4269805,9.544829,11.480778,8.097589
ddc_dzo_09872,labeled,Thinley,-8.8678875,-1.0203048,0.8612037,9.691461,5.3346295,9.88809
ddc_dzo_09898,labeled,Romeo,0.82921934,-0.30226538,1.0305817,9.083247,11.657165,7.4412675
ddc_dzo_09902,labeled,Thinley,-4.4356813,0.3678813,-1.2790816,10.652412,9.750128,10.803255
ddc_dzo_09899,labeled,Thinley,-6.479397,-1.3146708,0.24545693,9.746873,4.6758013,9.929759
ddc_dzo_09906,labeled,Romeo,1.9600134,-0.15865636,-0.363333,8.938917,11.706595,9.098059
ddc_dzo_09895,labeled,Romeo,0.9064764,0.107235074,0.29095298,10.072714,11.84297,10.628631
ddc_dzo_09912,labeled,Romeo,1.8306534,-1.8478999,0.9031668,10.59287,9.916553,8.68778
ddc_dzo_09941,labeled,Romeo,1.2345186,-0.19604844,0.14026105,11.500776,10.703656,8.307705
ddc_dzo_09924,labeled,Romeo,0.20908856,-1.4434438,-1.1014555,10.682176,9.783875,7.7935977
ddc_dzo_04153,labeled,Dorji,-2.0085518,6.8265586,0.39218342,12.526557,10.805832,9.091182
ddc_dzo_05797,labeled,Romeo,3.0831397,-1.0911229,0.8550596,8.90158,10.754545,8.179929
ddc_dzo_09948,labeled,Romeo,2.6373162,-0.43591452,0.10252142,9.2807255,11.424846,9.912901
ddc_dzo_09943,labeled,Romeo,2.2305615,-1.3153226,-1.3535757,9.280461,10.733446,6.9139533
ddc_dzo_09934,labeled,Romeo,2.6335773,0.1955638,0.43488306,10.418149,10.018583,7.287231
ddc_dzo_09913,labeled,Dorji,-0.11907959,9.242507,-0.70523024,13.22216,9.31199,7.16496
ddc_dzo_09950,labeled,Romeo,1.7988029,-1.3404844,-0.48524368,10.328928,12.2138195,9.589299
ddc_dzo_09945,labeled,Dorji,-1.5019795,10.34568,0.17281628,13.40921,8.428039,6.684338
ddc_dzo_09916,labeled,Romeo,2.6558118,-1.024303,0.63481605,8.555001,11.298457,8.360205
ddc_dzo_09911,labeled,Thinley,-3.1872325,4.08767,1.2806445,13.575635,7.969578,6.8405347
ddc_dzo_09938,labeled,Thinley,-10.83732,-1.6466987,1.2081574,9.628515,4.942248,11.121086
ddc_dzo_09927,labeled,Dorji,0.018036842,6.2338924,1.0547214,13.284498,8.59613,7.587508
ddc_dzo_09940,labeled,Dorji,0.33573174,8.682743,1.811203,13.153975,9.320154,7.1589036
ddc_dzo_09914,labeled,Thinley,-9.235675,-1.2498295,-0.34504765,10.290808,5.331064,10.437613
ddc_dzo_09917,labeled,Romeo,2.1885784,-1.4513845,0.42716932,10.327787,10.910592,6.854896
ddc_dzo_09949,labeled,Romeo,2.1260953,-1.333766,-0.5434754,10.189501,10.967427,11.045423
ddc_dzo_09973,labeled,Romeo,4.022746,-1.1766758,0.23708582,10.506657,11.202014,9.927394
ddc_dzo_09988,labeled,Thinley,-7.761977,-1.7719922,2.0753891,10.625912,5.0320616,9.805289
ddc_dzo_09971,labeled,Romeo,2.1075068,-0.5143623,-0.2127341,9.455648,10.110549,9.24324
ddc_dzo_09959,labeled,Romeo,2.3256962,-1.3895361,0.3134389,11.390419,10.942029,9.906506
ddc_dzo_09983,labeled,Namgay,-1.8548775,0.5380627,-10.132804,12.688934,4.7559686,5.3156443
ddc_dzo_09980,labeled,Romeo,2.436806,-0.8170295,-0.68071413,9.146706,12.695975,7.8938828
ddc_dzo_09972,labeled,Romeo,1.8395059,-0.10372448,-0.4128275,9.286895,10.683207,10.845363
ddc_dzo_09970,labeled,Romeo,2.6139777,-1.6705984,1.0073144,9.0137005,11.072519,9.613546
ddc_dzo_09987,labeled,Thinley,-8.927763,-2.3158045,-0.26572934,9.304738,4.6494045,10.695664
ddc_dzo_09966,labeled,Romeo,1.8021722,-0.2118988,0.3498335,9.172746,11.413885,6.760704
ddc_dzo_09984,labeled,Thinley,-9.358161,-0.9664931,1.2696424,10.024411,5.6819544,10.496186
ddc_dzo_09958,labeled,Dorji,1.3338423,10.009794,0.5503955,13.682232,8.356429,6.9141946
ddc_dzo_09969,labeled,Namgay,-0.4149623,0.88009286,-11.121006,-5.2842884,5.8770566,9.048517
ddc_dzo_09962,labeled,Thinley,-9.170153,-1.6111228,1.493849,10.648775,5.0242057,10.357083
ddc_dzo_09981,labeled,Thinley,-10.916512,-0.36643553,-0.6671922,9.831955,4.5350943,9.724832
ddc_dzo_09978,labeled,Romeo,1.6835277,-1.164852,1.2409565,8.585701,10.602501,8.840536
ddc_dzo_09965,labeled,Romeo,3.2759378,0.63660884,-0.30289012,9.905409,10.2228,7.0415907
ddc_dzo_09997,labeled,Romeo,2.8976653,-2.83696,0.34578657,11.506946,10.69021,7.890522
ddc_dzo_09989,labeled,Dorji,-1.6592706,11.670885,0.59363174,13.59656,9.1562605,6.4858713
ddc_dzo_09993,labeled,Thinley,-9.1771145,-1.3549709,0.8557962,10.51999,5.186868,10.161189
ddc_dzo_09994,labeled,Romeo,3.2538853,-3.01579,0.66825366,8.496988,11.235223,8.817832
ddc_dzo_00010,labeled,Romeo,1.9447637,-0.7608781,0.59398186,11.620628,10.637361,9.519975
ddc_dzo_01105,labeled,Romeo,2.759075,-0.32833028,-0.025325298,10.70714,10.277735,10.4838295
ddc_dzo_08640,labeled,Romeo,3.1032324,-1.9513173,0.71636206,9.34512,11.541181,10.087854
ddc_dzo_06657,labeled,Romeo,3.4243965,-0.5209409,0.84458065,10.831561,11.634969,9.556307
ddc_dzo_05152,labeled,Romeo,2.0790358,-0.9770161,-0.13203716,11.567777,11.671581,10.447787
ddc_dzo_00787,labeled,Dorji,-0.50233793,8.8211565,1.4351861,13.750628,8.928939,6.489418
ddc_dzo_00427,labeled,Romeo,1.8489761,-1.6502428,0.5483388,10.7637205,10.546602,10.721599
ddc_dzo_04998,labeled,Romeo,3.3980424,-0.3165996,-0.11444974,9.535035,10.59899,7.055176
ddc_dzo_00369,labeled,Romeo,1.3081586,-1.1881349,-0.41031337,9.332541,9.808937,9.102021
ddc_dzo_01900,labeled,Romeo,2.7432106,-0.97742814,0.63866556,9.408899,11.487204,8.744754
ddc_dzo_06951,labeled,Romeo,2.2847855,-1.3040031,1.2938409,9.09725,11.909594,9.066432
ddc_dzo_01439,labeled,Romeo,2.5382347,-1.4775229,-0.13855171,8.908229,12.381357,8.733017
ddc_dzo_07059,labeled,Romeo,2.5380554,-0.2278105,0.36117697,9.893231,12.681141,8.137653
ddc_dzo_01642,labeled,Romeo,2.4168296,-0.23007846,0.35096502,9.604252,11.58471,7.7272043
ddc_dzo_00700,labeled,Romeo,1.6892047,-0.35220408,1.0831072,11.962068,9.696268,8.1477
ddc_dzo_01570,labeled,Romeo,2.088705,-1.1102917,1.2670296,9.4664755,10.66882,7.695895
ddc_dzo_03665,labeled,Thinley,-7.9131074,-0.82583714,1.1081672,9.946531,6.0771637,11.087961
ddc_dzo_06228,labeled,Romeo,2.1942716,-1.7753503,-0.46697363,8.771645,10.599261,9.760343
ddc_dzo_06775,labeled,Romeo,2.3793476,-0.7028717,1.1832827,9.071641,10.956037,9.479072
ddc_dzo_07353,labeled,Romeo,3.3267431,-0.684015,0.03137827,11.6835165,11.485284,10.250521
ddc_dzo_05248,labeled,Dorji,-0.11605072,7.900678,-0.06972432,13.019481,9.285332,7.231973
ddc_dzo_04724,labeled,Romeo,1.4631418,-1.9623132,1.2932994,10.486644,10.874901,10.635098
ddc_dzo_04602,labeled,Romeo,1.763329,-0.48487204,1.1439507,10.541445,10.584446,10.290845
ddc_dzo_03402,labeled,Romeo,1.3454428,-1.6141391,0.42115328,8.835169,10.456458,7.7187753
ddc_dzo_03501,labeled,Romeo,5.5149946,-0.9235114,-0.26606926,10.106883,9.94533,7.4250374
ddc_dzo_05038,labeled,Romeo,3.325139,-0.75672936,-0.08825266,10.802544,11.34206,9.346066
ddc_dzo_04014,labeled,Romeo,2.1601422,-0.78738403,1.3073552,10.03825,12.352595,8.140417
ddc_dzo_05121,labeled,Romeo,2.9551282,-1.0690501,1.1942577,9.145041,12.641724,8.01272
ddc_dzo_00736,labeled,Romeo,2.779315,-0.35478055,0.570174,9.629688,12.536591,7.716589
ddc_dzo_03970,labeled,Romeo,1.4085186,-1.1277729,0.44618177,9.604687,12.741889,7.805796
ddc_dzo_02628,labeled,Romeo,2.61522,-0.42837834,0.5908662,9.713636,11.584437,7.6162724
ddc_dzo_05983,labeled,Romeo,2.5010886,-1.238889,0.22809267,9.682169,10.760546,8.646901
ddc_dzo_09209,labeled,Romeo,2.161206,-1.5626878,0.47560957,9.236021,11.132738,9.240038
ddc_dzo_05115,labeled,Romeo,3.2966104,0.43695498,0.13701916,10.121907,10.2308655,7.452738
ddc_dzo_02751,labeled,Romeo,1.8787539,-0.65383625,0.8248584,10.393997,9.627463,9.226393
ddc_dzo_08017,labeled,Romeo,0.4905551,-0.034353614,0.57156146,11.64476,10.220044,8.194903
ddc_dzo_04157,labeled,Thinley,-7.9888687,-1.5313601,0.8890368,10.368632,5.590561,9.374318
ddc_dzo_08459,labeled,Romeo,2.4893584,0.85903406,0.35445905,10.4275875,11.263466,10.337034
ddc_dzo_01613,labeled,Romeo,3.2022557,-1.1729176,-0.06507361,9.330848,11.802375,9.957053
ddc_dzo_00012,labeled,Romeo,0.950212,-0.13205934,-0.2558781,11.152234,10.406926,9.814025
ddc_dzo_02018,labeled,Romeo,2.7307649,-1.0167477,1.3232691,9.81547,11.338582,8.5080385
ddc_dzo_09809,labeled,Romeo,2.2434356,-2.037044,0.7254815,10.807359,11.400626,9.558543
ddc_dzo_02317,labeled,Romeo,2.450791,-0.8681172,-0.06821871,11.341313,12.202998,9.27142
ddc_dzo_03824,labeled,Romeo,2.143268,0.38688564,0.55148196,11.398948,11.4407625,8.766728
ddc_dzo_09855,labeled,Dorji,0.606579,7.9989834,0.8276799,13.593064,9.048971,6.3741484
ddc_dzo_06655,labeled,Thinley,-6.936965,-0.82818556,1.193099,10.67545,5.9661717,10.646019
ddc_dzo_03720,labeled,Romeo,3.1143217,-1.6710558,0.7844391,11.444086,11.050976,7.8666863
ddc_dzo_04540,labeled,Thinley,-11.316791,-1.0127529,1.5346422,10.233909,4.7926617,10.67554
ddc_dzo_00374,labeled,Romeo,1.4761505,-1.8219464,0.17398733,10.444871,11.415214,9.832475
ddc_dzo_03244,labeled,Romeo,2.391933,-1.4500215,-1.0962691,12.051254,11.585407,9.7779455
ddc_dzo_09648,labeled,Romeo,2.2333424,0.14192224,0.08276272,9.602656,11.440626,7.675454
ddc_dzo_04679,labeled,Romeo,2.1748695,-1.1644549,-0.79180336,10.347406,9.176903,8.662312
ddc_dzo_04127,labeled,Romeo,3.0905712,0.3901853,0.06657791,11.003358,9.593487,8.40643
ddc_dzo_01096,labeled,Romeo,1.8410423,-2.5462756,-0.75942326,10.506644,10.095313,8.791487
ddc_dzo_08117,labeled,Romeo,0.8576616,-1.4494345,0.70145464,9.573635,10.995867,8.674744
ddc_dzo_07796,labeled,Romeo,1.9999367,-1.2344053,0.65231586,10.500447,10.306099,8.282957
ddc_dzo_01067,labeled,Romeo,0.9653158,-0.14305377,0.72074616,10.526754,10.31326,9.0453
ddc_dzo_03550,labeled,Romeo,2.7033305,-1.1235495,-1.0321702,10.741013,9.299256,8.969536
ddc_dzo_07852,labeled,Romeo,0.0045985035,0.33032113,-0.26829505,9.763397,10.255273,8.089304
ddc_dzo_05992,labeled,Romeo,3.3319266,-1.1476736,-0.92947626,11.319989,10.5491085,9.036334
ddc_dzo_08920,labeled,Romeo,2.5822706,-0.8212007,1.2671456,8.817622,12.260255,7.384077
ddc_dzo_00071,labeled,Romeo,2.7954273,0.64234793,1.3219347,10.891447,11.738522,10.443599
ddc_dzo_02716,labeled,Romeo,1.9079032,0.040750325,-0.10444975,11.289824,11.877955,10.07873
ddc_dzo_07553,labeled,Romeo,1.8869581,-1.4056208,-0.20114577,10.661744,11.486124,9.009856
ddc_dzo_08307,labeled,Romeo,3.2956083,-0.3462057,0.93898875,8.825109,11.472557,8.716679
ddc_dzo_05518,labeled,Romeo,0.3567816,0.016261816,0.371881,10.944991,10.726856,10.739694
ddc_dzo_06540,labeled,Romeo,2.7817235,-1.5813923,1.1702929,9.056881,11.365191,8.645506
ddc_dzo_02533,labeled,Romeo,2.4271235,-1.2827677,0.9796772,11.208105,10.7966385,10.380141
ddc_dzo_06198,labeled,Romeo,2.5598447,-0.12980843,0.94895935,11.719662,11.743203,8.783487
ddc_dzo_06459,labeled,Romeo,1.7497711,-0.76519036,-0.8930458,9.903899,9.290327,9.318829
ddc_dzo_06978,labeled,Romeo,1.7958765,-0.56204355,0.030793667,9.027951,12.329102,7.260859
ddc_dzo_09566,labeled,Romeo,2.2245107,-0.7194922,-0.36321676,10.906457,12.4109955,9.241354
ddc_dzo_06157,labeled,Romeo,2.5661817,-0.78828406,0.88844776,9.172598,12.507329,8.280097
ddc_dzo_06821,labeled,Romeo,2.922088,-0.55285865,0.018427372,9.032483,12.269048,7.2693305
ddc_dzo_08265,labeled,Romeo,1.7528993,-0.5381827,-0.77848434,9.318017,12.015764,7.2256
ddc_dzo_06816,labeled,Romeo,2.9411125,-1.3582332,-0.45370078,10.3455515,12.545298,8.052274
ddc_dzo_03732,labeled,Romeo,2.6627505,-1.3528967,0.9017055,8.836208,11.639788,10.090025
ddc_dzo_04237,labeled,Romeo,2.1924946,-0.0506953,1.6321115,12.179771,10.438377,10.148163
ddc_dzo_01137,labeled,Romeo,3.0928679,-2.0333538,-0.24612641,8.882318,10.410056,9.358306
ddc_dzo_09851,labeled,Romeo,2.6102743,-0.49175215,1.5549436,10.967189,10.984767,9.810829
ddc_dzo_02026,labeled,Romeo,3.9313202,-0.38594353,1.6938535,10.848511,10.889563,7.392687
ddc_dzo_02852,labeled,Romeo,2.4385796,1.2576377,-1.0948853,8.928198,12.124231,7.2692237
ddc_dzo_04309,labeled,Romeo,3.574821,-1.8452493,-0.35109043,9.728982,10.1544895,8.459957
ddc_dzo_02666,labeled,Romeo,1.879556,-0.9917475,-0.15475631,11.778335,10.883797,9.746894
ddc_dzo_04114,labeled,Romeo,-0.0060014725,-1.6742736,0.28639472,8.846224,9.931938,8.498409
ddc_dzo_01348,labeled,Romeo,1.7996676,0.792418,-1.5650477,9.380219,10.055502,7.524377
ddc_dzo_05363,labeled,Romeo,2.1165433,-1.5404286,-0.97367644,10.803794,11.920553,7.773942
ddc_dzo_04097,labeled,Romeo,3.7689114,-1.1945578,0.09686136,9.914818,10.206223,7.0526314
ddc_dzo_08642,labeled,Romeo,1.5755076,-0.6344764,-0.34998488,10.452824,10.171068,8.486554
ddc_dzo_06616,labeled,Romeo,2.4845636,-1.2386985,-0.5103717,11.935259,10.227609,10.193234
ddc_dzo_06327,labeled,Romeo,2.2702103,-0.41566443,-0.85797435,10.202656,10.736673,9.929863
ddc_dzo_03368,labeled,Romeo,2.7515574,-0.3242638,-0.8202584,9.645342,11.242508,10.551543
ddc_dzo_06420,labeled,Romeo,1.1175827,-1.8120204,0.77951026,8.409172,11.061767,8.969899
ddc_dzo_02531,labeled,Romeo,1.7864184,-1.869268,0.017797947,9.147878,12.420716,7.173713
ddc_dzo_01845,labeled,Romeo,2.5690055,-1.3672922,-0.8937092,10.090172,12.65851,9.114182
ddc_dzo_01111,labeled,Romeo,1.2531033,-1.4126585,0.7421843,10.052155,12.785876,8.210343
ddc_dzo_05303,labeled,Romeo,1.7710555,-0.80609506,0.42219496,10.254119,12.350474,9.440219
ddc_dzo_06495,labeled,Romeo,2.4432578,-0.16826296,0.13937408,10.052331,11.805089,8.887549
ddc_dzo_03400,labeled,Romeo,2.1519604,-1.0684783,0.15766358,9.08669,11.838094,8.366206
ddc_dzo_01275,labeled,Romeo,2.359508,0.14417237,-0.43684864,12.222877,10.7758255,10.763848
ddc_dzo_07019,labeled,Romeo,3.122993,-0.54347485,-0.20302439,9.445249,11.548149,8.0704
ddc_dzo_08327,labeled,Romeo,3.2077265,-0.44464457,0.63299316,9.89991,10.319733,9.242219
ddc_dzo_02254,labeled,Romeo,1.475949,-0.4641857,0.03683567,9.444243,10.745908,6.9290266
ddc_dzo_06151,labeled,Romeo,2.1044822,-0.8235216,-1.0118244,9.503664,11.86574,6.9165225
ddc_dzo_08703,labeled,Dorji,-0.45839942,6.7403297,0.8222413,13.153075,9.23166,6.951036
ddc_dzo_02735,labeled,Thinley,-7.51491,-0.7431876,0.73387766,10.680697,5.9194717,10.765786
ddc_dzo_00983,labeled,Romeo,1.9956876,-0.3200512,0.53070474,11.309304,9.665805,8.224627
ddc_dzo_02600,labeled,Dorji,-1.0868539,9.938109,0.405159,13.534903,8.843945,6.1608925
ddc_dzo_03256,labeled,Romeo,2.201706,-0.93867284,0.26620817,8.615361,11.511036,9.499086
ddc_dzo_00735,labeled,Romeo,2.6682682,-1.0717423,0.62771344,9.519844,11.531953,7.0945935
ddc_dzo_01027,labeled,Romeo,1.9415085,-1.4406646,0.39978665,12.042123,10.785606,9.652352
ddc_dzo_01157,labeled,Dorji,-0.9574989,7.625211,-0.2534263,13.613174,8.653408,6.1047716
ddc_dzo_03190,labeled,Romeo,2.7971358,-0.0017141104,0.84825873,11.830495,10.265818,8.727575
ddc_dzo_04252,labeled,Romeo,0.89084554,-0.0037472248,-1.3017961,12.205387,10.952569,9.597984
ddc_dzo_06224,labeled,Romeo,2.4384913,0.8264618,0.6802755,13.137727,9.306766,7.7709846
ddc_dzo_05592,labeled,Romeo,1.2285523,0.49188083,1.3534913,10.810794,11.336272,8.488432
ddc_dzo_06735,labeled,Romeo,2.954695,-1.5008878,0.71941054,11.088612,11.131079,9.633289
ddc_dzo_06833,labeled,Romeo,2.5682817,0.028934479,0.5448189,11.590813,9.540482,8.412637
ddc_dzo_02487,labeled,Romeo,1.4870032,-0.05679512,1.0211964,10.483284,10.461881,10.5608
ddc_dzo_09232,labeled,Romeo,1.3653584,-0.68398416,0.82141376,11.196795,10.141804,10.566518
ddc_dzo_09019,labeled,Romeo,0.96417433,-1.0192211,-0.30882862,11.070453,9.356379,7.3168926
ddc_dzo_08960,labeled,Romeo,0.8426463,-1.4974886,-0.0006532669,10.001621,9.606904,8.584415
ddc_dzo_01159,labeled,Romeo,1.8171327,0.21899486,-0.23749101,11.175395,9.998075,10.255464
ddc_dzo_08293,labeled,Romeo,0.58194876,-2.3340712,0.2507739,9.1678705,10.035543,7.884639
ddc_dzo_02941,labeled,Romeo,2.2824876,-0.9760198,0.41460818,9.918275,11.101473,8.410921
ddc_dzo_07316,labeled,Dorji,-0.2966146,8.450537,-0.11608279,13.505569,8.757713,6.378439
ddc_dzo_06770,labeled,Thinley,-7.993677,-1.1351638,0.54767025,10.024658,5.6828127,11.06233
ddc_dzo_05553,labeled,Romeo,3.8563447,-0.81014115,-0.89594173,9.93275,12.048752,9.316611
ddc_dzo_09124,labeled,Romeo,3.4188888,0.17107594,-2.3782673,13.275679,5.072448,5.5923076
ddc_dzo_02211,labeled,Romeo,1.0969093,-0.652269,1.0670581,10.809924,10.348477,9.194637
ddc_dzo_07903,labeled,Thinley,-6.890748,-0.1670891,0.48849034,10.162464,5.7588983,10.151438
ddc_dzo_09915,labeled,Thinley,-10.492918,-0.28799236,1.4155724,9.905961,4.452153,9.611067
ddc_dzo_07693,labeled,Romeo,2.9317827,-1.8155174,0.9760189,9.700239,11.771586,7.104755
ddc_dzo_04614,labeled,Romeo,1.4962553,1.113008,-4.388357,12.682903,5.3612185,5.21565
ddc_dzo_03499,labeled,Romeo,3.137582,-1.623624,0.7205925,10.335381,11.741607,10.491084
ddc_dzo_09367,labeled,Thinley,-6.070982,-1.5473886,0.15839976,10.435916,4.925191,10.358433
ddc_dzo_07092,labeled,Romeo,1.9794602,0.29268456,1.3498147,11.709394,11.119682,9.473978
ddc_dzo_08007,labeled,Romeo,3.9017687,-1.2771988,-0.46277452,11.0607395,10.551096,9.920067
ddc_dzo_05073,labeled,Romeo,1.7589447,-1.2878065,0.51013446,10.103243,9.70217,10.195387
ddc_dzo_08643,labeled,Romeo,1.818188,-0.8305655,0.8182564,9.018907,11.723052,7.2874074
ddc_dzo_09222,labeled,Thinley,-7.314241,-1.7698914,0.87019527,9.951368,4.9764576,9.887638
ddc_dzo_04769,labeled,Romeo,1.9623405,-0.8499113,0.49182117,10.91012,10.651597,8.46594
ddc_dzo_01243,labeled,Thinley,-7.3598256,-1.11936,0.85397744,10.623702,6.042689,10.786636
ddc_dzo_01887,labeled,Romeo,1.0785651,-1.0979586,0.0035437346,9.361229,11.808524,6.7631392
ddc_dzo_04748,labeled,Romeo,1.2518095,-1.3723204,-0.22803211,9.896358,11.983663,7.5682354
ddc_dzo_00878,labeled,Romeo,1.6550602,-1.1863711,-0.7090548,11.327504,11.071346,7.8283825
ddc_dzo_01334,labeled,Romeo,1.6869652,-0.8982539,0.66651046,9.7972355,11.718784,7.186115
ddc_dzo_04825,labeled,Romeo,1.1189004,-1.774348,1.4555091,9.77795,10.625344,8.822805
ddc_dzo_01435,labeled,Dorji,-0.39648175,12.745851,1.7227302,13.636874,8.713009,6.111468
ddc_dzo_02006,labeled,Romeo,2.3093944,-2.2372007,-0.2818244,8.556476,10.747306,9.008735
ddc_dzo_05032,labeled,Romeo,2.3930883,-0.22734869,0.7662796,10.196929,11.381875,10.154132
ddc_dzo_08130,labeled,Romeo,3.3399692,-1.4013536,0.7860378,10.825907,11.148345,9.876976
ddc_dzo_01789,labeled,Dorji,-0.3332864,6.6839,0.38782144,13.304235,9.076473,6.2894974
ddc_dzo_00168,labeled,Romeo,1.3430974,-1.2695143,0.010777216,10.527829,10.706141,9.137921
ddc_dzo_09092,labeled,Romeo,0.5700047,-1.3934985,0.09657359,11.96551,10.083303,9.091102
ddc_dzo_08897,labeled,Romeo,3.368425,-0.61194897,-0.7516713,11.455407,9.914351,8.6699505
ddc_dzo_09351,labeled,Romeo,2.3857906,-0.46663117,0.65648174,11.242515,11.325638,9.573601
ddc_dzo_05526,labeled,Romeo,2.2420495,0.52860457,0.03184402,9.722327,10.216377,8.260195
ddc_dzo_02472,labeled,Romeo,3.8660426,-1.183099,-0.17720294,10.021149,12.790183,8.20647
ddc_dzo_01614,labeled,Romeo,2.6769953,-0.07025266,0.83319044,11.339939,9.649956,8.396905
ddc_dzo_07497,labeled,Romeo,2.0618925,-0.417776,1.1874676,10.829902,9.911212,8.241084
ddc_dzo_03841,labeled,Romeo,2.2795,-1.7906373,1.338109,10.334194,10.427995,10.583111
ddc_dzo_09296,labeled,Dorji,0.034365654,8.113789,1.0690312,13.329821,8.577513,7.3010025
ddc_dzo_02322,labeled,Romeo,2.0184245,-0.25427055,-0.55095845,11.394182,11.199226,7.3967085
ddc_dzo_00615,labeled,Romeo,3.292563,-1.4912016,-0.38998282,11.452995,10.489131,8.146554
ddc_dzo_07837,labeled,Dorji,-1.4381168,9.638234,0.78564024,13.630394,8.877537,6.127084
ddc_dzo_01962,labeled,Romeo,2.6617692,0.02454865,0.73552084,10.243608,10.929155,8.801988
ddc_dzo_07586,labeled,Romeo,3.0463157,-0.6958514,0.33747005,12.214675,10.909038,9.784036
ddc_dzo_08896,labeled,Romeo,-0.05737126,-0.82154536,0.69542146,11.169499,10.023385,10.025337
ddc_dzo_04510,labeled,Romeo,0.7718282,-1.1225139,1.4152479,12.226506,11.244617,10.571459
ddc_dzo_01531,labeled,Romeo,2.374114,-2.4797282,0.7147848,9.537015,9.966317,9.084629
ddc_dzo_09777,labeled,Romeo,1.9509221,-0.011485577,0.42200053,11.3804655,11.380033,7.909812
ddc_dzo_05301,labeled,Dorji,1.3615001,7.6900883,-1.1873522,13.417952,9.084498,6.4215374
ddc_dzo_06505,labeled,Romeo,1.6549921,-0.50853634,-1.1274139,9.480192,10.3815,8.136677
ddc_dzo_06597,labeled,Romeo,1.7545838,0.791216,0.51586485,11.930543,10.246375,10.120412
ddc_dzo_04297,labeled,Romeo,2.6406093,-0.17500305,0.8405609,11.544152,10.094769,8.189618
ddc_dzo_00110,labeled,Romeo,1.9105799,-0.11073995,0.86884654,11.6613035,10.95861,9.690245
ddc_dzo_05650,labeled,Romeo,1.6785835,-2.2151983,0.7510809,10.224685,10.11947,6.77264
ddc_dzo_04035,labeled,Romeo,2.0615606,-0.90700674,0.10894847,9.004442,11.997091,9.452233
ddc_dzo_08968,labeled,Romeo,0.72979736,-0.47992706,-0.4479406,11.665088,10.47025,10.689187
ddc_dzo_06623,labeled,Dorji,-0.26760864,7.0893407,1.8822339,13.559217,8.457445,6.36595
ddc_dzo_06181,labeled,Romeo,2.9609876,-0.6676927,0.68149567,11.667461,10.27868,8.036605
ddc_dzo_06764,labeled,Romeo,1.8100637,-0.39084977,0.7153406,11.933936,10.175858,9.419086
ddc_dzo_04569,labeled,Romeo,1.875164,-1.0619487,0.25441352,10.544928,10.457108,9.886615
ddc_dzo_08239,labeled,Romeo,2.8026168,-0.5817914,1.8215846,9.675094,10.4179535,9.676213
ddc_dzo_08601,labeled,Romeo,1.1144936,0.09674573,0.96865916,11.869682,10.232376,10.252623
ddc_dzo_09422,labeled,Romeo,2.124587,-2.4244132,-0.04823327,10.568871,10.322584,10.533001
ddc_dzo_02432,labeled,Romeo,1.3898025,-1.1181839,1.1472937,10.737048,9.59314,8.11512
ddc_dzo_09114,labeled,Romeo,3.4422677,-1.068142,0.10556793,9.774612,10.330967,7.341192
ddc_dzo_08174,labeled,Romeo,1.8236405,-0.53322864,0.054785013,10.461035,10.752129,6.7298465
ddc_dzo_03078,labeled,Romeo,2.4807644,0.66359806,-1.4325483,10.913972,10.201205,6.948915
ddc_dzo_09528,labeled,Romeo,-0.7456062,-0.40385056,0.4887104,11.2561,9.550868,9.009061
ddc_dzo_08302,labeled,Romeo,1.7568192,-0.33837903,0.07404423,10.696544,10.635388,8.116034
ddc_dzo_02445,labeled,Romeo,1.2001295,-1.7039443,0.98649454,9.847356,9.893848,7.332522
ddc_dzo_00850,labeled,Romeo,2.3918455,-0.5553298,1.7167635,9.700482,12.618872,7.896337
ddc_dzo_02602,labeled,Romeo,2.17455,-0.075829506,-0.15105832,10.460297,11.9976225,10.248858
ddc_dzo_08204,labeled,Romeo,2.130785,-1.2637192,1.2193952,8.66998,12.276803,8.579708
ddc_dzo_02947,labeled,Romeo,1.9883175,-1.989603,0.5997094,9.509886,11.855841,10.434527
ddc_dzo_04604,labeled,Romeo,3.3486743,-1.2476406,0.49201,9.834257,12.659199,8.724885
ddc_dzo_00899,labeled,Romeo,1.974725,-1.6883087,0.8060836,9.537236,12.418161,8.960295
ddc_dzo_09279,labeled,Romeo,3.2784734,-2.4046493,0.23737645,10.024391,10.793787,10.42812
ddc_dzo_01177,labeled,Romeo,0.6507139,0.61825985,0.112273216,12.104812,9.653073,9.224553
ddc_dzo_05412,labeled,Thinley,-8.191926,-1.6234062,1.3514619,10.2636595,5.3503284,10.772848
ddc_dzo_09334,labeled,Romeo,0.94760954,-0.29075944,1.2510209,11.917848,10.655342,8.825683
ddc_dzo_08168,labeled,Romeo,2.2425358,0.8353312,-0.51095414,11.425039,9.802641,8.6313715
ddc_dzo_06941,labeled,Romeo,3.4969764,-0.038341284,1.1134951,10.035822,9.932657,7.4513197
ddc_dzo_09083,labeled,Romeo,1.5645186,-0.28986403,0.1635766,11.108562,10.761345,10.412189
ddc_dzo_06976,labeled,Romeo,2.9729674,1.0882567,0.7345963,11.344212,10.195303,8.677747
ddc_dzo_05814,labeled,Romeo,1.7408518,0.98985195,0.1627729,10.574251,10.979748,7.388745
ddc_dzo_03269,labeled,Romeo,3.025645,1.2029759,1.1051733,11.548559,10.113198,8.441716
ddc_dzo_07285,labeled,Romeo,3.2382364,-0.13109541,1.2617798,9.908889,10.506144,9.435322
ddc_dzo_00272,labeled,Romeo,1.5770106,-0.35363692,1.0336175,11.834596,9.810917,9.002223
ddc_dzo_01909,labeled,Romeo,0.6437502,-0.32475388,1.4932246,10.644769,10.072803,7.7167954
ddc_dzo_00095,labeled,Romeo,2.1735957,-0.9704851,0.42763424,12.00159,10.004574,9.961059
ddc_dzo_01762,labeled,Romeo,2.0732045,1.8702922,0.7788241,12.455244,10.389528,10.00207
ddc_dzo_07149,labeled,Romeo,3.2067356,-1.4223247,0.5223745,10.717418,10.849287,10.167738
ddc_dzo_03135,labeled,Romeo,2.5421395,0.22278357,0.670074,10.920806,9.72603,8.365249
ddc_dzo_04023,labeled,Romeo,1.4236342,-1.5789665,0.41116077,11.467058,10.918241,8.090487
ddc_dzo_02535,labeled,Romeo,1.0930054,-1.1726916,0.5840286,10.898172,9.982372,8.612829
ddc_dzo_09132,labeled,Romeo,0.6570063,-2.2440338,0.98845005,11.269292,10.735275,10.129021
ddc_dzo_05823,labeled,Romeo,1.2180701,0.02163887,0.64889956,12.116696,11.031712,10.298581
ddc_dzo_00437,labeled,Romeo,2.830928,-1.2232969,0.34807527,10.634859,9.622048,7.906026
ddc_dzo_06143,labeled,Romeo,1.3692458,-1.4198673,0.14540029,10.707384,10.149709,10.379943
ddc_dzo_06706,labeled,Romeo,1.6405776,-0.043153584,0.9683878,10.514354,9.632429,7.9700875
ddc_dzo_06864,labeled,Romeo,1.8747401,-0.8010787,1.3907303,10.019285,10.585198,8.165401
ddc_dzo_03842,labeled,Romeo,2.0165098,-1.4673235,0.14185107,10.270543,10.907942,7.039032
ddc_dzo_06058,labeled,Romeo,2.666613,-0.371279,0.2600429,11.492788,10.448308,8.636834
ddc_dzo_00564,labeled,Romeo,2.8940701,-0.30584207,0.34259188,11.726173,10.9183445,9.428844
ddc_dzo_07617,labeled,Romeo,2.462556,-1.3591211,0.4730153,10.991978,10.486074,7.6358852
ddc_dzo_07605,labeled,Romeo,1.7803931,-0.21460319,1.7323306,12.197041,10.847591,9.055293
ddc_dzo_09975,labeled,Thinley,-9.327282,-0.78235865,0.82829463,10.408262,4.8488536,10.381698
ddc_dzo_00747,labeled,Romeo,1.8396285,-0.2957412,0.39930224,11.434697,10.027033,7.7133636
ddc_dzo_08495,labeled,Romeo,3.6494396,-0.73742616,-0.5470036,9.999435,10.843401,6.9204845
ddc_dzo_02980,labeled,Thinley,-6.0377393,-0.79362243,1.1372328,10.621533,6.085459,10.833804
ddc_dzo_00441,labeled,Romeo,2.0058112,-1.1319729,-0.50818366,8.840081,10.555994,8.567868
ddc_dzo_08865,labeled,Romeo,1.6285576,2.2242966,0.17238414,9.734542,10.196621,7.878282
ddc_dzo_08552,labeled,Romeo,2.897846,-1.4804562,0.92132807,8.908345,11.590398,8.482328
ddc_dzo_09184,labeled,Romeo,3.193554,-2.0745258,0.96863794,11.414192,10.951026,9.766889
ddc_dzo_05215,labeled,Romeo,2.3275661,-0.9551921,1.3972716,11.046536,10.621815,10.725264
ddc_dzo_00650,labeled,Thinley,-5.630549,-0.09822202,0.6389283,9.833492,4.61876,9.384316
ddc_dzo_08969,labeled,Romeo,1.4711246,-0.6509211,-0.23868799,8.306025,11.98663,8.295971
ddc_dzo_09129,labeled,Romeo,2.2979727,-0.032743096,0.6003921,10.120696,10.969982,8.846566
ddc_dzo_09822,labeled,Romeo,2.5938282,-0.7595334,1.1217523,9.0172205,11.928525,9.441084
ddc_dzo_03138,labeled,Romeo,1.0129994,-1.4978825,-0.25944722,9.746455,11.108964,7.7901926
ddc_dzo_06479,labeled,Romeo,2.9666936,0.6314103,-0.36066103,9.32029,12.297952,7.4071593
ddc_dzo_00655,labeled,Romeo,3.1769614,-0.62026393,1.2948787,9.113908,11.336234,7.995751
ddc_dzo_01508,labeled,Romeo,3.3518865,-0.53352547,0.053138375,9.35266,11.71354,10.420327
ddc_dzo_02673,labeled,Romeo,2.1594238,-0.40546584,-0.056488395,10.1528015,10.910515,7.054796
ddc_dzo_01174,labeled,Romeo,2.1585095,-0.9595221,0.22020364,9.362868,11.342725,8.803881
ddc_dzo_09786,labeled,Romeo,2.0066652,-1.1339724,0.47608447,9.553448,10.449271,9.02409
ddc_dzo_04774,labeled,Romeo,1.3897007,-1.4378707,0.92317474,10.404645,10.126956,7.448413
ddc_dzo_06773,labeled,Romeo,3.2106383,-1.1075423,0.7946739,11.906978,10.888999,10.260295
ddc_dzo_03252,labeled,Romeo,1.5618465,-1.621136,0.39812517,10.2950735,11.324468,9.138114
ddc_dzo_04952,labeled,Romeo,2.3904524,-2.111806,0.2918334,11.033085,10.31981,8.5986
ddc_dzo_03033,labeled,Dorji,1.3341067,5.6071653,1.0304627,13.057128,9.208094,6.476019
ddc_dzo_02110,labeled,Romeo,2.7926176,-0.279953,0.5036175,9.359342,12.213115,8.918106
ddc_dzo_03323,labeled,Romeo,1.0230813,0.98701686,0.2707379,8.832135,12.5122,7.8853097
ddc_dzo_02273,labeled,Romeo,1.9211724,-0.92535233,0.44743633,8.315267,11.720091,9.164501
ddc_dzo_07110,labeled,Romeo,2.4971604,-1.2021121,-0.09546304,8.901994,12.165105,9.715325
ddc_dzo_04259,labeled,Romeo,1.0790212,-1.7076797,0.07821083,10.626265,11.819693,10.399469
ddc_dzo_08813,labeled,Romeo,2.3723996,-0.21748304,-0.95545673,8.369208,11.871124,9.35373
ddc_dzo_06364,labeled,Romeo,2.273069,-0.52962637,-0.97107244,8.7512665,12.3627205,8.97512
ddc_dzo_01780,labeled,Romeo,1.957212,-1.890961,-0.32320976,8.341121,11.909879,9.351885
ddc_dzo_06765,labeled,Romeo,2.6122947,-0.9507236,0.69132423,8.521049,12.29719,8.9119625
ddc_dzo_04837,labeled,Romeo,2.8436942,-1.1895807,-0.82705736,8.389268,12.166046,8.728889
ddc_dzo_04447,labeled,Romeo,2.5895329,-1.8863056,0.96296704,8.952825,12.482854,8.491656
ddc_dzo_07274,labeled,Romeo,1.3700918,0.028788388,-0.26939762,8.790397,10.57707,9.753248
ddc_dzo_08699,labeled,Romeo,0.73604584,-1.234383,0.343822,12.387067,11.106104,10.363636
ddc_dzo_02129,labeled,Thinley,-8.50146,-1.5989953,0.29697362,9.880379,5.325624,11.089867
ddc_dzo_06441,labeled,Romeo,2.6787686,-1.0517247,0.313586,11.804346,10.182376,8.200245
ddc_dzo_02468,labeled,Romeo,1.9248596,-2.4284918,-0.21348858,9.989464,10.017695,7.0529566
ddc_dzo_04310,labeled,Romeo,1.3137,-0.13932598,0.9013419,10.468917,11.57172,8.843406
ddc_dzo_09631,labeled,Romeo,2.9268003,-2.2104185,-0.37548718,10.60182,11.078112,10.296389
ddc_dzo_07438,labeled,Romeo,1.1117803,-2.127927,0.79269695,8.4214525,11.428716,9.675
ddc_dzo_00291,labeled,Romeo,2.33383,-0.18429661,-0.28349364,9.496327,11.888895,10.447321
ddc_dzo_08632,labeled,Romeo,1.8713102,-0.28178138,0.8634181,8.994178,12.231124,7.291677
ddc_dzo_04630,labeled,Romeo,2.8055434,-1.4742544,-0.719789,8.979327,11.970482,6.926866
ddc_dzo_08733,labeled,Romeo,2.1957197,-0.06470591,-0.65119696,8.910422,12.2976885,7.8898215
ddc_dzo_04623,labeled,Romeo,2.255402,-0.5553193,1.2446527,8.576841,12.40944,8.811252
ddc_dzo_03117,labeled,Thinley,-6.286591,-0.64787316,-0.39386868,10.097773,4.850679,9.277112
ddc_dzo_04332,labeled,Romeo,1.44608,-0.89743435,-0.39344597,11.392891,10.6668625,9.664725
ddc_dzo_01109,labeled,Romeo,2.5925202,-0.5473466,0.72144365,9.295027,12.595873,8.484614
ddc_dzo_07317,labeled,Romeo,2.1705582,-2.0699308,0.4350326,10.503414,11.904275,9.460846
ddc_dzo_03047,labeled,Romeo,2.8376575,-0.5764705,1.4181936,9.776031,12.400216,7.538491
ddc_dzo_07195,labeled,Romeo,2.327577,-1.4614105,0.2009033,9.790953,12.372941,9.736189
ddc_dzo_01892,labeled,Romeo,1.8690162,-1.1458004,0.16190481,8.533143,12.105026,8.779959
ddc_dzo_06711,labeled,Romeo,1.4890046,-1.1172488,1.2962143,8.7972355,11.740719,9.311954
ddc_dzo_08774,labeled,Romeo,0.488716,-0.4872992,-0.15507057,10.179266,11.927254,10.33364
ddc_dzo_00192,labeled,Romeo,1.2415764,-1.8101865,0.7974868,9.09739,11.49248,7.6469593
ddc_dzo_08949,labeled,Romeo,2.4931512,-0.021469742,0.72497916,8.656526,11.837763,9.564508
ddc_dzo_00638,labeled,Romeo,1.8342099,-2.128543,0.04992932,9.083921,12.085797,8.708143
ddc_dzo_07732,labeled,Romeo,0.9449338,-0.51151574,0.12056923,8.716144,12.114556,8.516306
ddc_dzo_09860,labeled,Romeo,2.244596,-0.017606735,-0.5999334,9.536311,12.212177,6.9428554
ddc_dzo_09516,labeled,Romeo,2.8346615,-1.605651,-0.46728683,9.528228,11.808403,10.620632
ddc_dzo_03203,labeled,Dorji,-1.1175404,9.765863,-0.20246696,13.419291,8.353619,7.461976
ddc_dzo_08477,labeled,Romeo,2.5524077,-1.5212957,0.5919173,9.85458,11.16735,8.910281
ddc_dzo_00527,labeled,Romeo,0.89150786,-0.63025403,-0.06858325,10.503055,10.281704,7.4058537
ddc_dzo_06324,labeled,Romeo,2.082601,-1.6367668,0.34934196,10.640698,10.828556,7.633315
ddc_dzo_06671,labeled,Romeo,1.8599739,-0.583153,-0.31219074,11.621199,10.288181,7.8933525
ddc_dzo_04102,labeled,Romeo,0.6946826,0.4021772,-1.7983902,12.256423,11.174982,9.815835
ddc_dzo_09920,labeled,Romeo,1.9249133,-0.69153905,-0.31124708,10.763118,9.761893,6.905946
ddc_dzo_01672,labeled,Romeo,1.0405778,-0.017347813,-0.9243512,11.006379,10.409991,6.7252083
ddc_dzo_00706,labeled,Romeo,0.63515925,-0.005731106,-0.09056616,12.299436,10.124772,9.081617
ddc_dzo_03887,labeled,Romeo,2.632053,-0.36188257,0.32833004,10.438313,12.026482,10.333641
ddc_dzo_07206,labeled,Romeo,0.870666,0.37975895,1.197166,8.576438,12.199081,7.9936304
ddc_dzo_05691,labeled,Romeo,1.3952079,0.089393735,0.656384,8.549743,11.986198,7.82255
ddc_dzo_06120,labeled,Romeo,2.789652,-1.1794839,0.32365462,9.381384,11.4185505,8.956333
ddc_dzo_07413,labeled,Romeo,2.790305,-1.8307422,-1.1121011,8.912094,11.041888,8.729605
ddc_dzo_07555,labeled,Romeo,3.0662594,0.2164106,-0.09130025,10.695552,11.147271,10.223389
ddc_dzo_00119,labeled,Romeo,2.4867446,-0.60079575,0.13699234,10.171779,11.432479,8.705941
ddc_dzo_02891,labeled,Romeo,1.6787817,0.3935758,0.45304504,11.40309,10.879772,9.344192
ddc_dzo_02519,labeled,Romeo,2.7015982,-0.78567207,-0.02383411,8.533154,10.962662,8.80744
ddc_dzo_03100,labeled,Romeo,3.2804084,-1.159138,1.0194939,8.698154,11.794143,8.7102995
ddc_dzo_00968,labeled,Romeo,3.3100953,-3.3052611,-0.12505221,10.485915,11.561064,10.736809
ddc_dzo_02976,labeled,Romeo,1.8412044,-1.2925783,-0.0015507266,9.090592,11.127319,9.587251
ddc_dzo_05220,labeled,Romeo,2.5948591,-0.88305366,-1.1160493,9.663063,11.902875,7.9076257
ddc_dzo_00193,labeled,Romeo,2.8275547,-1.7010075,0.55565464,10.727522,11.83544,10.417026
ddc_dzo_03288,labeled,Dorji,-1.0199938,7.5732765,-0.4406621,13.672719,8.719795,6.201625
ddc_dzo_03829,labeled,Romeo,4.336871,-0.36957213,-0.15463848,8.410668,11.549037,9.727206
ddc_dzo_09278,labeled,Romeo,2.045989,-1.0398364,0.17876244,9.742308,12.176868,9.195041
ddc_dzo_00866,labeled,Romeo,1.5301642,-1.8578864,0.6086364,8.434516,11.9274235,9.272645
ddc_dzo_08323,labeled,Romeo,2.7982001,-0.99878407,-1.7008365,8.746965,11.796534,8.759899
ddc_dzo_01553,labeled,Romeo,3.0355358,-0.5161598,0.48243845,10.120947,11.708112,9.934992
ddc_dzo_03356,labeled,Romeo,1.7954265,0.37675488,1.9060274,9.020898,12.074091,8.507472
ddc_dzo_03090,labeled,Romeo,2.4626622,-1.2726309,1.1692955,9.132564,11.409663,8.714251
ddc_dzo_07990,labeled,Romeo,2.3412392,-0.9080178,-0.8205209,8.998634,12.070758,7.984161
ddc_dzo_09075,labeled,Romeo,0.9040351,-0.30244774,0.723595,10.588484,11.755117,7.675815
ddc_dzo_01952,labeled,Romeo,2.1206975,-0.13819575,-0.6378655,9.555623,11.720749,10.648123
ddc_dzo_06177,labeled,Romeo,1.8604751,-0.7448869,0.11944066,9.159554,11.728344,10.293594
ddc_dzo_09305,labeled,Romeo,1.281568,-0.0054872036,-0.60188,9.247746,11.81186,9.910212
ddc_dzo_09419,labeled,Romeo,2.1277132,-0.4463632,0.8215007,9.712146,11.333154,10.183688
ddc_dzo_04950,labeled,Romeo,2.0232246,0.6784048,0.67473143,9.814573,12.181767,9.884972
ddc_dzo_02177,labeled,Dorji,-1.7418,9.111941,0.88228106,13.649001,8.431318,7.1553726
ddc_dzo_00438,labeled,Romeo,1.4051099,0.44139028,0.12382388,9.229917,12.425449,8.554037
ddc_dzo_01810,labeled,Romeo,3.3103542,-1.1507912,0.55539656,10.519147,11.124412,7.493655
ddc_dzo_08993,labeled,Romeo,2.798641,-0.0070410967,1.1618376,9.683301,11.92838,7.5652223
ddc_dzo_09676,labeled,Romeo,2.9437788,-1.7097173,0.09544659,8.688231,11.508358,9.956624
ddc_dzo_05075,labeled,Romeo,2.183298,-1.0901407,1.0686105,8.806967,11.7220125,9.257922
ddc_dzo_02415,labeled,Romeo,2.8439317,-1.8432238,-0.22281241,8.740091,12.038771,9.024053
ddc_dzo_09922,labeled,Romeo,2.2902973,-0.53098965,-1.1164155,8.394304,11.706291,8.625091
ddc_dzo_09388,labeled,Dorji,-1.6493263,10.733951,2.269168,13.499064,8.735091,6.828537
ddc_dzo_01459,labeled,Romeo,2.0849683,-0.3112266,0.43613577,9.634515,11.765739,7.347011
ddc_dzo_08035,labeled,Romeo,2.1053176,-0.71287394,-0.08372927,9.850684,12.1090145,9.041727
ddc_dzo_01976,labeled,Romeo,3.2695613,-1.7514029,0.14320898,9.446137,11.748366,7.516174
ddc_dzo_08698,labeled,Romeo,2.257703,-0.7938627,0.19422746,11.359742,11.474171,7.6806974
ddc_dzo_03042,labeled,Romeo,2.9597645,-0.610873,0.5555372,8.91827,12.345121,7.6390038
ddc_dzo_00544,labeled,Romeo,2.6739414,-1.3277183,0.8909989,9.215707,11.867434,10.358978
ddc_dzo_06323,labeled,Romeo,2.1931431,-0.27289164,0.031701565,8.753332,11.813315,9.186884
ddc_dzo_07887,labeled,Romeo,3.845505,0.66768956,-0.83094525,10.528524,11.949082,10.372775
ddc_dzo_04988,labeled,Romeo,1.9967774,-0.98955786,0.0967741,10.157473,12.146332,8.587519
ddc_dzo_02060,labeled,Romeo,2.9439216,-0.57183945,0.7109443,8.694359,11.89414,9.564284
ddc_dzo_07235,labeled,Dorji,-0.3752873,5.2163053,-0.9284648,13.433368,8.389171,6.7738357
ddc_dzo_04787,labeled,Thinley,-9.604557,-1.3269606,0.4352771,9.075532,4.8862405,10.757103
ddc_dzo_00843,labeled,Thinley,-10.92466,-2.2134335,0.89696586,10.009664,5.4811325,11.349527
ddc_dzo_08635,labeled,Thinley,-11.87733,-1.5049782,0.25985765,10.038079,5.6072464,11.40775
ddc_dzo_01080,labeled,Dorji,-0.35047543,8.853273,-0.6950226,13.416309,8.5206175,6.4244633
ddc_dzo_09520,labeled,Thinley,-11.114003,-2.1818318,1.41662,9.477032,4.6442704,10.761057
ddc_dzo_08113,labeled,Thinley,-7.8122168,-0.55814815,0.89930695,10.040752,5.4934597,11.3543005
ddc_dzo_02710,labeled,Thinley,-8.075472,-1.1823114,0.5223429,10.361214,4.48098,10.090452
ddc_dzo_03462,labeled,Dorji,0.24811709,7.5722427,-0.11413705,13.321165,9.282956,7.9097195
ddc_dzo_02578,labeled,Thinley,-9.524744,-1.4510126,1.1420674,9.594812,4.22511,10.04428
ddc_dzo_03944,labeled,Thinley,-7.18983,-1.1608367,0.8167958,9.71846,5.2750325,9.775092
ddc_dzo_06379,labeled,Thinley,-8.429167,-0.7398386,1.992955,9.2331,4.9792547,10.322777
ddc_dzo_07334,labeled,Thinley,-6.2580976,0.38975096,1.1297921,10.446511,4.525597,10.1454115
ddc_dzo_07000,labeled,Namgay,-0.9940462,2.0161092,-11.407152,12.798943,5.182022,5.359426
ddc_dzo_09244,labeled,Namgay,-1.8407445,1.7639306,-8.680991,12.671568,5.8742805,5.6523023
ddc_dzo_04587,labeled,Namgay,-1.0713139,1.139287,-11.870778,12.591564,5.5294223,5.5344667
ddc_dzo_07387,labeled,Namgay,-0.78783846,1.1615666,-10.52083,12.723798,5.4528694,5.4195285
ddc_dzo_07103,labeled,Namgay,-0.055850506,1.2724204,-9.572871,12.68878,5.510117,5.4143248
ddc_dzo_05370,labeled,Namgay,-0.7539301,0.5203886,-14.50336,12.576402,5.3292317,5.262354
ddc_dzo_08398,labeled,Dorji,1.1293869,9.013458,0.09517169,13.23751,8.638503,7.7482057
ddc_dzo_04850,labeled,Namgay,-2.6569662,2.7455812,-7.952628,12.86201,4.8302794,5.443607
ddc_dzo_06981,labeled,Namgay,-1.3952713,0.8743553,-15.041845,12.728171,5.0674653,5.330416
ddc_dzo_01057,labeled,Namgay,-0.5194349,0.14164492,-11.01616,12.853913,4.795793,5.4510164
ddc_dzo_07077,labeled,Namgay,-2.3707008,-1.0429735,-11.348371,12.659136,5.52045,5.6046257
ddc_dzo_01572,labeled,Dorji,-1.4681764,8.193677,0.6088786,13.538034,8.77517,7.9183383
ddc_dzo_03933,labeled,Namgay,-2.2593498,-0.022220612,-14.200706,12.763725,4.9160237,5.3766074
ddc_dzo_01388,labeled,Namgay,0.56966233,1.3926412,-9.8649235,12.602725,5.2656994,5.261648
ddc_dzo_04270,labeled,Namgay,-1.6463675,1.5169513,-9.018711,12.638856,5.5972075,5.5397463
ddc_dzo_06659,labeled,Namgay,-1.5106845,1.0565193,-9.502213,12.589891,5.6013207,5.594476
ddc_dzo_07253,labeled,Namgay,-1.1084404,0.92764664,-10.466745,12.878812,5.118917,5.3993144
ddc_dzo_05099,labeled,Namgay,-2.0030842,1.0811702,-10.635891,12.594521,5.6114078,5.5880613
ddc_dzo_04815,labeled,Thinley,-10.116218,-1.8978202,0.73378265,9.948595,5.6644683,11.350658
ddc_dzo_01342,labeled,Thinley,-9.599218,-2.0013306,1.9082156,9.852345,5.748558,10.254917
ddc_dzo_07571,labeled,Thinley,-5.607573,-1.3942008,0.2670989,8.990759,4.568943,10.496184
ddc_dzo_06009,labeled,Thinley,-7.9739666,-1.4837875,0.8669399,9.822559,5.5500565,10.905111
ddc_dzo_03332,labeled,Thinley,-8.100241,-0.9088259,0.23541021,9.972629,5.5679927,11.405205
ddc_dzo_08186,labeled,Thinley,-7.6733985,-1.3558643,1.0876973,9.184182,4.3015776,10.16738
ddc_dzo_09576,labeled,Thinley,-7.2991686,-0.80864406,-1.4383245,9.857467,5.1662564,10.8834505
ddc_dzo_08573,labeled,Thinley,-5.908663,-1.5873251,0.85355526,9.593649,5.574655,11.005277
ddc_dzo_06092,labeled,Thinley,-6.794485,0.73600507,0.23483062,10.439427,6.1483574,11.075291
ddc_dzo_01300,labeled,Thinley,-7.3680334,-1.537046,0.97485757,10.041918,5.564891,11.327251
ddc_dzo_04558,labeled,Thinley,-10.838505,-1.8351109,1.0856528,9.261356,4.592645,10.363944
ddc_dzo_09192,labeled,Thinley,-9.826735,-2.2690277,0.7432586,10.255406,5.364549,10.764359
ddc_dzo_08722,labeled,Thinley,-7.4028673,0.024559677,0.6891458,10.358869,5.765606,11.233336
ddc_dzo_05328,labeled,Thinley,-8.047946,-2.133988,1.3875144,10.249373,5.7042627,10.874223
ddc_dzo_04133,labeled,Thinley,-10.317176,-1.8783827,1.0327348,9.772999,5.7042227,11.259342
ddc_dzo_00973,labeled,Thinley,-7.3521075,-1.2955694,0.36534905,10.362545,6.128285,11.217919
ddc_dzo_07139,labeled,Thinley,-8.875911,-0.8309736,1.7487867,9.991734,5.4708138,11.309012
ddc_dzo_01712,labeled,Thinley,-8.614179,-1.3507824,1.7572997,9.352824,5.453138,10.996495
ddc_dzo_09838,labeled,Dorji,0.01514101,3.0976145,1.0309718,10.93254,10.795858,9.935437
ddc_dzo_09714,labeled,Thinley,-6.659424,-1.3346465,0.91485846,9.491451,4.705599,10.409759
ddc_dzo_05713,labeled,Thinley,-8.489618,0.11699289,0.86048245,9.526698,4.948882,10.338232
ddc_dzo_01608,labeled,Dorji,-0.78624177,7.0423155,-1.1867173,13.294065,8.869142,6.5849295
ddc_dzo_05765,labeled,Romeo,2.870602,-0.40149888,-0.0327816,12.047976,11.577634,9.978534
ddc_dzo_03498,labeled,Romeo,1.5108931,-0.5770091,-0.9549443,11.988225,11.55394,9.744304
ddc_dzo_04968,labeled,Romeo,2.4460845,-0.16469681,0.19782686,12.181648,11.040676,9.892626
ddc_dzo_03016,labeled,Romeo,3.2175803,0.13626212,0.04142475,12.182804,11.036401,10.385142
ddc_dzo_07968,labeled,Romeo,2.947732,-1.6320117,-0.29434034,10.835955,11.120887,8.614723
ddc_dzo_02932,labeled,Romeo,3.3592124,-0.45910478,0.33659387,11.274452,11.768145,8.035131
ddc_dzo_08508,labeled,Romeo,2.1722322,-0.57709515,0.53659236,10.614653,10.603426,6.887042
ddc_dzo_03130,labeled,Romeo,2.4878983,0.18456428,-0.65634394,10.019277,11.607341,7.698019
ddc_dzo_08368,labeled,Romeo,1.7296467,-0.6271956,0.8103442,9.636186,10.617134,6.8657646
ddc_dzo_05636,labeled,Romeo,1.9926715,-1.1619658,0.9946344,10.150095,10.918996,7.0320525
ddc_dzo_03717,labeled,Romeo,1.7045074,-2.142249,0.88997716,10.228159,10.058593,7.1064878
ddc_dzo_03455,labeled,Romeo,1.4121869,-0.9282485,1.2195656,10.810369,10.659398,9.794961
ddc_dzo_00452,labeled,Romeo,3.1452923,0.36524466,0.48601294,10.294371,10.864421,6.8802767
ddc_dzo_06063,labeled,Romeo,2.7135885,-1.0579373,0.36211014,9.945827,11.487018,7.7403083
ddc_dzo_00694,labeled,Romeo,1.9482622,-0.075413525,-1.8201544,11.1895485,10.617456,7.797738
ddc_dzo_08400,labeled,Romeo,1.7051411,-1.1648862,0.47080588,10.440765,10.498585,9.494785
ddc_dzo_09458,labeled,Romeo,1.5900357,0.91442716,-2.4338498,12.314529,9.798698,7.4768615
ddc_dzo_05590,labeled,Romeo,3.0879848,-0.14918661,-0.29967976,10.856777,11.45066,9.594672
ddc_dzo_05408,labeled,Romeo,2.8588753,-0.09959459,1.3843697,11.9059925,11.167308,9.051501
ddc_dzo_09306,labeled,Romeo,2.6438575,-1.2786684,1.2638507,10.886196,11.511932,8.595455
ddc_dzo_07259,labeled,Romeo,2.7530963,1.1300788,0.011322677,12.129596,11.084192,8.5841055
ddc_dzo_08966,labeled,Romeo,1.0352838,-0.64774585,1.7644892,9.396725,10.298232,8.595388
ddc_dzo_07210,labeled,Romeo,0.32268286,-0.65078694,0.17898417,11.172502,11.320993,8.445043
ddc_dzo_03546,labeled,Romeo,0.36637592,-1.1022499,-0.0660584,9.576573,9.647932,9.655588
ddc_dzo_02133,labeled,Romeo,1.6424279,-1.9588292,-0.7599802,9.248629,10.255685,8.212807
ddc_dzo_05811,labeled,Romeo,2.6981018,-1.0232737,1.2542864,10.371337,10.523958,9.560726
ddc_dzo_04883,labeled,Romeo,2.0630212,-0.6483797,-0.4204321,11.09614,11.0402975,8.027736
ddc_dzo_05210,labeled,Romeo,1.4803745,-0.9162842,0.82806647,11.709276,11.23478,8.992135
ddc_dzo_05479,labeled,Romeo,3.17819,-0.69035697,0.0065419674,12.180621,11.015024,10.041405
ddc_dzo_02510,labeled,Romeo,1.7693486,-0.73636127,0.7773813,11.721733,11.248887,8.78606
ddc_dzo_01246,labeled,Romeo,2.0310798,1.177564,0.815831,10.809159,11.149115,9.739389
ddc_dzo_04527,labeled,Romeo,1.9776931,-0.26002753,-0.081047535,9.877613,11.764077,8.316063
ddc_dzo_08078,labeled,Romeo,1.6862206,-1.1457464,-1.8308945,10.904283,11.441818,7.613446
ddc_dzo_02249,labeled,Romeo,2.5552814,-0.11483806,-0.522684,11.541404,11.385919,8.648058
ddc_dzo_03755,labeled,Romeo,1.9508255,-0.9566051,1.19699,9.653868,10.372564,9.372129
ddc_dzo_04949,labeled,Romeo,2.9898553,0.17845643,-0.7617514,9.932721,10.066895,8.666394
ddc_dzo_08126,labeled,Romeo,2.2257822,-0.4690593,1.3393579,10.351412,10.088949,8.625522
ddc_dzo_01943,labeled,Romeo,0.28294516,-0.70242596,0.23303914,10.307908,9.275144,9.032368
ddc_dzo_06421,labeled,Romeo,2.6538448,-0.51359963,1.7385408,11.148248,10.19001,9.59459
ddc_dzo_09727,labeled,Romeo,2.6371384,-0.22736621,-1.3015808,11.115213,9.427514,8.825287
ddc_dzo_05157,labeled,Romeo,2.264045,-0.6886511,-0.7985649,11.743672,11.516967,9.275873
ddc_dzo_09617,labeled,Romeo,1.3107108,-0.3948565,-0.31371343,10.1422,9.498876,8.711537
ddc_dzo_04411,labeled,Romeo,2.9087882,2.1975255,0.14835095,13.341602,8.729028,6.4274516
ddc_dzo_07386,labeled,Romeo,2.7597933,-1.6326971,0.66675633,11.775587,11.288632,8.761157
ddc_dzo_09205,labeled,Romeo,2.6662292,-0.18815851,-0.33201098,11.787238,10.487751,9.228416
ddc_dzo_00362,labeled,Romeo,2.2348106,-1.6177588,1.415074,10.383976,10.239451,8.965733
ddc_dzo_04148,labeled,Romeo,2.3828955,0.25699306,0.07824588,11.186709,11.057543,8.439634
ddc_dzo_05776,labeled,Romeo,3.90981,0.5621536,-0.35068512,11.532147,10.586435,10.310895
ddc_dzo_01999,labeled,Romeo,2.4870543,-0.051222444,-0.19829416,10.190893,10.162132,8.715585
ddc_dzo_09153,labeled,Romeo,2.189294,-0.27097428,0.41577733,11.425678,11.371573,9.404826
ddc_dzo_03417,labeled,Romeo,2.9457097,-0.988323,-0.28031123,10.015237,9.934947,7.929265
ddc_dzo_09562,labeled,Romeo,1.7273197,0.03635502,0.447778,11.793511,11.033582,8.020925
ddc_dzo_04416,labeled,Romeo,1.2816565,-2.9054816,0.27315497,10.687736,10.570004,8.72738
ddc_dzo_00197,labeled,Romeo,0.87394106,-1.6686537,1.4549003,12.4163065,10.8417225,10.144207
ddc_dzo_04455,labeled,Romeo,3.6604993,-1.2193589,-0.5522325,9.974188,10.066849,7.378176
ddc_dzo_08994,labeled,Romeo,1.7039376,0.15986156,1.1610643,10.324729,11.728926,9.793369
ddc_dzo_09513,labeled,Romeo,1.3997111,-0.79095006,1.3714881,11.854013,10.723976,8.7582
ddc_dzo_07591,labeled,Romeo,0.5198062,-1.0085553,1.1074648,12.171728,10.040395,9.365837
ddc_dzo_02244,labeled,Romeo,2.6071174,-1.6491888,-0.2555401,10.8242,10.705931,7.4591064
ddc_dzo_08328,labeled,Romeo,1.1995034,-1.1073478,0.0525856,11.308883,11.193733,7.46839
ddc_dzo_04342,labeled,Romeo,1.4803015,0.5176122,0.3622998,11.256708,10.6819,7.8224654
ddc_dzo_07481,labeled,Romeo,1.6473858,-1.021974,0.46194005,10.289937,10.464622,6.762067
ddc_dzo_07713,labeled,Romeo,2.243098,-1.9424692,-0.08399582,9.065084,12.370277,8.604513
ddc_dzo_00961,labeled,Romeo,2.514406,-1.1876028,0.8034017,9.40002,11.7403,10.5257015
ddc_dzo_07955,labeled,Romeo,2.1490986,-1.1271558,0.24955559,9.238456,12.5711775,7.8559723
ddc_dzo_00099,labeled,Romeo,2.5767503,-1.3065145,0.9573674,8.442033,12.134254,8.202881
ddc_dzo_05745,labeled,Romeo,2.2601972,-2.0557091,1.2639912,9.21031,10.962434,10.127536
ddc_dzo_08543,labeled,Romeo,2.7959144,-0.37897456,0.6074624,9.423633,10.457745,9.332574
ddc_dzo_06886,labeled,Romeo,2.4377408,-1.7346461,-0.25586998,12.1733465,11.12885,9.266317
ddc_dzo_09061,labeled,Romeo,0.03169918,-0.67746794,1.6383982,10.595561,9.217081,8.918579
ddc_dzo_00776,labeled,Romeo,2.2254353,-2.6829448,1.1852732,11.517349,10.6660385,10.343879
ddc_dzo_07475,labeled,Romeo,1.075836,-0.20595354,-0.8159836,10.203594,9.727697,8.096204
ddc_dzo_00494,labeled,Romeo,2.54216,-1.0292678,0.09214949,9.510176,10.440808,9.978062
ddc_dzo_02305,labeled,Romeo,3.150169,-1.0951846,0.76632965,10.696064,10.87856,7.419835
ddc_dzo_04394,labeled,Romeo,1.0420433,-0.7024846,0.08631849,11.038516,10.764467,7.799671
ddc_dzo_08353,labeled,Romeo,1.3373194,-1.5465682,0.39573646,10.541873,5.6985703,9.563938
ddc_dzo_05832,labeled,Romeo,2.799341,-1.2025661,0.64606905,11.135561,11.000075,7.6122155
ddc_dzo_02091,labeled,Romeo,2.3753054,-1.717027,-0.00038039684,9.99377,9.824159,8.227475
ddc_dzo_07116,labeled,Romeo,2.8872833,-1.6164002,0.5689897,8.71177,11.942651,9.340036
ddc_dzo_07597,labeled,Romeo,1.8814392,0.6132226,0.8845844,13.5651045,9.203463,7.4628873
ddc_dzo_05431,labeled,Romeo,0.9359703,-0.43651143,1.5691401,8.923412,11.159981,9.442747
ddc_dzo_06328,labeled,Romeo,2.8170414,-1.9495782,0.8626301,8.6975565,11.683558,9.463726
ddc_dzo_07645,labeled,Romeo,2.0904536,-0.4794786,0.22033119,9.613588,11.482514,7.615893
ddc_dzo_01661,labeled,Romeo,3.96412,-0.7283611,1.6614118,9.044572,11.880773,8.411433
ddc_dzo_01513,labeled,Romeo,1.9097314,-0.83809435,1.2067621,9.479336,11.631283,8.759734
ddc_dzo_09740,labeled,Romeo,1.5996878,-0.55671954,1.184985,8.832362,10.455941,7.8644586
ddc_dzo_06789,labeled,Romeo,1.9519343,-1.7847545,0.3876629,9.574573,10.91751,9.667344
ddc_dzo_05193,labeled,Romeo,4.034526,-1.1716805,1.2698369,10.319716,11.768408,10.292822
ddc_dzo_03524,labeled,Romeo,2.0664566,1.1486723,-0.21766996,13.520227,8.911246,6.1110034
ddc_dzo_01812,labeled,Romeo,2.350844,-0.6566398,1.1389029,10.018632,11.805558,6.765417
ddc_dzo_03724,labeled,Romeo,1.6949351,-0.053080916,0.28065872,9.849266,10.974587,7.480335
ddc_dzo_04777,labeled,Romeo,2.5720985,-0.764292,0.44278234,10.166823,12.146549,8.752208
ddc_dzo_03184,labeled,Romeo,1.6745687,-1.0586768,0.16367912,10.294033,9.670524,8.312
ddc_dzo_08872,labeled,Romeo,3.4796126,-1.0999506,1.0464231,8.802622,11.364445,9.491158
ddc_dzo_03373,labeled,Romeo,2.6727347,0.1738249,0.43561208,9.2067585,11.8231735,7.546855
ddc_dzo_08783,labeled,Romeo,2.402667,-1.2870327,0.4686666,9.401929,12.573506,8.302254
ddc_dzo_04031,labeled,Romeo,2.540086,0.10204649,-0.04776025,9.451631,11.202342,6.6821985
ddc_dzo_06590,labeled,Romeo,3.2596867,-1.2250311,1.2952704,10.843062,10.864934,8.913335
ddc_dzo_01479,labeled,Romeo,2.4420886,0.2601359,0.60510707,10.837183,10.72303,7.0068073
ddc_dzo_03932,labeled,Romeo,1.9113488,-0.56608105,-0.25509214,9.538703,11.956645,8.63365
ddc_dzo_03235,labeled,Romeo,2.8322077,-0.61763644,0.9097178,9.611275,11.721791,7.1951423
ddc_dzo_06611,labeled,Romeo,1.7834384,-1.5295507,1.1417861,9.353366,11.060545,7.6517816
ddc_dzo_08305,labeled,Romeo,2.3321362,-1.0235559,0.89874136,11.179491,11.319526,7.8175526
ddc_dzo_01197,labeled,Romeo,2.84896,-1.0584886,1.5110741,10.795453,11.819635,9.675351
ddc_dzo_04681,labeled,Romeo,1.0933089,-0.84984374,-0.91824365,9.4671135,10.781224,8.2208185
ddc_dzo_01167,labeled,Romeo,2.6441097,-1.0107486,-0.312016,10.31953,11.29033,7.4029555
ddc_dzo_00161,labeled,Romeo,1.7784922,-0.63959,0.5848893,10.512075,11.427491,9.033264
ddc_dzo_08556,labeled,Romeo,3.0525193,-2.0979614,2.6251235,9.294603,12.073152,8.366329
ddc_dzo_02964,labeled,Romeo,2.3922148,-1.8192742,-0.14926946,8.76541,10.73109,8.588761
ddc_dzo_02781,labeled,Romeo,3.7002678,-0.6529673,0.83453524,8.655961,11.801696,9.276271
ddc_dzo_01332,labeled,Romeo,2.9217715,-0.5766239,0.19080138,10.258111,11.670156,10.578047
ddc_dzo_05264,labeled,Romeo,3.1789784,-1.4165524,0.06586924,8.877854,11.8964405,9.50233
ddc_dzo_03242,labeled,Romeo,2.3358984,-1.3591021,0.24101096,8.8606615,11.86656,9.997772
ddc_dzo_03674,labeled,Romeo,1.7160687,0.03587365,0.21495628,10.409794,11.367085,10.018407
ddc_dzo_03002,labeled,Romeo,1.2146609,-0.88523364,-1.1030722,9.011258,9.69935,8.926106
ddc_dzo_05710,labeled,Romeo,2.0666559,-0.5149658,1.3025272,9.4578285,10.140477,9.264406
ddc_dzo_00279,labeled,Romeo,1.7761966,1.7607291,0.17205903,10.850829,9.534081,8.695504
ddc_dzo_06462,labeled,Romeo,2.1542616,0.6239674,1.3321128,9.683988,10.323979,9.077348
ddc_dzo_02342,labeled,Romeo,1.9830499,-1.6763294,-0.85725904,9.900519,11.916327,6.8752885
ddc_dzo_03530,labeled,Romeo,2.1454005,-2.005945,0.88024807,8.770259,11.869733,7.2611
ddc_dzo_06827,labeled,Romeo,2.715868,-1.5547965,0.1751175,11.384368,11.264384,9.362094
ddc_dzo_01646,labeled,Romeo,3.0929842,-1.5829111,0.77785254,9.171002,12.4311905,7.4821157
ddc_dzo_02882,labeled,Romeo,3.0306647,-1.3876624,1.0943937,9.21897,11.288669,8.476265
ddc_dzo_09918,labeled,Romeo,2.8415115,-1.8716044,0.52678454,9.037335,11.652152,6.9688163
ddc_dzo_09284,labeled,Romeo,2.2493925,0.88750744,-0.09852338,11.101957,10.59757,6.5010014
ddc_dzo_01272,labeled,Romeo,2.579827,-0.7602756,1.2416186,9.238898,11.3857155,6.7229347
ddc_dzo_07853,labeled,Romeo,1.4655032,-0.6846353,1.1718025,9.00735,11.982983,7.000127
ddc_dzo_00721,labeled,Romeo,2.7003586,-2.0805762,0.5546107,9.026199,11.202145,7.474434
ddc_dzo_03826,labeled,Romeo,0.8820019,-1.2369685,-0.09574151,9.953889,11.710929,6.879189
ddc_dzo_04371,labeled,Romeo,3.4286218,-0.2908293,0.6173339,9.247152,12.4697275,7.644717
ddc_dzo_02459,labeled,Romeo,1.438024,-1.236109,1.4764397,8.909039,11.937957,8.055421
ddc_dzo_01755,labeled,Romeo,1.8172516,0.30117613,0.31609464,10.430569,12.3546095,8.083471
ddc_dzo_05293,labeled,Romeo,2.6619256,-0.9316268,1.2755337,9.716443,12.314848,6.8561497
ddc_dzo_08246,labeled,Romeo,1.6743655,-1.9287828,-0.10920644,9.085561,12.114032,8.009016
ddc_dzo_02260,labeled,Romeo,2.6360373,-0.9105282,0.41722488,9.734373,11.258556,7.165072
ddc_dzo_06395,labeled,Romeo,2.1104333,-0.5390425,0.34467745,8.274863,11.522588,8.762783
ddc_dzo_04248,labeled,Romeo,1.9220667,-0.7246357,0.36101627,9.54152,12.229831,8.724927
ddc_dzo_05915,labeled,Romeo,3.060453,-1.2297487,0.14596245,8.993416,11.366104,8.210573
ddc_dzo_00135,labeled,Romeo,1.771946,-0.6936508,0.49012136,9.230264,10.686267,7.719072
ddc_dzo_03133,labeled,Romeo,1.6493888,-1.3630694,0.20792925,9.193077,11.324734,8.313022
ddc_dzo_05881,labeled,Romeo,2.308474,-1.5951799,0.9520855,8.7624655,11.944555,7.639978
ddc_dzo_09125,labeled,Romeo,1.9207473,-1.6651824,0.6633749,8.840504,11.830412,7.765061
ddc_dzo_01863,labeled,Romeo,1.3864882,-0.9724418,-0.7221818,8.822595,10.633533,8.408928
ddc_dzo_09963,labeled,Romeo,1.7376761,-0.47026587,-0.094218254,9.275287,11.263225,6.7062654
ddc_dzo_02112,labeled,Romeo,1.5029154,-0.10601792,0.9308382,9.16601,11.17701,8.255525
ddc_dzo_04697,labeled,Romeo,2.344212,-1.6328664,0.70967907,8.815422,10.515507,7.984524
ddc_dzo_07536,labeled,Romeo,1.7814177,-1.3117368,0.066967964,9.694904,11.677032,8.43581
ddc_dzo_01910,labeled,Romeo,2.3443913,-0.8771169,0.086274624,8.843158,11.026437,7.5095983
ddc_dzo_09849,labeled,Romeo,1.391566,-1.0194219,-0.9406857,10.611663,9.781145,4.353776
ddc_dzo_04085,labeled,Romeo,2.0999715,-2.231337,-0.71046877,11.311387,11.560012,9.649962
ddc_dzo_03610,labeled,Romeo,1.8110366,-2.2691514,0.47385126,10.672615,10.513036,7.408054
ddc_dzo_03098,labeled,Romeo,2.5716648,-1.2992153,0.7374915,9.921127,9.812351,8.086266
ddc_dzo_00398,labeled,Romeo,1.446003,-1.3577055,-0.27040625,11.913263,11.328393,9.614921
ddc_dzo_08948,labeled,Romeo,0.8260133,-0.6859994,-0.3296634,9.748794,11.583726,8.325795
ddc_dzo_08629,labeled,Romeo,2.4143405,-0.8131976,-0.8906154,11.028667,11.401028,7.230953
ddc_dzo_00938,labeled,Romeo,2.2900727,-1.4801006,0.22743726,9.625603,12.220973,8.5142145
ddc_dzo_07708,labeled,Romeo,1.1559205,-0.356299,1.1815586,9.423923,12.515859,8.064195
ddc_dzo_08096,labeled,Romeo,0.009141207,-0.45458913,1.1193721,9.455728,11.095596,7.6713276
ddc_dzo_09794,labeled,Romeo,2.311781,-0.7184,0.33949423,8.915192,11.636859,7.2829204
ddc_dzo_09473,labeled,Romeo,1.6059164,-1.8376864,0.26888466,9.927536,11.009697,6.8811383
ddc_dzo_08244,labeled,Romeo,3.2296667,-3.7358217,0.56666136,11.633369,10.254588,7.941736
ddc_dzo_04467,labeled,Romeo,2.4033518,-0.21396649,0.5186715,11.097438,9.528884,7.784319
ddc_dzo_00553,labeled,Romeo,2.0138006,-2.1333914,0.88308895,10.66107,10.848276,8.464752
ddc_dzo_03214,labeled,Romeo,2.750573,-1.3719125,0.5606046,11.358166,10.418528,7.6688514
ddc_dzo_06930,labeled,Romeo,1.9026082,-1.4451628,0.7352419,11.712946,9.834132,9.651229
ddc_dzo_01518,labeled,Romeo,2.581284,-0.17605555,-0.019269824,11.607799,10.245306,7.876622
ddc_dzo_07015,labeled,Romeo,0.9068277,-1.2365968,-0.34027636,11.136478,10.130227,8.848354
ddc_dzo_04136,labeled,Romeo,2.3079233,-0.40679455,0.03402108,10.890633,12.24674,9.055222
ddc_dzo_08930,labeled,Romeo,1.9029722,-1.235453,-0.29982686,10.8100605,11.183429,6.9488134
ddc_dzo_04004,labeled,Romeo,2.3999186,-1.399547,-0.11936593,10.127065,10.977735,7.5623307
ddc_dzo_03389,labeled,Romeo,3.0222821,-1.3690938,1.2372682,8.623438,11.478829,8.4689865
ddc_dzo_07241,labeled,Romeo,1.6567168,-0.6081068,0.3096342,8.826353,12.565248,8.221081
ddc_dzo_00037,labeled,Romeo,2.2824392,-0.40551344,1.1909814,10.281355,11.843386,10.434895
ddc_dzo_08382,labeled,Romeo,1.7863624,-0.8890643,1.2956901,8.884435,12.130711,9.041285
ddc_dzo_01392,labeled,Romeo,1.251658,0.3432684,-0.20201421,8.85289,12.138101,7.163428
ddc_dzo_08772,labeled,Romeo,1.3815522,-0.5353897,-0.40837932,8.714376,12.34221,8.139506
ddc_dzo_05235,labeled,Romeo,1.5877874,-0.06709951,1.3738811,9.873781,12.4997635,8.933176
ddc_dzo_01277,labeled,Romeo,2.118015,-0.081899166,0.9924431,11.263108,11.60356,8.988074
ddc_dzo_06083,labeled,Romeo,2.223327,0.4345975,0.35813904,11.195774,10.607851,10.692877
ddc_dzo_01396,labeled,Romeo,2.51604,0.4317038,0.7063272,10.546647,10.877344,10.656933
ddc_dzo_08978,labeled,Romeo,2.2710054,0.21848321,1.0514276,9.651461,10.291428,8.344971
ddc_dzo_03989,labeled,Romeo,2.0119057,0.09394339,1.0246105,9.16873,12.198221,7.2271895
ddc_dzo_04110,labeled,Romeo,1.0967569,-0.59412587,0.7489643,8.806455,12.174087,8.063338
ddc_dzo_07046,labeled,Romeo,2.9838707,-2.149274,1.0091634,8.550635,11.415463,9.356318
ddc_dzo_00179,labeled,Romeo,1.6023855,-0.81449574,2.5187037,8.727962,11.177971,9.030422
ddc_dzo_08603,labeled,Thinley,-7.073909,-0.563216,-0.30756742,9.454979,5.1356835,11.021719
ddc_dzo_08992,labeled,Romeo,2.208924,1.5463629,1.169514,10.341577,10.151948,7.80992
ddc_dzo_04498,labeled,Romeo,2.6946783,-0.41315293,0.40243435,11.352486,10.802057,10.130694
ddc_dzo_01023,labeled,Romeo,3.3599052,-1.1615145,1.194437,11.159715,10.635956,9.568421
ddc_dzo_07418,labeled,Romeo,2.2559228,-1.5189046,0.01641941,10.046118,10.398153,8.949948
ddc_dzo_04219,labeled,Romeo,0.8346439,-1.8731419,0.06641626,10.330356,10.390644,10.852328
ddc_dzo_08091,labeled,Romeo,1.9886744,-1.0548265,1.529505,11.230443,10.751484,9.708764
ddc_dzo_03961,labeled,Romeo,2.6602566,-2.324772,0.15760851,11.666656,10.6615095,9.877891
ddc_dzo_07747,labeled,Romeo,2.1866212,-2.907827,0.09189767,10.352077,11.119099,10.318898
ddc_dzo_09612,labeled,Romeo,1.2110915,-1.7055643,1.7993102,8.775542,10.314105,8.587755
ddc_dzo_06884,labeled,Romeo,1.9688238,-0.41449523,-0.028422713,10.887714,11.160717,8.691288
ddc_dzo_08326,labeled,Romeo,2.462412,0.4423815,1.1045759,9.445697,12.097503,9.000494
ddc_dzo_01954,labeled,Romeo,2.540039,-1.2764901,0.36721897,8.566382,12.303702,8.109434
ddc_dzo_06699,labeled,Romeo,1.5900649,-1.9659536,0.5976939,9.628603,9.940567,9.164539
ddc_dzo_08187,labeled,Romeo,2.6931224,-0.51707196,0.24557161,11.330717,10.296401,10.568504
ddc_dzo_00947,labeled,Romeo,2.3867922,-0.11425932,1.6677179,9.915569,11.827002,7.4368863
ddc_dzo_05347,labeled,Romeo,1.3192623,-2.1338427,0.6973765,10.245786,11.3729925,10.225435
ddc_dzo_08605,labeled,Romeo,2.7657576,0.30126548,0.530005,9.862351,10.913776,10.688761
ddc_dzo_03286,labeled,Romeo,1.6762567,-2.6449683,-0.042396545,10.767251,10.5840845,8.844503
ddc_dzo_03828,labeled,Romeo,2.1743152,-1.0404027,0.63614774,8.699268,11.361673,8.606413
ddc_dzo_02747,labeled,Romeo,0.9565363,-0.5583863,0.051302552,8.649578,10.833883,8.232838
ddc_dzo_04838,labeled,Romeo,2.208221,-0.99485946,0.66579103,9.328202,11.186891,7.9221883
ddc_dzo_05298,labeled,Romeo,2.2545328,-0.75665724,-0.845909,9.518864,11.40316,7.505123
ddc_dzo_04996,labeled,Romeo,2.1867437,-1.2680478,-1.1008849,9.536192,12.511153,6.9021587
ddc_dzo_02174,labeled,Romeo,1.0923696,-1.5545719,0.27612826,8.796398,10.92217,7.707933
ddc_dzo_01532,labeled,Romeo,2.8448796,0.100302935,-0.8905368,8.726263,10.904356,7.8157516
ddc_dzo_06473,labeled,Romeo,0.24449873,-1.2320826,-0.25969648,9.031196,11.048473,7.663386
ddc_dzo_08742,labeled,Romeo,0.93499494,-1.1185799,-0.10080075,9.540882,10.450919,6.715296
ddc_dzo_01228,labeled,Thinley,-9.200666,-1.6467831,0.96844697,10.547548,5.523129,10.775031
ddc_dzo_08127,labeled,Romeo,2.225979,-1.4967083,0.68731594,10.405151,11.163695,10.902124
ddc_dzo_04640,labeled,Romeo,1.1556649,-1.1095707,0.37724298,8.688059,10.821645,9.067335
ddc_dzo_02805,labeled,Thinley,-9.197666,-1.8901162,0.6348791,9.752516,5.315337,11.257368
ddc_dzo_05939,labeled,Romeo,2.7531931,-1.2052063,0.02429843,11.763945,11.753315,9.967904
ddc_dzo_09387,labeled,Thinley,-9.902954,-1.8330209,1.1158297,9.360084,5.2158155,10.836753
ddc_dzo_07271,labeled,Romeo,2.2452664,-2.012102,-1.1919186,8.989184,11.519999,7.121829
ddc_dzo_01899,labeled,Romeo,1.8833671,-2.208758,-0.7318862,9.010518,10.812845,7.376209
ddc_dzo_05369,labeled,Thinley,-6.6562047,-0.9462578,0.060957313,9.358855,5.5707026,11.064924
ddc_dzo_00972,labeled,Romeo,1.7637362,0.47093236,0.14381349,9.21407,11.642452,6.8195086
ddc_dzo_04891,labeled,Romeo,1.2508302,-1.0650434,0.09164524,9.380141,11.435961,7.4209547
ddc_dzo_04729,labeled,Romeo,1.7528238,0.4793327,0.32481098,10.877075,10.279749,6.5227046
ddc_dzo_04538,labeled,Thinley,-10.417265,-1.5871491,1.4392595,9.603081,4.2549553,9.733516
ddc_dzo_05466,labeled,Thinley,-8.731,-2.5675201,0.6944039,10.002983,4.490496,9.886964
ddc_dzo_06222,labeled,Romeo,2.4799447,-1.0281553,-0.21029234,10.466552,12.43799,8.184209
ddc_dzo_08541,labeled,Romeo,2.6886523,-1.3782653,0.01979065,8.542367,11.9343405,7.6034966
ddc_dzo_07914,labeled,Romeo,2.8649735,-0.64054,0.5116719,9.565558,11.470259,7.8262053
ddc_dzo_00068,labeled,Romeo,1.6171348,-0.33790493,1.0829506,10.456222,11.651499,10.694515
ddc_dzo_05517,labeled,Thinley,-8.797092,-1.9370713,1.5732076,10.038999,5.5628767,11.4281225
ddc_dzo_05774,labeled,Romeo,1.6121187,-0.23884344,2.3084738,8.603166,11.422664,8.518361
ddc_dzo_09737,labeled,Romeo,2.1628919,-0.5875377,0.47418976,8.805841,12.032176,7.441714
ddc_dzo_00857,labeled,Romeo,3.1534913,-1.2485542,0.9483985,8.828132,10.769405,9.433515
ddc_dzo_00743,labeled,Romeo,2.3786807,-2.4930801,0.14436114,11.10888,11.97837,9.5017395
ddc_dzo_02039,labeled,Thinley,-10.457392,-0.46654606,1.0585343,9.195196,4.805467,10.922346
ddc_dzo_04301,labeled,Romeo,1.1296091,-1.2968565,-0.5583395,9.700651,12.272287,9.636615
ddc_dzo_03280,labeled,Romeo,0.99715614,-0.54378724,-0.03506732,8.7366905,11.652058,7.68888
ddc_dzo_07742,labeled,Romeo,2.5284662,-0.9568274,-0.89109564,10.5578985,12.256811,8.1391535
ddc_dzo_06570,labeled,Thinley,-8.886135,-1.8680358,0.6058533,9.657149,4.6454353,9.555362
ddc_dzo_09615,labeled,Thinley,-8.755872,-1.9312415,0.9662076,9.295766,4.553136,10.776373
ddc_dzo_04913,labeled,Romeo,1.2115552,-0.5909965,1.1553264,9.483488,11.137879,9.475617
ddc_dzo_03007,labeled,Thinley,-8.406695,-1.4756476,-2.382359,9.723041,5.2301884,11.051897
ddc_dzo_05988,labeled,Romeo,1.9680992,-0.17707127,0.7554202,10.658289,10.547905,10.028856
ddc_dzo_07575,labeled,Romeo,2.228553,-1.1464849,0.23588622,10.942916,9.66779,8.641262
ddc_dzo_05052,labeled,Romeo,3.344572,-2.3770301,1.3382618,9.837138,10.191739,8.635214
ddc_dzo_09323,labeled,Romeo,3.3308027,-1.2460818,1.0583806,11.095582,11.18193,7.388874
ddc_dzo_09961,labeled,Romeo,3.876068,-0.7382016,0.16505289,9.494572,10.649494,9.404542
ddc_dzo_07506,labeled,Romeo,2.5032108,1.151737,0.73446155,11.261819,10.216918,8.672872
ddc_dzo_02753,labeled,Romeo,2.8790762,-0.8951005,1.2835809,9.929407,10.29102,8.514407
ddc_dzo_04808,labeled,Romeo,2.5852947,-0.58436304,-0.6648443,9.448253,11.8466015,9.688598
ddc_dzo_06660,labeled,Romeo,2.8227625,-0.990285,0.77724624,9.787369,10.978392,8.156646
ddc_dzo_00525,labeled,Romeo,1.8008189,-1.0877404,-0.28291532,9.650582,11.150003,9.230022
ddc_dzo_03564,labeled,Romeo,2.927236,-0.028943062,1.1645553,10.04382,10.432703,7.930292
ddc_dzo_07801,labeled,Romeo,1.6468904,0.24285638,0.74755776,10.544552,10.740371,9.118576
ddc_dzo_07986,labeled,Romeo,1.483619,0.86196285,1.031721,12.95294,8.953926,7.7361007
ddc_dzo_09315,labeled,Romeo,2.8267338,-0.3146706,0.63855124,9.326472,11.706149,7.637371
ddc_dzo_04359,labeled,Romeo,1.744912,-1.3954356,0.84621674,10.454431,10.905499,9.443917
ddc_dzo_02683,labeled,Romeo,2.5934289,-0.61605144,1.747027,10.934756,10.114064,7.9766526
ddc_dzo_05283,labeled,Romeo,3.5484014,-0.65998876,0.5142175,10.351261,11.575907,10.45449
ddc_dzo_09796,labeled,Romeo,2.8771687,0.14060432,0.75540674,9.403632,10.307451,8.515471
ddc_dzo_05731,labeled,Romeo,1.091372,-2.2675874,1.369513,9.205009,10.823961,7.5914974
ddc_dzo_02561,labeled,Romeo,1.7623333,-0.53285766,-0.32866502,9.945016,10.591685,7.905441
ddc_dzo_02159,labeled,Romeo,2.6922626,0.32923675,0.6307724,10.561927,11.027439,8.623004
ddc_dzo_09689,labeled,Romeo,0.924797,0.5027946,-0.7601488,10.234182,10.541153,9.20252
ddc_dzo_04618,labeled,Romeo,2.9476197,0.6460208,0.22039127,9.473045,10.363123,7.9705296
ddc_dzo_01028,labeled,Romeo,2.908113,-0.41125965,-0.76625824,9.239888,10.4895525,8.269967
ddc_dzo_06714,labeled,Romeo,2.3551033,-1.1712635,0.21392345,10.895855,11.131506,8.657212
ddc_dzo_00617,labeled,Romeo,3.2433362,-1.8030953,-0.12951946,9.381698,10.2090025,7.50497
ddc_dzo_01844,labeled,Romeo,1.8066149,0.06688976,-1.0979505,10.587598,10.371015,7.9955053
ddc_dzo_00823,labeled,Romeo,1.2663252,-0.42278934,-0.36439896,9.263991,10.132823,8.369734
ddc_dzo_09889,labeled,Romeo,1.9673748,-0.036868095,0.43948698,9.538516,12.471961,7.554302
ddc_dzo_01795,labeled,Romeo,2.452219,0.84334874,0.9106171,10.376424,10.993585,7.854679
ddc_dzo_04571,labeled,Romeo,2.1223142,-0.68762827,-0.4290061,10.016168,10.407214,8.400976
ddc_dzo_01119,labeled,Romeo,2.0622673,-0.7961012,1.3158785,11.02191,11.117997,8.277532
ddc_dzo_07819,labeled,Romeo,0.88369846,-0.5367051,1.274723,8.872797,10.384497,7.932043
ddc_dzo_07684,labeled,Romeo,1.1765137,1.4849286,-0.5587764,11.1419935,10.518658,7.1003656
ddc_dzo_06732,labeled,Romeo,1.440003,-0.1944263,-0.3391099,10.782347,10.552549,8.59007
ddc_dzo_02396,labeled,Romeo,1.6923604,0.05134633,0.33478594,9.875938,11.380286,7.6741652
ddc_dzo_06108,labeled,Romeo,2.7952216,-1.6923815,-1.0979939,9.285117,9.640763,9.7337885
ddc_dzo_08340,labeled,Romeo,2.5217948,-0.5458884,-1.5635188,9.993375,10.850847,8.26263
ddc_dzo_03001,labeled,Romeo,2.5959244,0.84676206,1.1959255,11.664045,10.3355055,8.040162
ddc_dzo_00786,labeled,Romeo,2.12988,-0.42180598,0.34093934,9.698979,10.1455555,8.135941
ddc_dzo_05942,labeled,Romeo,1.4288597,-1.9604844,-0.6771639,9.45062,10.672624,7.796668
ddc_dzo_00352,labeled,Romeo,1.9874909,-1.2764057,-0.30721176,9.401124,9.681369,8.989591
ddc_dzo_09589,labeled,Romeo,2.5818071,-1.5660069,-0.03971672,10.069545,10.608094,9.779984
ddc_dzo_07440,labeled,Romeo,3.4427757,-1.6903415,0.02451682,10.480333,12.1504345,9.909908
ddc_dzo_04163,labeled,Romeo,1.359302,-1.5200585,0.21034098,10.828495,10.732633,10.228937
ddc_dzo_07687,labeled,Romeo,2.9433248,1.1822827,0.4365449,10.261538,10.936022,7.020084
ddc_dzo_00214,labeled,Romeo,1.8145087,-1.1557801,0.8736868,10.261496,11.306204,10.357606
ddc_dzo_00322,labeled,Romeo,1.5748096,-0.7003812,-0.35319972,9.079304,10.363508,8.1128235
ddc_dzo_08042,labeled,Romeo,1.8911822,-0.57401943,0.166399,10.950083,10.367108,8.185774
ddc_dzo_06850,labeled,Romeo,0.43144906,0.30150023,0.27866888,10.599376,10.398462,8.371908
ddc_dzo_03208,labeled,Romeo,2.7610106,-1.3327255,-0.17067358,10.056882,10.270162,6.9468846
ddc_dzo_04876,labeled,Romeo,2.4038575,0.3398855,0.63238245,10.569862,9.592294,9.4068775
ddc_dzo_00702,labeled,Romeo,1.5864635,-1.2408614,0.37795353,11.425491,9.977418,7.852179
ddc_dzo_05487,labeled,Romeo,1.0626868,-0.5695487,0.2670989,10.433901,10.50167,7.97554
ddc_dzo_08519,labeled,Romeo,-0.48741937,-1.0105854,-0.5619633,10.749577,11.182026,10.87589
ddc_dzo_08436,labeled,Romeo,-0.50426674,-1.2215633,0.695068,9.543899,10.6689825,10.402178
ddc_dzo_04072,labeled,Romeo,0.60907197,-0.45397025,1.0343257,10.329787,10.555234,9.510299
ddc_dzo_08911,labeled,Romeo,0.4654233,-0.4340042,-0.4727152,9.665463,10.513676,8.090755
ddc_dzo_04597,labeled,Romeo,2.1581244,-1.240445,0.7241528,9.78126,10.575212,7.1089616
ddc_dzo_04398,labeled,Romeo,2.9000762,-0.5400795,0.62957525,11.876564,11.105503,10.354134
ddc_dzo_00132,labeled,Romeo,2.1332684,-0.27262688,0.56386447,10.204824,9.72642,8.060388
ddc_dzo_07466,labeled,Romeo,1.5390974,-0.91304696,1.5864937,10.508425,9.830144,7.6858735
ddc_dzo_05631,labeled,Romeo,1.732516,-0.48138356,0.61370677,9.563211,9.720435,9.567144
ddc_dzo_01870,labeled,Romeo,2.6328788,-1.7258165,-0.019677639,8.751726,11.718411,8.479143
ddc_dzo_05319,labeled,Romeo,2.3198771,-0.74923885,-0.14813256,8.832004,11.948847,8.163172
ddc_dzo_00916,labeled,Romeo,1.4723544,-2.0742993,2.0784268,8.699763,11.647818,8.127307
ddc_dzo_00666,labeled,Romeo,2.1386075,-0.65074754,0.019191384,9.742494,11.585373,8.448915
ddc_dzo_03493,labeled,Romeo,2.3687131,-1.0105286,0.930953,10.243933,11.842225,8.648628
ddc_dzo_06449,labeled,Romeo,2.6728806,-1.8393707,0.64795625,8.62786,10.761013,9.766515
ddc_dzo_00054,labeled,Romeo,2.2948422,-0.31056285,0.031159163,8.951618,11.388633,8.677006
ddc_dzo_04268,labeled,Romeo,1.7211798,-1.7350948,-1.044492,10.177278,12.129919,7.94204
ddc_dzo_02795,labeled,Romeo,2.775363,-0.8577411,0.5469415,9.044479,11.897877,6.9139886
ddc_dzo_09921,labeled,Romeo,2.554489,-1.9655704,-0.068579674,8.6454735,10.611392,8.268901
ddc_dzo_00273,labeled,Romeo,1.5595646,-0.497486,0.6249225,11.4348755,10.318446,8.00621
ddc_dzo_03381,labeled,Romeo,2.7683926,-1.3933744,-0.93156016,9.231133,10.776687,7.2465
ddc_dzo_07758,labeled,Thinley,-6.8044314,-1.5669072,1.0267901,9.443186,4.659199,9.952164
ddc_dzo_07933,labeled,Romeo,2.723398,-1.6447737,-0.9401727,8.766824,10.781362,10.295982
ddc_dzo_00235,labeled,Romeo,2.995073,-2.1850739,0.121647835,9.921826,11.08576,10.060181
ddc_dzo_00868,labeled,Romeo,2.2549849,-1.0709994,0.62836397,9.591321,11.37367,9.061231
ddc_dzo_07299,labeled,Romeo,2.4885712,-1.0511003,0.7242241,8.970032,11.543091,7.433463
ddc_dzo_04935,labeled,Romeo,2.8962722,-1.4984142,-0.24189377,9.325294,11.775523,10.415477
ddc_dzo_03229,labeled,Romeo,1.6567533,-0.76891243,0.25304615,9.160957,11.518192,8.0195675
ddc_dzo_07907,labeled,Romeo,2.0552292,-0.35647798,1.1320283,8.73912,11.72502,7.5965395
ddc_dzo_06762,labeled,Romeo,2.7894435,-0.5855084,-0.14842844,9.632217,11.376389,10.435036
ddc_dzo_09833,labeled,Romeo,2.6892715,0.6924006,-2.5463462,12.3489685,10.604492,10.704398
ddc_dzo_06603,labeled,Romeo,0.9764781,-2.328269,0.9498979,8.893686,11.280034,9.104233
ddc_dzo_00482,labeled,Romeo,3.487329,-2.3842,0.43445715,8.872715,11.160424,8.595385
ddc_dzo_05599,labeled,Thinley,-6.1449594,0.8728788,-0.17337358,9.693853,4.942689,9.845204
ddc_dzo_07101,labeled,Romeo,2.024056,-1.4501464,0.73846424,8.996574,11.70587,7.4754915
ddc_dzo_01175,labeled,Romeo,2.627129,-1.9277241,-0.2319135,9.368777,11.327514,6.922105
ddc_dzo_08427,labeled,Thinley,-6.6547546,0.846128,1.3769875,10.876053,9.405534,7.374071
ddc_dzo_05826,labeled,Thinley,-10.146396,-1.9691501,1.0887207,10.548894,4.8288355,9.795431
ddc_dzo_03834,labeled,Thinley,-9.24777,-1.1104293,1.5137248,9.106189,5.0205064,10.751032
ddc_dzo_04166,labeled,Thinley,-8.750116,-0.14208537,0.6417985,10.325009,4.916477,10.053363
ddc_dzo_01402,labeled,Thinley,-11.031313,-1.5394118,0.938867,9.57898,4.522231,10.106559
ddc_dzo_03948,labeled,Thinley,-8.852245,-0.9641962,0.65923715,9.472352,4.258207,9.83325
ddc_dzo_06378,labeled,Thinley,-11.077969,-1.6057593,1.8553797,9.8185215,4.1609125,10.143907
ddc_dzo_06425,labeled,Thinley,-8.230545,-1.1657695,0.10802992,9.302396,4.4407506,10.652039
ddc_dzo_00948,labeled,Thinley,-8.071356,-0.3590536,0.97379994,10.46954,5.657074,10.870577
ddc_dzo_04561,labeled,Thinley,-9.229027,-1.671453,2.5829058,9.800387,4.8860826,11.056925
ddc_dzo_03719,labeled,Thinley,-8.513566,-1.9572577,1.0310061,9.308545,4.820212,10.972705
ddc_dzo_07266,labeled,Thinley,-10.666242,-1.0072074,1.7365842,9.374468,4.4717607,10.5781555
ddc_dzo_04192,labeled,Thinley,-10.260174,-1.8294561,0.40821427,9.287063,5.1014886,10.916991
ddc_dzo_03827,labeled,Thinley,-8.492413,-0.38048077,0.7889867,10.267514,5.0722184,10.737893
ddc_dzo_02449,labeled,Thinley,-7.825761,-0.0040923953,0.34686708,10.287166,4.46339,10.034268
ddc_dzo_08118,labeled,Thinley,-10.875678,-1.6306605,1.0351169,9.431098,5.0138626,11.0315485
ddc_dzo_05127,labeled,Thinley,-8.86516,-1.7172803,0.788881,9.82609,4.04823,9.855239
ddc_dzo_08995,labeled,Thinley,-10.265877,-1.9513426,0.85830164,9.390389,5.5239315,10.733806
ddc_dzo_01329,labeled,Thinley,-7.6507516,0.20656824,1.4217616,10.231059,4.8859887,10.224382
ddc_dzo_04519,labeled,Thinley,-8.8930645,-1.1172533,-1.0880812,9.408576,4.5583615,9.886905
ddc_dzo_06966,labeled,Thinley,-8.825517,-0.5108514,-0.80583465,9.46656,4.333863,9.993229
ddc_dzo_09685,labeled,Thinley,-8.265285,-0.5230633,-0.6369687,9.644017,4.7699594,10.775652
ddc_dzo_09606,labeled,Thinley,-10.366385,-1.1768769,2.0471818,9.694987,4.380726,10.393744
ddc_dzo_07635,labeled,Thinley,-6.8328643,0.2695696,0.7131698,10.112598,4.747751,9.220122
ddc_dzo_06439,labeled,Thinley,-7.8869348,0.84329486,0.9025645,9.7734995,4.795164,9.93626
ddc_dzo_06672,labeled,Namgay,-0.36729765,2.5324917,-8.7008705,12.781532,5.352942,5.395556
ddc_dzo_06082,labeled,Namgay,-1.7958326,2.8769104,-7.4754,13.211825,4.8419266,5.5412874
ddc_dzo_05506,labeled,Namgay,-1.578989,0.57730687,-10.232637,13.351822,5.2316895,5.65529
ddc_dzo_04360,labeled,Namgay,-0.66761255,1.3707366,-7.7581687,12.757638,5.48547,5.4341207
ddc_dzo_03690,labeled,Namgay,-1.3761673,0.316077,-7.155382,13.138151,4.8322315,5.651071
ddc_dzo_09041,labeled,Namgay,-1.0353603,0.9784899,-7.6289215,12.5096035,5.490144,5.3136287
ddc_dzo_03419,labeled,Thinley,-6.8413324,-0.47627068,0.10732722,10.196324,4.8299127,9.532345
ddc_dzo_00635,labeled,Thinley,-7.5744147,-1.0380058,0.904017,9.763333,5.726613,10.432373
ddc_dzo_03168,labeled,Thinley,-7.055851,0.17168075,-0.65762717,9.978982,4.915862,9.279001
ddc_dzo_01978,labeled,Thinley,-9.647394,-1.9418293,0.1312499,10.46218,5.2246113,10.595183
ddc_dzo_08697,labeled,Thinley,-8.311734,-0.24458504,-0.07135153,9.186166,4.6864605,10.071103
ddc_dzo_09298,labeled,Thinley,-11.075509,-1.9519697,0.55496776,9.6212,4.2506456,9.997995
ddc_dzo_09170,labeled,Thinley,-7.8841867,-1.2166739,0.6020558,8.997347,4.869043,10.527606
ddc_dzo_07509,labeled,Thinley,-7.1030188,2.2208843,-0.9524901,9.877335,4.680956,9.344273
ddc_dzo_05740,labeled,Thinley,-9.870025,-1.2744269,-0.62861323,9.245627,4.296715,9.98823
ddc_dzo_09507,labeled,Thinley,-8.068657,-0.24526644,0.70987916,10.486408,5.7020473,10.632437
ddc_dzo_03885,labeled,Thinley,-8.791262,-0.12415862,1.1784294,10.418381,4.9187675,10.574621
ddc_dzo_05427,labeled,Thinley,-9.534247,-1.624248,1.0420365,9.663673,5.4131455,11.220211
ddc_dzo_06785,labeled,Thinley,-5.8254347,-0.8914156,0.4719125,11.157957,9.555647,7.4435663
ddc_dzo_09887,labeled,Thinley,-7.354787,0.67100954,1.5594692,10.81223,5.395442,10.346701
ddc_dzo_01637,labeled,Thinley,-8.1126585,-2.254206,0.23567057,10.445133,6.1616864,11.139632
ddc_dzo_07412,labeled,Thinley,-7.9386053,-1.0798148,0.78992426,10.429031,5.2496095,9.7334795
ddc_dzo_05164,labeled,Thinley,-8.86636,-1.7928853,0.13231754,10.443147,5.7321706,10.794995
ddc_dzo_05253,labeled,Thinley,-6.8233004,-2.5105796,1.233177,10.350097,5.940146,10.775952
ddc_dzo_04423,labeled,Thinley,-8.361188,-2.067937,1.4702415,10.417212,6.147837,11.150352
ddc_dzo_09270,labeled,Thinley,-10.288271,-2.1587708,0.19359922,10.059772,5.038776,10.799429
ddc_dzo_02051,labeled,Thinley,-8.510474,-1.1846218,1.2028728,9.695122,5.2571893,11.327487
ddc_dzo_07326,labeled,Dorji,-1.4191189,9.868221,0.8516815,13.481284,8.709024,7.258129
ddc_dzo_08228,labeled,Thinley,-9.317614,-1.8337317,1.9345486,9.304359,5.5271773,10.788203
ddc_dzo_09770,labeled,Dorji,0.06877321,3.6181595,1.013562,12.670193,9.562785,7.0233417
ddc_dzo_06134,labeled,Thinley,-8.805454,-0.37130928,1.4572785,9.791875,5.0684147,10.829747
ddc_dzo_02658,labeled,Thinley,-8.481466,-1.2037778,0.04910326,10.439967,6.1500487,10.984464
ddc_dzo_05076,labeled,Dorji,-0.28684372,9.383721,1.095144,13.539426,8.844196,6.573128
ddc_dzo_05472,labeled,Dorji,0.14916754,7.1471596,0.30138206,13.328918,8.637074,7.718613
ddc_dzo_06866,labeled,Thinley,-6.231541,-0.72568643,0.5221698,10.545374,5.858279,10.587291
ddc_dzo_03123,labeled,Thinley,-8.420906,-1.0547987,0.38224792,10.28513,5.7136617,10.739677
ddc_dzo_01299,labeled,Dorji,-1.404565,7.032465,1.4287577,13.278567,8.722795,7.6037474
ddc_dzo_02893,labeled,Dorji,0.8171822,5.0480328,0.8163078,10.937353,9.904959,7.1515017
ddc_dzo_07524,labeled,Dorji,-0.38801998,10.288009,1.5060717,13.30899,9.014677,7.473817
ddc_dzo_03014,labeled,Dorji,0.090031624,7.821124,0.75767845,13.452717,8.393779,7.2926536
ddc_dzo_03387,labeled,Dorji,-0.1346873,7.9670367,-0.60108304,13.395088,7.641392,6.550955
ddc_dzo_03984,labeled,Dorji,-0.61903876,8.122276,-0.43804038,13.61097,8.585115,6.102459
ddc_dzo_08616,labeled,Thinley,-8.945131,-1.3033328,1.4931617,9.09697,4.662898,10.792875
ddc_dzo_00935,labeled,Thinley,-8.82304,-1.3329465,1.2245526,10.037069,4.642348,10.846604
ddc_dzo_01749,labeled,Dorji,0.35175425,8.442654,-0.012575626,13.449316,7.8431535,6.8020434
ddc_dzo_05804,labeled,Thinley,-9.429254,-1.7127805,0.63103485,9.030117,4.6286144,10.653793
ddc_dzo_04373,labeled,Dorji,0.4406972,8.86003,0.14494681,13.373109,8.47426,6.431973
ddc_dzo_09437,labeled,Dorji,-0.9628644,6.4247255,-1.6110034,13.177621,8.766311,6.400632
ddc_dzo_09530,labeled,Dorji,0.19449204,5.2649817,0.43464708,13.229991,8.366968,6.542535
ddc_dzo_05867,labeled,Dorji,-0.57760686,7.8975725,-0.9211254,13.561381,8.18801,6.318218
ddc_dzo_08630,labeled,Dorji,0.17566681,9.096463,1.5826265,13.388725,9.017959,6.4828086
ddc_dzo_00394,labeled,Dorji,-0.37481272,8.184948,-0.15749693,13.472154,8.331038,7.2346277
ddc_dzo_00794,labeled,Dorji,-0.33619118,8.407314,-0.65299964,13.481624,8.407852,6.6578727
ddc_dzo_05623,labeled,Dorji,-0.0984211,7.1795816,-0.2870289,13.523339,8.453309,6.9294343
ddc_dzo_06400,labeled,Dorji,-0.3450082,5.669137,-0.8497143,13.408048,8.522875,7.190527
ddc_dzo_01787,labeled,Dorji,-1.1347668,5.0733066,0.021556199,13.51952,8.731239,7.539018
ddc_dzo_08183,labeled,Dorji,-0.70814055,7.6932626,-0.29024577,13.488649,8.413826,6.4709487
ddc_dzo_06766,labeled,Dorji,-1.3555574,11.005383,0.96884155,13.566189,8.489717,6.337114
ddc_dzo_07815,labeled,Dorji,-1.6017514,4.723875,1.1718878,10.780972,9.406202,7.3461947
ddc_dzo_04713,labeled,Dorji,-0.9908388,10.595408,1.7856214,13.700056,8.436722,6.3429923
ddc_dzo_03619,labeled,Dorji,0.17375088,4.429849,0.2657404,11.14669,9.972779,6.7402453
ddc_dzo_09748,labeled,Dorji,-0.4068452,6.7772293,0.88511896,11.050282,10.090462,6.3903747
ddc_dzo_08713,labeled,Thinley,-9.385147,-1.8586738,1.2459142,9.88502,5.2088265,9.680222
ddc_dzo_00996,labeled,Thinley,-8.185198,0.07046479,1.0555575,10.661543,5.7717257,10.15026
ddc_dzo_00503,labeled,Thinley,-9.893051,-1.526828,0.2894559,10.219327,4.985426,10.79106
ddc_dzo_06720,labeled,Thinley,-9.3084135,-1.2512234,0.27110672,10.576,4.911015,9.796829
ddc_dzo_08916,labeled,Thinley,-8.583651,-0.8935023,-1.1498466,9.308048,4.363461,9.98721
ddc_dzo_04845,labeled,Dorji,0.13508064,10.706898,2.3994098,13.578533,8.576439,6.251214
ddc_dzo_08071,labeled,Dorji,0.111418724,8.58842,0.8164406,13.490276,8.659865,7.148289
ddc_dzo_01918,labeled,Dorji,0.68172187,9.333707,1.6955113,13.332158,9.068857,6.862084
ddc_dzo_08350,labeled,Dorji,1.2050521,6.4235773,0.5367737,12.341764,10.429945,9.679809
ddc_dzo_00556,labeled,Dorji,0.25469732,8.160589,0.4777012,13.516634,8.843928,6.8276114
ddc_dzo_08445,labeled,Dorji,-0.70217896,7.620417,1.3422809,13.598774,8.541009,7.416671
ddc_dzo_04803,labeled,Dorji,0.36213118,7.224752,2.2116287,13.5916605,8.644726,7.5118065
ddc_dzo_09433,labeled,Dorji,-0.027488023,5.777575,1.9728642,11.011363,10.1118355,6.4958076
ddc_dzo_06496,labeled,Dorji,0.9529431,4.3725677,0.459826,13.314212,9.281635,8.015009
ddc_dzo_09212,labeled,Dorji,0.4564886,6.7406087,-0.27761793,13.580502,8.918891,7.73761
ddc_dzo_02925,labeled,Dorji,-0.13081247,5.985372,0.6171525,13.40532,8.822168,7.022086
ddc_dzo_03127,labeled,Dorji,-1.4425263,7.7155695,0.17102909,13.429594,8.919457,7.2799816
ddc_dzo_02357,labeled,Dorji,0.16596639,8.222562,2.087453,13.431934,9.284668,7.4166226
ddc_dzo_05760,labeled,Dorji,-1.3118625,7.586998,1.4249176,13.592226,9.20246,7.436406
ddc_dzo_04985,labeled,Dorji,-0.5199456,6.2576747,-0.00872612,13.250133,9.313991,7.6235723
ddc_dzo_02632,labeled,Dorji,-0.9548433,5.721113,0.13556269,13.473249,8.871635,7.602197
ddc_dzo_09152,labeled,Dorji,0.6772275,6.4094286,1.8519741,12.968022,9.254723,7.7086344
ddc_dzo_00457,labeled,Dorji,-0.83228207,7.337248,1.0688877,13.151243,9.285086,7.71785
ddc_dzo_01363,labeled,Dorji,1.1775037,8.017187,1.191035,13.589234,8.887048,7.724528
ddc_dzo_00016,labeled,Dorji,-0.50066257,6.0387006,1.4346931,11.508697,10.344632,7.5877934
ddc_dzo_06943,labeled,Dorji,-0.48941326,6.378343,0.52962404,12.054294,10.943488,8.675181
ddc_dzo_00774,labeled,Dorji,0.60006166,5.2955465,0.32181573,13.560707,8.814569,7.845452
ddc_dzo_05550,labeled,Dorji,-0.7356577,8.364138,1.4697816,13.374308,8.68314,7.8451023
ddc_dzo_09204,labeled,Dorji,-1.1104865,7.819006,0.8785353,13.61273,8.682842,7.465389
ddc_dzo_01282,labeled,Dorji,0.86284083,4.913017,-0.0052685738,13.4400425,9.181484,8.045144
ddc_dzo_01490,labeled,Dorji,0.12598395,6.2929397,1.274684,13.190986,8.869894,7.1216006
ddc_dzo_01422,labeled,Thinley,-9.39805,-1.8234544,0.5601326,10.523413,4.8107514,9.476294
ddc_dzo_00335,labeled,Thinley,-8.700102,-1.4437085,1.1066613,9.555149,4.6523924,9.886672
ddc_dzo_05977,labeled,Thinley,-8.54806,-2.1573696,1.4112418,9.086331,4.766049,10.2726755
ddc_dzo_08762,labeled,Dorji,0.21440959,9.685518,0.56619334,13.524903,9.055763,7.90088
ddc_dzo_05202,labeled,Dorji,-0.730566,9.388013,0.49326777,13.270192,8.699355,7.794385
ddc_dzo_05154,labeled,Dorji,-0.324203,9.627018,2.3112547,13.776423,8.833301,6.4207387
ddc_dzo_05357,labeled,Dorji,-0.9765755,7.8040395,0.34211993,13.315651,8.425197,6.4819193
ddc_dzo_07068,labeled,Nima,0.48547518,0.71505785,-1.3805562,8.864764,9.692569,9.681689
ddc_dzo_04441,labeled,Thinley,-8.445136,-1.7062941,1.4464874,10.145352,4.994128,10.785385
ddc_dzo_03862,labeled,Nima,0.10680908,1.7884288,-1.5348868,8.393024,11.818153,8.00582
ddc_dzo_08571,labeled,Nima,-0.5621195,-0.6171136,0.0690403,9.012484,9.745443,10.106155
ddc_dzo_05026,labeled,Nima,1.9938765,-0.2962675,-2.1350744,9.055528,11.614138,9.717205
ddc_dzo_04195,labeled,Thinley,-8.5582485,-1.5595741,0.8159566,9.260979,4.91339,11.00467
ddc_dzo_02327,labeled,Nima,1.5448065,-0.5315752,-1.497889,8.875495,9.848226,10.064774
ddc_dzo_01151,labeled,Dorji,-0.7164488,6.0767326,-0.44331253,13.420037,8.416998,6.7222705
ddc_dzo_08124,labeled,Thinley,-6.3302364,-0.66090167,-0.85681117,10.376764,4.9858007,10.384602
ddc_dzo_04459,labeled,Nima,1.3880701,-0.56005955,-6.393471,12.651862,5.599629,5.459986
ddc_dzo_05928,labeled,Nima,-0.35046846,0.20790982,-1.3196757,11.551372,10.124506,7.8785176
ddc_dzo_01265,labeled,Nima,1.7236105,-1.2493451,-1.2623527,9.048483,9.911473,9.416006
ddc_dzo_06530,labeled,Nima,0.6961105,-0.8203962,-1.1980343,9.062252,12.429332,7.611802
ddc_dzo_04756,labeled,Nima,1.829461,-0.15287304,0.00022125244,9.38032,12.591407,7.800952
ddc_dzo_07865,labeled,Dorji,1.1429832,7.888543,0.97458863,13.15994,8.789845,7.8073173
ddc_dzo_05799,labeled,Thinley,-8.350053,-1.5484705,0.8578265,10.452265,4.8158784,10.325841
ddc_dzo_06164,labeled,Dorji,-0.46291018,5.0344067,-1.5023671,12.507302,9.676914,7.681749
ddc_dzo_01231,labeled,Nima,2.094563,-0.49006903,-1.133426,9.819492,11.74451,8.2809515
ddc_dzo_03669,labeled,Thinley,-9.450811,-1.1745272,1.6011891,9.244737,5.0251884,10.969569
ddc_dzo_09826,labeled,Nima,0.07801628,0.42542863,-2.181485,10.661807,11.956775,10.220834
ddc_dzo_06265,labeled,Nima,1.474925,-0.094594955,-1.9888878,9.383297,10.273919,7.739739
ddc_dzo_09054,labeled,Nima,0.6340892,0.4766519,-0.918246,10.551378,12.320692,9.704414
ddc_dzo_06553,labeled,Nima,-0.7037213,-0.85289145,-0.34551996,9.472483,10.64615,8.887558
ddc_dzo_03059,labeled,Nima,0.5085927,-1.1126388,-4.1406302,9.354792,10.582273,7.493432
ddc_dzo_04207,labeled,Nima,0.23473144,0.0068597794,-2.3763416,9.585127,10.795473,8.121133
ddc_dzo_04323,labeled,Dorji,-0.80522954,10.445986,1.3677855,13.224505,9.314771,7.100875
ddc_dzo_05728,labeled,Dorji,-1.0390352,8.58966,1.9169054,13.432279,9.180301,7.0651326
ddc_dzo_02035,labeled,Dorji,2.1177583,12.034619,-1.7029613,13.304375,8.962336,7.2442265
ddc_dzo_07014,labeled,Thinley,-9.035648,-1.0303657,1.4303966,9.436332,5.3002467,10.390054
ddc_dzo_08201,labeled,Dorji,-0.11566639,7.973119,-2.5140424,13.2281885,9.1437845,6.9379144
ddc_dzo_07584,labeled,Thinley,-9.88835,-2.3660796,0.41981792,9.781564,4.9975977,11.16641
ddc_dzo_08411,labeled,Thinley,-9.843064,-2.023057,-0.9604607,9.138089,4.913776,10.800286
ddc_dzo_09452,labeled,Thinley,-8.068723,0.17910028,-0.57160354,10.130231,4.219929,9.999571
ddc_dzo_06316,labeled,Thinley,-7.698578,0.10888553,0.34409475,10.180423,4.796053,10.650805
ddc_dzo_09990,labeled,Thinley,-7.1301026,-2.8501902,-0.18521512,9.521767,4.379343,9.758865
ddc_dzo_09650,labeled,Thinley,-9.02017,-1.5306478,1.2473025,10.065634,4.95398,9.324998
ddc_dzo_04283,labeled,Thinley,-10.539623,-1.752667,1.0722612,9.85552,4.410184,9.796377
ddc_dzo_01535,labeled,Thinley,-11.045527,-2.1435375,0.39138362,9.198629,5.105435,10.6998005
ddc_dzo_07788,labeled,Thinley,-8.82203,0.29857564,1.5843569,10.300643,5.460271,11.148269
ddc_dzo_03785,labeled,Thinley,-7.7871227,-1.318745,1.417551,10.360934,5.955362,10.591898
ddc_dzo_08362,labeled,Thinley,-8.288488,0.027275085,0.6030661,9.875558,4.9275045,10.11633
ddc_dzo_06962,labeled,Thinley,-10.209565,-1.6849458,0.039827365,9.762987,4.565563,9.84186
ddc_dzo_06794,labeled,Thinley,-7.4385023,-1.1304564,0.94735825,9.699113,5.4171844,9.897913
ddc_dzo_01651,labeled,Thinley,-7.696226,0.26114368,0.48522937,9.866395,5.085395,10.417878
ddc_dzo_01871,labeled,Thinley,-8.7887945,-0.5011914,1.5663052,10.552277,5.5894,10.744381
ddc_dzo_08491,labeled,Thinley,-8.280241,-0.69709325,0.5012708,10.583741,5.6318383,10.66726
ddc_dzo_07710,labeled,Thinley,-7.984955,-0.6883919,0.36793876,10.006574,4.280719,10.119668
ddc_dzo_05067,labeled,Thinley,-10.570927,-1.544605,-0.6629258,9.446232,4.8492723,10.495069
ddc_dzo_02409,labeled,Thinley,-8.609006,-2.3845465,-0.94997346,9.263097,4.953929,10.325223
ddc_dzo_08015,labeled,Thinley,-8.814781,-1.0207521,-0.8088994,10.606367,5.148344,9.779712
ddc_dzo_07602,labeled,Thinley,-8.807101,-1.1944191,0.54215837,10.419279,6.3359075,10.955048
ddc_dzo_03798,labeled,Thinley,-10.288105,-1.1768703,2.055026,10.16258,5.028882,10.1733265
ddc_dzo_03869,labeled,Thinley,-9.310991,-1.4184442,0.8337159,10.031224,5.5059977,10.365443
ddc_dzo_03955,labeled,Thinley,-5.705987,-0.09023156,0.3444456,9.705628,5.3520927,9.734929
ddc_dzo_01483,labeled,Romeo,2.4049573,0.12866831,0.8794644,8.997171,10.503498,7.6872053
ddc_dzo_00202,labeled,Romeo,2.0527604,-0.6039102,1.4323611,11.540646,10.983362,8.8689995
ddc_dzo_01000,labeled,Romeo,2.7512724,-0.91066885,0.84879524,9.600817,10.427523,10.348626
ddc_dzo_03038,labeled,Thinley,-8.718038,-2.522623,-1.1306787,9.950046,5.922824,10.892282
ddc_dzo_05968,labeled,Romeo,2.5880148,-1.4274096,0.5796702,11.705651,11.20048,9.823057
ddc_dzo_06897,labeled,Romeo,2.7132146,-1.0973516,0.5447587,12.038099,10.699628,9.110624
ddc_dzo_07028,labeled,Romeo,3.4641898,-0.21935672,0.25760162,11.909074,10.423995,9.735273
ddc_dzo_01085,labeled,Romeo,2.6378057,-0.43163347,0.38530064,10.591917,11.017542,8.459198
ddc_dzo_01736,labeled,Romeo,1.3393325,0.1399071,0.60871553,11.574786,10.745883,9.913953
ddc_dzo_00793,labeled,Romeo,3.0471692,-1.1105957,0.38023442,9.64705,10.158406,9.5309
ddc_dzo_04608,labeled,Romeo,1.0090089,-0.28647518,1.5972227,10.702344,10.44707,6.826024
ddc_dzo_01362,labeled,Romeo,3.093033,-0.979676,-0.11821616,11.058521,10.700108,8.057903
ddc_dzo_00316,labeled,Romeo,2.7116044,-0.7055956,0.75448424,10.355432,10.441045,9.567315
ddc_dzo_02922,labeled,Romeo,1.6308434,-1.4594246,0.9732629,9.394616,9.617261,8.970853
ddc_dzo_02075,labeled,Romeo,1.4960281,-0.78307533,1.1034786,11.413886,10.982825,8.575151
ddc_dzo_06926,labeled,Romeo,2.3932493,-1.3118334,0.80929506,11.609718,11.310766,8.680872
ddc_dzo_04755,labeled,Romeo,1.241151,-0.8678357,1.4297011,9.446468,10.236664,7.426948
ddc_dzo_00429,labeled,Romeo,3.1539004,-1.8067927,0.19710565,11.436269,11.260294,9.308691
ddc_dzo_09483,labeled,Romeo,1.3077803,-0.35154408,-1.0685691,9.587214,10.407859,9.108151
ddc_dzo_09065,labeled,Romeo,1.9566803,-1.7963691,0.93398374,9.745927,10.118249,8.721166
ddc_dzo_05978,labeled,Romeo,1.6456561,-0.7680421,1.7391124,10.512558,10.170208,6.760346
ddc_dzo_04314,labeled,Romeo,0.9224175,-0.95979893,-0.088199615,11.871892,11.014729,9.261449
ddc_dzo_05616,labeled,Romeo,3.2124496,-1.4124166,2.176163,11.167109,11.0258665,9.256878
ddc_dzo_09426,labeled,Romeo,1.3888681,0.24672127,-1.1711756,9.237124,11.326296,8.970072
ddc_dzo_07971,labeled,Romeo,2.8804884,-1.0705512,0.6711755,9.630386,10.232858,9.579651
ddc_dzo_03584,labeled,Romeo,2.0413542,-0.8598418,-0.06158638,10.686801,11.920781,7.658114
ddc_dzo_06357,labeled,Romeo,4.137868,-0.53179574,0.26424205,11.128841,10.757607,9.697161
ddc_dzo_00087,labeled,Romeo,3.0307512,-1.2036347,0.30747992,10.024595,10.608589,9.395421
ddc_dzo_02855,labeled,Romeo,1.2451358,-1.4880538,1.0508485,9.259507,11.122911,9.349834
ddc_dzo_05217,labeled,Romeo,0.009876877,-1.0735312,0.0728876,9.824027,11.066302,6.9090147
ddc_dzo_03351,labeled,Romeo,3.3754904,-1.7894588,0.31250608,9.982058,12.191656,7.0126333
ddc_dzo_09459,labeled,Dorji,-1.3150388,12.262521,1.001349,13.4338665,9.238143,7.4368987
ddc_dzo_00998,labeled,Dorji,0.20717132,6.037429,1.0911111,13.331171,8.486605,7.1249223
ddc_dzo_00893,labeled,Romeo,1.0500288,0.92223334,0.30892384,10.918749,9.61541,8.722348
ddc_dzo_08458,labeled,Romeo,2.0566692,-1.1836619,0.8816333,9.8832655,11.578665,10.037349
ddc_dzo_00676,labeled,Romeo,2.731828,-0.43445206,-0.7600908,11.022648,10.709674,7.263712
ddc_dzo_08568,labeled,Thinley,-7.128519,-0.78970754,0.13216352,10.341495,5.328512,10.876333
ddc_dzo_09935,labeled,Romeo,1.508072,-2.1000001,0.9006747,9.96895,9.543224,8.400155
ddc_dzo_09269,labeled,Romeo,2.01413,-1.4227297,0.7719804,10.965241,9.912653,8.034417
ddc_dzo_02790,labeled,Romeo,0.33140045,-1.38305,0.62778425,11.594661,9.699526,8.00052
ddc_dzo_03946,labeled,Thinley,-6.213181,0.2211492,-1.1261041,9.617297,5.2976108,10.897891
ddc_dzo_09432,labeled,Dorji,-0.8419445,4.9649534,0.5198339,13.129582,9.321052,7.4640465
ddc_dzo_06035,labeled,Romeo,1.3776698,0.43896562,0.73337555,8.778248,12.010039,7.2148223
ddc_dzo_01695,labeled,Romeo,1.8434992,-1.7644792,0.67640495,8.334886,11.947967,9.314632
ddc_dzo_04374,labeled,Romeo,2.6515248,-0.49653196,0.00013613701,9.442404,11.744791,10.567567
ddc_dzo_07659,labeled,Romeo,1.9800615,0.19654942,0.25274897,11.906026,9.726641,9.797729
ddc_dzo_03270,labeled,Romeo,1.0578363,-1.6680696,0.13364458,11.911171,9.721952,8.853521
ddc_dzo_09668,labeled,Romeo,2.2616742,-0.2441678,1.3043475,8.820345,11.340327,8.736743
ddc_dzo_08881,labeled,Romeo,2.4399803,-0.6162162,-0.2777958,9.332487,12.505722,7.064825
ddc_dzo_03484,labeled,Romeo,3.2226162,-1.4971936,1.3448884,9.098176,12.111817,8.085162
ddc_dzo_06712,labeled,Romeo,1.5032138,-1.1723316,-0.6197014,10.830192,11.544725,7.472539
ddc_dzo_09942,labeled,Romeo,1.2179058,-1.2710038,-0.40334135,9.150183,10.892121,7.3307657
ddc_dzo_00035,labeled,Romeo,1.7582412,-2.141067,0.8581916,10.047973,12.183126,7.048767
ddc_dzo_02175,labeled,Romeo,1.3398497,-1.0633671,0.25242954,10.129202,12.035999,7.2747526
ddc_dzo_08946,labeled,Romeo,3.0054052,-0.16475868,0.7848655,11.520783,11.498981,8.846091
ddc_dzo_08718,labeled,Romeo,2.3013723,-2.2955303,1.571387,10.973269,10.043148,9.207151
ddc_dzo_00285,labeled,Romeo,2.7751,-0.6041701,0.19398451,11.435707,10.044519,7.6755047
ddc_dzo_01514,labeled,Romeo,2.2002838,-0.3866179,1.0179546,10.684803,10.130759,8.547648
ddc_dzo_00448,labeled,Romeo,2.0820155,-0.6810377,1.2539392,11.65359,9.798786,8.684542
ddc_dzo_04491,labeled,Thinley,-10.041081,-0.5455891,2.0610263,9.984192,5.113059,10.257305
ddc_dzo_02775,labeled,Romeo,2.49403,0.81294835,0.44234467,11.88003,10.013074,9.431672
ddc_dzo_07779,labeled,Thinley,-9.502156,-1.3876977,1.1193175,10.235443,5.239485,10.851834
ddc_dzo_06546,labeled,Romeo,1.3053259,-0.4747671,0.76960206,10.709698,9.4191265,8.916422
ddc_dzo_06024,labeled,Romeo,-0.20535636,-0.57803154,0.28445148,10.774496,9.792587,7.7910705
ddc_dzo_09837,labeled,Romeo,3.6778312,0.59484625,-0.114504576,9.806501,12.000503,7.7993546
ddc_dzo_03758,labeled,Romeo,1.8531376,-1.5695689,0.32704353,9.253898,11.495612,9.687662
ddc_dzo_02562,labeled,Romeo,1.6629536,-1.6719372,0.9410095,8.777838,11.494921,9.588606
ddc_dzo_03801,labeled,Romeo,1.3342794,-1.6762507,-0.81630826,8.741212,10.214968,8.796839
ddc_dzo_05453,labeled,Thinley,-6.6207433,-0.5139413,0.95900023,10.56385,5.957533,10.37045
ddc_dzo_02189,labeled,Romeo,1.2929935,-2.291993,0.32700562,10.357386,11.210743,8.088931
ddc_dzo_04859,labeled,Romeo,1.7971562,-1.0362802,-0.47915184,9.01718,12.099411,8.399953
ddc_dzo_06568,labeled,Romeo,3.3249538,-1.1680255,0.8609549,10.932582,12.096828,9.523928
ddc_dzo_09552,labeled,Romeo,2.676244,-0.8534241,1.2938039,10.368544,12.272835,7.7190447
ddc_dzo_02227,labeled,Romeo,1.999557,0.25722808,0.9466128,9.9914875,11.99369,8.581802
ddc_dzo_07380,labeled,Romeo,2.1100652,-0.5000746,0.6622311,10.659826,11.512812,7.4511147
ddc_dzo_05667,labeled,Romeo,2.7759085,-0.26448905,1.777472,9.466236,11.900459,6.9898434
ddc_dzo_04651,labeled,Romeo,2.370546,-0.54826117,0.4365331,9.882009,11.413547,7.891671
ddc_dzo_06344,labeled,Romeo,2.4909525,0.052999258,0.006489873,10.290285,12.063204,9.2720995
ddc_dzo_02585,labeled,Romeo,4.458501,-2.6554742,1.4874967,10.311746,11.7152,7.889476
ddc_dzo_01623,labeled,Romeo,1.9652085,-1.3242552,1.599489,9.621224,11.638694,7.3674674
ddc_dzo_07897,labeled,Romeo,2.7386482,-1.6961625,0.997463,9.548921,11.703782,7.484339
ddc_dzo_00856,labeled,Romeo,2.3273127,-2.141039,0.50755227,11.508064,12.02604,8.9804535
ddc_dzo_07807,labeled,Romeo,1.9392736,-1.3487395,0.65713274,10.084146,12.338665,7.566819
ddc_dzo_08690,labeled,Romeo,1.8869176,-1.2113256,0.7931806,10.029028,12.115998,7.023441
ddc_dzo_00519,labeled,Romeo,2.5579696,-0.93104255,0.7456809,10.459408,12.056499,8.005628
ddc_dzo_08012,labeled,Romeo,2.2059553,-1.405917,1.0009046,10.180405,12.403951,8.679997
ddc_dzo_01670,labeled,Romeo,1.3171253,-1.2606585,1.2307974,9.830313,11.140596,7.615026
ddc_dzo_03995,labeled,Romeo,1.5478344,-1.5939608,0.26589578,11.039448,11.720681,8.630011
ddc_dzo_07431,labeled,Romeo,1.9233203,-0.37797266,0.8121834,9.460749,12.491338,6.809778
ddc_dzo_01098,labeled,Romeo,3.3695838,-0.21278524,0.8369043,11.074512,11.61544,7.8980923
ddc_dzo_07577,labeled,Romeo,3.2661424,-1.1785961,0.7325847,10.662836,12.414353,8.067186
ddc_dzo_03474,labeled,Romeo,1.4447588,0.07999492,0.31465864,9.921942,12.2732,7.0049114
ddc_dzo_04559,labeled,Romeo,2.667415,-1.214994,1.1152265,9.224499,12.173569,7.003557
ddc_dzo_04246,labeled,Romeo,2.2143095,-1.1800915,0.70545185,9.94401,12.126489,9.069561
ddc_dzo_05838,labeled,Romeo,2.1206641,-1.0596099,0.22232008,9.81421,11.773686,8.644081
ddc_dzo_09397,labeled,Romeo,2.6091332,-1.5319476,-0.023134708,9.910971,12.472853,7.809407
ddc_dzo_04486,labeled,Romeo,3.6317189,0.0731374,-0.38337827,10.659593,11.079924,8.569681
ddc_dzo_06074,labeled,Romeo,2.8116915,-0.62842596,0.79790926,9.395646,11.725728,10.121223
ddc_dzo_07236,labeled,Romeo,3.1636631,-0.6616544,0.33573627,9.493539,11.944084,7.5015078
ddc_dzo_02982,labeled,Romeo,2.1223593,0.35787487,0.39921713,9.225381,11.615513,6.859812
ddc_dzo_03977,labeled,Romeo,3.2058144,-2.2420218,0.8606477,11.676473,11.781805,9.654106
ddc_dzo_04783,labeled,Romeo,-1.5914457,-1.4728398,0.52597463,10.386127,9.557554,9.26216
ddc_dzo_05859,labeled,Romeo,1.6002989,0.32793498,0.84225416,12.222144,10.145623,9.961879
ddc_dzo_06602,labeled,Romeo,1.4685135,0.08161807,0.63905984,10.813324,10.224328,7.346896
ddc_dzo_06632,labeled,Romeo,0.59999436,-2.0550497,1.1852663,12.34832,10.496785,9.852683
ddc_dzo_02608,labeled,Romeo,2.7374551,-0.12266667,0.2558893,11.243432,10.51974,9.392715
ddc_dzo_05922,labeled,Romeo,1.2603583,-2.046733,1.1323566,10.568317,10.256246,10.50043
ddc_dzo_05398,labeled,Romeo,0.71932614,0.35249382,0.92657405,11.065882,10.712862,9.297266
ddc_dzo_01578,labeled,Romeo,2.4134336,-1.6809248,0.35402787,11.186986,10.907369,9.227807
ddc_dzo_01905,labeled,Romeo,1.9890196,-2.455335,0.33468938,10.769821,9.907281,7.6950006
ddc_dzo_05337,labeled,Romeo,1.6861639,-1.2298797,0.17759061,11.45217,11.038221,8.084676
ddc_dzo_03673,labeled,Romeo,2.8644369,-0.31041694,1.774751,12.158938,11.02778,9.164687
ddc_dzo_00024,labeled,Romeo,2.6049688,0.40952063,1.1467402,11.886297,10.82529,9.816991
ddc_dzo_03846,labeled,Thinley,-8.393064,-0.7212965,0.72631884,10.208183,5.675427,10.797603
ddc_dzo_00065,labeled,Romeo,2.4380724,-1.2836497,0.78562427,11.860446,10.755638,8.970744
ddc_dzo_06640,labeled,Romeo,1.4828515,-1.2052435,0.7339355,10.480185,10.674092,8.417641
ddc_dzo_05262,labeled,Romeo,1.0834008,0.6165576,0.7589729,11.672326,10.754948,10.621307
ddc_dzo_09863,labeled,Romeo,2.3487883,-0.3123172,0.45046657,10.704497,9.959544,7.620073
ddc_dzo_03174,labeled,Romeo,2.4741468,-2.5762353,-0.2268107,10.066747,10.554605,6.921251
ddc_dzo_02788,labeled,Romeo,3.4882548,-1.2814538,0.9264733,10.7336235,11.159759,8.18964
ddc_dzo_09760,labeled,Romeo,0.6932751,0.33915854,-1.0203278,9.09524,9.783649,9.464827
ddc_dzo_04964,labeled,Romeo,3.0409546,-0.6244736,0.9473281,11.964508,10.232308,9.775778
ddc_dzo_06187,labeled,Romeo,1.8442191,-1.1084806,0.26453304,12.299406,10.905315,10.001537
ddc_dzo_02831,labeled,Romeo,2.9973783,-0.5215546,-1.2111905,12.034947,11.538057,10.099298
ddc_dzo_03557,labeled,Romeo,1.8796673,-0.8041518,-1.5409966,11.977102,11.429245,8.722846
ddc_dzo_02752,labeled,Romeo,2.1664844,-1.1123896,0.7099816,11.635607,10.386535,8.696016
ddc_dzo_05490,labeled,Romeo,0.23188686,0.6632297,0.3034401,12.444064,10.848641,10.539095
ddc_dzo_04895,labeled,Romeo,0.26687384,0.22749823,1.0138478,11.725144,9.5679865,9.050326
ddc_dzo_08705,labeled,Romeo,2.1541846,1.5263376,-0.29333067,11.821862,10.89144,9.021727
ddc_dzo_06843,labeled,Romeo,1.2687894,-0.3691671,0.2733513,10.502512,10.8882475,7.028253
ddc_dzo_08038,labeled,Romeo,1.604229,0.20161492,1.4204931,11.106765,10.314868,8.113654
ddc_dzo_07167,labeled,Romeo,1.1481974,-1.1905718,0.25794172,11.602525,10.394172,9.864847
ddc_dzo_05438,labeled,Romeo,1.6768136,-1.7591817,-0.34855688,11.282829,10.782663,8.498026
ddc_dzo_06571,labeled,Romeo,1.0736427,0.95072556,-0.14958453,12.028808,10.185856,9.610597
ddc_dzo_01873,labeled,Romeo,1.8420289,0.2104401,0.4182973,10.212829,10.204585,9.324902
ddc_dzo_05384,labeled,Romeo,2.5321,-0.07916784,1.275331,12.350051,10.8131895,10.09734
ddc_dzo_03195,labeled,Romeo,3.0590584,1.2023487,0.3137337,11.566927,10.357293,7.6915307
ddc_dzo_03163,labeled,Romeo,2.4658751,-0.19858408,0.04449129,11.407823,9.880697,7.618846
ddc_dzo_09885,labeled,Thinley,-7.697735,-0.051925182,1.4821692,9.4896145,5.0735025,10.170226
ddc_dzo_05308,labeled,Thinley,-10.917426,-2.6465735,0.41367292,10.206269,5.7650175,10.7018795
ddc_dzo_08230,labeled,Thinley,-9.874185,-2.2228703,-0.08932781,9.249077,4.278486,10.024411
ddc_dzo_01399,labeled,Thinley,-8.806265,-2.1387942,0.74918437,10.653919,5.1405525,10.126604
ddc_dzo_07946,labeled,Thinley,-9.58924,-1.622953,-0.787351,9.48133,4.1284847,9.851898
ddc_dzo_03249,labeled,Thinley,-9.128418,0.11438685,-0.5680382,9.991485,4.5036263,9.517099
ddc_dzo_04661,labeled,Thinley,-6.7924967,-0.06337893,1.2093055,10.673728,5.323403,10.651028
ddc_dzo_09178,labeled,Thinley,-9.05267,-0.5849161,0.25844604,10.5694475,4.761538,10.260315
ddc_dzo_05504,labeled,Dorji,1.5398066,7.7551203,0.5850816,13.323823,8.569295,7.538046
ddc_dzo_05594,labeled,Dorji,-0.64576167,8.651988,2.0314002,13.467932,8.345688,7.0183024
ddc_dzo_01722,labeled,Dorji,-0.5859029,7.471815,0.7915151,13.297358,9.28199,7.816653
ddc_dzo_04422,labeled,Dorji,0.5934667,3.5380354,0.74840605,10.302036,9.679228,7.211961
ddc_dzo_07560,labeled,Thinley,-8.255524,-0.622581,1.2290639,9.728285,5.4025836,11.186399
ddc_dzo_07822,labeled,Dorji,-1.6014004,6.482474,0.22168684,13.586509,8.743371,6.235895
ddc_dzo_00870,labeled,Thinley,-7.212918,-1.4257287,0.4693526,9.528859,4.5886765,10.61553
ddc_dzo_09287,labeled,Thinley,-9.006344,-1.6569366,0.7108569,9.921404,4.5653877,10.396198
ddc_dzo_08688,labeled,Dorji,-0.99274826,5.8806653,1.1836896,13.182009,8.724786,7.812458
ddc_dzo_09104,labeled,Thinley,-9.487819,-1.7887414,-0.06175232,9.148335,4.26536,10.064529
ddc_dzo_02944,labeled,Dorji,-0.6612357,8.624093,0.3166821,13.546646,8.558943,6.7415805
ddc_dzo_08102,labeled,Thinley,-8.595594,-1.4647539,1.2356435,9.934621,4.383938,10.02555
ddc_dzo_03210,labeled,Thinley,-7.970704,-2.314827,0.74540997,10.1238,5.1901,10.665592
ddc_dzo_04560,labeled,Dorji,-0.965127,9.368289,0.5030767,13.74974,8.947391,6.5091243
ddc_dzo_09265,labeled,Thinley,-9.840997,-2.5996377,0.92216873,9.053816,4.8922415,10.370499
ddc_dzo_02316,labeled,Dorji,-0.63998485,9.560963,2.2573452,13.767142,8.851008,6.7422657
ddc_dzo_00294,labeled,Thinley,-9.674161,-1.8984382,1.5803199,10.296096,4.6694016,10.058473
ddc_dzo_09449,labeled,Thinley,-5.712162,-0.055101395,-0.29353714,12.485391,10.461566,10.132435
ddc_dzo_09346,labeled,Dorji,-0.30258226,7.631097,1.8878736,13.30094,8.846423,7.4302096
ddc_dzo_02299,labeled,Thinley,-9.198342,-1.3888512,0.7070229,9.870904,4.173171,9.5498905
ddc_dzo_02567,labeled,Thinley,-10.060967,-0.6223247,-0.5486286,10.129992,5.893143,10.443801
ddc_dzo_08791,labeled,Dorji,0.045907497,7.0908403,1.1324246,13.587079,8.558339,6.3592734
ddc_dzo_01958,labeled,Thinley,-9.224941,-2.0502708,0.84432507,9.830751,4.1309443,9.583539
ddc_dzo_07327,labeled,Dorji,-0.17571014,9.403648,1.028913,13.442057,8.613938,6.347653
ddc_dzo_06511,labeled,Dorji,-0.14165205,7.5404243,1.4443402,13.541324,9.094292,6.4006915
ddc_dzo_06218,labeled,Dorji,-1.2530637,10.380703,2.1946383,13.735706,8.467461,7.10528
ddc_dzo_03746,labeled,Thinley,-10.404949,-3.424646,0.08654547,9.913786,4.107771,9.492893
ddc_dzo_00812,labeled,Thinley,-10.54553,-1.7947564,-0.038145006,9.405045,4.903858,10.828902
ddc_dzo_02382,labeled,Thinley,-7.373146,-1.9184501,0.5634308,9.925412,4.7497215,10.778661
ddc_dzo_06666,labeled,Dorji,-1.4499424,8.465335,0.9225204,13.591405,8.683373,6.4869237
ddc_dzo_02080,labeled,Thinley,-9.456127,-2.2556052,0.92674065,10.400526,6.122941,11.057256
ddc_dzo_02696,labeled,Thinley,-8.685256,-0.96547496,0.6872628,10.193354,4.9279475,9.919402
ddc_dzo_02066,labeled,Dorji,-0.38261318,5.8469706,-1.1034335,12.563974,10.822665,9.445182
ddc_dzo_01820,labeled,Dorji,-1.749357,5.5768213,0.12132907,13.3562975,8.136867,6.4491286
ddc_dzo_00582,labeled,Romeo,1.8205409,-0.5345335,0.8597293,11.922883,10.935707,8.694094
ddc_dzo_01258,labeled,Romeo,1.9132123,0.37294865,1.0459461,11.81138,11.631985,8.628164
ddc_dzo_08625,labeled,Thinley,-7.8160267,-1.5847037,-1.2625749,9.107714,4.3133373,10.186256
ddc_dzo_04161,labeled,Thinley,-8.792994,-1.363816,0.9183605,10.4582815,5.2890644,9.564766
ddc_dzo_05056,labeled,Thinley,-8.202929,0.5510402,0.17477679,10.392142,4.448345,9.766152
ddc_dzo_09651,labeled,Thinley,-9.708416,-1.3350801,1.1379986,8.958931,4.6573324,10.570892
ddc_dzo_09774,labeled,Romeo,1.963784,-0.9263007,-1.0895438,10.352729,11.023962,7.5271935
ddc_dzo_09475,labeled,Romeo,1.3342783,0.6461804,0.4574499,9.975487,10.555306,6.875978
ddc_dzo_07842,labeled,Romeo,-0.19811368,1.6252923,0.53795683,12.998584,8.921073,7.6420045
ddc_dzo_03695,labeled,Dorji,-0.27213693,7.9017305,1.8584108,13.589145,8.901593,6.124581
ddc_dzo_02514,labeled,Romeo,2.9949203,-0.4843685,0.27016187,12.063461,10.88966,9.921348
ddc_dzo_00757,labeled,Romeo,2.2141743,-1.8570896,0.05543357,11.557706,11.563137,9.8081
ddc_dzo_04160,labeled,Romeo,1.4337487,-1.6279315,-0.39766908,10.87878,11.364277,10.433747
ddc_dzo_02337,labeled,Romeo,2.687754,-1.8932664,1.9549677,9.516316,11.095606,9.02062
ddc_dzo_07761,labeled,Romeo,1.4241958,-1.9098845,0.86467063,9.313293,10.63448,9.653459
ddc_dzo_07067,labeled,Romeo,1.6063378,-0.9275007,0.2317357,9.802466,10.507478,10.3098545
ddc_dzo_07307,labeled,Romeo,1.8600489,-0.930624,0.8375871,8.815058,10.496196,9.208005
ddc_dzo_00247,labeled,Romeo,1.3305926,0.014307022,-0.4728589,8.568472,10.468326,10.198752
ddc_dzo_08723,labeled,Romeo,2.2022433,-0.8309792,0.3213458,10.364026,9.67746,7.6534925
ddc_dzo_07022,labeled,Romeo,0.89450693,-0.7796786,-0.18293214,9.152678,10.139255,8.500294
ddc_dzo_09908,labeled,Romeo,2.6800437,-0.8330059,-0.48042667,10.361272,10.833376,10.894369
ddc_dzo_07023,labeled,Romeo,0.79714155,-0.65136623,0.9697017,10.30269,10.632121,7.6139083
ddc_dzo_07975,labeled,Romeo,2.968987,-0.3382709,0.7358718,11.969322,10.455177,9.717214
ddc_dzo_01074,labeled,Romeo,1.1622975,-0.5324023,0.045137405,10.761394,10.1979685,6.6225133
ddc_dzo_02803,labeled,Thinley,-7.0505004,-0.6036606,0.18311298,10.629129,4.6916947,10.221934
ddc_dzo_06261,labeled,Romeo,1.9515505,-0.5706787,0.9222441,10.079019,10.655984,10.23684
ddc_dzo_09439,labeled,Thinley,-7.5735207,-1.1753846,0.45474815,9.824603,4.7578764,9.300447
ddc_dzo_00444,labeled,Thinley,-9.807384,-1.3935931,0.21789108,10.123646,4.268052,9.433456
ddc_dzo_01153,labeled,Romeo,0.7691481,-0.18402648,-0.41311353,10.567227,11.969122,10.255673
ddc_dzo_07525,labeled,Thinley,-9.792501,-1.4509418,1.4068222,10.161834,5.3361006,9.985426
ddc_dzo_01927,labeled,Romeo,2.5965598,-1.3774062,0.49020314,8.892897,10.9792595,8.767102
ddc_dzo_04554,labeled,Romeo,-1.5713861,-1.6065571,0.2748441,9.141242,10.96886,9.067686
ddc_dzo_02090,labeled,Thinley,-7.2989445,-0.82639706,0.3601201,10.339502,5.521576,9.476757
ddc_dzo_06160,labeled,Thinley,-7.5405188,-1.0592452,0.2752483,10.136906,4.7774615,9.271027
ddc_dzo_05243,labeled,Romeo,2.2533705,-1.8934768,-0.10741377,10.169501,10.801889,8.577952
ddc_dzo_08364,labeled,Romeo,1.2829295,-1.8024817,0.12052202,9.910376,10.267544,10.110407
ddc_dzo_02845,labeled,Romeo,2.809791,-1.121061,1.1828284,9.225166,11.398931,8.553464
ddc_dzo_08176,labeled,Romeo,2.1387253,-0.27963662,-0.042869568,8.887871,11.872644,9.324813
ddc_dzo_04053,labeled,Romeo,2.026905,-1.6261706,0.59224546,11.117956,12.127137,9.536921
ddc_dzo_00418,labeled,Romeo,2.267242,-0.92561674,0.54923534,9.936479,12.277903,9.101577
ddc_dzo_07616,labeled,Romeo,2.8590465,-0.11513138,-0.91076756,9.035095,11.871812,6.8719034
ddc_dzo_09331,labeled,Romeo,3.229664,-0.9106436,0.65725994,9.717584,12.433337,7.2210507
ddc_dzo_05327,labeled,Romeo,2.476663,-1.7652478,-0.11157918,10.707781,11.249384,9.599748
ddc_dzo_02838,labeled,Romeo,0.6570482,1.671164,-0.3952663,9.34813,11.498591,6.753987
ddc_dzo_09051,labeled,Thinley,-10.236404,-2.3799686,0.5851214,10.638481,6.0883884,10.460703
ddc_dzo_00765,labeled,Romeo,2.98249,-1.7582117,-0.8301773,11.514132,11.742097,9.7977705
ddc_dzo_07915,labeled,Romeo,2.9812517,-0.51917386,0.085906506,9.793994,10.68501,9.1899185
ddc_dzo_00267,labeled,Thinley,-7.421663,-1.6480666,0.98218656,10.229724,4.759951,10.189938
ddc_dzo_00579,labeled,Romeo,2.3189259,-2.026346,0.4845363,9.177997,11.958616,8.7144165
ddc_dzo_08878,labeled,Romeo,1.7642255,-1.100588,0.4454794,9.097394,11.760598,6.9553847
ddc_dzo_06834,labeled,Thinley,-5.453088,-1.4191558,1.324221,10.37676,5.8660884,10.072409
ddc_dzo_09692,labeled,Romeo,1.7450429,-0.9573406,0.69675255,9.853338,11.880699,8.365674
ddc_dzo_07979,labeled,Romeo,3.376637,-1.1851549,0.9088385,8.940174,11.142402,8.748509
ddc_dzo_00988,labeled,Romeo,1.6719862,-1.3346432,0.4556682,10.994059,11.445747,10.2807665
ddc_dzo_08572,labeled,Romeo,2.81792,-0.6817672,1.3623664,11.813708,11.381415,9.097083
ddc_dzo_02534,labeled,Thinley,-6.7969728,-1.7664733,0.8467264,10.400709,4.567155,9.4205885
ddc_dzo_01683,labeled,Thinley,-8.924274,-1.3217828,-0.6804067,10.08364,5.2583222,9.501736
ddc_dzo_00086,labeled,Thinley,-7.3184795,-1.7574083,0.9423226,10.456909,5.3675866,9.564818
ddc_dzo_03177,labeled,Romeo,2.350757,-1.8073975,-0.13421941,10.921031,10.383394,7.315053
ddc_dzo_01491,labeled,Romeo,1.8126559,0.198802,-0.61175525,11.694537,10.246162,8.309369
ddc_dzo_02302,labeled,Romeo,1.98527,-1.3357677,-0.13517529,10.655861,10.654285,6.720527
ddc_dzo_06873,labeled,Romeo,1.7789475,-2.6992762,0.3742813,9.388035,10.620916,9.156271
ddc_dzo_07526,labeled,Romeo,2.1499293,-0.71964085,0.90319514,9.343427,10.238467,8.848723
ddc_dzo_03615,labeled,Romeo,2.1694894,-0.98615444,0.15493202,10.023746,11.151677,8.099432
ddc_dzo_03567,labeled,Romeo,1.9231967,-1.052099,1.3123604,9.443168,10.411613,9.11246
ddc_dzo_05794,labeled,Romeo,1.6455181,-1.7766347,-0.115098834,9.590518,10.605786,8.128979
ddc_dzo_04093,labeled,Romeo,1.7622863,0.045846462,-0.5537288,10.761894,10.425477,6.9442525
ddc_dzo_07851,labeled,Romeo,2.9340088,2.1268282,-0.4673941,9.462557,10.421408,7.160404
ddc_dzo_08826,labeled,Romeo,3.1373045,-0.49638772,-0.26051927,11.727219,11.629808,8.65279
ddc_dzo_01751,labeled,Romeo,1.7373881,-1.2439442,-0.31887388,9.294988,10.831296,6.8302393
ddc_dzo_07619,labeled,Romeo,-1.3039134,0.8791234,-0.20029211,9.960031,4.6812477,9.20232
ddc_dzo_04963,labeled,Romeo,3.588829,0.27792597,0.62266386,11.8367195,10.292623,9.16892
ddc_dzo_03392,labeled,Romeo,2.1152694,-1.2447813,1.039026,10.542131,10.40652,10.424413
ddc_dzo_04586,labeled,Romeo,1.4951544,-1.738789,-1.3538667,11.965321,10.807128,8.492184
ddc_dzo_08023,labeled,Romeo,2.942554,0.13906288,0.36681712,11.809907,11.348329,9.086566
ddc_dzo_02343,labeled,Romeo,2.1711173,0.32957554,0.91167307,11.837163,10.105387,8.330064
ddc_dzo_02779,labeled,Romeo,1.669349,0.08151913,-0.20606244,10.94316,9.685614,6.9059877
ddc_dzo_06351,labeled,Romeo,1.4482415,-0.71366405,0.80961037,12.087515,10.770346,9.815343
ddc_dzo_08415,labeled,Romeo,0.86683226,-0.6693362,1.3014905,10.766096,10.13343,7.499412
ddc_dzo_08708,labeled,Romeo,1.6181343,-2.36792,0.7079538,10.696511,10.711282,7.087825
ddc_dzo_02015,labeled,Romeo,1.4401579,-1.6454604,0.6456009,11.953253,10.109924,9.064194
ddc_dzo_02622,labeled,Romeo,1.9111927,-0.60419697,0.43379712,11.270377,11.276025,10.606455
ddc_dzo_07697,labeled,Romeo,3.0390062,0.049286604,0.5685997,10.936264,10.688313,7.3208895
ddc_dzo_06639,labeled,Romeo,3.1611235,0.29829097,0.8829184,11.622957,10.273044,8.11069
ddc_dzo_00388,labeled,Romeo,2.2021751,-1.6838824,0.68592787,11.325787,10.890437,9.956106
ddc_dzo_00314,labeled,Romeo,-0.0052984953,-1.973926,0.2564484,10.229124,5.9194803,10.242991
ddc_dzo_00210,labeled,Romeo,1.7071406,-0.42962676,-0.8014593,11.51458,9.41017,9.013744
ddc_dzo_09545,labeled,Romeo,2.0841107,-1.8024135,0.098805666,11.228741,11.271797,8.738438
ddc_dzo_00476,labeled,Romeo,-0.9023794,-1.1608031,-0.106303394,10.391787,10.448657,8.269886
ddc_dzo_05585,labeled,Romeo,2.9449632,-1.747605,0.99515545,8.759115,10.85642,9.182492
ddc_dzo_08083,labeled,Romeo,1.5426863,-1.2257272,0.053573966,9.017861,10.754931,8.652974
ddc_dzo_04202,labeled,Romeo,1.765527,-0.48761535,-0.1204834,10.827569,10.918054,7.2113996
ddc_dzo_04401,labeled,Romeo,2.2602906,-0.31772804,0.668047,11.917602,10.471742,9.395452
ddc_dzo_05871,labeled,Romeo,3.334361,0.77017736,0.59241706,10.766899,9.749051,7.2117968
ddc_dzo_01732,labeled,Romeo,3.4452991,-0.439636,-0.7449943,11.898443,10.767344,9.819099
ddc_dzo_05593,labeled,Romeo,2.133247,0.17088842,-0.807725,9.933201,9.924037,7.395887
ddc_dzo_04711,labeled,Romeo,0.22323793,-1.2743049,1.8586806,11.896793,9.573289,8.308641
ddc_dzo_04790,labeled,Romeo,1.9057883,-0.70441103,0.55803037,11.329255,10.412447,7.7550817
ddc_dzo_05221,labeled,Romeo,2.1560395,-2.1186714,0.23805285,11.66757,10.438361,7.8128996
ddc_dzo_00798,labeled,Romeo,2.913912,-1.4104519,0.24357808,11.493248,11.14705,9.0211735
ddc_dzo_00505,labeled,Romeo,1.8568461,-1.7962635,0.6026144,11.055101,10.112665,7.5609775
ddc_dzo_07052,labeled,Romeo,1.1141027,-0.66021824,-0.08178353,10.494872,10.585268,7.686232
ddc_dzo_01719,labeled,Romeo,1.0230187,-0.32398623,0.71375513,10.57482,9.767103,10.219875
ddc_dzo_03279,labeled,Romeo,0.6402955,-1.0840788,-0.12856579,11.424326,10.456016,9.080398
ddc_dzo_07407,labeled,Romeo,1.3615953,-0.17249376,-0.6699275,8.500338,10.444299,9.032496
ddc_dzo_01850,labeled,Thinley,-6.93223,-0.90191364,-2.844338,10.431425,6.4522257,10.564777
ddc_dzo_04992,labeled,Thinley,-7.5352516,0.10275951,0.79140663,10.625049,5.70773,10.118818
ddc_dzo_06301,labeled,Thinley,-8.436969,-0.5795698,0.55701685,10.682913,6.2403946,10.423486
ddc_dzo_04150,labeled,Romeo,2.5645366,-0.87918735,0.50582385,9.9322605,10.87802,7.0871434
ddc_dzo_08844,labeled,Romeo,2.9314735,-0.31975406,0.8741462,11.371354,10.229673,8.772772
ddc_dzo_02569,labeled,Romeo,1.9247296,1.1722467,-0.5164778,11.469056,9.470604,8.2940645
ddc_dzo_02455,labeled,Romeo,0.9165118,-1.8125577,-0.46572462,10.386645,10.131358,8.929418
ddc_dzo_07823,labeled,Romeo,2.3867278,-1.4213579,-0.23978353,9.3843565,11.564058,10.359487
ddc_dzo_04245,labeled,Romeo,2.164851,-1.1421618,-0.61445355,11.627559,11.103727,10.159085
ddc_dzo_09716,labeled,Romeo,1.065078,-1.0661564,0.40023318,11.594333,10.959116,9.860133
ddc_dzo_06729,labeled,Romeo,0.40674087,-0.29863438,0.064878464,11.927016,10.367311,10.687945
ddc_dzo_08335,labeled,Romeo,-0.25428265,0.28710485,-0.9262852,10.844899,9.79702,8.593834
ddc_dzo_05000,labeled,Romeo,1.4194973,2.4210458,0.67344296,11.424935,10.287456,6.936456
ddc_dzo_08170,labeled,Romeo,1.097188,2.4668608,1.0892556,11.056295,10.208072,6.4356217
ddc_dzo_04849,labeled,Romeo,1.3159208,1.620892,0.35168207,13.320797,8.473762,6.8349338
ddc_dzo_04934,labeled,Romeo,2.2654982,2.821989,0.3255391,12.93503,9.327172,6.6769433
ddc_dzo_05960,labeled,Romeo,1.8350725,2.0327764,0.17678809,12.958919,9.20996,8.00876
ddc_dzo_02420,labeled,Romeo,2.3757355,0.16734326,0.029418468,9.40904,10.100321,7.48665
ddc_dzo_03437,labeled,Romeo,1.1794338,1.8771079,-0.4613946,11.991034,11.090937,8.573578
ddc_dzo_06912,labeled,Romeo,3.1336567,-0.05896926,0.432621,11.331866,10.06024,7.5292263
ddc_dzo_04511,labeled,Romeo,2.8760958,1.2119315,0.5953989,11.787457,11.543872,8.903995
ddc_dzo_06202,labeled,Romeo,3.2662199,-0.6657684,-0.6890453,11.5594845,11.799718,9.728479
ddc_dzo_01218,labeled,Romeo,2.2728443,-1.5573783,-0.022702634,9.204825,10.798351,7.395742
ddc_dzo_07125,labeled,Romeo,0.5043533,0.5731292,-0.5597656,10.866105,12.33057,8.828591
ddc_dzo_07049,labeled,Romeo,2.5677805,-0.13787109,0.426121,10.043168,10.055235,8.001589
ddc_dzo_06535,labeled,Romeo,2.2567427,-1.349697,0.62411994,9.444662,12.237433,9.001857
ddc_dzo_02141,labeled,Romeo,3.3067532,-0.55983496,0.060286045,9.804989,11.433439,10.2000675
ddc_dzo_03587,labeled,Romeo,2.3399081,0.0006210208,-1.3880701,10.836527,10.631937,6.203511
ddc_dzo_05354,labeled,Romeo,2.8312376,-1.4102987,1.5276843,10.64091,11.40129,7.3812375
ddc_dzo_03148,labeled,Romeo,2.9365463,-1.105495,0.3063588,8.950934,11.995731,7.4600787
ddc_dzo_04450,labeled,Romeo,2.728242,-0.6653733,0.18098903,9.361818,12.135814,6.9512687
ddc_dzo_02243,labeled,Romeo,0.026539087,-0.5843381,0.884184,9.579303,12.34498,8.834542
ddc_dzo_05059,labeled,Romeo,2.3823087,-1.2744149,-1.0455966,8.396201,11.538782,9.138211
ddc_dzo_03500,labeled,Romeo,2.9062903,-1.2684126,-0.5047432,10.6651325,11.863477,10.578048
ddc_dzo_02717,labeled,Romeo,2.8665419,-0.9954121,0.08173084,10.020936,12.244139,8.120377
ddc_dzo_04585,labeled,Romeo,2.9934669,-0.2770095,-0.58824825,9.191462,12.209433,7.232085
ddc_dzo_02731,labeled,Romeo,2.441012,0.3357339,1.0631227,9.696158,11.706262,10.253167
ddc_dzo_09819,labeled,Romeo,2.3492813,-0.710819,-0.4408778,8.606588,12.259429,8.35283
ddc_dzo_08934,labeled,Romeo,1.2622182,-0.6333792,-0.57248354,10.664947,12.420052,8.200258
ddc_dzo_08132,labeled,Romeo,1.9151856,0.36140776,0.721884,11.787662,9.885775,9.24609
ddc_dzo_07932,labeled,Romeo,1.8412877,-0.8176695,0.18154192,9.2401705,11.438848,8.728533
ddc_dzo_09591,labeled,Romeo,2.18948,-0.90216017,-0.067825556,10.741795,10.59737,6.7488675
ddc_dzo_09867,labeled,Romeo,2.5120826,-1.1772134,-1.1548939,9.685207,11.602663,8.875808
ddc_dzo_00930,labeled,Romeo,3.5936518,-2.0593364,1.0678806,9.603013,12.238332,6.805104
ddc_dzo_03015,labeled,Romeo,3.34795,-1.5161859,0.8606777,9.069742,11.76607,7.3869324
ddc_dzo_06444,labeled,Romeo,2.268956,-1.9819136,0.76281285,10.10453,12.128581,8.6838045
ddc_dzo_07290,labeled,Romeo,2.5352292,-1.7928045,-0.17591429,10.139919,11.745299,10.324319
ddc_dzo_00178,labeled,Romeo,2.54037,-1.2484621,0.15596509,8.853235,12.273733,8.50827
ddc_dzo_09883,labeled,Thinley,-6.955274,-1.0329471,-0.7476611,10.37532,6.0439615,11.288943
ddc_dzo_07397,labeled,Thinley,-6.178249,-1.171504,1.1870079,9.588606,5.860208,10.696475
ddc_dzo_06147,labeled,Thinley,-4.5868917,-0.7144327,0.09680563,9.706275,6.153197,10.830993
ddc_dzo_01589,labeled,Romeo,1.5658135,-1.6691843,-0.8879372,10.629128,10.198377,10.272489
ddc_dzo_03006,labeled,Romeo,0.769907,-1.469571,0.20527935,11.042331,10.157176,10.264127
ddc_dzo_06522,labeled,Romeo,2.4466267,-1.95644,0.2603364,11.810013,11.282626,9.873505
ddc_dzo_08689,labeled,Romeo,1.2654057,0.9711906,0.35035545,11.993938,11.487543,9.491279
ddc_dzo_06996,labeled,Romeo,2.8560386,-0.49481535,1.4313459,11.923519,10.3517275,9.147369
ddc_dzo_08314,labeled,Romeo,2.3350692,-1.2170584,0.09820026,10.44875,9.887931,8.667933
ddc_dzo_02827,labeled,Romeo,2.7183385,-1.3732708,0.30997562,11.474302,10.833403,9.17042
ddc_dzo_03271,labeled,Romeo,1.4475422,-1.5804355,0.6865258,12.283066,11.103544,10.219757
ddc_dzo_03606,labeled,Romeo,3.1270618,-2.0691473,0.14326143,12.098977,11.079033,10.818952
ddc_dzo_06677,labeled,Romeo,4.040326,-2.1504855,0.978314,10.334444,11.105521,9.6252
ddc_dzo_07985,labeled,Romeo,1.5823549,0.22053242,1.317384,11.253843,10.64774,7.7954807
ddc_dzo_02504,labeled,Romeo,1.1805421,-1.0854976,-0.042114258,11.410883,10.2002735,8.192998
ddc_dzo_05277,labeled,Romeo,2.4095678,-1.8206434,0.4796049,9.626811,10.490679,8.484428
ddc_dzo_09967,labeled,Romeo,2.4985619,-1.2672987,1.7578826,11.803267,11.401517,8.452503
ddc_dzo_01698,labeled,Romeo,2.1497037,-0.9712295,0.88939095,11.06582,10.15233,8.643358
ddc_dzo_07330,labeled,Romeo,3.420078,-0.73969674,0.3808446,11.434225,10.945803,11.104407
ddc_dzo_06270,labeled,Romeo,3.1221783,-0.18146658,0.73684406,10.589395,10.174122,7.3199344
ddc_dzo_03411,labeled,Romeo,2.375996,-1.1652664,1.3338857,11.302959,10.71461,10.159179
ddc_dzo_07994,labeled,Romeo,0.96553564,-3.0507016,0.9243808,12.199095,11.16397,10.707289
ddc_dzo_01274,labeled,Romeo,1.9364337,-1.0459113,1.5945492,12.336839,10.970901,9.893375
ddc_dzo_06704,labeled,Romeo,2.1687653,0.49115658,0.6200695,9.786035,10.581701,7.8065615
ddc_dzo_03716,labeled,Romeo,3.4293852,-1.0694761,-0.8843113,11.825108,11.606664,9.155709
ddc_dzo_09011,labeled,Romeo,2.4176128,-2.0840607,-0.0554049,10.923856,9.92426,7.8685937
ddc_dzo_03526,labeled,Romeo,1.4156895,-0.9856963,0.70519733,10.804543,10.440743,6.7325344
ddc_dzo_02408,labeled,Romeo,2.5651083,-1.1436954,0.65394545,11.161482,10.721311,10.1113825
ddc_dzo_03341,labeled,Romeo,2.1714935,-1.2067184,0.9191928,10.680927,9.846469,7.827592
ddc_dzo_09596,labeled,Romeo,2.4390764,-1.3121048,0.38931775,11.869822,11.150128,8.871155
ddc_dzo_02667,labeled,Romeo,2.5921197,-1.4724128,-0.7679863,9.077048,10.443849,8.694689
ddc_dzo_05929,labeled,Romeo,2.1220264,-1.0144949,-1.1066461,11.859831,11.423455,10.116918
ddc_dzo_01778,labeled,Romeo,2.246428,-1.0866265,0.7667515,10.104724,10.390882,9.10449
ddc_dzo_00474,labeled,Romeo,3.4985967,-0.9861996,-0.55005175,12.140381,11.506939,9.992153
ddc_dzo_08515,labeled,Romeo,0.9623257,-2.6481886,0.59604377,10.480879,9.499992,7.7354407
ddc_dzo_01355,labeled,Romeo,2.8935053,-1.6653817,0.0757817,10.842602,10.903037,7.4674573
ddc_dzo_00165,labeled,Romeo,2.6082282,-1.9702325,0.1858089,11.019658,10.602363,7.345628
ddc_dzo_05844,labeled,Romeo,3.9238882,-0.7532406,-0.9808798,10.678593,11.054824,10.453148
ddc_dzo_08156,labeled,Romeo,2.6150596,-0.3902499,0.7730186,10.757575,11.094508,7.6946673
ddc_dzo_05780,labeled,Romeo,1.9212308,-0.856418,-1.2445489,10.082967,10.831604,8.308593
ddc_dzo_03780,labeled,Romeo,1.4673485,-1.076883,0.86066675,9.995224,9.470353,8.835844
ddc_dzo_09193,labeled,Romeo,3.2486768,-1.0488234,1.1791477,9.655744,10.483033,9.367507
ddc_dzo_02665,labeled,Romeo,1.8960581,-0.7837704,1.4591966,10.272525,10.841437,7.9366546
ddc_dzo_04227,labeled,Romeo,2.1040652,-1.1289908,0.58937573,9.973312,12.206388,8.867686
ddc_dzo_04903,labeled,Romeo,3.1930184,0.7130803,1.2779745,11.9970255,10.2439995,9.231035
ddc_dzo_05486,labeled,Romeo,2.1713428,0.64406824,-1.8051748,10.253521,10.986565,8.138593
ddc_dzo_02434,labeled,Romeo,2.987753,-0.4043069,-0.72539735,10.148492,11.290974,9.484595
ddc_dzo_03223,labeled,Romeo,2.0214212,-2.278662,0.35522768,11.247299,10.314254,8.01333
ddc_dzo_02774,labeled,Romeo,0.6640792,-0.41119578,0.59724677,10.49926,10.021421,8.881472
ddc_dzo_01929,labeled,Romeo,1.7714697,-1.4747815,0.25778818,9.739013,10.291782,7.8278937
ddc_dzo_03283,labeled,Romeo,1.3333784,0.22747305,0.40728605,10.106589,9.365125,8.900113
ddc_dzo_09662,labeled,Romeo,2.5657685,0.08345413,0.61557555,9.864521,10.574729,9.60033
ddc_dzo_09316,labeled,Romeo,1.0292592,-2.2672472,0.28877437,9.93851,10.117002,8.823488
ddc_dzo_02920,labeled,Romeo,2.2013566,0.39392912,-0.55275154,10.825206,10.369837,9.509981
ddc_dzo_05142,labeled,Romeo,2.050346,1.230126,-0.66399604,9.435818,10.059822,8.626358
ddc_dzo_06907,labeled,Romeo,1.4778996,-0.49021435,1.6836154,9.277768,11.937143,8.567983
ddc_dzo_01533,labeled,Romeo,1.9616323,-0.39967674,1.1251636,11.346505,10.293263,9.239538
ddc_dzo_07439,labeled,Romeo,2.2390876,-0.9997635,1.4873221,11.084763,11.646095,9.837245
ddc_dzo_04278,labeled,Romeo,2.1721601,0.40336382,0.90681577,11.881129,10.369818,10.080026
ddc_dzo_03762,labeled,Romeo,2.604495,-0.74477345,1.0364084,9.0612955,11.404538,7.469712
ddc_dzo_08683,labeled,Romeo,3.033557,0.18347502,0.44323826,10.265979,12.312164,8.140962
ddc_dzo_01805,labeled,Romeo,1.6826642,-1.2179368,0.69486475,10.124079,11.34626,9.4527855
ddc_dzo_08407,labeled,Romeo,1.531342,-1.864084,1.2259715,8.749471,10.638339,9.318249
ddc_dzo_04556,labeled,Romeo,2.6583407,-0.3573383,0.90232396,8.814925,11.701997,8.9789715
ddc_dzo_09340,labeled,Romeo,2.1702318,-0.6704791,0.24592638,10.182871,12.306198,7.970141
ddc_dzo_00830,labeled,Romeo,1.3628521,-1.0000215,0.39868343,9.992709,12.517773,9.347081
ddc_dzo_08242,labeled,Romeo,2.306656,-0.17684895,0.9097526,8.624215,12.195018,9.272065
ddc_dzo_03057,labeled,Romeo,3.3802555,0.36677408,-0.1807406,8.51989,11.999284,7.8864226
ddc_dzo_06295,labeled,Romeo,2.107244,-1.6502516,0.07241511,8.707877,12.373196,9.102705
ddc_dzo_03255,labeled,Romeo,1.0507708,-1.5753531,0.49946222,9.614405,11.176183,8.632283
ddc_dzo_08587,labeled,Romeo,2.9536543,-0.7125461,0.54444003,8.550187,11.774571,9.350494
ddc_dzo_05770,labeled,Romeo,0.23531556,-0.10941267,-0.3238244,8.453194,11.086722,9.143096
ddc_dzo_07826,labeled,Romeo,2.4304395,-0.59229326,0.45250952,8.926277,11.57565,8.578808
ddc_dzo_01464,labeled,Romeo,1.87321,-2.3483858,1.6967709,9.59027,12.72311,7.5445514
ddc_dzo_09780,labeled,Romeo,2.4450254,-0.96450233,1.454365,10.619724,11.727051,9.432349
ddc_dzo_04064,labeled,Romeo,1.7777574,-0.5701041,-0.52962136,10.12866,12.376267,9.623868
ddc_dzo_01993,labeled,Romeo,3.8844545,-1.3950884,0.94826746,10.279867,12.411443,9.409912
ddc_dzo_08432,labeled,Romeo,3.109458,-1.6685629,0.732347,9.0197,12.712234,8.179589
ddc_dzo_01774,labeled,Romeo,3.3404965,-1.0061222,0.905561,9.799245,12.730719,8.428517
ddc_dzo_07689,labeled,Romeo,2.9737985,-1.3780184,0.80550945,8.504494,12.109508,9.347657
ddc_dzo_00127,labeled,Romeo,1.4762373,-0.96073127,0.058614254,8.708901,11.854478,9.329808
ddc_dzo_02081,labeled,Romeo,0.8270304,-2.0485563,1.1853874,9.507854,10.98595,10.119701
ddc_dzo_01043,labeled,Romeo,2.0656953,-2.8783054,0.9282961,10.012793,12.052439,9.314511
ddc_dzo_01173,labeled,Romeo,2.7414746,-0.68042874,0.2048037,8.581925,11.975118,9.212776
ddc_dzo_07030,labeled,Romeo,2.6733897,-1.6440442,0.7276635,10.795937,12.20593,8.188215
ddc_dzo_01468,labeled,Romeo,2.47149,-0.52235174,-0.4027918,8.688148,10.785446,10.072219
ddc_dzo_00903,labeled,Romeo,3.3525772,-1.6646752,0.69285357,8.564532,12.261297,9.182956
ddc_dzo_03914,labeled,Romeo,1.4374479,-1.856492,0.8445014,9.732981,10.810883,10.615203
ddc_dzo_06029,labeled,Romeo,1.9702989,-0.37806883,0.3988173,9.667853,12.45063,7.8436203
ddc_dzo_00521,labeled,Romeo,2.453298,-0.86506325,0.5832033,8.872296,12.00736,7.207371
ddc_dzo_01847,labeled,Romeo,3.6907213,-2.0721898,1.246687,8.893249,11.452942,9.533298
ddc_dzo_02507,labeled,Romeo,1.9781177,-1.7399105,0.7108133,9.378172,12.206321,7.845523
ddc_dzo_06111,labeled,Romeo,1.1977341,-1.6782324,0.29882565,9.86614,10.32309,7.876003
ddc_dzo_04044,labeled,Romeo,1.3253217,-1.2848235,0.4832425,8.876033,10.901545,8.944972
ddc_dzo_07377,labeled,Namgay,-2.1928797,0.46635443,-4.764274,11.8231325,9.243579,9.943947
ddc_dzo_00255,labeled,Romeo,3.0426054,-1.0514057,-0.3995161,8.943363,11.975959,7.0964255
ddc_dzo_08891,labeled,Romeo,1.9560622,-0.77139306,0.4581313,8.646589,11.948403,7.7028637
ddc_dzo_03652,labeled,Romeo,1.7551863,-1.5741885,0.07202387,8.651239,11.351162,9.738966
ddc_dzo_08767,labeled,Namgay,-2.0169868,0.4262929,-8.291079,12.945245,4.6999736,5.506827
ddc_dzo_07867,labeled,Romeo,2.8624601,-2.284255,1.1375384,8.446985,12.113855,9.235097
ddc_dzo_04709,labeled,Romeo,2.6226306,-0.38998818,0.5213957,8.301468,12.024706,8.49207
ddc_dzo_02119,labeled,Namgay,-1.4325056,0.34503698,-8.074034,12.775916,5.143797,5.51206
ddc_dzo_01555,labeled,Romeo,2.9994178,-0.8350762,0.02258873,8.363243,11.3278475,9.174307
ddc_dzo_07300,labeled,Romeo,3.0376716,-1.2253549,-0.61236,8.2736025,11.859073,8.840017
ddc_dzo_02866,labeled,Romeo,0.9723985,-1.4529765,-0.23111343,9.10598,11.671661,8.857858
ddc_dzo_07202,labeled,Namgay,-1.4773455,1.069753,-12.755933,12.911261,4.856428,5.5970745
ddc_dzo_01883,labeled,Namgay,-1.765111,0.19419861,-7.8795033,12.978412,4.696473,5.514605
ddc_dzo_03317,labeled,Romeo,1.4355435,-1.3134019,0.49447525,9.776366,11.205233,10.026747
ddc_dzo_09798,labeled,Romeo,2.4906054,-0.8433547,0.52333665,8.638308,12.316561,9.278907
ddc_dzo_04857,labeled,Romeo,1.8177905,-1.4173971,0.27874756,8.522852,11.574409,9.298673
ddc_dzo_04137,labeled,Romeo,2.443657,-0.45006397,1.5559816,10.394223,12.376742,8.476064
ddc_dzo_07905,labeled,Romeo,1.5258327,-0.7844396,0.49858618,9.310224,12.613386,7.7113833
ddc_dzo_00586,labeled,Romeo,1.749557,-0.34531063,-0.44092607,8.394414,11.527524,9.374266
ddc_dzo_04962,labeled,Romeo,0.24974406,0.5894543,-0.08319807,8.915357,10.868359,7.755403
ddc_dzo_09711,labeled,Namgay,-1.388176,0.7955586,-14.950503,12.621312,4.776641,5.2317004
ddc_dzo_04683,labeled,Romeo,2.1324456,-0.73604393,-0.05392897,8.461438,10.6723995,10.021624
ddc_dzo_04098,labeled,Romeo,1.6454136,-1.762001,-1.2494853,8.934427,10.78033,10.422568
ddc_dzo_08223,labeled,Namgay,-0.35098457,2.3804493,-6.7607155,12.617691,4.671295,5.3386602
ddc_dzo_08909,labeled,Romeo,1.2276243,-0.75838923,1.3328915,9.010839,11.396786,8.447121
ddc_dzo_01517,labeled,Romeo,2.2219067,-1.2840328,-0.12886399,8.75107,10.738431,10.267886
ddc_dzo_00665,labeled,Romeo,1.8512888,-1.8112912,-0.9590783,8.616387,10.650067,9.999771
ddc_dzo_09089,labeled,Namgay,-1.6080055,0.16261786,-8.459562,12.845869,4.656331,5.467834
ddc_dzo_03107,labeled,Romeo,1.3960607,-1.6191971,0.7313962,8.9722805,11.025193,8.001621
ddc_dzo_01448,labeled,Romeo,1.0046031,-2.298467,-1.0843415,8.900066,10.940917,8.8048
ddc_dzo_05544,labeled,Romeo,0.087510824,-1.0950453,-1.013767,10.207144,11.1961155,10.898028
ddc_dzo_09995,labeled,Namgay,-1.5468926,0.5847151,-9.01766,13.352592,4.918501,5.6033173
ddc_dzo_01115,labeled,Romeo,1.0057759,-1.6385238,-0.08778119,8.716936,10.195914,7.9101915
ddc_dzo_09290,labeled,Romeo,2.2440429,-1.3211818,1.706111,8.428212,10.774506,9.791624
ddc_dzo_02953,labeled,Romeo,2.700701,-0.696465,0.50668526,8.535346,11.348204,9.297655
ddc_dzo_03966,labeled,Romeo,1.3701487,-0.6521678,0.42867994,8.281802,11.523482,9.068794
ddc_dzo_07218,labeled,Romeo,1.6271634,0.3351617,-1.7044011,9.139662,11.397812,10.576523
ddc_dzo_07492,labeled,Romeo,2.2461212,-0.89057803,-0.84030414,10.173515,11.016259,11.290192
ddc_dzo_03805,labeled,Romeo,1.186439,0.10247803,0.4517932,8.551503,10.50442,10.195991
ddc_dzo_08049,labeled,Romeo,3.9326892,-1.9083718,0.26639056,8.642079,11.30434,8.625911
ddc_dzo_06914,labeled,Namgay,-1.8058567,0.42443216,-9.932157,13.078791,5.053844,5.6895585
ddc_dzo_01567,labeled,Romeo,2.4615183,-1.4642258,0.089901686,8.483405,10.699542,9.616668
ddc_dzo_04322,labeled,Romeo,0.94297224,-1.0247664,-0.15410808,8.638808,10.441988,8.016416
ddc_dzo_02745,labeled,Romeo,2.7166634,-1.3696918,-0.24682784,8.903033,11.251264,10.096934
ddc_dzo_08317,labeled,Romeo,3.4208364,-1.1067687,0.6951275,8.787745,12.290635,7.8385916
ddc_dzo_00358,labeled,Romeo,1.7858005,-1.2057867,0.8135766,9.004672,11.59428,8.253145
ddc_dzo_04350,labeled,Namgay,-1.5472889,0.23823631,-13.478824,12.723527,4.842931,5.357148
ddc_dzo_05137,labeled,Namgay,-2.671176,1.8192847,-12.706163,12.751245,4.6883354,5.3652363
ddc_dzo_05109,labeled,Namgay,-1.3478708,1.8923793,-7.9717145,12.676722,4.7661414,5.3509164
ddc_dzo_08401,labeled,Namgay,-1.1187582,2.0184207,-11.842519,12.662725,5.142728,5.2170973
ddc_dzo_09720,labeled,Namgay,-0.7716408,1.0145173,-12.551843,12.545351,5.076993,5.1875362
ddc_dzo_09392,labeled,Namgay,-0.29935455,-0.016869307,-9.097101,13.352671,4.93096,5.5973873
ddc_dzo_06633,labeled,Namgay,-1.5370617,0.7596422,-7.9771066,12.663236,5.8648195,5.6506505
ddc_dzo_00148,labeled,Namgay,-0.859992,-0.5643015,-6.6037245,13.310183,5.2966332,5.6209226
ddc_dzo_05124,labeled,Namgay,-0.6135235,-1.3819166,-7.027663,13.290466,5.3219695,5.7191653
ddc_dzo_06361,labeled,Namgay,0.0923152,0.1779139,-7.6465087,12.739102,5.478777,5.4477077
ddc_dzo_04807,labeled,Romeo,2.6143878,-0.5301769,0.876637,9.332339,11.711597,9.983672
ddc_dzo_06239,labeled,Romeo,2.2890027,-1.544091,-0.067745686,8.4039345,11.857123,8.684966
ddc_dzo_01240,labeled,Romeo,1.968451,-0.41953588,0.97242475,9.36763,11.923811,7.5298367
ddc_dzo_03506,labeled,Romeo,1.9839604,0.056353807,0.11433983,10.752997,12.43728,8.170187
ddc_dzo_01148,labeled,Romeo,2.2329412,-0.48563674,0.6856389,8.9553175,12.524913,7.5256877
ddc_dzo_08967,labeled,Romeo,1.2873981,-1.7623634,0.18295574,8.767658,10.398206,7.8058176
ddc_dzo_09020,labeled,Romeo,2.041065,-0.7828052,0.460145,9.4042425,12.432632,8.656815
ddc_dzo_05565,labeled,Romeo,2.6394215,0.2884977,-0.4262619,10.222366,12.522359,8.216035
ddc_dzo_04848,labeled,Romeo,1.4806198,-2.3451343,0.8260062,10.47937,11.572856,9.601376
ddc_dzo_04379,labeled,Romeo,2.313258,-1.6601187,1.3752204,8.672873,11.314019,9.367615
ddc_dzo_07641,labeled,Romeo,1.9504459,-2.1221907,0.90132236,11.75363,10.395112,10.203981
ddc_dzo_04183,labeled,Romeo,1.7032778,-0.34079242,0.21255994,10.038243,12.28072,8.276894
ddc_dzo_01010,labeled,Romeo,2.0543408,1.1066797,0.6731193,11.031452,10.647939,8.848602
ddc_dzo_09497,labeled,Romeo,3.0025203,-0.7334962,0.07000595,9.157732,11.747023,10.30291
ddc_dzo_04176,labeled,Romeo,1.9406132,-0.53498983,1.3407764,9.230838,12.357015,7.779109
ddc_dzo_07913,labeled,Romeo,2.153849,-1.0311105,0.33482814,10.376346,11.325556,10.831198
ddc_dzo_03741,labeled,Romeo,1.2111764,-1.3619657,0.8790244,9.261867,12.42805,8.621996
ddc_dzo_01961,labeled,Romeo,1.4566722,-1.5551671,0.030193806,8.479272,11.833527,8.902536
ddc_dzo_06878,labeled,Romeo,2.47719,-1.0755883,-0.041941166,8.750093,12.441503,7.948911
ddc_dzo_04325,labeled,Romeo,2.3013692,-1.40535,-1.0107789,9.240382,11.980335,10.272429
ddc_dzo_01089,labeled,Romeo,1.0563737,-1.460227,0.61791587,9.223892,10.621405,8.069689
ddc_dzo_02532,labeled,Romeo,1.8590171,-1.2494501,0.6815622,10.144585,11.918449,10.567506
ddc_dzo_05963,labeled,Romeo,1.387949,-0.45597315,0.39224124,8.577245,10.7571945,9.691798
ddc_dzo_09957,labeled,Romeo,3.114214,-2.1656003,0.77271754,8.416444,11.890298,9.560686
ddc_dzo_02440,labeled,Namgay,-1.0116042,1.1721871,-4.4942594,10.713837,9.875275,3.6629634
ddc_dzo_07546,labeled,Romeo,0.90394187,-1.2973245,0.4596696,8.802423,12.357095,9.278497
ddc_dzo_09553,labeled,Romeo,3.2928395,-0.777791,0.31912613,8.533272,11.522485,9.835512
ddc_dzo_08602,labeled,Romeo,1.4466335,-0.2465448,0.90928316,9.723207,12.676113,8.844206
ddc_dzo_03643,labeled,Namgay,1.2107818,0.1295743,-7.180354,11.015333,11.126922,7.2727695
ddc_dzo_04324,labeled,Romeo,2.3667908,-1.572881,1.075516,8.480869,11.832607,9.473591
ddc_dzo_00690,labeled,Romeo,2.3503368,-0.85549164,0.90128183,8.460621,11.779063,9.310343
ddc_dzo_05715,labeled,Romeo,1.3099995,-1.3412411,0.6430559,9.778796,12.619513,7.9971843
ddc_dzo_01857,labeled,Romeo,2.3989615,-0.47351587,0.76646256,9.315786,12.495887,8.169151
ddc_dzo_06236,labeled,Romeo,0.42784953,0.091547966,0.68456364,10.361419,11.300706,10.598202
ddc_dzo_07516,labeled,Romeo,1.8455663,-0.71275234,0.5692326,8.5317335,11.508248,9.841156
ddc_dzo_08628,labeled,Romeo,2.1291056,-1.2909317,-0.2055862,8.893299,12.029774,7.0757594
ddc_dzo_07154,labeled,Romeo,2.228309,-2.5841322,1.2564683,10.158076,11.1034355,11.646226
ddc_dzo_02469,labeled,Namgay,0.8340397,1.7567801,-6.1346564,11.047233,10.414076,5.970738
ddc_dzo_09476,labeled,Romeo,1.5421158,-0.584774,0.41075706,10.186961,11.102535,11.671169
ddc_dzo_06419,labeled,Namgay,1.1955034,-0.1323142,-2.4032142,10.990977,10.495547,6.0211773
ddc_dzo_05203,labeled,Namgay,-0.9930108,0.13945031,-5.1782045,11.026855,10.400021,5.8025117
ddc_dzo_02005,labeled,Romeo,1.009469,-1.3718092,-0.025144577,10.259225,11.120333,11.715257
ddc_dzo_01721,labeled,Romeo,1.3274838,-1.6908457,1.160972,11.063213,11.948675,10.287758
ddc_dzo_07325,labeled,Romeo,2.9380395,-0.8086462,0.09683806,10.076743,12.028592,10.425518
ddc_dzo_02403,labeled,Romeo,2.55272,-1.8864758,0.11170912,9.013767,11.717763,8.132607
ddc_dzo_01316,labeled,Romeo,1.5477667,-1.8436713,0.8707505,8.99975,11.990561,9.492439
ddc_dzo_04931,labeled,Namgay,-0.09520483,-0.5543289,-4.367236,10.717293,12.080707,7.644462
ddc_dzo_03577,labeled,Namgay,-0.34218025,0.9280977,-4.120331,11.031143,10.443459,5.915556
ddc_dzo_06832,labeled,Romeo,0.97205937,-1.1969581,1.3927708,9.160246,10.723614,10.663874
ddc_dzo_03543,labeled,Romeo,2.572326,-0.540288,0.2578137,10.230748,11.141572,11.740568
ddc_dzo_03378,labeled,Namgay,-1.7031736,0.79705024,-7.087984,13.28354,5.1854367,5.7649946
ddc_dzo_03620,labeled,Namgay,0.44581842,-1.0923865,-5.43404,12.013675,11.327534,10.444735
ddc_dzo_07058,labeled,Romeo,1.5401297,-0.75788575,0.29949284,9.541781,11.867304,7.2528696
ddc_dzo_05840,labeled,Namgay,-0.11684179,1.1681391,-7.595773,11.293774,12.074629,9.0915785
ddc_dzo_09047,labeled,Romeo,2.520424,-1.3276076,0.09884572,8.785192,11.42381,9.988011
ddc_dzo_00720,labeled,Romeo,1.7400918,-0.9771711,0.6506567,9.835695,12.627725,8.111648
ddc_dzo_01062,labeled,Romeo,1.9870157,0.21423978,-0.29258502,9.176205,10.867491,10.6266365
ddc_dzo_08924,labeled,Romeo,0.5220503,-1.3500574,-0.5180154,8.493614,10.734318,10.066078
ddc_dzo_05507,labeled,Namgay,-0.98089576,0.6468425,-6.5310917,11.041486,10.431482,5.9723988
ddc_dzo_09044,labeled,Thinley,-10.124032,-1.4332292,1.4367452,9.193836,5.2535367,10.550271
ddc_dzo_05302,labeled,Thinley,-7.7582593,-2.0287023,0.8144083,10.140067,5.9661703,11.350206
ddc_dzo_00865,labeled,Thinley,-9.085827,-1.8058943,1.587009,10.391279,5.5325727,10.77945
ddc_dzo_05094,labeled,Thinley,-10.213587,-2.3422573,2.597137,9.144604,4.9957833,10.497635
ddc_dzo_08455,labeled,Thinley,-7.56674,-1.7690393,-0.3554697,10.96944,10.184476,10.54877
ddc_dzo_03449,labeled,Thinley,-10.128453,-1.6960379,0.4378338,9.2605505,4.6008105,10.856307
ddc_dzo_00795,labeled,Thinley,-6.607688,-1.2348548,0.57822704,10.08137,4.6833973,9.834933
ddc_dzo_05953,labeled,Thinley,-10.316702,-1.7891772,1.7364106,9.442399,4.499178,10.310004
ddc_dzo_02383,labeled,Thinley,-8.777039,-1.8991649,0.5180602,9.955974,4.6960835,9.70735
ddc_dzo_06939,labeled,Thinley,-7.6873875,-1.5576999,1.4677861,10.461502,5.7096634,10.87687
ddc_dzo_05409,labeled,Thinley,-7.6891856,-1.5403844,1.1987612,9.385165,4.7282176,10.21576
ddc_dzo_00076,labeled,Thinley,-6.87349,-1.7029194,1.4051572,9.485166,5.2222185,10.234017
ddc_dzo_08285,labeled,Thinley,-8.370693,-1.7552441,1.2686644,9.421635,4.711996,9.90668
ddc_dzo_03217,labeled,Thinley,-8.065432,-2.4400868,0.41872883,10.3617,5.584638,10.861084
ddc_dzo_06125,labeled,Thinley,-10.04693,-2.32328,1.8189752,9.657769,4.2221155,10.202247
ddc_dzo_02082,labeled,Thinley,-8.364523,-1.1052489,0.9980608,9.558768,4.7214437,10.352089
ddc_dzo_07283,labeled,Namgay,-2.120338,0.7586609,-10.935273,-5.25127,5.800653,8.98957
ddc_dzo_07396,labeled,Namgay,-1.5601459,0.106552064,-12.594725,-5.277068,5.8604994,9.01999
ddc_dzo_03660,labeled,Thinley,-9.657901,-1.8690856,0.9501507,9.220019,5.517957,10.745366
ddc_dzo_08249,labeled,Namgay,-2.7171004,0.5430875,-9.809123,-5.284228,5.8780456,9.050071
ddc_dzo_06628,labeled,Namgay,-0.01852727,-0.3005867,-12.253972,-5.2758236,5.866837,9.0404415
ddc_dzo_00932,labeled,Thinley,-5.7932167,-0.14130437,1.2736005,10.901101,9.634305,10.505612
ddc_dzo_00832,labeled,Thinley,-7.739054,-2.1597743,1.2620885,10.3057375,5.7242312,10.6096525
ddc_dzo_08386,labeled,Thinley,-4.962158,-0.07458854,0.91671324,9.508845,10.998127,7.6651964
ddc_dzo_00176,labeled,Thinley,-8.604912,-1.5326238,0.622731,10.063405,5.153153,10.479443
ddc_dzo_04632,labeled,Thinley,-8.586541,-2.5125256,0.03247893,9.297086,5.064388,10.249204
ddc_dzo_09896,labeled,Thinley,-7.6374016,-1.3870119,2.1293414,10.116165,4.9640584,10.172583
ddc_dzo_04509,labeled,Thinley,-6.3441706,-0.8099575,0.53665566,10.574078,5.8559027,10.560507
ddc_dzo_09684,labeled,Thinley,-8.210557,-0.6556277,0.35094428,10.479157,6.344936,10.71653
ddc_dzo_01190,labeled,Thinley,-6.915584,-1.077816,-0.36749363,9.357525,5.394264,10.562427
ddc_dzo_08941,labeled,Thinley,-7.7482758,-0.9267416,2.030362,10.56672,4.7636733,9.519421
ddc_dzo_05873,labeled,Thinley,-8.935428,-0.5175667,-0.19742778,9.832928,5.337111,9.555115
ddc_dzo_01128,labeled,Thinley,-7.37286,-0.017488122,0.033625126,10.510663,5.1564565,9.886887
ddc_dzo_02981,labeled,Thinley,-9.624741,-0.8077635,1.5576785,10.009004,4.6328626,9.447081
ddc_dzo_08516,labeled,Thinley,-5.2181664,0.35885644,0.44284225,9.422984,5.085294,9.947173
ddc_dzo_07829,labeled,Thinley,-4.63062,-0.99397254,1.1619301,9.862209,4.7295675,9.315582
ddc_dzo_00940,labeled,Thinley,-6.555423,-0.94196343,0.39578408,10.612052,5.1068625,10.052076
ddc_dzo_03691,labeled,Thinley,-10.394004,-0.48691702,0.7550974,9.284848,4.4735937,10.578648
ddc_dzo_06037,labeled,Thinley,-7.8851666,-2.0210724,0.32930732,8.976901,4.6877956,10.569028
ddc_dzo_06567,labeled,Thinley,-7.7543926,-1.2251871,1.8221184,9.770159,5.376648,10.310374
ddc_dzo_04668,labeled,Romeo,1.4075,-1.2641642,-0.55415154,9.864188,11.662257,10.890235
ddc_dzo_01206,labeled,Romeo,1.6914138,-1.656565,1.2471201,9.640611,11.863096,10.596276
ddc_dzo_02111,labeled,Romeo,2.031706,0.5276735,0.23398656,11.282038,10.3836355,10.389095
ddc_dzo_00520,labeled,Romeo,3.2145455,0.7511473,0.4635241,10.997577,10.1511755,7.714771
ddc_dzo_07097,labeled,Romeo,0.37389332,-1.4973795,0.49150658,11.339317,9.733028,10.3122
ddc_dzo_02840,labeled,Romeo,2.4636874,-1.8182197,0.36711645,10.164029,11.127788,9.975015
ddc_dzo_04162,labeled,Romeo,1.4050438,0.23828983,-0.4222808,10.341049,11.370293,10.9033985
ddc_dzo_09238,labeled,Romeo,1.4435722,-1.9331264,0.2839445,8.913253,12.0958185,9.411963
ddc_dzo_02198,labeled,Romeo,1.978554,-1.018357,-0.2829829,10.722053,11.594591,8.011192
ddc_dzo_02059,labeled,Romeo,1.1460295,-1.1144904,0.3580897,9.44332,12.528827,7.9955225
ddc_dzo_09060,labeled,Romeo,1.8549691,-0.32344893,-1.1861787,11.370797,11.803701,10.196901
ddc_dzo_03432,labeled,Romeo,3.002582,-1.9884695,-0.55328554,9.8747635,12.048553,10.398165
ddc_dzo_00576,labeled,Romeo,2.085188,-0.60566926,-0.07399273,9.352769,11.724383,10.484246
ddc_dzo_03945,labeled,Romeo,0.97187424,0.7391714,-0.16656208,11.072662,12.022689,10.11286
ddc_dzo_04419,labeled,Romeo,2.244703,0.56161904,0.344038,12.099316,10.979419,10.723537
ddc_dzo_05807,labeled,Romeo,3.2829823,-1.3124064,0.51134205,10.187055,11.808268,10.264837
ddc_dzo_08191,labeled,Romeo,3.0478644,-1.278754,0.36053628,8.45285,11.671866,8.96699
ddc_dzo_08559,labeled,Romeo,2.1907525,-1.782867,0.31148863,8.752945,11.932746,8.742891
ddc_dzo_00225,labeled,Romeo,0.972734,-0.15390062,-0.61838067,8.649408,11.660659,9.41393
ddc_dzo_09628,labeled,Romeo,1.9293935,-0.80335724,-0.17774153,9.6901455,11.3011055,8.709339
ddc_dzo_09944,labeled,Romeo,0.94607997,-0.47709668,0.07256615,9.612841,11.932914,10.193037
ddc_dzo_00488,labeled,Romeo,1.7435336,-1.0442748,0.4928119,8.5316515,11.42182,8.807721
ddc_dzo_06477,labeled,Romeo,1.7506694,0.30597258,-0.078971386,9.272625,11.754858,10.385133
ddc_dzo_01474,labeled,Romeo,3.2260005,-1.4995847,0.68585163,9.157249,11.761852,10.350224
ddc_dzo_08082,labeled,Romeo,2.9945884,-2.6793215,-1.0760269,8.394751,12.19161,8.794966
ddc_dzo_04443,labeled,Romeo,1.9589496,-1.6135081,0.3321761,9.574233,12.309618,8.77581
ddc_dzo_03340,labeled,Romeo,0.5178857,-1.3441617,1.8010461,9.188321,12.40523,8.7248745
ddc_dzo_09565,labeled,Romeo,1.9627635,-0.21256542,0.3370765,8.738546,11.761401,9.467147
ddc_dzo_01689,labeled,Romeo,2.6680624,-1.126224,0.82289124,8.729032,12.108988,7.9596677
ddc_dzo_07222,labeled,Romeo,2.4063175,-0.060675383,-0.12961555,9.212303,12.0849695,7.486511
ddc_dzo_01458,labeled,Romeo,1.5780873,-0.49936092,1.0048002,9.97507,12.193041,7.6706667
ddc_dzo_05772,labeled,Romeo,2.9095588,-2.0020714,1.8163905,9.87289,12.215331,9.023145
ddc_dzo_09418,labeled,Romeo,2.7400594,-0.85786605,0.6364587,9.660433,12.081023,9.034722
ddc_dzo_04764,labeled,Romeo,3.2712548,0.57416344,-0.058288455,9.501611,11.530318,6.7723475
ddc_dzo_01563,labeled,Romeo,1.9803715,-1.7053828,-0.5015278,8.7564335,11.857848,9.492665
ddc_dzo_03795,labeled,Romeo,3.6803071,-0.828336,0.019454002,9.401812,11.142744,7.7478056
ddc_dzo_01693,labeled,Romeo,3.2510417,-1.5400047,-0.028995037,11.056816,10.642869,10.725498
ddc_dzo_05218,labeled,Romeo,2.0378864,-1.5592854,0.1712048,8.830735,12.032897,9.509004
ddc_dzo_07921,labeled,Romeo,1.7816143,-1.4247179,0.36700106,8.547639,11.984448,8.650909
ddc_dzo_03585,labeled,Romeo,1.5255517,-1.2484193,0.27518868,8.980408,11.753875,10.186826
ddc_dzo_02335,labeled,Romeo,2.3305893,-1.0222936,-0.16361344,8.975361,12.52082,8.506543
ddc_dzo_02505,labeled,Romeo,2.9388757,-0.97683334,-0.83427095,8.460082,12.03435,9.160654
ddc_dzo_08837,labeled,Romeo,2.2528887,0.353651,0.4479897,9.429935,11.336636,8.8301
ddc_dzo_02564,labeled,Romeo,2.8429947,-0.46963924,0.986444,9.150557,11.734254,10.170742
ddc_dzo_07799,labeled,Romeo,2.8662589,-0.64575577,0.3534661,9.83927,11.19686,8.944342
ddc_dzo_03114,labeled,Romeo,2.8086255,-1.5902611,-0.09373039,8.776452,11.483582,8.715533
ddc_dzo_02625,labeled,Romeo,2.4704928,-1.1074469,-0.29057264,9.420319,12.530761,7.683193
ddc_dzo_01557,labeled,Romeo,2.3392344,-0.11096692,0.3566618,9.96256,11.624924,9.936528
ddc_dzo_05673,labeled,Romeo,2.6731865,-1.0990562,0.06659508,9.285224,12.195302,7.123558
ddc_dzo_01735,labeled,Romeo,2.3585663,-1.556332,0.7206609,11.139254,11.089597,10.133859
ddc_dzo_03603,labeled,Romeo,0.8937486,-1.3052825,0.015471488,9.473316,11.608946,9.844243
ddc_dzo_01833,labeled,Romeo,1.5281677,-1.1866629,0.90769005,9.533594,12.28728,8.632462
ddc_dzo_04699,labeled,Romeo,2.8647273,-1.4095196,0.43964863,9.306576,12.336283,8.060294
ddc_dzo_01832,labeled,Romeo,1.7808487,0.2048887,0.38597918,9.045394,11.728913,7.36301
ddc_dzo_07443,labeled,Romeo,1.5583954,-0.7909937,0.8575772,9.163083,11.628002,10.123918
ddc_dzo_04844,labeled,Romeo,2.2557907,-0.42681575,0.8527603,9.058737,12.441733,8.715512
ddc_dzo_03307,labeled,Romeo,1.576858,2.8396044,0.7555935,10.085369,12.082165,10.284459
ddc_dzo_04925,labeled,Romeo,1.5676129,-0.3490429,0.6801665,9.476959,11.682106,10.540817
ddc_dzo_08356,labeled,Romeo,2.387914,1.7145021,-0.038288176,10.974058,11.845218,8.425351
ddc_dzo_08737,labeled,Romeo,0.74817824,0.5658897,0.30250025,8.735882,11.887188,8.97163
ddc_dzo_00257,labeled,Romeo,1.3625121,-0.14839397,0.45958817,8.9644575,11.894246,10.013732
ddc_dzo_05612,labeled,Romeo,2.3473673,-0.9709508,-0.4026808,9.031458,12.159618,9.313166
ddc_dzo_07715,labeled,Romeo,-0.2391926,-1.4277635,-0.7758193,9.677771,11.337077,10.462573
ddc_dzo_01291,labeled,Romeo,2.596827,-0.31785452,0.8880949,9.053727,12.63603,8.192528
ddc_dzo_09324,labeled,Romeo,2.4988184,-1.047152,0.26470518,9.869009,12.414728,9.393511
ddc_dzo_04914,labeled,Romeo,2.2137933,-2.3062954,0.26160502,9.525265,12.453221,8.785364
ddc_dzo_08499,labeled,Romeo,1.491766,-0.74995613,-0.5231726,8.49391,10.666541,9.812633
ddc_dzo_06673,labeled,Romeo,2.2314346,-0.64862865,0.87701833,9.789619,12.367201,9.7702875
ddc_dzo_08054,labeled,Romeo,2.09057,-1.0570693,0.8190389,9.813213,12.349437,9.173229
ddc_dzo_03934,labeled,Romeo,1.3494925,-1.3642035,0.57002354,10.775366,11.691937,7.9950314
ddc_dzo_06467,labeled,Romeo,3.1209826,-0.29744053,0.26068032,11.264247,10.637159,7.0954003
ddc_dzo_04958,labeled,Romeo,2.1528745,-1.2371309,0.4207152,9.319398,10.240121,8.114425
ddc_dzo_05092,labeled,Romeo,3.3957028,0.07397342,1.0980659,11.276316,10.591557,10.704638
ddc_dzo_01615,labeled,Romeo,2.8707225,-1.7540581,-0.06520176,8.641147,11.20868,8.6300955
ddc_dzo_05344,labeled,Romeo,1.3489558,-1.9527748,-0.853156,8.815703,11.746531,8.819814
ddc_dzo_09251,labeled,Romeo,-0.51908493,-1.6227376,0.43076825,10.699901,12.217963,9.192274
ddc_dzo_08875,labeled,Romeo,2.3367028,-1.0210114,0.7687751,8.663364,11.49734,9.617259
ddc_dzo_07648,labeled,Romeo,1.8177328,0.031458378,0.1315245,10.58725,12.022471,10.32485
ddc_dzo_02871,labeled,Romeo,3.8003225,-1.5834613,-0.011777133,10.268619,12.616821,8.626928
ddc_dzo_07272,labeled,Romeo,2.7177672,-1.713809,1.1241759,9.640746,12.421822,9.309089
ddc_dzo_02287,labeled,Romeo,1.5890257,-1.165668,0.7062824,9.2200775,11.553202,9.889826
ddc_dzo_08298,labeled,Romeo,2.9619107,-1.5839424,0.588467,9.781666,11.986156,9.348224
ddc_dzo_05919,labeled,Romeo,3.297562,-1.8127655,0.8066958,8.6807,12.226621,9.063055
ddc_dzo_00678,labeled,Romeo,1.7485454,-2.23428,-1.1552024,8.891325,11.768753,9.608574
ddc_dzo_06596,labeled,Romeo,0.44504547,-1.2411602,0.73413706,9.139886,11.147686,9.996939
ddc_dzo_04749,labeled,Romeo,2.046841,-0.5805148,1.3593205,9.366212,12.391021,8.632827
ddc_dzo_08787,labeled,Romeo,1.4841825,1.6873401,-0.49900293,9.48013,12.401583,8.625302
ddc_dzo_05120,labeled,Romeo,1.9166576,-1.2539386,-0.2752216,9.629456,12.509083,8.764163
ddc_dzo_07878,labeled,Romeo,2.6141512,-1.550247,0.8850746,9.57125,12.754769,7.8186307
ddc_dzo_07245,labeled,Romeo,1.5972064,-1.7466478,-0.14967632,8.426918,11.842541,9.269773
ddc_dzo_02648,labeled,Romeo,1.3859411,-1.6591947,0.9555781,8.867074,12.197598,7.6582417
ddc_dzo_01427,labeled,Romeo,0.82624876,-1.3157582,-1.0814829,8.843345,12.472185,8.57468
ddc_dzo_09649,labeled,Romeo,0.9527379,-0.21494675,0.38843703,8.741387,12.335561,9.341914
ddc_dzo_06194,labeled,Romeo,0.427956,-1.3191497,0.12955701,9.40627,9.699249,8.879752
ddc_dzo_00227,labeled,Romeo,2.621129,-0.28640333,1.1129203,8.612349,10.540385,8.875837
ddc_dzo_06722,labeled,Romeo,2.467859,-2.7141101,-1.1495308,9.195713,10.799187,7.688759
ddc_dzo_01387,labeled,Romeo,2.274759,-1.3392792,1.3441207,10.398088,11.915576,8.077948
ddc_dzo_01733,labeled,Thinley,-8.3066225,-0.18926138,0.8729061,9.865128,4.2982073,10.052573
ddc_dzo_08644,labeled,Thinley,-6.5542765,-0.43599653,0.56118333,10.614959,5.7956395,10.635329
ddc_dzo_06994,labeled,Thinley,-7.4631643,-2.1616526,0.71162415,9.698657,5.3237486,9.639632
ddc_dzo_06038,labeled,Thinley,-5.270262,0.04221821,0.008109331,10.338056,6.3581495,11.030289
ddc_dzo_00280,labeled,Dorji,-0.4600165,7.1163263,1.0881332,13.439879,9.02417,7.575445
ddc_dzo_05366,labeled,Dorji,-0.53124845,10.360555,2.4128876,13.440279,9.088423,6.6946917
ddc_dzo_00211,labeled,Dorji,-1.4697078,8.173086,0.42909408,13.435079,8.489894,6.524127
ddc_dzo_09624,labeled,Thinley,-8.011559,-1.4925778,2.0613785,9.540151,4.942377,9.749176
ddc_dzo_07179,labeled,Dorji,-0.63229656,7.8382244,1.0299796,13.272706,8.965773,6.592652
ddc_dzo_05626,labeled,Dorji,0.1715073,9.941705,1.1573339,13.325656,9.271907,6.453437
ddc_dzo_08770,labeled,Dorji,-1.7326605,4.700836,1.197984,12.717254,9.522889,7.4838605
ddc_dzo_05211,labeled,Dorji,-0.40546036,7.900099,-0.56707406,13.552672,8.956299,6.4011292
ddc_dzo_01048,labeled,Thinley,-5.8142953,-1.2684388,0.51188856,9.351672,5.559402,10.8724785
ddc_dzo_07468,labeled,Dorji,-0.6971791,10.302174,0.103259265,13.192115,9.035501,6.8902173
ddc_dzo_03124,labeled,Thinley,-9.152426,-1.6741419,0.75794685,9.57752,4.9465337,9.579342
ddc_dzo_08104,labeled,Thinley,-6.9883986,-1.9452039,1.0783349,9.75327,5.13014,9.4424
ddc_dzo_08961,labeled,Namgay,-1.2960863,0.53533334,-11.154482,12.661109,5.4931254,5.421632
ddc_dzo_03617,labeled,Thinley,-7.2598,-1.7553554,0.08260608,9.693185,5.2936335,9.565799
ddc_dzo_08416,labeled,Dorji,0.21054548,6.614603,1.0371339,13.315116,9.27763,6.466811
ddc_dzo_06579,labeled,Dorji,-1.2997746,7.1211543,0.66857445,13.48484,8.992514,7.5032206
ddc_dzo_05965,labeled,Thinley,-8.129922,-2.027604,0.59949374,10.407179,5.7239904,10.820592
ddc_dzo_05265,labeled,Thinley,-9.797527,-3.0142853,2.1455715,9.989874,4.771322,10.351037
ddc_dzo_06166,labeled,Dorji,-2.0329556,7.056549,1.3216107,13.201232,8.862482,7.4872694
ddc_dzo_08913,labeled,Thinley,-5.478543,-0.54705477,0.8416629,10.543063,5.2816043,10.01733
ddc_dzo_04271,labeled,Thinley,-7.7745357,-1.7143914,-0.09166336,9.6140785,5.526546,9.562418
ddc_dzo_04902,labeled,Thinley,-7.745655,-1.247457,-0.20126963,10.496123,5.9177394,10.913222
ddc_dzo_05545,labeled,Thinley,-7.8831873,-1.5458046,0.6501429,10.209589,5.1872253,9.977699
ddc_dzo_01181,labeled,Thinley,-5.663636,0.4540982,-0.8172394,10.855731,9.182376,7.4868393
ddc_dzo_07730,labeled,Romeo,0.39687824,0.5705428,-1.4946532,9.436946,11.8147135,7.4770627
ddc_dzo_00194,labeled,Romeo,3.2551408,-1.195951,-0.61889315,11.951041,11.198615,9.903086
ddc_dzo_05352,labeled,Romeo,2.435765,-0.2478087,0.791934,11.926466,11.075105,8.958304
ddc_dzo_05693,labeled,Romeo,2.3089375,-1.2096184,-0.05192852,11.449448,10.716556,8.2084255
ddc_dzo_03327,labeled,Romeo,1.5930605,-0.84408784,0.3139894,10.119321,9.960012,6.870255
ddc_dzo_00159,labeled,Romeo,1.9974573,-1.4574777,0.3659773,12.434775,10.445965,10.106406
ddc_dzo_05632,labeled,Romeo,3.2992196,-0.7215162,0.15796083,8.9914665,11.926195,8.285197
ddc_dzo_09379,labeled,Romeo,1.839143,-0.9273821,0.6751175,9.881514,11.100456,8.359896
ddc_dzo_01008,labeled,Romeo,1.7792094,-1.1852176,0.6748619,10.619291,10.790581,9.745193
ddc_dzo_03465,labeled,Romeo,1.5049336,-1.1017878,-0.052337646,9.4922495,10.729567,6.9002414
ddc_dzo_07766,labeled,Romeo,0.2243588,0.8433027,0.53119254,11.756675,9.892832,7.987296
ddc_dzo_03206,labeled,Romeo,0.39823306,-1.0962249,0.5201721,11.722605,9.550473,7.764253
ddc_dzo_00405,labeled,Romeo,1.3219137,-0.4215575,0.6827394,11.275129,11.148227,9.531291
ddc_dzo_07623,labeled,Romeo,1.0117089,0.061757088,1.1541895,12.216546,10.8261,8.385456
ddc_dzo_03847,labeled,Romeo,2.4340508,-1.561017,0.056625098,9.957189,10.287221,7.6875606
ddc_dzo_07341,labeled,Romeo,2.0146868,0.8988159,-0.36061573,10.793785,10.164436,6.568074
ddc_dzo_06782,labeled,Romeo,3.631024,-1.6361847,-0.14386177,11.321208,10.0845995,7.844662
ddc_dzo_05449,labeled,Romeo,3.0507686,-0.22394931,-0.34146905,11.354606,10.598283,9.371367
ddc_dzo_09108,labeled,Romeo,1.703877,-1.2982268,0.36898947,10.618387,10.219233,7.465665
ddc_dzo_09307,labeled,Romeo,1.5380356,-0.8503338,0.0929656,10.9054365,10.663777,6.9040246
ddc_dzo_07531,labeled,Romeo,1.5802965,0.32489705,-0.50050056,12.071657,10.931792,8.6684065
ddc_dzo_03363,labeled,Romeo,1.5138407,-0.10698551,0.6889992,9.854818,10.083648,8.345249
ddc_dzo_04027,labeled,Romeo,2.8485878,0.65741634,0.49508643,11.478119,11.424158,9.417636
ddc_dzo_07760,labeled,Romeo,2.534003,-0.83884203,0.7546847,8.721494,11.055335,8.956477
ddc_dzo_03894,labeled,Romeo,3.5189753,-0.853415,0.29665792,11.914984,11.770376,9.544496
ddc_dzo_09501,labeled,Romeo,2.604368,-1.3971279,1.9802088,9.967876,11.366926,9.85838
ddc_dzo_04203,labeled,Romeo,1.4349303,-1.8331571,0.57254505,11.942431,10.967066,10.66733
ddc_dzo_06713,labeled,Romeo,3.1070766,-1.4340878,-0.40865898,10.090335,11.086404,8.087942
ddc_dzo_05331,labeled,Romeo,2.080928,-2.9821317,0.26098287,10.27616,11.54333,7.988098
ddc_dzo_02677,labeled,Romeo,2.2864873,0.67427874,-0.5362018,9.982057,10.004085,6.947189
ddc_dzo_03723,labeled,Romeo,1.1472955,-1.6576704,0.0074181557,10.438332,11.044945,7.1499925
ddc_dzo_09925,labeled,Romeo,1.451609,-1.9325197,-0.91939163,11.0197115,10.054836,7.873895
ddc_dzo_09411,labeled,Namgay,-1.6173003,1.5580385,-12.276083,-4.9826074,5.5441785,8.589457
ddc_dzo_06485,labeled,Thinley,-8.610435,-1.1731272,1.0829983,10.296382,4.4502797,9.629072
ddc_dzo_00351,labeled,Thinley,-8.174598,-2.9354386,1.6976995,10.307713,4.5194054,9.675815
ddc_dzo_09536,labeled,Thinley,-10.893803,-1.254869,1.3794957,10.159537,4.223843,9.682934
ddc_dzo_03494,labeled,Thinley,-8.024452,-1.6303732,1.4246705,10.15846,4.27704,9.583843
ddc_dzo_06989,labeled,Thinley,-5.6244807,-0.0017652512,1.161593,10.424003,6.460493,10.827805
ddc_dzo_04589,labeled,Thinley,-5.6477103,1.011076,0.45929956,10.244085,4.3615184,9.711162
ddc_dzo_05012,labeled,Thinley,-7.1266003,-0.61818945,0.48751378,10.685906,5.1075153,10.2263
ddc_dzo_09998,labeled,Thinley,-9.086623,-1.5407383,1.0473001,10.465834,5.254888,10.230206
ddc_dzo_06857,labeled,Thinley,-7.730562,-1.7859194,0.49006575,9.810595,4.910201,10.420825
ddc_dzo_06283,labeled,Thinley,-9.57881,-1.752584,1.2779353,9.979395,4.718056,10.49387
ddc_dzo_08361,labeled,Dorji,0.30047035,5.67004,2.146641,13.273501,9.110647,6.44803
ddc_dzo_06889,labeled,Dorji,-0.08605766,8.272409,1.2354918,13.63809,8.926713,6.394093
ddc_dzo_09891,labeled,Dorji,-0.63709486,9.574635,1.5343882,13.659776,8.785033,6.4785156
ddc_dzo_04524,labeled,Dorji,0.11810875,8.251383,0.29577628,13.2566595,9.267257,7.77404
ddc_dzo_00307,labeled,Dorji,0.25466502,10.172043,1.1333609,13.213775,9.240061,7.2312865
ddc_dzo_00108,labeled,Dorji,-1.0978999,7.9752116,0.4881906,13.629544,8.497057,6.519643
ddc_dzo_05144,labeled,Dorji,-0.09346175,7.9269094,0.91795117,13.686042,8.765049,6.8656487
ddc_dzo_09380,labeled,Dorji,-0.05209118,8.404001,1.4441248,13.35988,9.082853,7.6795464
ddc_dzo_01295,labeled,Dorji,-1.2312036,9.57647,1.3055124,13.45179,8.71612,7.734039
ddc_dzo_09640,labeled,Dorji,-1.1163993,5.023955,0.21055639,12.840858,9.502312,7.7831917
ddc_dzo_06802,labeled,Dorji,-0.44682288,5.7674475,-0.14265314,13.040534,9.254381,7.565405
ddc_dzo_00642,labeled,Namgay,2.330718,0.7780746,-2.171392,8.90219,11.87762,9.922787
ddc_dzo_02589,labeled,Namgay,1.3857675,1.1860058,-1.1923662,10.314853,11.564159,10.089595
ddc_dzo_05879,labeled,Namgay,0.58554924,0.22999644,-5.166244,11.73096,11.458798,10.023292
ddc_dzo_01995,labeled,Namgay,-0.4664352,0.026643276,-3.4606597,8.903969,11.8137865,9.7618885
ddc_dzo_02724,labeled,Namgay,-0.6570115,1.2630674,-13.745562,-4.656135,5.330614,8.364242
ddc_dzo_07142,labeled,Namgay,-0.46850538,1.1089948,-12.654552,-5.164918,5.5808167,8.503944
ddc_dzo_02846,labeled,Namgay,-0.78682995,2.5138512,-11.653744,-4.6674623,5.362512,8.381525
ddc_dzo_03362,labeled,Namgay,-2.1374145,1.2788705,-12.756159,-4.6421976,5.353494,8.363008
ddc_dzo_06863,labeled,Namgay,0.19841766,0.8640466,-12.149996,-4.611195,5.422805,8.402978
ddc_dzo_04333,labeled,Namgay,-2.4420235,0.91110337,-11.092171,-4.7122993,5.4308405,8.501583
ddc_dzo_00034,labeled,Namgay,-2.0828023,0.89009345,-14.082273,-4.6193767,5.4524345,8.424081
ddc_dzo_05436,labeled,Namgay,0.28954697,-0.8366649,-12.400987,-4.733012,5.279605,8.347799
ddc_dzo_06381,labeled,Namgay,-1.721319,1.3411393,-11.1849,-4.7139244,5.302823,8.427857
ddc_dzo_02116,labeled,Namgay,-1.5127757,-0.51824033,-12.129221,-4.6117826,5.3862987,8.371701
ddc_dzo_03692,labeled,Namgay,-1.2860212,1.1519704,-9.071688,-4.846365,5.2119675,8.505708
ddc_dzo_01925,labeled,Namgay,-0.42044926,2.644698,-12.161291,-4.811461,5.3075943,8.534004
ddc_dzo_09719,labeled,Namgay,0.6496849,0.7604804,-11.8334675,-4.9985375,5.3486323,8.6073475
ddc_dzo_02993,labeled,Namgay,-0.9329635,0.7552333,-12.690159,-4.948642,5.476392,8.684709
ddc_dzo_07962,labeled,Namgay,-0.5599277,0.9505501,-12.357854,-4.7817297,5.090425,8.35592
ddc_dzo_07357,labeled,Namgay,-2.092567,-2.7146547,-14.968398,-4.7830005,5.192101,8.397333
ddc_dzo_09974,labeled,Namgay,-1.6337869,2.4787722,-12.502607,-5.233371,5.598054,8.512672
ddc_dzo_07513,labeled,Namgay,-1.0692344,0.4658963,-12.009181,-5.196612,5.5953174,8.553102
ddc_dzo_09447,labeled,Namgay,-0.79619694,1.0060246,-10.919212,-5.236324,5.636023,8.525083
ddc_dzo_06399,labeled,Namgay,-0.57953405,-0.403609,-11.230578,-5.2695274,5.6423526,8.500239
ddc_dzo_01170,labeled,Namgay,-1.0166755,1.6606406,-11.802338,-5.2086134,5.634055,8.56125
ddc_dzo_01312,labeled,Namgay,-2.7108183,1.4054525,-10.489409,-5.219883,5.6165166,8.520316
ddc_dzo_02170,labeled,Namgay,-2.1166308,1.3929185,-11.765918,-5.2134943,5.6465173,8.550246
ddc_dzo_09502,labeled,Namgay,-0.58598804,-0.44944715,-11.4458885,-5.225884,5.608368,8.528596
ddc_dzo_07646,labeled,Namgay,-1.4414463,0.30675232,-12.054929,-5.1714797,5.5516224,8.488291
ddc_dzo_09350,labeled,Namgay,-1.2174797,0.9966943,-12.636274,-4.9531765,5.5160275,8.635447
ddc_dzo_06427,labeled,Namgay,-1.2823377,1.2536371,-10.790861,-5.2194943,5.576474,8.532703
ddc_dzo_07032,labeled,Namgay,-0.60143566,0.19451761,-12.983414,-5.1642666,5.537247,8.529274
ddc_dzo_02899,labeled,Namgay,-0.5620873,0.7167574,-12.918058,-5.2139673,5.609693,8.529244
ddc_dzo_09227,labeled,Namgay,-0.9225528,0.78356296,-12.543995,-5.15787,5.6161447,8.629465
ddc_dzo_09555,labeled,Namgay,-1.3854506,-1.2137191,-15.519363,-4.8463635,5.209083,8.431738
ddc_dzo_08520,labeled,Dorji,1.2551401,7.4788885,1.1215663,13.402933,9.259491,6.4664016
ddc_dzo_00809,labeled,Dorji,0.77933526,5.9438405,0.29775906,13.113625,9.287621,7.4327946
ddc_dzo_09101,labeled,Dorji,-0.72494376,7.209367,-0.017312914,13.217986,9.265923,7.298651
ddc_dzo_05598,labeled,Dorji,0.72027445,7.275567,0.9545779,13.300856,9.204656,7.9058514
ddc_dzo_06538,labeled,Thinley,-11.209291,-1.949043,1.6168098,9.935308,4.58041,9.765486
ddc_dzo_05480,labeled,Dorji,-1.141423,9.3448515,0.13037205,13.316646,9.080565,6.3573503
ddc_dzo_05848,labeled,Dorji,1.5958558,7.2533226,-1.1197665,12.9649725,9.244758,6.679469
ddc_dzo_05306,labeled,Dorji,0.6893744,4.3223977,0.1820319,11.136911,10.571865,8.797995
ddc_dzo_01781,labeled,Dorji,1.0761886,5.989892,0.6823449,12.91509,9.349467,6.794992
ddc_dzo_06140,labeled,Dorji,-0.992123,6.74453,1.0764666,13.329685,9.025742,6.8302846
ddc_dzo_05816,labeled,Thinley,-7.4665575,-1.4784635,1.1120076,10.13191,5.1677427,10.118679
ddc_dzo_06631,labeled,Thinley,-8.686056,-1.6647396,1.1010864,9.642916,5.2536583,10.21086
ddc_dzo_07109,labeled,Thinley,-7.1836834,-1.3543546,-0.16674334,9.6633005,5.332138,9.673653
ddc_dzo_03967,labeled,Thinley,-9.999482,-1.5818623,-0.096560955,10.589352,5.13059,10.069621
ddc_dzo_01194,labeled,Thinley,-8.730424,-1.4365349,0.4662692,10.06955,5.0751796,10.440657
ddc_dzo_05998,labeled,Thinley,-10.74444,-1.0582461,0.8733851,9.589862,4.8071,10.902808
ddc_dzo_00442,labeled,Thinley,-10.030758,-1.7241819,0.6663363,9.343685,4.3889666,10.098076
ddc_dzo_08701,labeled,Thinley,-12.238279,-1.8788253,0.8058056,9.954207,4.1633687,10.067237
ddc_dzo_07416,labeled,Thinley,-8.450779,-1.6101958,-0.08901119,10.407567,4.9875503,9.98697
ddc_dzo_02010,labeled,Thinley,-7.158694,-1.974253,-1.3046466,10.15876,4.2642155,9.448774
ddc_dzo_06967,labeled,Thinley,-8.795312,-2.5658507,1.1022,10.151645,4.519555,9.796089
ddc_dzo_03187,labeled,Thinley,-5.884543,-0.21883154,0.79269123,10.265745,5.8671474,11.322288
ddc_dzo_04980,labeled,Thinley,-10.347133,-1.9663036,0.584496,10.061244,5.740379,11.388918
ddc_dzo_07808,labeled,Thinley,-9.764421,-1.7638494,1.4427764,9.627094,4.547005,9.697428
ddc_dzo_06196,labeled,Thinley,-9.391372,-0.98982596,0.035681844,10.2027445,4.833255,9.542083
ddc_dzo_09842,labeled,Thinley,-8.844924,-0.3111918,2.0215073,10.371615,5.5106406,10.503594
ddc_dzo_09119,labeled,Thinley,-9.620668,-0.18067575,0.8729794,10.711722,5.377742,10.379096
ddc_dzo_00366,labeled,Thinley,-6.1887493,0.07975963,0.10265231,10.747861,5.1439157,9.903231
ddc_dzo_01583,labeled,Thinley,-9.173987,-0.98018336,0.06669593,9.893364,4.574147,9.845483
ddc_dzo_05671,labeled,Thinley,-10.514819,-1.1013181,1.5788069,10.453867,5.8787723,10.764868
ddc_dzo_04296,labeled,Thinley,-11.554794,-1.7115767,0.14779711,9.67042,5.2177777,11.336336
ddc_dzo_09787,labeled,Thinley,-8.827919,-1.1810235,0.20702744,9.871596,4.818254,11.059395
ddc_dzo_03523,labeled,Thinley,-8.231031,-1.0834012,0.8698357,10.596787,4.7486644,9.655535
ddc_dzo_03621,labeled,Thinley,-6.4622164,-0.3913,1.0995996,9.7807045,4.32355,9.615115
ddc_dzo_09140,labeled,Thinley,-9.008289,-0.90699697,0.733551,10.168289,4.5212374,9.617387
ddc_dzo_04694,labeled,Thinley,-4.0216064,0.36194253,0.37321496,10.696187,5.129329,9.52209
ddc_dzo_04101,labeled,Thinley,-9.436986,-0.4064244,0.7776785,10.215832,4.6700587,10.622361
ddc_dzo_01092,labeled,Thinley,-10.246293,-1.0568608,0.837634,9.31932,5.1375914,10.49708
ddc_dzo_01047,labeled,Dorji,-2.0183458,11.12796,1.1539996,13.624541,8.30483,6.5621057
ddc_dzo_06336,labeled,Thinley,-7.0730133,-1.2748768,0.6745081,10.610519,5.719799,10.100311
ddc_dzo_02151,labeled,Thinley,-8.751173,-1.6874514,0.38108832,9.859235,4.649097,9.721174
ddc_dzo_06757,labeled,Thinley,-10.25964,-2.2022936,1.5042261,9.879143,4.684542,10.649342
ddc_dzo_05602,labeled,Thinley,-8.378501,-2.0700624,0.8062811,10.390242,4.537945,9.58985
ddc_dzo_06008,labeled,Thinley,-8.894301,-2.037372,0.32786858,9.993574,5.411842,10.092362
ddc_dzo_07382,labeled,Thinley,-9.44596,-0.71056986,1.0911055,10.516871,5.6264086,10.618337
ddc_dzo_06053,labeled,Thinley,-6.916191,0.09353542,0.26060927,10.479684,4.719078,9.334218
ddc_dzo_09359,labeled,Thinley,-9.305755,-1.5195141,0.7127757,10.1845455,5.5851793,10.856174
ddc_dzo_08565,labeled,Dorji,-0.5219359,6.899384,0.6209974,13.560636,8.675361,6.2623043
ddc_dzo_02226,labeled,Dorji,-2.013938,10.074806,2.4110022,13.675212,8.49426,6.3230467
ddc_dzo_05890,labeled,Dorji,-1.1621172,8.815945,0.7055605,13.59671,8.708813,6.791119
ddc_dzo_09481,labeled,Dorji,-1.0002968,7.067234,1.4188733,13.398545,8.899129,7.6697464
ddc_dzo_03251,labeled,Dorji,-0.14210296,6.8146687,0.85773695,13.224342,9.149235,6.2998095
ddc_dzo_07911,labeled,Dorji,-2.5840242,6.4952846,2.2349381,13.718169,8.282356,6.470203
ddc_dzo_07196,labeled,Dorji,-2.676674,7.761416,1.1595209,13.429859,8.601924,6.358454
ddc_dzo_01294,labeled,Dorji,0.0875787,9.893145,0.46963596,13.52691,8.557407,7.092031
ddc_dzo_00806,labeled,Dorji,-0.82781446,8.8546095,1.3558493,13.662345,8.524314,7.2820687
ddc_dzo_02301,labeled,Dorji,-0.85479325,9.7572975,0.98559904,13.743062,8.977504,6.91387
ddc_dzo_04762,labeled,Dorji,-0.67251,9.329611,1.1286466,13.6401825,8.712728,6.882535
ddc_dzo_00684,labeled,Dorji,-0.7231298,9.562211,1.5282191,13.625181,8.8493185,6.851685
ddc_dzo_08637,labeled,Dorji,-1.4510529,7.180129,2.4229374,13.471623,9.107722,6.4583535
ddc_dzo_08665,labeled,Dorji,-1.0462615,9.158861,1.2327828,13.661697,8.597756,6.901714
ddc_dzo_04158,labeled,Dorji,-1.9972831,8.4878435,1.7724756,13.640202,8.378449,6.517691
ddc_dzo_07679,labeled,Dorji,-0.6620815,7.6835427,1.573776,13.237352,9.161072,6.311528
ddc_dzo_01765,labeled,Dorji,-1.133275,7.5861235,1.2366834,13.227387,9.289325,6.838955
ddc_dzo_07850,labeled,Dorji,-2.2812126,5.9101624,0.25636387,13.502201,8.988833,7.6947465
ddc_dzo_01232,labeled,Dorji,-1.7696133,8.703891,2.7002716,13.706415,9.009434,6.536825
ddc_dzo_07912,labeled,Dorji,-0.68733287,7.616945,0.9668406,13.3386345,9.352103,7.528788
ddc_dzo_04414,labeled,Dorji,-0.09565942,9.597021,1.743662,13.259982,9.285753,7.6790075
ddc_dzo_03982,labeled,Dorji,-0.24055773,10.295075,2.1584833,13.441784,9.354051,6.7566347
ddc_dzo_08297,labeled,Dorji,-0.35480917,8.147114,1.5501263,13.251382,9.291577,6.560796
ddc_dzo_06506,labeled,Dorji,-0.45148635,8.68221,0.12695181,13.251254,9.068035,7.585228
ddc_dzo_09177,labeled,Dorji,-1.1551259,9.042948,1.2859832,13.45688,9.125129,7.6767893
ddc_dzo_09590,labeled,Dorji,0.04970789,7.02267,1.6079818,13.577994,9.294184,6.4963245
ddc_dzo_08485,labeled,Dorji,-1.1414475,7.716498,1.1293569,13.6486845,8.5708885,7.113716
ddc_dzo_08945,labeled,Dorji,-1.460474,8.287691,1.9966054,13.609893,8.652382,6.352205
ddc_dzo_08092,labeled,Dorji,-0.41865897,8.945301,1.5342731,13.43581,8.624002,6.479631
ddc_dzo_08236,labeled,Dorji,0.13932538,9.260482,1.3798373,13.573677,8.5143585,7.2286263
ddc_dzo_08268,labeled,Dorji,-0.119803965,8.187938,0.41868544,13.376824,9.192914,6.385904
ddc_dzo_08381,labeled,Dorji,-1.3265895,9.058811,0.9630344,13.561939,9.16664,6.5431356
ddc_dzo_00715,labeled,Dorji,-0.5213176,8.615361,1.7208552,13.62893,8.708366,6.196183
ddc_dzo_00839,labeled,Dorji,-0.4282068,7.909529,1.2909138,13.659977,8.728891,6.3979034
ddc_dzo_02126,labeled,Dorji,-0.00073456764,6.6426306,1.5414435,13.456355,9.141811,7.6412024
ddc_dzo_09076,labeled,Dorji,-0.68013155,6.5456357,1.1235553,13.40127,9.215494,7.8274055
ddc_dzo_07065,labeled,Dorji,-2.0493233,10.566511,1.6277297,13.662477,9.070591,7.4158506
ddc_dzo_04291,labeled,Dorji,0.39583498,7.0012217,0.63609767,13.584205,8.687796,6.213185
ddc_dzo_02800,labeled,Dorji,0.069606185,9.38401,1.554939,13.623701,8.724964,6.5301704
ddc_dzo_09815,labeled,Dorji,-1.7544703,11.437508,0.9243365,13.515961,8.424856,6.610479
ddc_dzo_04479,labeled,Dorji,-1.9255965,7.969964,0.3860374,13.546889,8.308219,6.9521694
ddc_dzo_03678,labeled,Dorji,-1.4780619,12.061124,2.208757,13.669675,8.471874,7.169186
ddc_dzo_09699,labeled,Dorji,0.93671703,4.6807117,-0.7653575,13.189006,8.853925,7.5045834
ddc_dzo_04317,labeled,Dorji,-0.58830595,9.509476,0.4771347,13.365173,8.391407,7.44529
ddc_dzo_04582,labeled,Dorji,0.57533056,5.8019795,0.86183643,13.422971,8.778229,7.9034705
ddc_dzo_01463,labeled,Dorji,-0.98770297,9.8281145,2.1908796,13.679535,8.585766,6.3168464
ddc_dzo_01601,labeled,Dorji,0.88166213,6.640287,-0.0895493,13.451494,8.579646,6.7965927
ddc_dzo_02147,labeled,Dorji,-0.89050746,9.855346,0.67956936,13.202877,9.027713,7.5208383
ddc_dzo_02276,labeled,Dorji,-1.1561775,11.284624,1.8647269,13.465805,8.7702465,7.8091755
ddc_dzo_00296,labeled,Dorji,-1.2419403,9.190628,1.6822269,13.530025,8.906133,7.8338113
ddc_dzo_05139,labeled,Dorji,0.21782787,10.736986,1.4581513,13.411895,9.294682,7.501121
ddc_dzo_01207,labeled,Dorji,0.24918437,5.767132,1.2644949,13.508239,8.998909,8.02311
ddc_dzo_02313,labeled,Dorji,-1.0560646,8.715601,1.0993855,13.706836,8.873388,6.651715
ddc_dzo_03082,labeled,Dorji,-0.7242265,6.6339855,1.0348759,13.6397,8.666627,7.6298275
ddc_dzo_09951,labeled,Dorji,-1.7385724,8.291584,1.4233824,13.662796,8.324225,7.039991
ddc_dzo_09003,labeled,Dorji,-1.3343036,8.463018,1.2674785,12.189519,10.32817,10.405439
ddc_dzo_03030,labeled,Thinley,-9.242456,-0.64998484,0.41700888,9.201325,5.1117215,10.67352
ddc_dzo_02705,labeled,Thinley,-9.320157,-1.7463074,1.4393697,9.559067,5.221566,11.123371
ddc_dzo_04926,labeled,Thinley,-9.476129,-1.0384264,0.14401984,9.685966,4.57276,10.766643
ddc_dzo_07633,labeled,Thinley,-8.807614,-2.1079,1.2663147,9.541995,5.714764,11.057666
ddc_dzo_05039,labeled,Thinley,-9.680487,-1.5873334,1.1572362,10.259353,4.931006,9.82952
ddc_dzo_03911,labeled,Thinley,-10.604512,-1.0500212,0.872508,9.285915,5.263733,10.686666
ddc_dzo_08593,labeled,Thinley,-11.358174,-1.8880739,1.1396868,9.289064,4.277338,10.039543
ddc_dzo_02809,labeled,Thinley,-10.024491,-1.3089997,0.8183863,10.155134,4.230386,9.625813
ddc_dzo_00717,labeled,Thinley,-8.460802,-1.4599761,0.9804876,10.07856,5.547249,10.626185
ddc_dzo_00603,labeled,Thinley,-9.497203,-1.6657323,1.4837781,9.762827,4.7963057,9.778699
ddc_dzo_04490,labeled,Thinley,-10.093609,-1.3157508,1.0705292,9.481741,4.336513,9.998317
ddc_dzo_07750,labeled,Thinley,-9.611749,-0.36101365,0.84394413,10.326902,5.410878,11.150554
ddc_dzo_00991,labeled,Thinley,-8.498427,-1.7694149,-0.8559954,9.232693,5.013293,10.357522
ddc_dzo_04022,labeled,Thinley,-8.830952,-2.1552472,0.62919116,10.053017,5.863976,11.339224
ddc_dzo_02381,labeled,Thinley,-9.014212,-0.7462181,1.0727674,10.391309,4.6741815,10.3362
ddc_dzo_03764,labeled,Thinley,-10.228348,-1.1066908,1.0998077,10.412383,4.66186,9.409278
ddc_dzo_02656,labeled,Thinley,-9.354261,-2.015669,0.524245,10.297536,5.695117,10.723378
ddc_dzo_04566,labeled,Thinley,-8.686621,-0.057228804,-1.970911,10.443289,4.709952,9.471503
ddc_dzo_00156,labeled,Thinley,-8.630448,-1.8134483,0.04409708,9.881535,5.028158,9.898069
ddc_dzo_02470,labeled,Thinley,-6.4614744,-1.7600904,-0.09183717,10.711417,5.3629975,9.82065
ddc_dzo_09659,labeled,Thinley,-8.487712,-2.2082973,1.321667,9.476195,5.398285,10.422739
ddc_dzo_06293,labeled,Thinley,-7.0852685,-1.1353043,0.8929579,10.307087,4.605021,10.184843
ddc_dzo_05345,labeled,Thinley,-9.933089,-2.0022597,0.5281412,9.350861,4.4109926,10.322644
ddc_dzo_00059,labeled,Thinley,-9.145255,-1.5238326,0.14518893,9.257404,4.794523,10.888128
ddc_dzo_03978,labeled,Thinley,-11.811807,-1.4045134,1.5147123,9.011096,5.111679,10.627148
ddc_dzo_07311,labeled,Thinley,-9.968762,-2.4000869,0.8480325,10.657355,4.899937,10.406067
ddc_dzo_01368,labeled,Thinley,-11.260459,-2.2159357,1.2853882,9.796548,4.685091,10.874211
ddc_dzo_05668,labeled,Thinley,-10.078359,-1.8443484,1.7639005,10.06841,5.604842,11.417837
ddc_dzo_00435,labeled,Thinley,-5.2803264,-1.0019202,0.4945166,9.726411,5.252823,9.67252
ddc_dzo_02490,labeled,Thinley,-8.572074,-1.3281368,0.41924584,9.726697,4.4720793,9.610342
ddc_dzo_05723,labeled,Thinley,-9.350256,-0.3708869,1.5726686,9.806483,4.875126,9.711565
ddc_dzo_09295,labeled,Thinley,-8.814855,-0.12636709,2.3456976,10.147824,4.785948,10.221505
ddc_dzo_03830,labeled,Thinley,-10.380102,-2.071579,1.8789027,10.198452,4.761606,10.061826
ddc_dzo_03105,labeled,Thinley,-6.025256,-1.7750428,-0.08481628,10.258561,4.5781,9.673212
ddc_dzo_00779,labeled,Thinley,-6.111579,-1.4058421,-0.7622664,9.901292,6.1749163,10.872048
ddc_dzo_09785,labeled,Thinley,-6.742759,-0.54199314,-0.25107977,9.301094,5.7043247,10.900982
ddc_dzo_05635,labeled,Thinley,-11.160448,-1.5590262,0.7654638,10.03433,4.9165916,10.810773
ddc_dzo_05397,labeled,Thinley,-7.831633,-1.3655005,0.65027,9.493033,4.75339,9.840805
ddc_dzo_09374,labeled,Thinley,-9.19339,-1.7316222,0.15774468,10.213494,5.7617254,10.409194
ddc_dzo_08334,labeled,Thinley,-8.790682,-1.7573085,1.6672659,9.637486,5.269086,10.107526
ddc_dzo_01016,labeled,Thinley,-9.334961,-0.9027417,-0.51293826,10.41478,6.3109307,10.82895
ddc_dzo_05207,labeled,Thinley,-10.364285,-1.6665039,2.0063703,10.401083,5.774401,10.774068
ddc_dzo_04991,labeled,Thinley,-8.755557,-1.2334447,0.63567805,9.676027,5.1651826,10.108968
ddc_dzo_00637,labeled,Thinley,-8.093667,-1.1265187,1.4287342,9.932722,5.5480847,10.343976
ddc_dzo_00487,labeled,Thinley,-7.710025,-1.6012022,1.6274067,10.241403,5.5384164,10.30857
ddc_dzo_04629,labeled,Thinley,-9.572484,-1.6411624,-0.44672227,9.983566,5.590446,10.105853
ddc_dzo_00964,labeled,Thinley,-10.346107,-1.4079738,1.8010746,10.114901,4.884387,10.302988
ddc_dzo_07640,labeled,Thinley,-8.300765,-0.7242429,0.30183578,10.252875,5.827903,10.634222
ddc_dzo_03403,labeled,Thinley,-8.593753,-1.3969707,0.90462244,9.189592,5.4609127,11.049639
ddc_dzo_05102,labeled,Thinley,-9.02999,-1.6171069,0.89299905,9.416757,5.229998,11.026338
ddc_dzo_03522,labeled,Thinley,-6.6924424,0.23145962,0.15737295,10.097773,5.1594844,10.070437
ddc_dzo_06104,labeled,Thinley,-7.5527353,-1.3100059,1.4229199,10.23923,5.410728,11.272193
ddc_dzo_02370,labeled,Thinley,-7.9807563,-0.28079772,0.8822012,10.3684225,6.200036,11.001564
ddc_dzo_03888,labeled,Thinley,-8.457642,-1.3645635,-0.14195967,10.617272,6.0821958,10.852594
ddc_dzo_01412,labeled,Romeo,1.2154801,-0.9859361,0.32007778,11.192133,9.782623,8.189057
ddc_dzo_08171,labeled,Romeo,1.6629591,-0.6247164,-0.05240786,9.109364,12.041355,8.558595
ddc_dzo_07398,labeled,Romeo,1.0348356,1.971482,-0.6319444,9.60398,10.061547,7.527769
ddc_dzo_09587,labeled,Romeo,1.3272638,-1.2636598,0.8384607,11.614148,11.420763,8.836784
ddc_dzo_09079,labeled,Romeo,0.31650257,-2.1005473,0.9518595,10.629235,9.926634,8.95573
ddc_dzo_00828,labeled,Romeo,0.076675296,-1.1430607,-0.037359238,11.376122,9.761959,7.663216
ddc_dzo_00244,labeled,Romeo,1.5248377,-0.9911468,0.40193915,11.496081,10.90528,10.367056
ddc_dzo_00392,labeled,Romeo,2.1283455,0.17080355,0.6500163,11.134072,11.049029,9.106748
ddc_dzo_03632,labeled,Romeo,1.9782071,-0.2362476,0.6044129,10.891188,12.299595,8.867086
ddc_dzo_01869,labeled,Romeo,2.6959858,-0.001085043,-0.6489625,8.783082,12.125383,8.916347
ddc_dzo_02778,labeled,Romeo,2.439467,-0.807585,0.91740024,9.328894,11.681863,7.4825196
ddc_dzo_01200,labeled,Romeo,2.2199032,-1.8380061,1.4792972,9.487435,11.009118,10.161124
ddc_dzo_03510,labeled,Romeo,2.3267303,0.6343968,0.41828856,10.643729,9.741897,4.5564466
ddc_dzo_03260,labeled,Romeo,1.1462128,-1.2220888,0.613899,9.098368,10.567887,10.405433
ddc_dzo_03159,labeled,Romeo,2.4438493,-2.28474,1.6796288,8.398875,11.663517,9.447178
ddc_dzo_03814,labeled,Romeo,3.7335665,-2.4441304,0.3700515,9.744077,12.429879,8.867953
ddc_dzo_02654,labeled,Romeo,1.9395614,-1.6870217,1.0598288,8.7783375,11.530156,8.937868
ddc_dzo_00918,labeled,Romeo,2.9517207,-1.374921,0.599342,10.596093,12.147938,9.361289
ddc_dzo_00659,labeled,Romeo,2.844816,-0.4004283,0.77207494,10.566872,11.823399,7.475323
ddc_dzo_03578,labeled,Romeo,2.7765825,-2.3802378,-0.34078622,9.660557,12.263656,7.7956142
ddc_dzo_09512,labeled,Romeo,3.4251776,-1.1615863,0.9728823,12.257927,11.2096615,10.52913
ddc_dzo_00799,labeled,Romeo,1.9521527,-1.3762052,0.30910182,10.266653,10.279664,8.537372
ddc_dzo_05572,labeled,Romeo,3.1102495,-0.88327837,0.32750088,10.158634,11.395063,10.323638
ddc_dzo_03213,labeled,Romeo,2.609495,-1.8523427,0.6440706,8.312312,11.166684,9.027421
ddc_dzo_04871,labeled,Romeo,1.0147295,0.5578775,0.09509897,8.879154,12.517318,8.001922
ddc_dzo_08306,labeled,Romeo,2.5248117,-0.7657516,0.74340034,11.493723,11.030346,10.775203
ddc_dzo_00892,labeled,Romeo,2.8888671,0.2657063,0.90455174,9.425504,11.83165,8.463806
ddc_dzo_02970,labeled,Romeo,1.8980132,-1.3088868,1.6712708,9.559091,10.353575,7.546162
ddc_dzo_04824,labeled,Romeo,2.5778782,-0.9087331,0.0043793917,9.601075,11.214052,7.39289
ddc_dzo_09247,labeled,Romeo,2.577278,0.63921225,0.710331,10.367821,11.797918,8.116969
ddc_dzo_04723,labeled,Romeo,1.6085441,-2.0952258,-0.803963,10.45105,11.1990185,8.061848
ddc_dzo_08051,labeled,Romeo,2.9932683,-0.17413855,0.5101201,10.669907,12.272794,8.580694
ddc_dzo_07451,labeled,Romeo,2.7245178,0.32372093,0.3535038,10.850034,12.035224,8.566612
ddc_dzo_06392,labeled,Romeo,1.5220252,-1.0369356,0.529355,10.22252,12.010089,9.829042
ddc_dzo_05785,labeled,Romeo,1.166644,0.17186308,1.1425513,10.959438,11.985151,8.675536
ddc_dzo_08867,labeled,Romeo,1.7845236,-0.544611,0.90327,9.95108,11.38709,8.115201
ddc_dzo_00869,labeled,Romeo,2.1419272,-1.8606385,-0.4424312,9.766811,12.442665,7.7281694
ddc_dzo_00033,labeled,Romeo,1.7263806,-1.0081418,0.9115993,10.094255,11.984941,10.293121
ddc_dzo_07542,labeled,Romeo,1.6101437,-0.88709116,0.64676666,8.828488,12.216921,7.4343734
ddc_dzo_06253,labeled,Romeo,2.0632088,-2.2091897,1.0237926,9.072209,12.176453,9.286635
ddc_dzo_09056,labeled,Romeo,3.2426238,-1.1325386,0.7649181,8.849746,11.781522,9.975865
ddc_dzo_08784,labeled,Romeo,1.3277249,-0.22940338,0.7828789,8.9691925,12.495777,7.534565
ddc_dzo_01432,labeled,Romeo,2.4566574,0.4486481,-0.5861335,9.576294,12.233832,7.2138314
ddc_dzo_05773,labeled,Romeo,1.965077,0.27994776,0.07463628,11.304882,11.987236,8.849047
ddc_dzo_02963,labeled,Romeo,1.7548633,-0.9321835,1.1977457,11.346455,12.091028,9.074501
ddc_dzo_06726,labeled,Romeo,2.566798,0.5981614,-0.86982316,10.243504,12.243859,8.454006
ddc_dzo_01245,labeled,Romeo,3.4020705,-1.735123,-0.57319856,9.811569,12.195413,7.311815
ddc_dzo_05653,labeled,Romeo,1.8392059,-0.71911,-0.35945904,10.128789,12.264708,7.5579624
ddc_dzo_02911,labeled,Romeo,1.9756002,-0.7441422,-0.069236755,8.71026,12.352664,7.9458456
ddc_dzo_08122,labeled,Romeo,2.2736468,-1.231214,0.7026595,8.843346,11.303844,9.380922
ddc_dzo_00609,labeled,Romeo,1.7990701,-0.2831025,-0.27862567,9.622273,12.542511,9.10087
ddc_dzo_07624,labeled,Romeo,2.442918,-0.9409592,0.2937231,9.349725,11.649784,9.455634
ddc_dzo_05421,labeled,Romeo,2.291994,-0.39037868,-0.40770197,9.033284,11.797582,7.059811
ddc_dzo_09611,labeled,Romeo,2.1046734,-0.38373375,0.02715516,10.001279,12.78705,8.125123
ddc_dzo_00461,labeled,Romeo,2.0573862,0.10157108,0.16059637,9.876246,12.537084,7.9184456
ddc_dzo_03346,labeled,Romeo,2.4023,0.15731311,1.4614463,9.042935,11.976821,7.3456316
ddc_dzo_02518,labeled,Romeo,1.8805739,0.4969206,-0.6469574,9.2430935,12.555565,7.7546334
ddc_dzo_05916,labeled,Romeo,2.7672267,-0.035867333,1.3402472,9.57403,11.664327,8.28038
ddc_dzo_07491,labeled,Romeo,2.9346685,0.054283857,0.52624524,8.525914,12.257001,8.37388
ddc_dzo_05706,labeled,Romeo,1.6879625,-1.0999314,-1.095134,11.52406,11.714714,10.34033
ddc_dzo_06135,labeled,Romeo,1.8623514,-1.2204164,0.7863231,9.962131,12.376466,8.547017
ddc_dzo_07722,labeled,Romeo,1.6911141,-0.13133156,0.34026134,10.057092,12.254225,9.436606
ddc_dzo_07331,labeled,Romeo,1.0319786,1.2406294,0.23547506,11.921965,10.023717,8.118918
ddc_dzo_08189,labeled,Romeo,1.5771604,-1.002611,0.5281644,9.60077,10.234172,8.137978
ddc_dzo_04208,labeled,Romeo,2.233409,1.4251771,-0.028504372,10.239456,12.087575,10.410607
ddc_dzo_07843,labeled,Romeo,3.1988597,-1.0455456,-0.31852388,10.166692,9.911815,10.389078
ddc_dzo_01806,labeled,Romeo,2.2039044,0.88519096,1.5891874,12.397864,10.04425,9.028636
ddc_dzo_02019,labeled,Romeo,2.3933558,-1.4465575,0.6649825,10.873914,11.860725,9.393425
ddc_dzo_01965,labeled,Romeo,1.045512,-0.74675524,0.102502346,9.168712,11.044323,7.575571
ddc_dzo_06920,labeled,Romeo,1.3294322,-0.48309684,0.7210537,10.800157,10.683221,7.1483727
ddc_dzo_01520,labeled,Romeo,1.3994087,-1.5326519,-0.025566459,10.1219015,12.148421,8.637636
ddc_dzo_02185,labeled,Romeo,2.630005,-0.6238774,1.4964027,9.559306,10.673448,7.389237
ddc_dzo_08274,labeled,Romeo,1.8466954,-0.11799288,-0.86514854,11.039524,10.452147,5.9276233
ddc_dzo_05296,labeled,Romeo,2.0804784,-0.92872334,0.5110382,10.3877945,11.897158,8.641345
ddc_dzo_01286,labeled,Romeo,2.7200785,-1.3303409,-0.29082608,10.230971,12.398389,8.720874
ddc_dzo_06573,labeled,Romeo,2.8965678,-0.71401596,0.15424538,11.929118,11.128061,8.563688
ddc_dzo_09164,labeled,Romeo,0.57885003,-1.854021,2.3460567,11.85437,11.319717,10.002476
ddc_dzo_00749,labeled,Romeo,1.6198759,-2.2044497,1.1621999,9.068888,11.725405,8.324837
ddc_dzo_08057,labeled,Romeo,2.2084913,-0.12302923,0.5831583,10.792104,11.863654,10.336085
ddc_dzo_04262,labeled,Romeo,2.570207,-1.1964374,1.3671935,11.433533,11.647516,9.413181
ddc_dzo_00535,labeled,Romeo,1.0513935,-0.2546276,-0.007851601,10.713227,10.495001,7.4629865
ddc_dzo_00185,labeled,Romeo,2.1937175,-0.18078518,0.3103366,9.339904,11.748929,8.789549
ddc_dzo_09862,labeled,Romeo,1.27473,-1.185908,-0.5134602,9.292744,12.089647,9.44532
ddc_dzo_08721,labeled,Romeo,2.0796027,-1.7979808,0.25553083,11.248088,10.597633,9.544004
ddc_dzo_06455,labeled,Romeo,2.288426,-0.58441377,0.089208126,10.866698,11.072787,6.961299
ddc_dzo_07593,labeled,Romeo,1.3757753,-0.32695687,0.7593365,10.378851,11.480931,8.370811
ddc_dzo_04012,labeled,Romeo,1.9182141,-2.1505427,0.25081772,10.512622,12.349881,8.829134
ddc_dzo_04916,labeled,Romeo,2.5758643,0.44705397,0.74510455,9.607135,12.203314,7.5107307
ddc_dzo_08384,labeled,Romeo,3.4251912,-1.2798028,-0.21554248,11.818948,11.763471,9.455636
ddc_dzo_04407,labeled,Romeo,2.9606006,0.01798004,0.9641441,11.265647,11.626544,9.664873
ddc_dzo_03171,labeled,Romeo,2.3154595,-1.5364345,0.7222624,11.241225,11.524592,9.16248
ddc_dzo_08517,labeled,Romeo,1.5401659,0.32252395,0.12123251,9.400111,12.395571,7.5253615
ddc_dzo_02253,labeled,Romeo,2.9734802,-0.83908904,0.41353643,11.170691,11.337192,8.599251
ddc_dzo_01212,labeled,Romeo,3.0529985,-0.46541637,1.5754893,11.024981,11.997873,10.235793
ddc_dzo_09241,labeled,Romeo,1.9502425,-0.4933976,0.4189117,11.45413,11.672941,9.320259
ddc_dzo_01116,labeled,Romeo,2.410872,-1.2445323,-0.33415732,11.306232,10.865569,9.716298
ddc_dzo_04547,labeled,Romeo,-0.91861963,-1.5212817,0.3698546,11.626341,10.585381,8.784167
ddc_dzo_09524,labeled,Romeo,2.184783,-0.2787633,0.7956725,11.851111,11.670989,8.956564
ddc_dzo_02528,labeled,Romeo,2.3859553,-1.4927869,1.7362387,10.457706,10.957441,6.8760552
ddc_dzo_02218,labeled,Romeo,2.6050477,-1.5802051,-0.23110208,11.744938,11.825522,9.779087
ddc_dzo_00198,labeled,Romeo,3.0117745,-0.61369246,0.42512465,11.781332,11.374676,10.046765
ddc_dzo_06209,labeled,Romeo,1.3048922,-1.0483677,0.66729987,11.377507,11.323301,7.620196
ddc_dzo_05860,labeled,Romeo,3.6097531,-1.456264,0.39225006,11.230746,10.397585,10.816004
ddc_dzo_09594,labeled,Romeo,1.532603,-1.3292886,0.07009268,10.1191845,11.333853,7.4103885
ddc_dzo_02581,labeled,Romeo,4.556524,-0.15599036,-1.5899613,9.328612,10.648354,8.171948
ddc_dzo_07909,labeled,Romeo,2.1534846,0.8324747,-0.34996438,10.470932,12.1487055,8.730167
ddc_dzo_06363,labeled,Romeo,2.2189693,-0.9409877,-1.1230438,9.284617,11.557538,8.166494
ddc_dzo_01662,labeled,Romeo,2.9771602,-1.4106938,0.36802372,9.095442,12.057821,9.261397
ddc_dzo_02701,labeled,Romeo,1.4735029,-0.6004524,-0.93069607,10.140616,11.060647,10.919282
ddc_dzo_07988,labeled,Romeo,2.171157,-1.410325,0.43180442,10.125311,9.71861,8.225599
ddc_dzo_03939,labeled,Romeo,1.9414613,-0.483611,-2.9712672,10.256155,12.179426,7.4404902
ddc_dzo_00555,labeled,Romeo,2.1786263,-1.0126927,1.3006003,12.162434,10.184173,9.0279255
ddc_dzo_08033,labeled,Romeo,3.67238,0.57116914,2.130751,11.345305,10.355727,7.6454763
ddc_dzo_00097,labeled,Romeo,0.8983836,-0.28130156,0.1016798,10.4374075,11.905451,8.436368
ddc_dzo_09752,labeled,Romeo,1.9491649,-1.6887753,1.7501,9.18776,11.632451,8.760654
ddc_dzo_01017,labeled,Romeo,0.53026724,-1.3239398,0.79964256,10.054148,11.100296,7.2663264
ddc_dzo_09035,labeled,Romeo,1.4039989,-1.7846525,-0.48245502,9.848051,12.069733,6.929024
ddc_dzo_01075,labeled,Romeo,1.5289185,-1.0595496,0.6616943,10.655985,10.939497,8.20215
ddc_dzo_02107,labeled,Romeo,2.6802044,-0.6261841,0.6565807,9.753992,12.018396,8.6991005
ddc_dzo_02613,labeled,Romeo,2.0156624,-2.3653224,1.1395144,10.24931,10.4014015,7.333574
ddc_dzo_05222,labeled,Romeo,2.658945,-2.0713017,-0.987265,9.469172,12.38224,6.938758
ddc_dzo_07252,labeled,Romeo,1.8989267,-0.7389431,1.3992496,9.637322,12.036543,8.735891
ddc_dzo_03662,labeled,Romeo,0.51815945,-0.29589117,-0.0034602284,9.027295,11.55856,7.9520464
ddc_dzo_05388,labeled,Romeo,2.5092688,-1.4592204,0.52745926,9.072349,12.36051,8.633903
ddc_dzo_06346,labeled,Romeo,1.9063048,-1.1466525,0.15280247,9.232167,12.09024,8.228788
ddc_dzo_05430,labeled,Romeo,1.9896214,-1.9547844,0.57642746,9.588223,11.260363,7.0797544
ddc_dzo_00381,labeled,Romeo,2.3639488,-0.6854261,1.1013713,9.712573,12.182484,7.9229393
ddc_dzo_04751,labeled,Romeo,2.912648,-1.3025953,1.2156539,9.942485,12.244811,7.5605426
ddc_dzo_01188,labeled,Romeo,1.268524,-0.84369326,-1.1627212,9.888178,12.640356,7.3735366
ddc_dzo_09123,labeled,Romeo,2.5933838,-1.0083342,0.4830554,10.393209,11.417863,8.800697
ddc_dzo_08904,labeled,Romeo,2.5096624,0.31018564,1.0134325,12.230528,10.704715,10.763807
ddc_dzo_01445,labeled,Romeo,3.0052705,-1.3943644,0.85219336,11.961792,11.056717,10.675714
ddc_dzo_05192,labeled,Romeo,3.9247828,-1.2392766,0.57977486,12.245092,11.012203,9.265046
ddc_dzo_02558,labeled,Romeo,2.1692781,-0.5241594,1.2024074,12.092205,10.431144,10.0303
ddc_dzo_06471,labeled,Romeo,3.984864,0.6025442,0.7555523,12.154049,10.289854,9.856698
ddc_dzo_06172,labeled,Romeo,2.3260262,1.3626754,0.6409168,11.92383,9.55872,8.301308
ddc_dzo_00890,labeled,Romeo,1.2082539,-0.35178685,0.20013344,10.706805,10.086098,6.7493825
ddc_dzo_01967,labeled,Romeo,1.5019479,-0.55160296,-0.080984116,11.564165,10.602953,10.050806
ddc_dzo_05944,labeled,Romeo,3.0399485,-0.71576476,0.9423152,11.332014,11.331148,8.299313
ddc_dzo_02392,labeled,Romeo,1.9266942,-1.247232,0.2865734,10.500314,11.092007,7.5766697
ddc_dzo_08490,labeled,Romeo,0.7064531,-0.11433385,0.7582872,11.985458,9.528246,8.282388
ddc_dzo_07085,labeled,Romeo,0.95813394,0.5665784,0.064537525,11.50149,9.885754,7.6875243
ddc_dzo_06552,labeled,Romeo,0.6297579,-1.5143034,1.0201805,9.740778,10.564353,7.279363
ddc_dzo_02085,labeled,Romeo,2.740363,-1.7239864,1.7571871,11.310058,9.797908,7.5969076
ddc_dzo_08107,labeled,Romeo,2.2957048,-1.1519717,0.020459205,10.578354,10.559361,6.370819
ddc_dzo_00021,labeled,Romeo,1.0182636,-0.77068996,1.3529525,11.547724,10.729884,9.488947
ddc_dzo_01616,labeled,Romeo,2.3050342,-1.9741987,-0.49685478,12.00199,11.372236,8.641517
ddc_dzo_01731,labeled,Romeo,2.5453777,-0.2525916,-2.9251103,11.543677,10.436115,6.68901
ddc_dzo_06822,labeled,Romeo,1.6533973,0.8487905,0.5326309,11.6261015,10.145404,8.95683
ddc_dzo_02052,labeled,Romeo,3.3808951,-0.48965427,1.2171032,10.1526,11.211572,7.2425203
ddc_dzo_03874,labeled,Romeo,-0.22542405,-1.4219723,1.2856438,10.617879,9.773234,10.092512
ddc_dzo_08691,labeled,Romeo,2.7321672,-1.9702077,0.5042603,10.565847,10.630737,6.7939863
ddc_dzo_07954,labeled,Romeo,2.1175308,-0.6334324,1.0677996,9.577199,10.5908575,8.553599
ddc_dzo_02456,labeled,Romeo,2.4511852,-0.91160536,-0.048381403,10.409541,11.321982,7.4098873
ddc_dzo_05817,labeled,Romeo,2.5433478,-1.7845988,-0.2683041,10.467065,10.649745,6.200731
ddc_dzo_04684,labeled,Romeo,0.6919067,0.88566065,0.8048043,10.50004,10.152067,7.3138366
ddc_dzo_02482,labeled,Romeo,1.691178,-0.5150199,-0.058727264,10.82261,10.616394,6.6956077
ddc_dzo_05244,labeled,Yigzin,0.9753896,0.35780954,0.5312505,9.583049,12.778809,7.3034296
ddc_dzo_06077,labeled,Yigzin,0.01917696,2.7147663,-2.881775,9.439907,12.7077265,6.426609
ddc_dzo_01846,labeled,Yigzin,0.41877878,2.5287547,-1.7952037,9.409058,12.490978,6.475398
ddc_dzo_08852,labeled,Romeo,1.5526922,-0.93729436,-0.9097121,11.228527,9.54655,7.458531
ddc_dzo_08403,labeled,Romeo,2.7529907,2.089862,0.6819184,13.658144,8.6942215,7.503604
ddc_dzo_08133,labeled,Romeo,1.1736805,-1.6653718,1.3343315,11.358349,9.998134,7.934185
ddc_dzo_08757,labeled,Romeo,2.2499306,-1.1935676,0.17644429,10.687031,11.043979,10.518545
ddc_dzo_08454,labeled,Romeo,0.110596,-0.6489044,0.8639722,12.183889,10.11377,9.723923
ddc_dzo_03435,labeled,Romeo,0.9222449,0.5429652,0.5632026,11.7829275,10.479137,10.42302
ddc_dzo_09182,labeled,Romeo,1.9723575,0.94229674,0.8528099,12.469822,10.797495,10.640516
ddc_dzo_06300,labeled,Romeo,2.1735234,-1.5575927,0.6303017,11.756607,10.25032,10.423119
ddc_dzo_02034,labeled,Romeo,2.4364529,-0.1469636,0.008867741,12.2763405,10.777582,8.572876
ddc_dzo_04549,labeled,Romeo,3.6749282,-0.244438,0.8988376,10.283107,11.230449,9.42412
ddc_dzo_02854,labeled,Romeo,1.6245981,-0.2620642,0.31192675,10.55741,10.0924635,8.621584
ddc_dzo_02332,labeled,Romeo,1.2040482,-0.360134,0.7781036,11.668199,10.869242,9.305342
ddc_dzo_01881,labeled,Romeo,2.3760595,1.1107097,0.7515904,12.288565,10.837236,9.975587
ddc_dzo_07510,labeled,Romeo,1.4750559,-0.9904555,0.7940348,11.430293,10.642521,7.9125
ddc_dzo_06027,labeled,Romeo,1.9729413,-0.8614067,1.3774631,11.2895,10.331848,8.50397
ddc_dzo_03125,labeled,Romeo,1.949242,0.9990847,0.0076179504,9.42407,9.992541,7.4764547
ddc_dzo_07727,labeled,Romeo,1.8414165,-0.16605917,0.73760617,11.575596,10.307194,8.387132
ddc_dzo_01209,labeled,Romeo,2.3973403,-1.012708,0.24878109,11.121511,10.748435,7.557077
ddc_dzo_06013,labeled,Romeo,2.0584846,-0.97550845,-0.33532673,11.567637,11.558915,9.81114
ddc_dzo_04691,labeled,Romeo,0.8626045,-1.2183622,1.5500147,10.771415,9.509886,8.965964
ddc_dzo_07250,labeled,Romeo,1.913148,0.65233225,0.6432154,11.0367155,10.203284,10.579614
ddc_dzo_01343,labeled,Romeo,1.6659518,0.31291366,0.4735772,12.324849,10.937928,9.5206785
ddc_dzo_06259,labeled,Romeo,1.5168958,-0.98368895,0.81039023,12.356051,10.949191,9.710584
ddc_dzo_09146,labeled,Romeo,2.3237932,-0.6977652,0.24743152,12.021813,10.965006,10.1315975
ddc_dzo_02692,labeled,Romeo,0.8502803,0.22950077,-0.08934331,9.997075,10.332795,7.6264935
ddc_dzo_00120,labeled,Romeo,3.114105,-0.28526938,0.0053038,11.632728,10.674688,8.825517
ddc_dzo_07751,labeled,Romeo,3.4602594,-0.15084851,0.45917004,9.771271,10.663637,9.4990225
ddc_dzo_01158,labeled,Romeo,1.0268269,-0.85242486,0.08166385,9.814213,10.699942,9.306651
ddc_dzo_06091,labeled,Romeo,0.8088436,-2.1062415,1.1866484,9.887147,12.159445,10.374158
ddc_dzo_02655,labeled,Romeo,1.875989,0.44803482,0.6132815,12.009238,10.396288,9.611904
ddc_dzo_00816,labeled,Romeo,2.8513029,-1.1952953,0.3452003,12.029459,10.478643,9.090361
ddc_dzo_08710,labeled,Romeo,2.627348,-0.3189397,0.9359004,9.619838,11.599644,8.591547
ddc_dzo_04887,labeled,Romeo,1.964458,-0.052480936,0.5246663,10.251952,9.770637,8.09162
ddc_dzo_02502,labeled,Romeo,1.8954964,-0.98476064,0.47319004,11.053775,11.859691,9.456684
ddc_dzo_07860,labeled,Romeo,2.615614,-1.6231291,0.13674188,11.315113,11.059338,8.896706
ddc_dzo_02906,labeled,Romeo,2.126813,-1.1224935,0.49413133,11.474121,11.160907,8.462615
ddc_dzo_07550,labeled,Romeo,1.5182377,-1.2740074,0.7917675,10.715497,10.658156,7.775064
ddc_dzo_03025,labeled,Romeo,2.322741,-1.48363,0.7624371,11.141828,10.489,9.530999
ddc_dzo_09059,labeled,Romeo,2.5052662,-0.39204705,1.0376053,11.616271,11.043677,9.139405
ddc_dzo_06329,labeled,Romeo,1.2288857,-1.4641852,0.044653893,11.790517,10.341778,10.097622
ddc_dzo_07402,labeled,Romeo,0.83551574,-0.029842377,0.25966835,12.332024,10.792883,10.778957
ddc_dzo_00489,labeled,Romeo,3.0137115,-1.2296636,-0.19434816,10.405155,10.678393,7.518146
ddc_dzo_09456,labeled,Romeo,2.0442324,-0.28696418,-0.21167207,12.934001,8.394094,6.4743114
ddc_dzo_08693,labeled,Romeo,0.83800244,-0.64798737,0.11275035,9.2891865,11.620971,8.381374
ddc_dzo_01912,labeled,Romeo,2.3164108,0.4137468,0.7441821,12.431897,10.816385,10.686768
ddc_dzo_01648,labeled,Romeo,1.998991,-2.070366,0.33487225,11.187295,11.391301,9.799487
ddc_dzo_04785,labeled,Romeo,-0.12488222,-1.0042125,0.16820145,11.354496,9.484948,7.9651318
ddc_dzo_08217,labeled,Romeo,0.023718357,-2.5732117,-0.4246168,11.73842,10.698272,10.616019
ddc_dzo_07657,labeled,Romeo,1.5132722,-2.253413,-0.54705715,10.839563,10.752528,10.325811
ddc_dzo_02430,labeled,Romeo,2.5985448,-0.92697465,0.8999212,11.756792,10.235333,9.621875
ddc_dzo_01677,labeled,Romeo,1.753557,-0.6931479,0.22870708,10.421135,10.987941,10.221219
ddc_dzo_03747,labeled,Romeo,2.034138,-0.5048851,-0.039399385,10.706694,11.036753,7.5406404
ddc_dzo_04534,labeled,Romeo,1.1823912,-0.4432016,1.3547812,12.019714,10.805362,10.636878
ddc_dzo_08513,labeled,Romeo,1.5729468,0.17852426,0.30514014,11.958563,11.607382,9.537958
ddc_dzo_00713,labeled,Romeo,1.5737994,-0.74836874,1.207848,10.483093,10.205986,7.5679126
ddc_dzo_06372,labeled,Romeo,0.72054815,0.306355,0.71048737,11.418721,9.761514,7.9376893
ddc_dzo_04452,labeled,Romeo,0.42294025,-0.79352045,-0.6051297,12.488501,10.516661,10.150191
ddc_dzo_03591,labeled,Romeo,2.280242,-0.46920258,-0.9309232,11.814348,10.125474,9.099433
ddc_dzo_03659,labeled,Romeo,3.5804477,-0.6473801,1.4453008,11.303193,10.857176,8.356284
ddc_dzo_09406,labeled,Romeo,2.3358924,-0.44999754,0.617205,11.4063225,10.905989,10.027087
ddc_dzo_07124,labeled,Romeo,1.9460788,-1.5835372,0.4026924,11.3657875,11.334854,8.030514
ddc_dzo_01400,labeled,Romeo,2.8316686,-0.8377571,1.5233712,11.160634,10.840323,10.14868
ddc_dzo_08965,labeled,Romeo,2.1640644,-1.1315094,-0.40284944,12.011324,11.197238,10.201706
ddc_dzo_05571,labeled,Romeo,3.8283548,-0.21945167,0.27199507,12.269805,11.173844,10.462405
ddc_dzo_00879,labeled,Romeo,2.1205673,-2.1848288,0.42811632,12.21355,10.447239,10.023163
ddc_dzo_04272,labeled,Romeo,2.6106513,-0.8142948,0.2586187,12.003968,11.324781,9.001213
ddc_dzo_05341,labeled,Romeo,1.4523224,-3.2300105,0.1829319,10.668795,10.354397,7.422128
ddc_dzo_06869,labeled,Romeo,3.4484355,-0.7237383,0.8338444,12.15674,10.016986,8.699217
ddc_dzo_02948,labeled,Romeo,1.8749518,-1.4745629,1.1408969,10.7478,9.972983,7.8747716
ddc_dzo_08584,labeled,Romeo,2.6608038,-1.5682712,1.9283621,10.361643,11.433471,9.696876
ddc_dzo_07312,labeled,Romeo,1.6308765,-2.1533484,-1.6758881,10.749989,10.794421,8.129582
ddc_dzo_00242,labeled,Romeo,2.6894574,-1.4111955,0.0607028,9.495989,10.867689,8.559073
ddc_dzo_00250,labeled,Romeo,0.8628571,-0.6565249,0.9549742,10.708601,11.936248,10.21225
ddc_dzo_07490,labeled,Romeo,4.0049896,-1.8570993,0.63969135,11.879942,10.609069,9.621337
ddc_dzo_01711,labeled,Romeo,1.9346893,1.8046083,0.9337452,11.033884,10.521041,8.745973
ddc_dzo_05184,labeled,Romeo,2.059209,-1.1762745,1.4407711,12.006936,10.394644,9.718214
ddc_dzo_04613,labeled,Romeo,2.3705108,-0.4784925,0.33737856,10.111491,11.055783,8.909998
ddc_dzo_02404,labeled,Romeo,2.213525,-0.06242174,0.560162,11.300892,10.871663,8.932768
ddc_dzo_00190,labeled,Romeo,3.373726,-0.29307127,0.34113896,12.102077,10.634558,8.697135
ddc_dzo_08745,labeled,Romeo,1.7208664,-1.6552842,-0.17530775,12.004474,10.944887,10.782107
ddc_dzo_03084,labeled,Romeo,0.7572676,-1.7114809,0.1466589,12.3403635,10.416941,9.813028
ddc_dzo_00299,labeled,Romeo,2.4943671,-0.40467882,-0.021762848,12.414845,10.865774,9.320532
ddc_dzo_09030,labeled,Romeo,2.6243718,1.0710984,0.24059522,11.25043,12.152316,8.665898
ddc_dzo_02709,labeled,Romeo,2.5847995,-0.3315786,0.29123878,11.996868,11.340393,9.869647
ddc_dzo_05050,labeled,Romeo,3.0862327,-0.83323574,0.66314095,11.457772,11.128481,7.6835494
ddc_dzo_08563,labeled,Romeo,0.22215843,-1.0297219,-1.1480877,10.962827,9.819221,7.977014
ddc_dzo_03866,labeled,Romeo,1.4578642,-1.1962168,0.60998917,12.434662,10.622878,10.050816
ddc_dzo_07791,labeled,Romeo,1.1280801,0.19324327,0.27290726,10.954446,11.536352,10.386836
ddc_dzo_08005,labeled,Romeo,4.7818327,-1.571161,0.26181316,9.429328,11.323176,8.899768
ddc_dzo_06428,labeled,Romeo,0.7544842,-0.33805323,0.29152834,11.2963295,10.633293,7.504317
ddc_dzo_06882,labeled,Romeo,3.630981,0.32501554,-0.21713471,11.978301,11.2548485,8.459203
ddc_dzo_08991,labeled,Romeo,2.510237,-1.6052443,-0.2721364,10.3448,11.722707,10.40918
ddc_dzo_01322,labeled,Romeo,1.9325786,-2.1701417,0.9172697,10.267626,11.461347,9.787948
ddc_dzo_01259,labeled,Romeo,1.9379439,-0.9181924,0.59987664,10.747803,10.776231,7.3401713
ddc_dzo_04091,labeled,Romeo,2.5326412,-1.0936208,0.6323862,10.197799,12.290641,8.322303
ddc_dzo_00329,labeled,Romeo,1.6360713,0.0581685,0.47773743,11.567627,10.369084,9.295786
ddc_dzo_08062,labeled,Romeo,3.2068632,-0.35680664,-0.677547,11.81618,11.742272,8.693063
ddc_dzo_00740,labeled,Romeo,1.621274,-1.0208296,0.30121446,10.667733,10.74121,6.983511
ddc_dzo_05415,labeled,Romeo,2.2499537,-0.50581837,0.17150414,10.090282,10.9790535,10.413331
ddc_dzo_08360,labeled,Romeo,1.2971025,-1.6249169,0.9815829,9.6820755,11.59284,9.020291
ddc_dzo_06186,labeled,Romeo,2.0656939,-1.3196263,0.22655606,10.942704,11.346229,8.316606
ddc_dzo_03179,labeled,Romeo,0.72644377,-2.0038815,-0.013178349,11.442924,9.830679,7.6313043
ddc_dzo_09159,labeled,Romeo,2.9444418,0.6804249,-0.3974321,10.965806,11.726923,7.5202475
ddc_dzo_01451,labeled,Romeo,3.7658913,-1.2975386,0.30364704,11.140261,11.4047165,8.870114
ddc_dzo_06933,labeled,Romeo,2.2276015,-1.0923634,-0.43544352,9.702665,11.150987,7.1214957
ddc_dzo_06577,labeled,Romeo,2.723785,-2.2212493,0.3292687,9.232112,12.530259,8.424262
ddc_dzo_06518,labeled,Romeo,2.0023613,-2.1172466,0.47943974,9.656155,11.464866,10.50465
ddc_dzo_00146,labeled,Romeo,2.5474608,-1.5977069,-0.4393207,9.733977,12.4319,8.708745
ddc_dzo_02886,labeled,Romeo,3.3693964,-0.9504776,-0.2943325,9.346197,12.052141,8.541901
ddc_dzo_06219,labeled,Romeo,2.1858315,-0.80006075,0.0161708,10.151961,12.54667,8.2180605
ddc_dzo_06119,labeled,Romeo,2.7306247,-1.6930718,-0.36498356,8.760443,12.130268,9.451629
ddc_dzo_01821,labeled,Romeo,3.0763597,-1.6654254,0.7378433,10.539231,11.4813795,8.545999
ddc_dzo_04205,labeled,Romeo,1.7065378,-1.0667572,-1.2247727,10.907953,12.285219,9.2335415
ddc_dzo_02348,labeled,Romeo,3.090414,-0.49449158,0.23192334,9.816887,10.873035,10.9307575
ddc_dzo_04590,labeled,Romeo,2.4066238,-0.65045714,-0.7668483,10.329758,10.855483,11.128264
ddc_dzo_02168,labeled,Romeo,1.3276138,0.29542112,-0.067429155,8.75893,10.632862,10.322702
ddc_dzo_01582,labeled,Romeo,2.7141376,-0.8196014,0.79928625,11.673824,11.304781,9.12797
ddc_dzo_06999,labeled,Romeo,2.545724,-2.5728288,0.093889,10.269462,11.923498,9.685945
ddc_dzo_01997,labeled,Romeo,1.9696575,0.3506984,1.014441,10.025426,11.603179,7.7224703
ddc_dzo_03433,labeled,Romeo,2.3918972,-1.7568367,0.33168578,10.570455,11.763763,10.4654045
ddc_dzo_03790,labeled,Romeo,1.7000033,-0.078941196,0.69066334,11.938086,11.555628,10.071083
ddc_dzo_02212,labeled,Romeo,3.3295584,-1.7165625,-0.5632974,8.783348,12.197367,8.664976
ddc_dzo_04955,labeled,Romeo,2.7967076,-0.7324281,1.3715078,9.626078,12.699302,8.002993
ddc_dzo_04671,labeled,Romeo,1.9027977,-1.3593864,-0.6256169,10.318973,11.824728,7.690387
ddc_dzo_09746,labeled,Romeo,2.112983,-0.58826447,0.29798436,11.24643,9.552026,7.874537
ddc_dzo_05788,labeled,Romeo,1.0067964,-1.3859779,0.8786341,10.275506,10.854146,10.078977
ddc_dzo_02598,labeled,Romeo,2.095192,-0.6323127,0.17286444,10.576197,10.86745,10.49575
ddc_dzo_01358,labeled,Romeo,1.2544838,-0.6825414,0.1711154,11.637828,10.695707,10.898592
ddc_dzo_01669,labeled,Romeo,1.6986089,-0.94837207,-0.71443284,9.760723,10.685227,8.685618
ddc_dzo_01449,labeled,Romeo,2.682163,-0.77769804,0.5176548,11.412282,11.458758,8.6769905
ddc_dzo_07576,labeled,Romeo,1.8786795,-1.1719229,1.3809376,10.974705,10.376232,10.0995035
ddc_dzo_08856,labeled,Romeo,1.9772816,-0.8845992,-0.33205366,11.679223,9.641461,8.840014
ddc_dzo_09763,labeled,Romeo,1.509877,-1.0641186,0.847491,9.744139,10.976452,8.497655
ddc_dzo_04174,labeled,Romeo,1.810071,-0.9627049,0.4834727,10.774687,10.42119,7.172792
ddc_dzo_03018,labeled,Romeo,2.4581237,-0.51281357,1.1405666,11.988412,11.293104,9.107165
ddc_dzo_01750,labeled,Romeo,2.2283635,-0.9201417,0.57213444,9.871781,11.335769,8.245652
ddc_dzo_08157,labeled,Romeo,3.1754174,-0.099372864,-0.138924,9.453316,11.354685,6.9651165
ddc_dzo_09084,labeled,Romeo,1.2676146,-0.288727,0.023103356,11.536935,11.092467,9.3111515
ddc_dzo_00219,labeled,Romeo,4.0637155,-1.3271991,0.88128555,11.244476,10.869837,8.947966
ddc_dzo_00341,labeled,Romeo,2.2397351,-1.5356567,0.20592594,11.716721,10.244743,8.266841
ddc_dzo_07983,labeled,Romeo,1.0624555,-0.78184056,0.41783613,10.939291,11.566292,8.359397
ddc_dzo_01911,labeled,Romeo,3.0482502,-1.1539279,0.82822514,9.706799,10.637902,6.922993
ddc_dzo_07216,labeled,Romeo,2.123486,-0.7885742,1.8059998,11.63853,10.312736,10.237103
ddc_dzo_02727,labeled,Romeo,2.8899536,0.7769791,0.37033653,12.378571,9.575964,8.918052
ddc_dzo_01489,labeled,Romeo,1.5630887,-0.23082232,0.12036824,10.944284,10.586554,10.595478
ddc_dzo_03416,labeled,Romeo,3.8213081,0.75785303,1.0996249,13.245807,8.795513,6.9721627
ddc_dzo_08349,labeled,Romeo,3.1638906,-1.2690723,0.812994,9.587077,11.724105,8.777375
ddc_dzo_05940,labeled,Romeo,2.0700214,-2.2013364,0.33614367,9.580012,11.779594,10.166518
ddc_dzo_05520,labeled,Romeo,2.7720237,-1.5331161,0.37265348,9.305713,12.4724245,7.663209
ddc_dzo_08592,labeled,Romeo,1.5587701,-1.2034252,0.90020156,9.99199,12.526491,7.889067
ddc_dzo_04377,labeled,Romeo,1.3085015,-1.5721722,0.21091282,9.383057,12.503484,8.857501
ddc_dzo_02128,labeled,Romeo,2.0202756,-1.7365787,-0.8639202,9.948715,12.515038,9.240527
ddc_dzo_07454,labeled,Romeo,2.1949687,-1.8591154,-0.2928133,10.505676,12.422823,8.146302
ddc_dzo_07356,labeled,Romeo,3.1255298,-0.8654525,1.3084378,8.942245,11.367541,8.595354
ddc_dzo_08546,labeled,Romeo,2.511616,0.13025308,0.2906909,10.326626,11.7189665,7.9298353
ddc_dzo_08253,labeled,Romeo,2.416316,-0.20386219,-0.086987734,8.401349,11.665875,9.685969
ddc_dzo_02303,labeled,Romeo,1.0034316,-0.7615962,-0.22187829,8.693654,11.457206,10.033677
ddc_dzo_02160,labeled,Romeo,2.7255323,-1.1892571,0.48241723,9.027526,11.248114,10.391722
ddc_dzo_04944,labeled,Romeo,1.938898,0.08504871,0.15462053,9.99472,10.990126,10.318953
ddc_dzo_03952,labeled,Romeo,2.415882,-0.9380939,-0.27839708,8.424766,11.1762905,9.373686
ddc_dzo_01123,labeled,Romeo,2.105502,0.2924347,-0.011117697,9.959157,10.261068,9.852656
ddc_dzo_09829,labeled,Romeo,1.997669,-0.7968228,0.37666142,11.1399355,10.24726,7.273712
ddc_dzo_08809,labeled,Romeo,2.2882874,-2.0614781,1.5479358,10.294588,10.109108,9.613081
ddc_dzo_06312,labeled,Romeo,0.39856762,-0.3087452,0.5977535,10.009663,10.968636,8.107408
ddc_dzo_05658,labeled,Romeo,1.4582856,-1.1776793,0.6802856,10.457913,9.761584,8.77916
ddc_dzo_01088,labeled,Romeo,2.7590926,-1.2658329,-0.546751,10.253911,10.940703,7.705121
ddc_dzo_04639,labeled,Romeo,1.0189679,-0.25715685,-0.3690591,11.58228,10.44812,10.770492
ddc_dzo_00696,labeled,Romeo,0.8772593,-0.68880737,0.6195778,11.238206,10.325049,8.159641
ddc_dzo_05604,labeled,Romeo,-0.06755257,-1.0330654,0.33506727,11.67966,10.807475,10.278462
ddc_dzo_01544,labeled,Romeo,0.8575058,-1.2916025,0.8017851,11.797923,10.209259,9.509421
ddc_dzo_01227,labeled,Romeo,1.4256268,-0.17010999,0.12311101,9.831278,10.278184,7.36145
ddc_dzo_02474,labeled,Romeo,1.0705645,0.0022081733,-0.23761916,9.316072,10.061137,7.7315526
ddc_dzo_02113,labeled,Romeo,1.5280106,-2.3929334,1.0591046,9.726206,10.525067,10.693231
ddc_dzo_01409,labeled,Romeo,1.5933821,-1.7385589,0.09303522,11.357493,9.526383,8.227903
ddc_dzo_07182,labeled,Romeo,2.01079,0.49952793,0.7082801,11.141677,10.036106,7.122377
ddc_dzo_01051,labeled,Romeo,1.2751641,-1.2236366,-0.09735453,10.462084,9.923258,7.7255063
ddc_dzo_03238,labeled,Romeo,1.3868458,-1.749927,1.4056625,9.228625,11.20806,8.691495
ddc_dzo_07618,labeled,Romeo,1.1293104,-1.4000287,-0.22409391,8.942018,11.589939,8.426125
ddc_dzo_05361,labeled,Romeo,1.6923628,-0.06153679,0.06637812,11.203353,10.745966,6.570246
ddc_dzo_02859,labeled,Romeo,2.1275463,-0.9655086,-0.0004594922,8.479125,11.829303,9.397777
ddc_dzo_03304,labeled,Romeo,-0.22972143,-0.3812641,1.037389,8.709397,10.18998,8.759523
ddc_dzo_09672,labeled,Romeo,3.386141,-1.2941418,-0.25615072,11.084388,11.849909,9.510325
ddc_dzo_05865,labeled,Romeo,2.4852576,-1.6630456,0.7553917,9.0759535,11.961443,9.290461
ddc_dzo_03940,labeled,Romeo,1.9921124,-0.912804,1.3739994,9.169608,12.692895,8.164303
ddc_dzo_05903,labeled,Romeo,2.3635488,-1.1550072,0.039996147,8.438739,10.846161,9.147167
ddc_dzo_07511,labeled,Romeo,1.489517,-0.89730334,0.057488084,9.026483,11.780193,10.097889
ddc_dzo_07104,labeled,Romeo,1.560173,-1.0972182,-0.09937382,10.300361,11.653641,7.9537554
ddc_dzo_09928,labeled,Romeo,1.4015967,-0.57501984,-0.96135163,9.937292,11.198148,11.185595
ddc_dzo_08421,labeled,Romeo,1.5317672,-1.5361836,1.5336874,9.256761,11.566862,8.628289
ddc_dzo_07467,labeled,Romeo,2.248539,-1.8240495,1.457337,10.080755,11.984539,10.523194
ddc_dzo_05071,labeled,Romeo,0.9880011,-1.47017,0.28027928,8.737868,10.780884,9.179897
ddc_dzo_09322,labeled,Romeo,1.576518,-1.3716629,-1.0403142,9.731426,12.15108,9.787706
ddc_dzo_03760,labeled,Romeo,0.80061495,-1.0317936,-0.22932518,9.829109,11.160608,11.127756
ddc_dzo_06342,labeled,Romeo,2.2819562,-0.7779981,0.050042808,8.687325,12.216507,9.181077
ddc_dzo_02023,labeled,Romeo,3.7812016,-1.536058,1.167639,9.962438,11.974143,8.168841
ddc_dzo_02530,labeled,Romeo,3.6322045,-1.74633,0.5323306,10.79185,11.516469,9.6682205
ddc_dzo_02621,labeled,Romeo,2.6877797,-0.5384319,-0.30857754,9.451751,12.193012,8.5050955
ddc_dzo_04747,labeled,Romeo,1.9060583,-0.21956396,-0.44119096,8.671329,10.704852,10.249677
ddc_dzo_07429,labeled,Romeo,1.7033865,-1.7280475,0.49646783,9.248896,10.789113,8.809763
ddc_dzo_02389,labeled,Romeo,2.996903,-1.118662,-0.54300964,9.970007,11.876755,10.020491
ddc_dzo_06684,labeled,Romeo,1.6783011,-1.4404926,-0.9625435,8.510193,10.407611,10.038624
ddc_dzo_07827,labeled,Romeo,1.9145422,-2.329595,0.09500122,9.172156,11.584644,7.7820992
ddc_dzo_08488,labeled,Romeo,1.08037,-1.213481,0.32439137,10.10969,11.130614,11.320603
ddc_dzo_02568,labeled,Romeo,3.1711483,-0.5806725,0.7880775,8.952316,10.993656,9.97427
ddc_dzo_00251,labeled,Romeo,2.583475,-1.193296,1.1073804,9.828559,12.750984,8.462113
ddc_dzo_02100,labeled,Romeo,1.1513427,0.2884972,0.8072605,12.074768,10.749977,9.693763
ddc_dzo_07144,labeled,Romeo,3.1003473,-1.6584496,-0.1722238,8.608463,11.453912,9.273773
ddc_dzo_07548,labeled,Romeo,2.0348213,-0.46892953,0.03242612,8.686308,11.470172,9.701444
ddc_dzo_05481,labeled,Romeo,1.9294417,-1.1230115,0.13014412,10.176393,11.420226,10.642015
ddc_dzo_08055,labeled,Romeo,1.311608,-1.6090574,0.6026015,8.852114,11.8433,8.389821
ddc_dzo_01658,labeled,Romeo,2.332192,-2.0721784,0.77846074,8.551982,11.406059,7.7294054
ddc_dzo_07297,labeled,Romeo,1.6506517,-1.0379195,0.6705289,8.838717,12.246603,8.617698
ddc_dzo_02837,labeled,Romeo,2.9278727,-1.3615633,1.3820028,9.612403,12.099225,7.4976006
ddc_dzo_02580,labeled,Romeo,2.3791952,-0.25610816,0.7458861,9.067332,11.038946,8.429289
ddc_dzo_01147,labeled,Romeo,1.9461609,-2.109276,1.9594982,10.901275,10.05827,7.859382
ddc_dzo_02418,labeled,Romeo,2.7090049,-1.4526172,-0.018662453,9.341847,10.658452,7.6262565
ddc_dzo_02207,labeled,Romeo,3.5953708,-1.4351394,0.4894495,9.072812,12.215471,7.232454
ddc_dzo_04298,labeled,Romeo,0.23889041,-1.1575186,0.43702912,10.8054085,11.309875,10.574266
ddc_dzo_08885,labeled,Romeo,1.0147431,-1.3227037,1.3377717,10.945534,9.798983,10.154441
ddc_dzo_06280,labeled,Romeo,1.316153,-1.6433016,0.66974735,11.674496,10.952667,8.9675045
ddc_dzo_03721,labeled,Romeo,1.9909635,-1.5098014,1.0343485,10.551643,10.307655,8.1079445
ddc_dzo_08905,labeled,Romeo,1.5014021,-1.3597426,0.79025507,11.121018,11.40356,8.7256565
ddc_dzo_02759,labeled,Romeo,0.7141037,-0.80695343,-0.30980158,12.46114,11.199965,10.267118
ddc_dzo_01505,labeled,Romeo,1.2806139,-0.72892666,-0.25045535,10.297563,12.137056,9.665399
ddc_dzo_09122,labeled,Romeo,3.606014,-1.7225971,-0.07693744,10.075405,11.368714,9.447755
ddc_dzo_02063,labeled,Romeo,1.9324529,-2.4738135,-1.4794564,10.113723,11.186481,11.120791
ddc_dzo_07031,labeled,Romeo,2.624041,-2.517998,0.9771819,8.95995,10.864118,7.9025407
ddc_dzo_08048,labeled,Romeo,1.4408228,-1.0969287,0.059185505,10.628029,11.386703,10.5584345
ddc_dzo_02983,labeled,Romeo,1.8465643,-1.0505772,-0.57185245,9.944526,11.797081,10.700035
ddc_dzo_07639,labeled,Romeo,2.1381123,-0.8303962,0.769933,10.141511,11.32755,10.948627
ddc_dzo_09040,labeled,Romeo,-0.08572197,-0.854498,0.1482727,9.098924,10.17471,9.986425
ddc_dzo_01287,labeled,Romeo,1.4914397,-1.1589653,0.23449278,9.318874,12.6242895,8.714629
ddc_dzo_02913,labeled,Romeo,2.144834,-0.9820435,-0.50606877,9.679806,11.148416,10.017586
ddc_dzo_01565,labeled,Romeo,1.6594083,-0.6278681,1.0405785,9.213522,11.843076,9.070472
ddc_dzo_00184,labeled,Romeo,3.1029882,-1.4150059,0.42438528,8.617038,10.8968725,9.2186165
ddc_dzo_07393,labeled,Romeo,2.691137,-1.8511341,0.29325104,8.313259,12.003593,9.23127
ddc_dzo_01131,labeled,Romeo,2.3001332,-1.1565242,-0.5981951,9.36358,12.479029,7.13905
ddc_dzo_02361,labeled,Romeo,1.7718494,-1.3801768,0.080299854,8.626783,11.608339,9.678516
ddc_dzo_03275,labeled,Romeo,2.3384643,-0.6449028,-0.3264494,8.830495,12.356192,7.47189
ddc_dzo_02268,labeled,Romeo,1.2762288,-0.24820888,1.27089,8.425436,11.434226,9.21208
ddc_dzo_07702,labeled,Romeo,2.0885997,-2.3964455,0.29780388,8.242945,11.456922,9.346138
ddc_dzo_06304,labeled,Romeo,3.2522588,-1.3125737,-0.081795216,9.37523,12.55548,8.241201
ddc_dzo_06156,labeled,Romeo,3.2469137,-1.8913391,0.92055845,10.854239,11.856843,10.520866
ddc_dzo_02890,labeled,Romeo,1.3785646,-0.3077923,-0.46285057,8.7767105,12.307144,9.068625
ddc_dzo_08974,labeled,Romeo,1.0453818,-1.4840482,0.27141333,11.683332,11.74946,9.712915
ddc_dzo_09901,labeled,Romeo,2.4104471,-1.657711,-0.43344325,9.938504,12.48129,8.446194
ddc_dzo_09558,labeled,Romeo,2.0329485,-1.563587,0.6123898,11.361994,11.832037,10.180648
ddc_dzo_05070,labeled,Romeo,1.6573758,-0.82333195,0.81330633,8.391816,12.147514,8.441503
ddc_dzo_03715,labeled,Romeo,1.7307365,-1.4878242,0.14657247,10.831268,12.024432,10.113559
ddc_dzo_04446,labeled,Romeo,2.0019495,-0.76578045,1.3599101,11.232465,10.709393,9.987997
ddc_dzo_01210,labeled,Romeo,2.8876662,-1.2980796,0.41110194,10.123099,11.705075,9.152493
ddc_dzo_03883,labeled,Romeo,2.4426577,-1.1699743,-0.30453086,11.0176,11.719101,9.845495
ddc_dzo_09811,labeled,Romeo,1.6143262,-2.180223,1.2201557,8.834327,11.564881,9.957787
ddc_dzo_04901,labeled,Romeo,2.044274,-1.331465,-0.19995427,9.382568,11.643966,8.536095
ddc_dzo_02841,labeled,Romeo,2.2507648,0.13066578,0.5960207,9.31511,12.305296,6.840244
ddc_dzo_08052,labeled,Romeo,1.9117513,-1.6500694,0.48198175,8.497935,10.967591,9.517799
ddc_dzo_08510,labeled,Romeo,1.3519111,-1.8200177,-0.9933944,8.646404,12.319211,9.058915
ddc_dzo_03461,labeled,Romeo,2.0897703,-0.58102953,-0.6802068,10.085231,12.232906,7.2303667
ddc_dzo_07055,labeled,Romeo,2.0421202,-0.47992262,0.044326186,10.200827,12.430853,8.54621
ddc_dzo_02241,labeled,Romeo,1.4885287,-1.1585392,0.28336167,9.079813,11.895133,6.9393563
ddc_dzo_00436,labeled,Romeo,2.4720078,-0.94505596,0.7049062,8.209051,11.717611,8.849492
ddc_dzo_08354,labeled,Romeo,1.0514455,-0.48550117,-0.36486006,9.332074,12.449961,7.186668
ddc_dzo_06406,labeled,Romeo,2.4026115,0.6647142,-0.27493954,10.330515,11.910853,8.10986
ddc_dzo_00359,labeled,Romeo,1.5406716,0.90119076,0.20420551,9.200474,11.991519,7.0937037
ddc_dzo_07173,labeled,Romeo,2.7868304,-0.8332127,0.5473738,9.496166,12.445314,7.8389187
ddc_dzo_00117,labeled,Romeo,0.34416556,-2.1334655,-0.9258046,9.843017,12.580849,8.046942
ddc_dzo_08431,labeled,Romeo,1.9706545,-0.3064012,0.27009106,9.056421,12.0474615,6.8792806
ddc_dzo_07940,labeled,Romeo,2.169961,-1.3350387,0.84449923,10.210512,12.64892,8.3576565
ddc_dzo_07726,labeled,Romeo,2.3601012,-0.08133254,-0.31358194,9.46948,11.421503,6.8203387
ddc_dzo_08141,labeled,Romeo,1.0329797,-0.73244274,0.32663488,9.637598,11.305379,9.854211
ddc_dzo_00208,labeled,Romeo,2.6274924,-0.08526093,-0.773057,8.901575,12.337536,7.261466
ddc_dzo_00011,unlabeled,Unknown,-9.26252,-1.2339835,-0.28574127,9.967896,4.1623216,9.741337
ddc_dzo_00017,unlabeled,Unknown,-0.3955412,1.6303016,-2.2341485,10.505644,9.554506,3.891427
ddc_dzo_00026,unlabeled,Unknown,-1.8119743,-0.47852373,-0.449759,10.123643,9.588219,10.729774
ddc_dzo_00002,unlabeled,Unknown,0.2377933,0.14307547,0.4249525,11.064898,11.034318,7.706748
ddc_dzo_00025,unlabeled,Unknown,-7.5324855,-0.5957401,1.2198839,10.167683,5.5289373,11.316833
ddc_dzo_00038,unlabeled,Unknown,1.9513242,-0.92909515,0.548027,11.98783,10.879341,9.425637
ddc_dzo_00031,unlabeled,Unknown,-3.0223162,1.0607858,-5.0078917,10.830317,9.797302,3.203786
ddc_dzo_00044,unlabeled,Unknown,1.4238237,0.89737475,0.014172316,11.444929,11.890734,8.668194
ddc_dzo_00040,unlabeled,Unknown,0.2580185,0.3637123,0.31818938,12.189797,11.080246,10.634139
ddc_dzo_00036,unlabeled,Unknown,-2.3912919,-1.6155274,0.09904504,9.8696,9.517143,10.731356
ddc_dzo_00050,unlabeled,Unknown,-0.66726065,0.16706657,0.7961432,10.247965,9.213073,9.748436
ddc_dzo_00052,unlabeled,Unknown,1.6041081,-1.4258697,0.13414204,9.94767,9.994507,8.443698
ddc_dzo_00047,unlabeled,Unknown,3.0083933,-1.9636202,0.22208798,10.603719,10.18362,7.5053735
ddc_dzo_00058,unlabeled,Unknown,0.10235977,1.7514216,-8.021232,12.822859,4.758126,5.442344
ddc_dzo_00079,unlabeled,Unknown,-0.96998763,2.119504,-13.2065525,-5.075612,5.290957,8.561368
ddc_dzo_00077,unlabeled,Unknown,0.046590447,-0.34438992,0.12874271,10.203363,9.703527,10.545928
ddc_dzo_00081,unlabeled,Unknown,-0.9950853,-0.812603,-0.1482507,10.061955,9.591797,10.040114
ddc_dzo_00093,unlabeled,Unknown,-0.37740564,-0.86909723,-0.6960168,10.959569,10.428316,10.512716
ddc_dzo_00109,unlabeled,Unknown,3.9538176,-1.2147655,0.41148174,11.608815,10.347676,8.006087
ddc_dzo_00114,unlabeled,Unknown,0.60116434,2.6728768,-1.4492278,9.277146,12.397458,6.7184677
ddc_dzo_00125,unlabeled,Unknown,-0.7958214,-0.12999201,-2.7503436,10.817812,9.647332,3.4013515
ddc_dzo_00118,unlabeled,Unknown,1.3815249,0.06793088,-1.1480746,11.868878,10.976861,8.606307
ddc_dzo_00116,unlabeled,Unknown,2.5836415,-0.19493634,-0.1965046,8.888981,10.626108,8.302672
ddc_dzo_00129,unlabeled,Unknown,2.9555469,-0.7080533,1.5178443,9.798953,11.502438,8.9781885
ddc_dzo_00157,unlabeled,Unknown,1.1279864,-1.5292633,-3.6106935,10.520813,9.891749,3.438794
ddc_dzo_00149,unlabeled,Unknown,0.70543146,-0.4036761,0.33033657,9.781856,10.6840925,10.231199
ddc_dzo_00140,unlabeled,Unknown,-0.93495643,0.73921204,-3.3096976,10.538126,9.424681,3.7333925
ddc_dzo_00151,unlabeled,Unknown,-9.528333,-2.110189,0.2662692,10.111303,5.6599474,11.326608
ddc_dzo_00139,unlabeled,Unknown,2.836125,-2.3725123,0.14506423,10.517808,12.020259,10.339695
ddc_dzo_00182,unlabeled,Unknown,-8.079032,0.18303442,-0.39942253,9.723916,4.277453,9.677192
ddc_dzo_00186,unlabeled,Unknown,2.2153792,-0.4510765,0.49162608,11.454741,11.411525,8.904519
ddc_dzo_00174,unlabeled,Unknown,3.1546154,-1.4704841,0.27895084,10.754636,12.107098,10.025812
ddc_dzo_00209,unlabeled,Unknown,3.368821,1.614651,0.998122,11.885417,10.553343,10.261018
ddc_dzo_00200,unlabeled,Unknown,1.8135258,-1.0755559,-0.49311858,10.038998,12.162826,8.995363
ddc_dzo_00238,unlabeled,Unknown,2.2073452,-0.012342691,0.15565348,11.036645,10.098869,10.269228
ddc_dzo_00245,unlabeled,Unknown,1.2563701,-0.0038199425,-1.0742707,12.105619,11.091163,9.447813
ddc_dzo_00240,unlabeled,Unknown,1.0463372,0.04471445,-0.43988192,10.467203,10.162686,8.729696
ddc_dzo_00260,unlabeled,Unknown,-7.8216586,-0.49818742,0.23840809,10.329349,5.0550885,10.97887
ddc_dzo_00275,unlabeled,Unknown,-1.397784,0.19137783,-9.641465,-5.0760293,5.2979274,8.568713
ddc_dzo_00284,unlabeled,Unknown,3.1061592,-0.24399137,0.81653494,10.842557,10.437063,7.0926247
ddc_dzo_00293,unlabeled,Unknown,2.8447444,1.2043755,0.16973348,11.258989,10.582072,7.6977825
ddc_dzo_00321,unlabeled,Unknown,-1.5825675,1.1826053,-2.7450309,10.7443495,9.455932,3.6725864
ddc_dzo_00312,unlabeled,Unknown,-0.5121558,-0.81401515,-0.34133053,10.327515,9.645905,10.744429
ddc_dzo_00318,unlabeled,Unknown,-2.751139,5.9164553,-1.2363852,13.392876,7.7040796,6.7290473
ddc_dzo_00308,unlabeled,Unknown,2.7045069,-0.8257775,-0.75971913,11.906565,10.288668,8.848998
ddc_dzo_00315,unlabeled,Unknown,-7.822446,-1.7252169,0.9631597,9.678052,4.49498,10.3384075
ddc_dzo_00320,unlabeled,Unknown,-7.319908,-1.9125478,1.3872185,9.6799755,4.9381385,9.921555
ddc_dzo_00340,unlabeled,Unknown,0.99434435,1.5135692,-2.1852353,10.564349,9.620047,3.9849472
ddc_dzo_00347,unlabeled,Unknown,0.68362355,1.6550937,-11.90716,12.595995,5.636983,5.545373
ddc_dzo_00336,unlabeled,Unknown,2.00191,-1.0670006,1.0565639,10.669799,10.2324095,7.6525226
ddc_dzo_00332,unlabeled,Unknown,2.5825472,-0.7495439,1.4530554,9.874125,12.133556,6.937922
ddc_dzo_00363,unlabeled,Unknown,0.12645936,1.6960058,-0.72386235,10.489042,10.465373,9.307231
ddc_dzo_00383,unlabeled,Unknown,-1.1935613,6.0224676,0.104469776,13.283456,8.476424,7.4669237
ddc_dzo_00370,unlabeled,Unknown,2.0822935,-0.50480235,-0.8198372,10.582307,9.871822,9.516644
ddc_dzo_00380,unlabeled,Unknown,1.7895653,-1.1948649,0.71786636,11.1749325,11.702086,9.74432
ddc_dzo_00376,unlabeled,Unknown,4.062232,-2.1589751,1.0521901,10.437633,11.394114,8.587967
ddc_dzo_00397,unlabeled,Unknown,-3.3346338,8.723771,-0.99733925,13.381621,8.004054,7.1326184
ddc_dzo_00390,unlabeled,Unknown,1.1530027,-0.7797502,-0.073358536,10.853108,9.706601,10.109589
ddc_dzo_00400,unlabeled,Unknown,1.9895531,0.34287328,-1.3703544,11.708746,11.080148,8.927172
ddc_dzo_00385,unlabeled,Unknown,1.485133,-0.66705036,-0.11271644,9.335501,12.295167,9.217403
ddc_dzo_00417,unlabeled,Unknown,-0.9336996,1.1228745,-6.8640127,13.143594,4.9281974,5.5436854
ddc_dzo_00423,unlabeled,Unknown,0.50665724,-0.1590352,-1.0366633,10.061205,10.148478,7.5669208
ddc_dzo_00428,unlabeled,Unknown,2.66325,-1.8858871,1.7783077,10.817194,10.862717,8.670769
ddc_dzo_00416,unlabeled,Unknown,4.196231,-1.5310136,0.7236047,11.296475,11.527059,9.646944
ddc_dzo_00446,unlabeled,Unknown,-0.22191429,-0.25447792,-0.36322403,10.0574875,9.970226,9.504404
ddc_dzo_00458,unlabeled,Unknown,-0.36400598,-0.322621,-0.21119332,10.644219,9.612071,10.241444
ddc_dzo_00465,unlabeled,Unknown,2.7633128,-1.2517023,-0.54059064,11.172097,11.172913,7.897231
ddc_dzo_00451,unlabeled,Unknown,2.7696238,-0.5908413,0.6701291,11.671058,11.411796,8.782962
ddc_dzo_00445,unlabeled,Unknown,2.0976307,-1.294249,-0.38559157,10.336004,12.255138,8.268538
ddc_dzo_00475,unlabeled,Unknown,-1.6663985,1.0955586,-5.535424,10.811512,9.622658,3.377162
ddc_dzo_00491,unlabeled,Unknown,0.75213027,0.68405366,-1.4434505,9.4162245,12.500009,6.4869204
ddc_dzo_00493,unlabeled,Unknown,2.5017304,-0.58356,-0.52640057,9.132999,11.081928,8.653393
ddc_dzo_00472,unlabeled,Unknown,2.5458143,-1.8957372,0.5246106,12.018373,11.261846,10.024528
ddc_dzo_00509,unlabeled,Unknown,0.6840558,-0.32227105,0.42242527,9.188311,10.165089,9.485237
ddc_dzo_00507,unlabeled,Unknown,3.8226545,-0.031708002,1.4227607,12.219054,11.246738,9.519996
ddc_dzo_00518,unlabeled,Unknown,3.197708,-0.6160214,-0.36865202,10.618553,10.62007,6.9396067
ddc_dzo_00511,unlabeled,Unknown,3.0584683,-0.8746211,0.71197164,9.738103,10.031852,7.6366553
ddc_dzo_00514,unlabeled,Unknown,1.93029,-1.1879029,0.24714017,10.161168,12.394954,8.258478
ddc_dzo_00531,unlabeled,Unknown,0.73761225,2.093333,-2.6387832,10.810818,9.525931,3.8696344
ddc_dzo_00542,unlabeled,Unknown,-0.8083167,1.7259282,-6.151598,13.13334,5.5409975,5.639032
ddc_dzo_00540,unlabeled,Unknown,-0.3470414,-0.18418455,0.6968427,11.184439,9.7270155,9.942418
ddc_dzo_00522,unlabeled,Unknown,2.1603088,0.35983446,-1.154488,11.882199,10.575654,8.557611
ddc_dzo_00573,unlabeled,Unknown,-8.070072,-0.6097336,0.5254212,9.813235,5.123437,11.066973
ddc_dzo_00547,unlabeled,Unknown,-6.749612,0.2668898,-0.45615944,10.2064,4.256711,9.381392
ddc_dzo_00566,unlabeled,Unknown,-2.2935066,0.98915434,-5.866599,12.827603,5.655593,5.683606
ddc_dzo_00567,unlabeled,Unknown,-0.75663453,1.1796274,-2.8502364,10.769124,9.483802,3.6328185
ddc_dzo_00552,unlabeled,Unknown,0.66343224,0.24921417,-4.0862527,10.383017,9.947901,3.3001034
ddc_dzo_00568,unlabeled,Unknown,-0.8278828,1.3053262,-12.980948,-5.088478,5.3720064,8.607079
ddc_dzo_00558,unlabeled,Unknown,-0.6257417,8.947606,-1.4554381,13.422095,7.937869,6.7685323
ddc_dzo_00561,unlabeled,Unknown,-0.81966484,0.461628,0.4388541,9.759728,9.170949,9.856627
ddc_dzo_00550,unlabeled,Unknown,1.1586738,-0.44779146,-0.50670815,9.201821,9.719707,9.901031
ddc_dzo_00554,unlabeled,Unknown,4.451691,-1.7628713,0.47915873,11.576367,11.390877,8.734464
ddc_dzo_00588,unlabeled,Unknown,-0.30157125,-0.5716975,-0.43160534,10.5723505,9.709871,4.211056
ddc_dzo_00595,unlabeled,Unknown,-0.3518772,1.6066194,-10.031234,13.081594,4.8816586,5.5062757
ddc_dzo_00598,unlabeled,Unknown,-1.4537635,3.2762256,-13.616384,-4.9530563,5.253254,8.5506935
ddc_dzo_00584,unlabeled,Unknown,0.5685425,1.2264078,-0.7441735,11.567384,10.453275,10.750046
ddc_dzo_00574,unlabeled,Unknown,-8.357574,-0.3355129,1.2181146,10.168164,5.1278563,11.2250595
ddc_dzo_00589,unlabeled,Unknown,3.8519933,-1.0100534,0.32621673,11.029202,10.665516,8.626459
ddc_dzo_00577,unlabeled,Unknown,1.8630314,-0.7231705,0.23007381,10.321636,11.10886,10.421119
ddc_dzo_00591,unlabeled,Unknown,-8.332727,-1.2779748,0.6232929,10.547409,5.54296,10.247912
ddc_dzo_00597,unlabeled,Unknown,-7.946714,-0.73840165,0.86394984,9.935798,5.5511875,10.615998
ddc_dzo_00607,unlabeled,Unknown,-0.73581994,0.24495697,-1.9554236,10.629764,9.304387,3.6303144
ddc_dzo_00602,unlabeled,Unknown,-2.3971927,1.5141261,-10.873815,-5.0739255,5.281068,8.593838
ddc_dzo_00623,unlabeled,Unknown,1.0039711,2.6245275,0.23524332,11.109755,10.112749,9.673022
ddc_dzo_00601,unlabeled,Unknown,-6.995451,-0.27804518,0.2819233,9.3519945,5.400529,10.644084
ddc_dzo_00610,unlabeled,Unknown,2.7533689,-0.10891819,1.7569625,10.337753,9.451016,9.218481
ddc_dzo_00632,unlabeled,Unknown,2.1275954,0.1645701,1.4452665,9.895061,10.095225,7.194804
ddc_dzo_00647,unlabeled,Unknown,3.2971463,-2.2040153,1.2107402,10.251857,10.702517,7.3951116
ddc_dzo_00644,unlabeled,Unknown,2.4384272,-1.0794823,0.9597592,11.438097,10.933573,9.6146
ddc_dzo_00668,unlabeled,Unknown,-0.47770798,0.049843073,-1.1578577,10.124125,9.263721,9.798581
ddc_dzo_00664,unlabeled,Unknown,0.19168684,0.6554611,-0.08540535,10.99459,9.0152025,8.972431
ddc_dzo_00661,unlabeled,Unknown,2.9788833,-1.3605804,0.2079941,11.608589,10.7917795,9.505373
ddc_dzo_00663,unlabeled,Unknown,2.358327,-1.5657237,0.5882218,8.969801,11.839858,9.856672
ddc_dzo_00685,unlabeled,Unknown,2.7931042,0.1666274,-0.1941216,12.328238,11.00162,10.178706
ddc_dzo_00692,unlabeled,Unknown,0.113384634,1.7221313,0.060302377,10.059032,9.673951,8.283987
ddc_dzo_00680,unlabeled,Unknown,1.0991011,0.7798741,0.03322661,11.261205,10.166683,8.640996
ddc_dzo_00703,unlabeled,Unknown,2.6386547,-0.7981224,-1.4357353,9.616448,9.572597,9.294148
ddc_dzo_00705,unlabeled,Unknown,-0.5344331,-0.8056874,-2.0893366,10.56503,9.476334,3.7905622
ddc_dzo_00728,unlabeled,Unknown,-1.9543619,2.377535,-9.886248,12.746119,4.976294,5.5393243
ddc_dzo_00725,unlabeled,Unknown,0.006028414,0.28605688,-0.91627586,10.41981,9.734394,9.666118
ddc_dzo_00727,unlabeled,Unknown,2.2034793,0.95637935,-1.2438679,12.377355,10.97292,9.708582
ddc_dzo_00731,unlabeled,Unknown,-0.93226576,0.240004,-6.671541,12.6234255,4.7508497,5.331338
ddc_dzo_00730,unlabeled,Unknown,-2.1922774,2.1276963,-14.317133,-4.9638023,5.39932,8.673233
ddc_dzo_00732,unlabeled,Unknown,2.848457,-1.2867043,-0.7350387,9.118065,10.067022,8.521483
ddc_dzo_00741,unlabeled,Unknown,-10.143132,-1.7763429,1.345659,9.503927,4.267196,9.989967
ddc_dzo_00760,unlabeled,Unknown,0.75460595,-1.3738573,1.3366475,9.809887,10.159737,7.7752557
ddc_dzo_00759,unlabeled,Unknown,-1.7685846,0.4999104,0.8768668,9.84512,9.250767,9.284778
ddc_dzo_00761,unlabeled,Unknown,-1.5766064,-1.529275,0.90227646,10.024535,10.05034,10.303356
ddc_dzo_00762,unlabeled,Unknown,1.729612,0.040591955,-0.23684669,10.659576,9.135105,9.073764
ddc_dzo_00770,unlabeled,Unknown,1.3739583,0.4000646,-0.49658298,10.090967,10.570547,7.8958006
ddc_dzo_00768,unlabeled,Unknown,2.586998,-1.0765815,0.534233,9.823219,10.890789,8.721403
ddc_dzo_00805,unlabeled,Unknown,2.2170706,1.4139912,-2.6114748,10.3199625,9.855438,3.3705533
ddc_dzo_00789,unlabeled,Unknown,1.8459191,-1.2108288,-0.52175915,10.260361,9.707024,8.202537
ddc_dzo_00796,unlabeled,Unknown,-0.21033001,1.1613617,0.1919722,11.461842,10.332293,8.276534
ddc_dzo_00784,unlabeled,Unknown,-0.16367006,0.82667375,-1.5017943,10.902674,10.235342,5.861439
ddc_dzo_00797,unlabeled,Unknown,0.78624415,-1.0315826,-0.8802295,12.210726,10.611515,9.536253
ddc_dzo_00783,unlabeled,Unknown,-1.9511456,-1.1015038,0.08623111,9.406216,9.320384,10.396866
ddc_dzo_00801,unlabeled,Unknown,2.205409,-1.8563102,1.1247833,9.720237,10.054517,8.201096
ddc_dzo_00818,unlabeled,Unknown,-0.08067703,1.8909532,-3.035942,10.304078,9.394824,3.3397052
ddc_dzo_00817,unlabeled,Unknown,-4.616643,1.7488202,-2.9932847,13.038624,7.324793,6.490142
ddc_dzo_00833,unlabeled,Unknown,0.57015514,-0.55440426,-1.1497278,10.591071,10.747489,10.392794
ddc_dzo_00831,unlabeled,Unknown,-0.19434404,1.000685,0.61085224,9.048548,9.909684,9.156623
ddc_dzo_00813,unlabeled,Unknown,-2.1351247,-0.8939457,-0.8334109,9.722036,9.462397,10.591233
ddc_dzo_00824,unlabeled,Unknown,1.8833296,-1.5491438,-0.10623467,11.241305,10.72341,10.413719
ddc_dzo_00859,unlabeled,Unknown,1.4205532,-0.52066183,0.24699634,11.970183,11.618785,9.328556
ddc_dzo_00844,unlabeled,Unknown,-4.7038355,0.76434016,-7.4325485,13.057155,5.113495,5.7126913
ddc_dzo_00851,unlabeled,Unknown,0.72690964,0.19039989,-1.079184,9.213596,10.499105,10.693515
ddc_dzo_00842,unlabeled,Unknown,-0.8520396,-0.8605037,-0.27883434,10.245934,9.533571,10.241213
ddc_dzo_00858,unlabeled,Unknown,2.8063343,0.042233706,1.3258994,11.64634,10.293409,8.355561
ddc_dzo_00837,unlabeled,Unknown,2.6080005,-0.6965909,0.86527514,10.517099,10.766267,10.433959
ddc_dzo_00889,unlabeled,Unknown,0.268075,2.3314943,-2.0478885,10.826291,9.591807,3.6474097
ddc_dzo_00867,unlabeled,Unknown,0.3310051,3.3694415,-12.295098,-4.9022727,5.147704,8.468162
ddc_dzo_00880,unlabeled,Unknown,-0.35602236,-0.59415513,-0.56987435,10.5158825,9.618592,9.56662
ddc_dzo_00906,unlabeled,Unknown,-0.9571911,1.4411886,-6.9219074,12.720533,5.3873963,5.3317814
ddc_dzo_00894,unlabeled,Unknown,-0.7620406,1.8529114,-1.4330895,9.399413,9.410496,9.781808
ddc_dzo_00900,unlabeled,Unknown,1.219539,0.7976811,0.6700163,12.080053,11.123215,10.742185
ddc_dzo_00902,unlabeled,Unknown,0.8903041,-0.21820307,0.50047684,12.03523,11.23233,8.782663
ddc_dzo_00910,unlabeled,Unknown,-0.56307983,0.09706402,-14.193351,12.65167,5.1041026,5.32234
ddc_dzo_00901,unlabeled,Unknown,1.0572138,-0.81746244,0.14349413,9.696989,11.083301,8.307204
ddc_dzo_00895,unlabeled,Unknown,2.6108046,-1.026682,0.56687355,9.695625,10.083816,8.018471
ddc_dzo_00920,unlabeled,Unknown,-1.4143281,-0.22589493,-11.002234,13.095006,5.1780195,5.524929
ddc_dzo_00936,unlabeled,Unknown,0.6635212,0.034217596,0.2712674,11.282551,10.04888,9.472964
ddc_dzo_00927,unlabeled,Unknown,2.016484,-2.1633255,1.101737,11.214853,11.0474825,9.450677
ddc_dzo_00924,unlabeled,Unknown,1.7504562,-1.2339786,0.44709283,10.516003,10.496945,7.6312175
ddc_dzo_00951,unlabeled,Unknown,-2.37784,-0.040517718,-12.262903,13.16346,4.9633117,5.5615077
ddc_dzo_00945,unlabeled,Unknown,-1.9688902,0.8673752,-12.103432,12.824384,5.2767744,5.426948
ddc_dzo_00962,unlabeled,Unknown,-2.428782,-2.2642715,0.41579056,10.4862795,9.470209,10.264178
ddc_dzo_00955,unlabeled,Unknown,-8.67834,-1.9381578,1.0195391,10.181137,4.6862597,10.603064
ddc_dzo_00954,unlabeled,Unknown,-8.1663885,-1.9122643,-0.65762967,9.209601,4.2883253,10.15669
ddc_dzo_00958,unlabeled,Unknown,0.4595902,-0.8077946,0.70474005,11.070233,10.198685,10.687825
ddc_dzo_00952,unlabeled,Unknown,1.9769871,-1.4685411,-0.20975208,9.034704,10.234385,9.430138
ddc_dzo_00997,unlabeled,Unknown,-0.18918699,1.9744314,-2.0382237,10.261811,12.419352,7.3053365
ddc_dzo_00987,unlabeled,Unknown,2.4385445,0.70589066,0.8876575,11.785372,10.532308,8.540302
ddc_dzo_00985,unlabeled,Unknown,1.423311,-1.6764306,-1.4096469,9.026129,10.975715,7.4365516
ddc_dzo_00974,unlabeled,Unknown,1.8889413,-0.42736876,0.49055377,10.106031,11.757492,8.783719
ddc_dzo_01014,unlabeled,Unknown,2.8723235,-0.818359,0.3073969,10.088018,10.95669,8.140551
ddc_dzo_01011,unlabeled,Unknown,-7.327053,-1.841252,-0.031020641,9.498653,4.289145,9.806353
ddc_dzo_01004,unlabeled,Unknown,-4.232392,-2.0134897,1.0036125,9.401485,9.693706,10.818666
ddc_dzo_01012,unlabeled,Unknown,0.92559606,-0.85900974,-0.106490135,12.305451,10.806398,9.635344
ddc_dzo_01024,unlabeled,Unknown,2.946673,-1.8727148,0.007944107,9.355219,10.823014,7.51661
ddc_dzo_01003,unlabeled,Unknown,1.3796892,-1.0041428,0.12833744,10.083493,12.271564,9.857492
ddc_dzo_01053,unlabeled,Unknown,-1.764578,-1.1027439,-0.2939043,10.615931,9.445918,10.046132
ddc_dzo_01055,unlabeled,Unknown,-0.83247596,-1.0093217,0.22832823,10.0390835,9.171848,9.254397
ddc_dzo_01066,unlabeled,Unknown,-3.4795775,8.070186,-1.0660701,13.600456,7.9324884,6.617905
ddc_dzo_01069,unlabeled,Unknown,-1.074075,0.8630948,-1.2629571,11.510464,10.641057,7.7714577
ddc_dzo_01040,unlabeled,Unknown,1.4180758,-2.4887526,0.045675278,12.041165,11.535469,9.756188
ddc_dzo_01056,unlabeled,Unknown,2.508246,-1.1568367,-0.38452014,11.623111,10.840028,9.086619
ddc_dzo_01052,unlabeled,Unknown,2.495419,-1.8213685,0.83165276,11.4094,11.974788,8.875513
ddc_dzo_01063,unlabeled,Unknown,2.3522305,-0.030062735,-0.41952503,9.218875,11.465158,8.758008
ddc_dzo_01041,unlabeled,Unknown,3.1383722,-0.7595891,-0.3416686,12.059465,11.136235,10.771036
ddc_dzo_01101,unlabeled,Unknown,1.5955594,-0.007841073,-1.1299801,10.779656,10.41245,5.944359
ddc_dzo_01094,unlabeled,Unknown,-1.7880073,11.461952,-3.874412,13.399875,8.141003,7.306582
ddc_dzo_01106,unlabeled,Unknown,-1.1994944,-0.140409,-0.55256295,11.798022,10.940474,8.267786
ddc_dzo_01086,unlabeled,Unknown,0.29067755,-0.12450981,0.40826046,10.03428,9.830229,7.885661
ddc_dzo_01099,unlabeled,Unknown,0.53118354,-0.3028518,0.65734434,11.336234,10.190503,9.888703
ddc_dzo_01087,unlabeled,Unknown,2.1400185,-0.2936288,2.267562,9.252685,11.339301,6.717955
ddc_dzo_01104,unlabeled,Unknown,2.609731,-1.0510362,0.17802095,8.58667,11.523756,7.9816623
ddc_dzo_01124,unlabeled,Unknown,-2.968924,0.9579609,-7.9411144,12.882191,4.990331,5.681255
ddc_dzo_01135,unlabeled,Unknown,0.49564266,-0.22006994,-0.93095446,10.610119,10.690792,11.035115
ddc_dzo_01127,unlabeled,Unknown,-8.522964,-1.6456552,0.67492247,9.659189,5.224378,11.301809
ddc_dzo_01120,unlabeled,Unknown,2.1468117,-0.7022054,-0.1584853,9.889324,11.892917,10.253766
ddc_dzo_01143,unlabeled,Unknown,-4.371775,2.112836,-4.4097033,13.038327,6.4523873,6.215673
ddc_dzo_01146,unlabeled,Unknown,-7.969317,0.33717006,-0.0023841858,9.719054,4.335473,9.609361
ddc_dzo_01171,unlabeled,Unknown,-2.3935575,5.7010593,0.20586361,13.421444,7.856105,6.563025
ddc_dzo_01160,unlabeled,Unknown,3.0388772,-0.93456566,0.65294766,11.690287,10.521105,9.908354
ddc_dzo_01192,unlabeled,Unknown,-1.2344778,-0.17839015,-0.017983913,10.432474,9.756444,3.953407
ddc_dzo_01198,unlabeled,Unknown,1.1150012,2.472841,-1.7164248,10.338115,9.074989,8.923709
ddc_dzo_01201,unlabeled,Unknown,-2.0809975,-2.220922,0.19558212,9.677743,9.597353,9.943158
ddc_dzo_01189,unlabeled,Unknown,0.13654304,-0.7690315,-1.53409,10.13188,10.089227,10.641597
ddc_dzo_01211,unlabeled,Unknown,-9.238305,-1.4769177,0.9197918,9.476144,5.220912,11.132763
ddc_dzo_01217,unlabeled,Unknown,1.8619468,-2.1857367,1.3015096,10.647757,10.212339,7.98754
ddc_dzo_01226,unlabeled,Unknown,2.0372038,0.097831726,1.1068307,9.465185,10.555422,6.962289
ddc_dzo_01223,unlabeled,Unknown,2.1837668,-1.0845287,0.5015292,9.225429,10.754343,6.912823
ddc_dzo_01262,unlabeled,Unknown,0.87532866,-1.3463459,0.50505114,10.171169,10.055829,9.010774
ddc_dzo_01267,unlabeled,Unknown,0.4996092,-0.46435034,1.3126222,10.128412,9.790052,8.885444
ddc_dzo_01247,unlabeled,Unknown,0.28114295,-0.24233949,-0.9436457,11.330562,10.006696,8.927564
ddc_dzo_01254,unlabeled,Unknown,-1.1426558,1.6737128,-11.893052,12.687832,5.519066,5.493521
ddc_dzo_01306,unlabeled,Unknown,0.9500959,-0.36920452,0.65156233,9.136694,9.658129,9.594385
ddc_dzo_01305,unlabeled,Unknown,-0.4126482,0.6187287,-0.21304709,10.387436,9.812186,10.449298
ddc_dzo_01288,unlabeled,Unknown,2.0114655,-0.63793796,-0.17384538,9.722928,9.783889,9.01094
ddc_dzo_01281,unlabeled,Unknown,-0.30141926,1.474843,0.47618175,11.836507,10.050849,8.738836
ddc_dzo_01285,unlabeled,Unknown,-3.2735224,-1.1310261,-8.671075,12.649881,5.5774956,5.574162
ddc_dzo_01279,unlabeled,Unknown,-9.5022545,-1.6686097,1.429815,9.547712,4.392877,9.867537
ddc_dzo_01310,unlabeled,Unknown,-8.856001,-0.7307931,-0.37885943,10.397548,4.7822533,10.416803
ddc_dzo_01290,unlabeled,Unknown,2.4479053,-0.9627596,1.1216578,9.054757,12.317995,7.21855
ddc_dzo_01296,unlabeled,Unknown,3.0889916,-0.27027798,1.0018629,9.530627,11.880226,8.586499
ddc_dzo_01341,unlabeled,Unknown,-6.7362137,-0.013522685,-1.3457315,10.332516,4.7383385,9.42555
ddc_dzo_01333,unlabeled,Unknown,-1.3316894,0.82536185,-0.6457782,10.541878,9.107796,9.504456
ddc_dzo_01336,unlabeled,Unknown,2.2877464,-0.7978749,0.4266162,12.210844,10.441067,9.381122
ddc_dzo_01324,unlabeled,Unknown,2.66019,-2.2677886,-0.44869637,8.807133,10.432661,8.807316
ddc_dzo_01375,unlabeled,Unknown,1.9012551,0.6592281,-1.7474687,8.881141,12.161067,7.3762064
ddc_dzo_01367,unlabeled,Unknown,3.250732,1.8952296,0.63630724,12.180917,10.81253,9.913294
ddc_dzo_01380,unlabeled,Unknown,-0.8009398,0.37627554,-0.6032872,10.516465,9.840472,9.752775
ddc_dzo_01374,unlabeled,Unknown,-6.1529984,-0.89817655,0.734146,9.700725,5.321133,9.678629
ddc_dzo_01347,unlabeled,Unknown,-2.147191,5.610079,-1.5785913,13.315856,7.701463,6.6638618
ddc_dzo_01372,unlabeled,Unknown,1.938006,-0.9871912,1.0930642,10.114598,10.142096,8.448237
ddc_dzo_01349,unlabeled,Unknown,4.5983005,0.24373932,0.7239351,11.545183,10.828314,10.204016
ddc_dzo_01411,unlabeled,Unknown,0.71472836,1.4667225,-0.0065522194,10.9950075,10.280435,6.5317116
ddc_dzo_01383,unlabeled,Unknown,-5.500037,0.48595047,-5.0307236,12.652357,6.2995424,5.9891963
ddc_dzo_01401,unlabeled,Unknown,-5.0842295,0.7410095,-1.6428936,12.636074,6.3761086,5.984136
ddc_dzo_01403,unlabeled,Unknown,-4.2671638,6.207207,-1.7874906,13.293415,7.6724634,6.425196
ddc_dzo_01406,unlabeled,Unknown,-9.821491,-1.4550045,1.3134236,9.452927,4.1996593,9.952554
ddc_dzo_01389,unlabeled,Unknown,4.353261,-1.6089227,-2.1708724,11.049567,11.171756,7.759847
ddc_dzo_01395,unlabeled,Unknown,2.7788827,-0.6231861,-0.07930267,11.253277,10.28113,9.803682
ddc_dzo_01382,unlabeled,Unknown,2.472071,0.7365917,2.112359,10.853415,9.899526,8.363755
ddc_dzo_01438,unlabeled,Unknown,-7.9793696,2.2325003,0.15979326,10.572986,4.7259617,9.479858
ddc_dzo_01417,unlabeled,Unknown,-1.0377177,4.3645253,-3.2228475,10.328531,9.323096,3.4100926
ddc_dzo_01447,unlabeled,Unknown,1.7634598,0.091935754,0.738462,11.268985,11.300911,10.753622
ddc_dzo_01434,unlabeled,Unknown,-2.2064157,-1.6110984,-0.08669579,9.247422,5.1843686,10.410551
ddc_dzo_01444,unlabeled,Unknown,-9.548285,-2.4824796,0.58775616,9.269584,4.8908553,10.117646
ddc_dzo_01426,unlabeled,Unknown,2.016405,0.4728406,0.31901354,11.960494,11.337913,9.45425
ddc_dzo_01416,unlabeled,Unknown,2.048125,-0.8858948,0.6199343,8.830159,11.0213175,9.6880245
ddc_dzo_01431,unlabeled,Unknown,2.2215695,-1.5672437,0.7560189,10.050374,10.129488,6.9825654
ddc_dzo_01470,unlabeled,Unknown,-5.8667374,-0.3829217,0.83366156,10.276238,4.7097726,10.841275
ddc_dzo_01452,unlabeled,Unknown,0.61797845,-0.8270173,-0.99054515,10.784092,9.800142,4.588939
ddc_dzo_01462,unlabeled,Unknown,0.70430934,2.47681,-3.0295029,10.5951185,9.7607155,3.2169883
ddc_dzo_01481,unlabeled,Unknown,-0.7611823,5.7721148,1.4204521,13.309374,8.233098,6.6967607
ddc_dzo_01465,unlabeled,Unknown,1.1243485,-0.7895184,0.056378007,9.409657,10.453389,9.4677925
ddc_dzo_01471,unlabeled,Unknown,-11.503944,0.044350028,1.22275,9.166102,4.5943055,10.743562
ddc_dzo_01453,unlabeled,Unknown,3.2652779,-1.4936814,1.080925,10.8207655,11.111178,10.213936
ddc_dzo_01498,unlabeled,Unknown,-1.511905,-1.0746307,-0.5848954,9.050597,9.85814,9.642804
ddc_dzo_01494,unlabeled,Unknown,-0.4436849,-0.7085716,0.6442934,10.631268,10.332103,10.736531
ddc_dzo_01502,unlabeled,Unknown,3.3238847,-1.0751733,0.38005793,11.658252,10.73903,8.489728
ddc_dzo_01504,unlabeled,Unknown,1.7635853,-0.29135442,-1.0902307,11.268363,12.107038,8.984242
ddc_dzo_01493,unlabeled,Unknown,1.2521095,0.3167531,0.14240527,11.749463,9.636173,8.143831
ddc_dzo_01545,unlabeled,Unknown,-3.354251,0.1225822,-0.9717436,11.0646,9.946733,9.085147
ddc_dzo_01734,unlabeled,Unknown,-1.1354234,-0.5582724,-0.378412,10.729085,9.768568,7.8596377
ddc_dzo_01525,unlabeled,Unknown,1.9170566,0.20911664,0.4670195,9.956854,9.738568,8.095879
ddc_dzo_01523,unlabeled,Unknown,0.84499407,-0.68384504,-0.5951677,9.501274,9.875524,10.555266
ddc_dzo_01529,unlabeled,Unknown,-2.3578696,0.6422516,-0.31811905,8.937927,9.707429,8.862916
ddc_dzo_01530,unlabeled,Unknown,2.070268,-0.70566684,-0.7528995,9.933382,10.149549,10.177903
ddc_dzo_01537,unlabeled,Unknown,2.2765908,0.336704,0.83251154,9.572567,10.330486,8.836768
ddc_dzo_01536,unlabeled,Unknown,2.1624753,0.17538387,0.9527414,9.371546,11.3707695,7.8558054
ddc_dzo_01580,unlabeled,Unknown,0.39358807,0.6616061,0.10017085,10.539575,9.793472,3.6676543
ddc_dzo_01577,unlabeled,Unknown,0.3307311,-0.060896635,-4.920374,10.451391,9.928639,3.3645978
ddc_dzo_01568,unlabeled,Unknown,-1.0536301,4.2356133,-4.765586,13.06689,6.9773197,6.305474
ddc_dzo_01588,unlabeled,Unknown,-0.037786245,0.709262,1.4353629,10.742302,9.521934,9.382392
ddc_dzo_01591,unlabeled,Unknown,-0.4926014,2.057273,1.1741239,10.534914,9.229617,9.262594
ddc_dzo_01579,unlabeled,Unknown,-11.179529,-2.4246054,0.2902341,9.638992,4.9158854,11.115091
ddc_dzo_01564,unlabeled,Unknown,0.14283109,-0.19763613,-0.40589446,9.113915,10.535372,8.516158
ddc_dzo_01605,unlabeled,Unknown,-2.1290097,1.1263585,-4.898407,10.619615,9.677339,4.0838513
ddc_dzo_01603,unlabeled,Unknown,-2.6804621,2.426546,-11.500326,-5.045148,5.224604,8.651756
ddc_dzo_01620,unlabeled,Unknown,-0.17351627,-0.4636309,-12.810222,-5.0826144,5.271799,8.626337
ddc_dzo_01625,unlabeled,Unknown,0.45807767,-0.5704274,0.0024251938,10.956159,9.566461,10.148488
ddc_dzo_01618,unlabeled,Unknown,0.36441845,-0.50597584,-0.05446434,10.477223,9.660908,10.1547165
ddc_dzo_01607,unlabeled,Unknown,0.9060552,-1.8983176,0.81649697,9.342872,9.961216,9.362332
ddc_dzo_01621,unlabeled,Unknown,1.6086869,-1.4567025,-0.42756057,12.061459,10.897642,9.469414
ddc_dzo_01647,unlabeled,Unknown,-8.4376335,-0.5662362,0.6444528,10.534502,4.957858,10.56195
ddc_dzo_01660,unlabeled,Unknown,-1.6554607,-0.9010031,0.1865673,10.998845,10.451535,10.74442
ddc_dzo_01631,unlabeled,Unknown,-0.5205419,0.27935487,-0.19380474,9.200638,10.464753,10.491784
ddc_dzo_01641,unlabeled,Unknown,1.4548343,0.7812172,-0.40146324,9.80949,9.562539,8.999042
ddc_dzo_01634,unlabeled,Unknown,-0.13620833,-0.29990983,0.1222775,10.195942,9.594467,10.467044
ddc_dzo_01652,unlabeled,Unknown,1.0159438,-0.9235239,0.55040586,10.244758,12.305627,9.475376
ddc_dzo_01696,unlabeled,Unknown,2.332046,1.1048502,-0.5280932,11.939833,11.275835,9.742488
ddc_dzo_01667,unlabeled,Unknown,2.1219788,0.16733336,0.90458316,11.390355,10.64341,8.849655
ddc_dzo_01682,unlabeled,Unknown,1.7305098,1.9916577,0.32583702,12.364971,10.781424,10.416764
ddc_dzo_01685,unlabeled,Unknown,1.2814426,-2.2185292,0.4214077,12.181319,11.1506195,10.687724
ddc_dzo_01729,unlabeled,Unknown,0.9946189,0.27966833,-1.9460373,10.7963295,9.631103,4.01539
ddc_dzo_01705,unlabeled,Unknown,0.15570629,1.4360452,-2.085027,10.424931,9.568291,3.2626195
ddc_dzo_01710,unlabeled,Unknown,0.009514809,2.0369267,-11.737357,12.654742,5.202215,5.181228
ddc_dzo_01724,unlabeled,Unknown,-0.64341164,0.7320337,-11.813439,12.81059,5.03684,5.4475956
ddc_dzo_01703,unlabeled,Unknown,1.3808508,0.2429803,-0.05290191,10.996462,11.336849,8.353341
ddc_dzo_01768,unlabeled,Unknown,-0.75792503,5.403331,-0.25090253,13.311128,8.469978,7.561609
ddc_dzo_01764,unlabeled,Unknown,-4.0306597,0.94158983,-11.359884,13.204747,5.004785,5.719827
ddc_dzo_01767,unlabeled,Unknown,-0.6563524,-1.5611501,-0.52839845,10.145138,9.76545,10.445356
ddc_dzo_01748,unlabeled,Unknown,1.4138937,0.5359952,0.59418106,11.462682,10.6487055,8.994557
ddc_dzo_01761,unlabeled,Unknown,2.084374,-1.2225248,1.0339783,10.703652,9.2658415,8.965983
ddc_dzo_01763,unlabeled,Unknown,1.6767406,-1.4705179,0.46985093,10.485569,9.604901,7.533392
ddc_dzo_01772,unlabeled,Unknown,-0.3900571,0.40314007,-2.440157,10.792313,9.563951,3.8431137
ddc_dzo_01773,unlabeled,Unknown,0.6316041,0.092137575,-0.7615441,10.250866,10.354446,9.03306
ddc_dzo_01783,unlabeled,Unknown,-0.444489,2.3421025,-0.5752661,10.827909,9.359961,9.00286
ddc_dzo_01793,unlabeled,Unknown,-0.28571403,-0.78586614,0.73422253,10.390105,9.866851,7.9070005
ddc_dzo_01770,unlabeled,Unknown,2.1105561,-1.9646099,0.22799206,9.006148,9.93508,9.671059
ddc_dzo_01800,unlabeled,Unknown,1.9582489,0.60436904,0.4308344,10.502738,9.906293,7.593299
ddc_dzo_01776,unlabeled,Unknown,2.4222665,-0.77680707,0.6904001,10.671735,10.860665,10.849554
ddc_dzo_01788,unlabeled,Unknown,2.626597,-2.7902675,0.08669078,10.209873,11.966011,10.167618
ddc_dzo_01834,unlabeled,Unknown,-1.1489987,0.64723706,-0.119929075,10.433608,9.650673,10.105244
ddc_dzo_01835,unlabeled,Unknown,0.6688016,-1.3776842,-0.5299854,10.762956,9.922096,10.256457
ddc_dzo_01816,unlabeled,Unknown,-1.5544183,-0.48279,0.03671229,9.927804,9.808124,10.562219
ddc_dzo_01813,unlabeled,Unknown,-8.124382,-0.36968577,0.6500454,10.657214,5.8660245,10.779737
ddc_dzo_01818,unlabeled,Unknown,-0.33713472,8.088364,-0.350682,13.5032215,7.843602,6.4829593
ddc_dzo_01829,unlabeled,Unknown,2.8352375,-1.8034226,-0.4912938,10.767817,10.928149,7.7841244
ddc_dzo_01830,unlabeled,Unknown,2.3935082,-0.01595354,-0.4207772,9.811166,11.865699,10.165926
ddc_dzo_01861,unlabeled,Unknown,-4.2704077,0.48599792,-0.9945122,10.340884,4.527293,9.494626
ddc_dzo_01862,unlabeled,Unknown,-3.1574829,4.5609055,-10.846882,-4.8206897,5.0617676,8.371434
ddc_dzo_01854,unlabeled,Unknown,0.62183964,-0.8994154,0.009769917,9.241181,9.641355,10.017109
ddc_dzo_01867,unlabeled,Unknown,-1.7985053,8.354239,0.020308971,13.523496,8.357435,6.20203
ddc_dzo_01859,unlabeled,Unknown,1.6644037,0.34943533,-1.5483621,10.728115,11.492562,7.172818
ddc_dzo_01840,unlabeled,Unknown,-10.125727,-1.4125357,0.4114176,9.525346,4.5839744,10.799934
ddc_dzo_01895,unlabeled,Unknown,-1.9667583,-0.93381965,-1.4222014,10.6732025,9.772995,4.157503
ddc_dzo_01878,unlabeled,Unknown,1.5001163,-1.432309,-0.20725393,10.290187,10.311668,9.448812
ddc_dzo_01903,unlabeled,Unknown,1.985848,-1.5890276,1.2581587,9.44151,10.784455,8.50882
ddc_dzo_01875,unlabeled,Unknown,1.7303597,-1.7384083,0.42920113,10.96306,10.283023,10.383316
ddc_dzo_01894,unlabeled,Unknown,2.7825966,-1.0759525,1.3226848,8.624852,11.475309,8.499578
ddc_dzo_01933,unlabeled,Unknown,-1.5842369,2.1544328,-12.364997,-5.030852,5.395854,8.60185
ddc_dzo_01938,unlabeled,Unknown,0.12333083,-0.61120284,-0.13064814,10.792503,9.718164,10.433569
ddc_dzo_01922,unlabeled,Unknown,-6.8966827,-0.43687725,-0.40364268,9.901341,4.9219627,10.370841
ddc_dzo_01926,unlabeled,Unknown,0.40872538,-1.0098932,-0.875579,10.832739,10.230401,10.479965
ddc_dzo_01930,unlabeled,Unknown,1.4695845,3.1510873,0.8782205,12.82029,9.463829,7.815874
ddc_dzo_01940,unlabeled,Unknown,1.9991107,-0.7331362,0.6401136,11.087201,10.539404,9.671857
ddc_dzo_01936,unlabeled,Unknown,2.9596155,-0.68604875,-0.42263842,9.605431,12.211567,6.8563533
ddc_dzo_01916,unlabeled,Unknown,3.6464572,-1.2719462,-0.08132529,8.739978,11.988245,7.5213213
ddc_dzo_01957,unlabeled,Unknown,-4.621942,4.338007,-1.6448369,12.998951,7.095236,6.5128694
ddc_dzo_01950,unlabeled,Unknown,-0.71978176,1.992496,-1.2975821,10.606032,9.846184,7.8677354
ddc_dzo_01974,unlabeled,Unknown,1.8683438,-0.49193048,0.81703377,11.907313,10.095533,9.690717
ddc_dzo_01951,unlabeled,Unknown,2.1125257,-0.081839085,1.0506895,9.711081,10.074305,7.958052
ddc_dzo_01959,unlabeled,Unknown,3.33826,-0.3049698,-0.67192876,11.112739,10.828694,7.569123
ddc_dzo_01984,unlabeled,Unknown,-0.061618567,-0.055849075,-13.358646,-4.983924,5.2356906,8.496733
ddc_dzo_01982,unlabeled,Unknown,-0.23911262,-0.7920331,0.7617307,11.159269,10.223765,9.810424
ddc_dzo_01988,unlabeled,Unknown,2.8338552,-0.8762667,0.43366635,11.868639,10.127733,9.96629
ddc_dzo_01994,unlabeled,Unknown,2.0628076,1.9200848,-1.5525403,9.521562,10.953778,6.3942633
ddc_dzo_01986,unlabeled,Unknown,1.9060416,0.73057604,-0.69015735,11.08515,10.315113,10.276089
ddc_dzo_02012,unlabeled,Unknown,1.7625093,0.0676775,-1.3810449,9.873885,10.252304,7.826269
ddc_dzo_02013,unlabeled,Unknown,0.36002707,0.57184565,0.08584547,9.621903,11.043638,8.741826
ddc_dzo_02030,unlabeled,Unknown,0.33313775,-1.2476904,0.97978866,10.932476,10.608377,8.364059
ddc_dzo_02037,unlabeled,Unknown,2.5362453,-1.6829708,-0.353899,9.25341,10.485418,8.207827
ddc_dzo_02055,unlabeled,Unknown,1.2955767,0.68241596,-1.5110924,10.57453,9.833184,3.7225974
ddc_dzo_02050,unlabeled,Unknown,1.1697714,-0.7523382,-0.5651152,9.677903,9.632865,10.041797
ddc_dzo_02044,unlabeled,Unknown,-5.7704525,2.8150647,0.8313718,9.781541,4.6171913,9.4126625
ddc_dzo_02069,unlabeled,Unknown,2.9817567,-1.5546836,0.855248,11.335202,10.98879,9.6155815
ddc_dzo_02043,unlabeled,Unknown,1.078352,-0.7727606,1.0070071,9.09235,10.010736,7.610707
ddc_dzo_02045,unlabeled,Unknown,1.2442751,-0.3297099,-0.24630737,9.867097,12.280251,7.601766
ddc_dzo_02088,unlabeled,Unknown,-3.0054255,0.47644532,-8.96899,13.222627,5.1717772,5.683987
ddc_dzo_02094,unlabeled,Unknown,-2.4313405,-0.74230844,1.362283,10.159831,8.76624,9.261582
ddc_dzo_02097,unlabeled,Unknown,1.1253214,0.34143385,-0.11429659,10.584169,9.591074,9.819339
ddc_dzo_02095,unlabeled,Unknown,1.5913122,-0.98735785,-0.59186065,11.876026,10.812549,9.813906
ddc_dzo_02076,unlabeled,Unknown,0.29863095,-1.0189817,0.07805577,10.380601,9.477569,9.301155
ddc_dzo_02072,unlabeled,Unknown,3.1300545,0.15429652,0.37268877,9.288906,10.791765,7.0479565
ddc_dzo_02132,unlabeled,Unknown,1.5355932,-0.9335618,-0.17433615,10.9594965,11.341213,10.379499
ddc_dzo_02125,unlabeled,Unknown,1.3877776,-0.85725176,0.93575525,9.306374,10.786486,8.909334
ddc_dzo_02137,unlabeled,Unknown,-0.9222617,0.74490446,-7.8859158,12.973399,4.803217,5.4934254
ddc_dzo_02140,unlabeled,Unknown,1.7264987,-0.38859916,1.1695132,11.801134,10.820886,9.277312
ddc_dzo_02153,unlabeled,Unknown,1.9368052,0.1722005,0.44337702,11.598833,10.321138,9.3743925
ddc_dzo_02143,unlabeled,Unknown,1.7864196,-0.96360254,0.54617906,9.276976,12.410593,7.933408
ddc_dzo_02167,unlabeled,Unknown,1.9290755,1.9509463,-5.391557,10.617147,9.936467,3.3164754
ddc_dzo_02164,unlabeled,Unknown,-2.4944239,2.0255034,-4.819613,12.686157,5.8130307,5.7111588
ddc_dzo_02171,unlabeled,Unknown,-1.1885228,-0.2710327,-0.51322937,10.748117,9.700235,10.390676
ddc_dzo_02183,unlabeled,Unknown,2.7448666,-0.6013474,0.011074945,10.812376,10.223905,9.411753
ddc_dzo_02193,unlabeled,Unknown,0.12332821,0.98163795,-6.0112247,10.396635,9.984326,3.2870615
ddc_dzo_02205,unlabeled,Unknown,-2.455247,0.61701417,-12.605745,12.960998,4.922865,5.4867654
ddc_dzo_02214,unlabeled,Unknown,-0.3524897,0.47177768,0.29857206,10.902259,9.663689,10.335873
ddc_dzo_02221,unlabeled,Unknown,-1.563024,6.670826,0.098863125,13.563339,7.9357944,6.8283677
ddc_dzo_02194,unlabeled,Unknown,-8.122524,-0.7555372,1.7636037,9.890445,4.795122,10.35998
ddc_dzo_02217,unlabeled,Unknown,1.4961815,-1.085907,-0.092386484,10.768885,10.082609,7.5305467
ddc_dzo_02245,unlabeled,Unknown,-3.591124,5.9864783,-6.174528,13.338574,7.6090436,6.670993
ddc_dzo_02242,unlabeled,Unknown,2.5727763,0.048758745,0.3101015,10.496057,10.26661,9.628952
ddc_dzo_02229,unlabeled,Unknown,-5.0616827,0.333189,0.6197963,10.006694,5.590121,11.451027
ddc_dzo_02233,unlabeled,Unknown,-0.45012426,0.53272164,-0.7954025,11.9995365,11.046739,10.658054
ddc_dzo_02223,unlabeled,Unknown,3.096759,-0.8411983,0.5463834,10.041713,12.41439,7.712639
ddc_dzo_02234,unlabeled,Unknown,2.2888927,-1.7904518,0.6278225,8.751399,12.265193,8.471004
ddc_dzo_02269,unlabeled,Unknown,-1.457892,-0.59392095,-0.5928633,10.002583,9.609682,10.784021
ddc_dzo_02272,unlabeled,Unknown,1.0743783,1.1683397,-0.44130206,10.041933,9.892164,8.06518
ddc_dzo_02270,unlabeled,Unknown,3.051581,0.51358724,-1.7024938,9.54453,10.023852,8.648448
ddc_dzo_02262,unlabeled,Unknown,2.2743657,-0.92959577,0.66113836,10.147158,10.009328,8.813514
ddc_dzo_02271,unlabeled,Unknown,1.6435313,-0.45942718,-0.084558815,12.07268,11.306631,9.205853
ddc_dzo_02279,unlabeled,Unknown,2.0298429,-0.72753084,-1.052758,9.755758,11.544696,7.3991528
ddc_dzo_02308,unlabeled,Unknown,-9.742126,-0.10604334,0.11544263,10.462306,4.658301,9.372173
ddc_dzo_02296,unlabeled,Unknown,2.132807,-0.45415205,0.04687977,11.923773,10.351345,10.495597
ddc_dzo_02290,unlabeled,Unknown,0.2229979,1.4643111,-0.6398206,11.260991,9.246407,8.912491
ddc_dzo_02306,unlabeled,Unknown,-10.001183,-1.4049835,1.6107426,9.432856,4.2899375,9.933048
ddc_dzo_02282,unlabeled,Unknown,3.26703,-1.1360993,1.35273,11.916168,11.6199875,8.813448
ddc_dzo_02291,unlabeled,Unknown,2.464914,-1.1816561,1.4763403,10.05845,11.474164,9.00543
ddc_dzo_02286,unlabeled,Unknown,0.7515695,-0.647136,0.7260282,8.630329,11.171032,8.161404
ddc_dzo_02312,unlabeled,Unknown,-8.353431,-1.4990642,1.4180756,9.980144,5.5320816,10.629725
ddc_dzo_02336,unlabeled,Unknown,0.53444195,-0.6119275,-0.5137291,11.791135,11.000096,8.627443
ddc_dzo_02323,unlabeled,Unknown,-7.428973,1.0057808,-0.69413066,10.503641,5.7042446,10.762618
ddc_dzo_02311,unlabeled,Unknown,0.6049943,-0.881186,0.93454194,12.195578,11.086829,9.431842
ddc_dzo_02339,unlabeled,Unknown,0.7116643,-2.031254,1.3109568,9.769625,11.147277,9.957527
ddc_dzo_02321,unlabeled,Unknown,1.5017846,-2.238335,0.2776646,8.863037,11.781604,9.8576
ddc_dzo_02351,unlabeled,Unknown,-0.6676202,1.8450875,-3.2061958,10.616375,9.560209,3.5405314
ddc_dzo_02360,unlabeled,Unknown,-3.6988726,1.8256111,-11.55118,12.60632,5.677605,5.6195335
ddc_dzo_02362,unlabeled,Unknown,1.021179,-0.5447612,0.55977917,12.158051,11.110072,10.683659
ddc_dzo_02368,unlabeled,Unknown,2.7443461,-0.4719391,0.1700437,9.374833,10.843446,10.3077135
ddc_dzo_02341,unlabeled,Unknown,1.86426,-0.8128977,-0.096016824,10.893973,10.745049,9.878088
ddc_dzo_02385,unlabeled,Unknown,0.06654258,-0.66797876,-1.8796115,10.408893,9.525451,3.4830825
ddc_dzo_02384,unlabeled,Unknown,-8.431408,-0.8614583,-0.04903251,10.114073,4.145927,9.895726
ddc_dzo_02375,unlabeled,Unknown,-1.1078072,1.710518,-13.315451,-5.0953307,5.437351,8.63688
ddc_dzo_02378,unlabeled,Unknown,-3.8755705,0.7440375,0.33040285,10.293602,9.248453,10.543625
ddc_dzo_02380,unlabeled,Unknown,1.8097583,-1.6731888,0.36267906,9.526062,10.992669,8.550788
ddc_dzo_02406,unlabeled,Unknown,-0.3934989,4.598184,-2.7117271,10.431367,9.900288,3.2819717
ddc_dzo_02400,unlabeled,Unknown,0.8155128,0.19802654,0.13171506,12.118357,10.92266,10.764846
ddc_dzo_02414,unlabeled,Unknown,-2.5121074,5.264806,-4.370589,13.271998,7.459119,6.5156794
ddc_dzo_02407,unlabeled,Unknown,4.166066,-1.4899728,0.2862991,10.221477,11.115103,8.878649
ddc_dzo_02416,unlabeled,Unknown,1.9189352,-1.0420328,0.37776375,9.389692,12.37006,7.3408575
ddc_dzo_02429,unlabeled,Unknown,-0.37561888,0.020691395,-2.0018725,10.648734,9.463556,3.6275072
ddc_dzo_02450,unlabeled,Unknown,0.3565699,-0.6553752,-0.24223351,10.709982,8.979934,9.014323
ddc_dzo_02436,unlabeled,Unknown,3.1947894,-2.0344672,-0.42639804,10.908662,11.745756,8.516819
ddc_dzo_02433,unlabeled,Unknown,1.4080029,-3.5471113,-0.32741928,9.72064,10.339433,7.1943054
ddc_dzo_02484,unlabeled,Unknown,1.3569758,0.8641455,-0.29843903,10.185651,11.17905,7.3662076
ddc_dzo_02479,unlabeled,Unknown,-7.3878517,-0.2539637,0.71526086,9.570567,5.4984465,11.129104
ddc_dzo_02481,unlabeled,Unknown,2.6717334,-0.47611332,0.5291147,9.8067045,11.428735,7.4695835
ddc_dzo_02503,unlabeled,Unknown,-1.1214037,0.6437208,-11.0057955,12.965657,4.9732313,5.492355
ddc_dzo_02499,unlabeled,Unknown,0.52754146,0.5021305,0.7016175,9.879947,9.222306,9.548887
ddc_dzo_02508,unlabeled,Unknown,0.7722265,-0.71068907,0.5077877,10.560072,10.247708,10.224006
ddc_dzo_02489,unlabeled,Unknown,-0.47501993,-1.3868759,-0.5136798,10.1047,9.700683,10.4884615
ddc_dzo_02494,unlabeled,Unknown,1.88663,-0.20055556,-0.6065173,11.948789,11.513878,8.769821
ddc_dzo_02492,unlabeled,Unknown,0.3986408,0.819732,-1.284059,10.060494,10.538336,9.261023
ddc_dzo_02493,unlabeled,Unknown,3.5594974,-0.8514545,0.33375645,10.465323,12.29056,7.947472
ddc_dzo_02538,unlabeled,Unknown,0.40713215,1.1341707,-4.479991,10.263503,9.567033,3.3056622
ddc_dzo_02525,unlabeled,Unknown,-1.253548,2.3710153,-1.9282818,10.335128,9.382833,3.360867
ddc_dzo_02524,unlabeled,Unknown,1.8712604,-1.4615395,0.44933438,8.7559805,11.996971,8.537827
ddc_dzo_02553,unlabeled,Unknown,-0.58507395,1.336052,-11.352099,-4.910559,5.272306,8.528795
ddc_dzo_02571,unlabeled,Unknown,-2.279964,-0.2453525,-12.599483,-4.9001365,5.206716,8.487402
ddc_dzo_02601,unlabeled,Unknown,1.781152,-0.7912048,-0.37641025,10.890547,9.925903,10.338597
ddc_dzo_02592,unlabeled,Unknown,1.971133,-1.5748215,1.7142348,9.223227,10.868456,9.570372
ddc_dzo_02579,unlabeled,Unknown,3.4240255,-0.92294276,1.8439476,9.221023,11.018824,9.273252
ddc_dzo_02611,unlabeled,Unknown,-1.1067886,-1.0892528,0.5700921,10.685104,10.181334,10.07844
ddc_dzo_02624,unlabeled,Unknown,-5.0672026,6.444547,-0.71638566,13.245291,7.6660104,6.6756873
ddc_dzo_02610,unlabeled,Unknown,2.1627402,-0.12986416,0.8507829,11.238834,10.225144,9.821626
ddc_dzo_02641,unlabeled,Unknown,0.8502054,1.269445,-0.70575416,11.769733,10.226192,9.118203
ddc_dzo_02652,unlabeled,Unknown,1.8681543,-0.015127376,-1.0426168,11.536591,10.095685,9.60441
ddc_dzo_02644,unlabeled,Unknown,1.6367062,-0.035951138,0.69272363,11.674249,10.313999,8.721299
ddc_dzo_02647,unlabeled,Unknown,-8.808474,-1.5139544,1.3984772,9.88667,4.428531,10.421515
ddc_dzo_02645,unlabeled,Unknown,2.1105926,0.5834393,0.08619499,9.8641,10.975671,8.112688
ddc_dzo_02639,unlabeled,Unknown,1.4157699,-0.5885651,0.12987936,10.715531,10.028447,7.441028
ddc_dzo_02662,unlabeled,Unknown,1.5924792,-0.5750313,0.51437473,9.605585,12.100983,8.958385
ddc_dzo_02693,unlabeled,Unknown,-1.8659103,3.6624146,-5.354851,13.06239,6.8035035,6.233748
ddc_dzo_02684,unlabeled,Unknown,-2.7661362,7.90673,-4.1808496,13.337517,7.5411844,6.5559716
ddc_dzo_02686,unlabeled,Unknown,-2.0411606,10.09968,-0.68990374,13.579271,7.9381824,6.816624
ddc_dzo_02675,unlabeled,Unknown,2.7703226,-2.1638713,0.1413858,11.272749,11.184947,8.001887
ddc_dzo_02697,unlabeled,Unknown,-0.28982654,2.067102,-1.5543165,10.793171,9.512513,3.6978831
ddc_dzo_02698,unlabeled,Unknown,-6.0975304,-0.51947784,-4.889718,12.637252,6.1883173,5.980788
ddc_dzo_02703,unlabeled,Unknown,1.1501477,2.1790044,0.8500926,11.0980835,10.91953,9.312381
ddc_dzo_02695,unlabeled,Unknown,3.492569,-0.58937436,0.39762276,12.0297575,11.460394,9.387307
ddc_dzo_02708,unlabeled,Unknown,2.731963,0.1128332,-0.9998298,11.670234,10.999191,9.200982
ddc_dzo_02711,unlabeled,Unknown,1.7528269,-0.109867334,0.33372784,9.714766,11.5661,7.804519
ddc_dzo_02718,unlabeled,Unknown,2.3530557,0.3855967,-0.52338487,10.066057,12.365034,7.9943957
ddc_dzo_02736,unlabeled,Unknown,-1.8160592,1.1102488,-4.162737,10.772499,9.63526,3.2670274
ddc_dzo_02726,unlabeled,Unknown,-2.583808,-0.13924181,-13.269608,-4.8147554,5.1130447,8.369991
ddc_dzo_02728,unlabeled,Unknown,0.8522024,0.19492751,-0.5377295,10.474878,10.35806,10.637242
ddc_dzo_02733,unlabeled,Unknown,0.89016247,1.3790989,-0.9061997,12.371911,10.944085,9.000042
ddc_dzo_02739,unlabeled,Unknown,0.891135,-2.739555,0.9450712,10.0023985,11.620861,7.1335187
ddc_dzo_02749,unlabeled,Unknown,-8.805427,-1.6178434,-0.40665102,9.987353,4.854789,10.787401
ddc_dzo_02760,unlabeled,Unknown,-1.973506,1.2481726,-4.0969605,12.643935,5.752003,5.623377
ddc_dzo_02767,unlabeled,Unknown,1.135854,-0.4704289,-1.5462244,11.144763,10.104661,10.333092
ddc_dzo_02773,unlabeled,Unknown,1.1299529,-0.113936186,-0.42228347,9.239786,11.462229,8.180491
ddc_dzo_02762,unlabeled,Unknown,-1.0024564,-0.69778085,-1.6368985,10.318577,10.07555,10.482444
ddc_dzo_02772,unlabeled,Unknown,2.3516073,1.3135147,-0.3063706,11.297974,9.854816,8.354023
ddc_dzo_02764,unlabeled,Unknown,1.6488818,-1.5402541,-0.32420444,9.160654,11.400772,9.339437
ddc_dzo_02771,unlabeled,Unknown,1.9061303,-0.8787149,0.36501646,9.386829,11.721957,7.7048736
ddc_dzo_02794,unlabeled,Unknown,-0.7511227,3.4516602,-3.386087,10.544917,9.779089,3.556315
ddc_dzo_02798,unlabeled,Unknown,0.05500841,-0.07095182,-0.053202868,12.2133045,11.236133,10.510728
ddc_dzo_02799,unlabeled,Unknown,-1.7492342,-0.6658658,0.033748627,11.056924,9.6111765,10.419758
ddc_dzo_02791,unlabeled,Unknown,-10.541198,-2.6699336,1.07095,9.309217,4.5344567,10.577007
ddc_dzo_02797,unlabeled,Unknown,3.0167058,0.65901315,0.20233631,9.813934,12.206393,7.78298
ddc_dzo_02825,unlabeled,Unknown,2.4871967,0.82125497,0.5370198,10.091058,10.086473,8.157116
ddc_dzo_02826,unlabeled,Unknown,1.1483899,1.4698137,0.17881191,10.936196,9.933409,9.755005
ddc_dzo_02834,unlabeled,Unknown,0.5665555,-1.5539376,0.14088535,11.323319,10.872045,10.475158
ddc_dzo_03049,unlabeled,Unknown,2.9544222,-0.3726357,1.3161254,10.916764,9.533546,8.933542
ddc_dzo_02817,unlabeled,Unknown,-9.34368,-1.3239473,1.76734,10.206326,4.3238006,9.610158
ddc_dzo_02832,unlabeled,Unknown,2.8716884,0.19631419,0.13632876,12.162189,11.34702,9.588231
ddc_dzo_02829,unlabeled,Unknown,1.4735556,-0.63012445,-0.27701473,10.02191,10.6830225,7.4551325
ddc_dzo_02867,unlabeled,Unknown,-7.8524885,-1.3127657,-0.21395826,9.733746,5.0960236,9.753471
ddc_dzo_02847,unlabeled,Unknown,2.2201567,-0.99827117,-0.85753524,10.671822,12.409205,9.042632
ddc_dzo_02878,unlabeled,Unknown,-0.8863251,0.35371327,-3.428971,10.392211,9.964202,3.5627158
ddc_dzo_02885,unlabeled,Unknown,0.013727188,1.5232722,-2.8102794,10.339402,9.486034,3.4185383
ddc_dzo_02881,unlabeled,Unknown,-4.6196594,0.7161765,-3.1767907,10.598806,9.138437,3.7403815
ddc_dzo_02897,unlabeled,Unknown,0.11031449,0.27081573,0.017082453,10.00357,9.120495,9.343983
ddc_dzo_02898,unlabeled,Unknown,2.3515885,-0.66654867,0.0887413,11.538748,11.647404,10.005432
ddc_dzo_02892,unlabeled,Unknown,2.001967,-1.1380906,-0.28383207,8.641605,11.098691,9.373533
ddc_dzo_02894,unlabeled,Unknown,-7.727933,-2.1503224,-0.36509776,10.242432,5.8996615,11.367661
ddc_dzo_02931,unlabeled,Unknown,-0.45584273,6.0514045,-1.0701132,13.576691,8.290065,6.5303082
ddc_dzo_02934,unlabeled,Unknown,1.0151982,0.3889631,-1.3120782,9.673402,9.807237,9.906836
ddc_dzo_02933,unlabeled,Unknown,1.2640343,0.68912935,-0.12644482,10.839512,9.487024,9.27332
ddc_dzo_02921,unlabeled,Unknown,2.924718,-0.91206753,0.51008797,10.170085,10.041169,8.4856615
ddc_dzo_02908,unlabeled,Unknown,3.0171056,-0.9219512,0.031043291,8.633386,11.485051,8.630959
ddc_dzo_02936,unlabeled,Unknown,1.5450934,0.09500641,1.1318648,10.651413,12.422238,8.394979
ddc_dzo_02966,unlabeled,Unknown,0.8377938,0.5010586,-8.444771,10.542532,9.959375,3.350759
ddc_dzo_02957,unlabeled,Unknown,-1.901947,0.04700589,-1.3628494,10.4213,5.189098,9.201485
ddc_dzo_02958,unlabeled,Unknown,-1.3775885,12.951557,-0.71983874,13.674407,8.204324,6.382605
ddc_dzo_02942,unlabeled,Unknown,-1.4065254,0.25746965,-0.21249104,9.757017,9.626556,10.720677
ddc_dzo_02959,unlabeled,Unknown,-9.334114,-0.77317166,1.520279,9.838575,4.6735473,10.861179
ddc_dzo_02962,unlabeled,Unknown,-7.2261176,-1.3277578,-0.11586934,9.282768,5.3217764,10.471399
ddc_dzo_02999,unlabeled,Unknown,1.8097616,0.6532121,-1.4930882,9.485284,12.770241,7.7506084
ddc_dzo_02974,unlabeled,Unknown,-0.06265035,0.6604477,0.42651725,10.735367,8.959149,9.179619
ddc_dzo_02972,unlabeled,Unknown,-0.361812,0.038980484,-0.37558913,10.755141,10.12615,10.530858
ddc_dzo_03000,unlabeled,Unknown,0.12576532,0.031458765,1.2036879,12.077953,11.43397,10.409086
ddc_dzo_03004,unlabeled,Unknown,0.8750739,0.04333739,0.45022148,11.563592,10.943405,8.734136
ddc_dzo_02988,unlabeled,Unknown,-8.609151,-0.0058732033,0.06676161,9.384095,5.3564754,10.8655405
ddc_dzo_02975,unlabeled,Unknown,2.7049305,-0.6403041,-0.27455735,10.208538,10.079651,10.207836
ddc_dzo_03037,unlabeled,Unknown,-3.4573665,-0.07391214,-1.3667498,9.745446,4.5581794,9.30282
ddc_dzo_03041,unlabeled,Unknown,-2.1686077,1.9585629,-4.5063577,12.004871,10.225572,8.121073
ddc_dzo_03040,unlabeled,Unknown,-9.736657,-1.6403179,1.1983771,9.310833,5.5251474,10.61862
ddc_dzo_03034,unlabeled,Unknown,2.1285768,-0.25075293,0.79902256,11.384743,10.369601,8.774997
ddc_dzo_03026,unlabeled,Unknown,1.9005661,-1.1896547,-1.1913432,9.690134,10.118722,7.5212812
ddc_dzo_03032,unlabeled,Unknown,4.393935,-0.58108854,0.08769324,9.043958,11.635267,7.482948
ddc_dzo_03046,unlabeled,Unknown,2.6574376,0.6175883,0.48098087,11.422507,11.839698,10.132406
ddc_dzo_03085,unlabeled,Unknown,-0.92051166,-1.8082345,-0.83798736,10.685443,9.553768,4.0192046
ddc_dzo_03067,unlabeled,Unknown,-1.6066327,1.366679,-5.597986,12.888205,5.529434,5.5529766
ddc_dzo_03080,unlabeled,Unknown,-5.2560835,0.29558468,-8.357598,12.754217,5.5148344,5.715945
ddc_dzo_03051,unlabeled,Unknown,-1.0636649,-0.21438187,-9.7976055,-4.745285,4.9978366,8.297992
ddc_dzo_03087,unlabeled,Unknown,1.1702441,-0.28303337,-0.45489907,9.922977,9.205766,9.311838
ddc_dzo_03065,unlabeled,Unknown,0.11028099,0.6689862,-0.40259933,10.452541,9.484959,7.3281665
ddc_dzo_03060,unlabeled,Unknown,-0.8782308,-2.3857172,-0.48473573,11.132589,10.319675,9.813461
ddc_dzo_03056,unlabeled,Unknown,-8.527886,-0.41754603,-0.05499834,10.030176,5.601356,10.417465
ddc_dzo_03054,unlabeled,Unknown,1.2090232,-1.215817,0.43320066,10.384125,10.8132105,10.127831
ddc_dzo_03053,unlabeled,Unknown,0.81136274,-0.5499208,0.4658143,9.043461,11.622783,10.135586
ddc_dzo_03076,unlabeled,Unknown,2.4398136,-0.48536015,0.08117008,9.809081,11.896403,10.201672
ddc_dzo_03116,unlabeled,Unknown,-2.7370172,9.286399,-4.542611,13.43089,7.690084,6.501021
ddc_dzo_03119,unlabeled,Unknown,-0.20052245,0.7030299,1.330003,11.179873,10.937312,7.9044867
ddc_dzo_03113,unlabeled,Unknown,-2.1674254,7.688058,0.14431739,13.589046,7.8886514,6.6582994
ddc_dzo_03121,unlabeled,Unknown,-7.399271,-1.8251036,1.2329211,10.69422,5.4133945,10.372313
ddc_dzo_03106,unlabeled,Unknown,1.8802218,0.02588725,0.4483763,9.290984,11.388056,6.686169
ddc_dzo_03094,unlabeled,Unknown,0.57152796,0.010250092,-0.29862309,8.746391,10.368648,7.7312
ddc_dzo_03093,unlabeled,Unknown,1.4728613,1.0364894,-0.5759144,9.92081,9.681929,8.603702
ddc_dzo_03134,unlabeled,Unknown,-2.8672605,4.306367,0.34859347,13.1765375,8.735105,7.8004827
ddc_dzo_03137,unlabeled,Unknown,-3.558373,1.2999082,-1.4501495,13.311601,7.584716,6.4189773
ddc_dzo_03142,unlabeled,Unknown,0.35836747,0.6267028,-0.5969181,10.669704,9.979018,10.600905
ddc_dzo_03204,unlabeled,Unknown,1.1160173,-1.3622723,-0.13641846,10.180997,10.074766,9.621233
ddc_dzo_03144,unlabeled,Unknown,-8.669475,-1.7167811,1.5066644,9.98467,4.4145246,10.155109
ddc_dzo_03149,unlabeled,Unknown,-0.80354714,-1.3862615,-0.29504204,9.233946,9.559183,10.266195
ddc_dzo_03128,unlabeled,Unknown,1.310899,0.73044133,0.79902196,11.209608,10.304369,9.380299
ddc_dzo_03131,unlabeled,Unknown,2.469521,-0.68250275,0.49784508,10.424564,9.8928585,7.9577265
ddc_dzo_03170,unlabeled,Unknown,-0.25181007,-0.36300468,-2.1742282,10.559131,9.354395,3.6294694
ddc_dzo_03185,unlabeled,Unknown,0.7111958,3.476687,0.93787026,12.953709,8.780371,7.6787786
ddc_dzo_03196,unlabeled,Unknown,2.41517,-0.70301867,-0.0027227402,9.549969,10.676042,8.60235
ddc_dzo_03188,unlabeled,Unknown,0.8600378,4.00811,-1.9623092,10.307492,9.396718,3.3031723
ddc_dzo_03194,unlabeled,Unknown,2.3901453,-2.6203334,-0.59736425,9.044802,10.188619,8.477501
ddc_dzo_03201,unlabeled,Unknown,0.19463539,-0.7807555,-0.8199372,10.261807,5.195593,9.65129
ddc_dzo_03176,unlabeled,Unknown,1.1004968,0.36288428,0.5638261,11.563571,10.09922,9.27877
ddc_dzo_03197,unlabeled,Unknown,2.3793063,-2.8854449,0.8366566,11.164565,9.871098,7.6355867
ddc_dzo_03234,unlabeled,Unknown,0.8779781,0.5852121,0.26412702,10.145886,10.738583,8.374181
ddc_dzo_03227,unlabeled,Unknown,2.3022022,-0.117268145,-0.20984003,10.663008,9.728686,8.220317
ddc_dzo_03231,unlabeled,Unknown,1.8174615,-0.1336636,1.629677,9.622387,10.069515,9.119119
ddc_dzo_03233,unlabeled,Unknown,3.5567708,-0.8816832,-0.34934866,9.71457,11.844132,10.114276
ddc_dzo_03276,unlabeled,Unknown,0.26284504,-0.6748383,-1.6289681,11.353999,10.53828,7.273546
ddc_dzo_03277,unlabeled,Unknown,-2.6968427,0.71049285,-7.3454075,12.793091,5.6205454,5.57587
ddc_dzo_03259,unlabeled,Unknown,1.5687485,-0.0016492605,-0.6784725,11.188566,12.254513,8.669272
ddc_dzo_03261,unlabeled,Unknown,-0.7883005,-0.90269065,-0.16071224,10.505647,9.807485,7.8902426
ddc_dzo_03257,unlabeled,Unknown,0.6025591,0.9606466,-0.17819285,10.467392,9.3999,7.512083
ddc_dzo_03282,unlabeled,Unknown,-3.45012,0.8208412,-11.463908,12.717108,5.4475107,5.4467564
ddc_dzo_03315,unlabeled,Unknown,-3.3579571,0.27414894,-0.93368936,10.806834,9.310074,3.8429158
ddc_dzo_03298,unlabeled,Unknown,-2.7274995,1.359347,-6.1379795,13.123062,5.517028,5.648533
ddc_dzo_03311,unlabeled,Unknown,-1.8066945,2.2717948,-12.920053,-5.1175466,5.3828087,8.680719
ddc_dzo_03289,unlabeled,Unknown,-0.88167,1.8101472,-12.715268,-4.9080253,5.4299874,8.64297
ddc_dzo_03300,unlabeled,Unknown,-9.702775,-1.0517722,1.4242034,9.586649,4.0866933,9.867423
ddc_dzo_03292,unlabeled,Unknown,-7.907297,-0.66858387,1.4843438,9.972168,4.9438515,9.778502
ddc_dzo_03301,unlabeled,Unknown,-1.7981806,-1.2805814,-12.731086,12.611457,4.92511,5.4099565
ddc_dzo_03285,unlabeled,Unknown,-7.191353,-1.2792854,-1.2798173,9.214645,4.795195,10.022833
ddc_dzo_03291,unlabeled,Unknown,1.8977876,-1.8366866,-0.95837784,11.165653,11.743551,9.749286
ddc_dzo_03352,unlabeled,Unknown,1.3321007,0.6558504,-4.557051,10.459582,9.896262,3.2375567
ddc_dzo_03338,unlabeled,Unknown,-0.87025833,1.9785106,-9.897262,13.294059,4.9759207,5.672825
ddc_dzo_03337,unlabeled,Unknown,-1.9314461,3.464168,-13.737599,-4.8955536,5.291445,8.467658
ddc_dzo_03329,unlabeled,Unknown,-1.3452054,-0.37400937,0.7034844,9.182731,9.788786,10.240891
ddc_dzo_03324,unlabeled,Unknown,-5.0183706,1.0999045,-1.0250857,12.553017,6.3006105,6.0819464
ddc_dzo_03335,unlabeled,Unknown,2.509149,-0.860497,0.20380688,11.070347,10.509798,10.186801
ddc_dzo_03353,unlabeled,Unknown,2.1474843,0.78226125,0.91818833,11.422959,10.173628,7.8704123
ddc_dzo_03322,unlabeled,Unknown,2.9670546,-0.23359269,0.03962922,11.09039,10.123763,7.697952
ddc_dzo_03354,unlabeled,Unknown,2.0857942,-0.34460938,1.2259636,9.443041,11.624047,7.43269
ddc_dzo_03331,unlabeled,Unknown,2.6475968,-0.24518967,0.982538,8.763629,11.926102,8.796196
ddc_dzo_03382,unlabeled,Unknown,-3.9823513,2.5721006,-9.988472,12.690746,5.664269,5.5371118
ddc_dzo_03374,unlabeled,Unknown,-1.8062861,1.2908406,-3.175631,10.589681,9.106344,3.595367
ddc_dzo_03367,unlabeled,Unknown,-6.7054834,-0.037462175,1.3158855,9.514183,4.2652364,9.953509
ddc_dzo_03390,unlabeled,Unknown,-2.2798238,0.5534942,-0.8933621,10.410081,9.474383,10.054711
ddc_dzo_03355,unlabeled,Unknown,-8.517026,-0.7486919,0.82410526,10.376079,5.0417953,10.7383
ddc_dzo_03386,unlabeled,Unknown,2.9714544,0.1844523,-0.17071211,9.824523,9.925613,8.034504
ddc_dzo_03360,unlabeled,Unknown,2.4994974,0.0073949546,0.14573967,9.375341,11.344839,8.280668
ddc_dzo_03421,unlabeled,Unknown,1.2374368,1.4293275,-5.727494,10.396839,9.989724,3.2809744
ddc_dzo_03428,unlabeled,Unknown,-4.928732,1.0110762,-12.305662,13.290867,5.0739217,5.6865573
ddc_dzo_03410,unlabeled,Unknown,-2.725417,10.143002,-3.562801,13.51707,7.7937484,6.493496
ddc_dzo_03418,unlabeled,Unknown,-0.39745122,-0.95482016,0.7979305,10.408968,9.290736,8.707828
ddc_dzo_03407,unlabeled,Unknown,1.8685479,-0.33818978,-1.322145,8.893458,11.015973,8.4690695
ddc_dzo_03412,unlabeled,Unknown,4.228602,-1.6962882,-0.0060691833,12.107459,10.790727,8.818398
ddc_dzo_03431,unlabeled,Unknown,2.8071072,-0.71661425,0.16210365,12.017912,11.017155,8.613604
ddc_dzo_03467,unlabeled,Unknown,-10.0022545,-1.2820001,1.2447195,10.037233,5.155386,9.820152
ddc_dzo_03454,unlabeled,Unknown,1.2880028,-0.19875431,-2.331627,9.912208,12.233881,6.782575
ddc_dzo_03464,unlabeled,Unknown,0.28789306,1.6129949,-1.5502201,10.637243,9.7555485,4.2062945
ddc_dzo_03453,unlabeled,Unknown,-0.44018835,-0.41368723,0.24299788,11.533314,10.351491,10.201966
ddc_dzo_03460,unlabeled,Unknown,-0.32664943,-1.9702711,0.65643114,10.326599,9.530987,9.840205
ddc_dzo_03471,unlabeled,Unknown,0.20867318,-0.47566867,0.018851697,11.774334,11.114019,10.216159
ddc_dzo_03438,unlabeled,Unknown,2.0945778,-1.2800486,0.61413795,10.37561,9.935133,7.627919
ddc_dzo_03473,unlabeled,Unknown,-8.23462,0.48047966,1.1409097,10.636984,5.6716948,10.061962
ddc_dzo_03448,unlabeled,Unknown,1.4931793,-0.44515085,0.24438334,10.471596,10.818485,11.034498
ddc_dzo_03441,unlabeled,Unknown,2.7386785,-1.1860933,1.8977036,9.089503,11.179633,8.692525
ddc_dzo_03513,unlabeled,Unknown,0.41017973,1.8464208,-0.7669418,10.512646,9.485179,3.2288086
ddc_dzo_03491,unlabeled,Unknown,-0.36072063,-1.093345,-14.198045,-4.7769423,5.0051656,8.319136
ddc_dzo_03497,unlabeled,Unknown,-2.5055456,8.646936,-3.5208788,13.347383,7.564216,6.5508256
ddc_dzo_03479,unlabeled,Unknown,-0.81152534,0.7363517,0.71726465,9.900489,9.614751,10.654955
ddc_dzo_03489,unlabeled,Unknown,-9.05706,-0.9661355,1.5397573,10.485736,5.640543,10.640429
ddc_dzo_03509,unlabeled,Unknown,-2.0885735,8.086274,-0.019503951,13.5558,8.007051,6.559623
ddc_dzo_03520,unlabeled,Unknown,-0.4537207,-0.999902,-0.009207964,9.671552,9.371053,9.682482
ddc_dzo_03532,unlabeled,Unknown,-7.004868,-1.2330668,1.2987509,9.936977,4.8837132,10.431149
ddc_dzo_03536,unlabeled,Unknown,-6.740301,1.1140238,0.5014665,10.378462,4.5810585,10.13661
ddc_dzo_03516,unlabeled,Unknown,-2.5380702,-1.1357957,-0.05405557,9.769321,9.236319,9.708929
ddc_dzo_03541,unlabeled,Unknown,-6.3539476,-0.36595348,-0.8369432,9.849285,5.0273385,10.883002
ddc_dzo_03551,unlabeled,Unknown,2.2937245,-1.617219,0.5579219,10.487206,10.008084,7.538307
ddc_dzo_03533,unlabeled,Unknown,2.9877276,-0.79778016,0.48493552,9.074281,10.887519,7.791132
ddc_dzo_03581,unlabeled,Unknown,-3.4030414,0.75463986,-3.5409832,10.886762,9.53301,3.6236675
ddc_dzo_03570,unlabeled,Unknown,-1.7156779,0.94840646,-13.877432,-4.9803166,5.347515,8.602173
ddc_dzo_03582,unlabeled,Unknown,2.1553211,-0.6886277,-0.4030689,10.218682,10.4742565,9.735936
ddc_dzo_03554,unlabeled,Unknown,-2.2983353,6.714145,-0.5598655,13.470906,8.074161,7.0212827
ddc_dzo_03586,unlabeled,Unknown,-3.2756493,5.307973,0.6364913,13.506561,7.98226,6.80269
ddc_dzo_03574,unlabeled,Unknown,1.2961649,-0.70314693,0.5052177,11.405478,11.637856,7.9738326
ddc_dzo_03589,unlabeled,Unknown,-9.237945,-0.92550254,2.409958,9.0699835,4.6847672,10.753883
ddc_dzo_03595,unlabeled,Unknown,-1.5368997,1.4604671,-3.4504404,10.779016,9.571458,3.2391074
ddc_dzo_03624,unlabeled,Unknown,-5.394885,1.1257324,-3.6054268,10.775608,9.107382,3.8533444
ddc_dzo_03596,unlabeled,Unknown,2.091196,0.17276347,1.2880373,11.6216345,10.440493,9.983262
ddc_dzo_03626,unlabeled,Unknown,-0.98739004,0.2075839,-0.375237,11.833179,10.784515,8.395454
ddc_dzo_03598,unlabeled,Unknown,-1.6430585,-1.1950722,0.4017948,9.159949,5.6089687,10.907444
ddc_dzo_03594,unlabeled,Unknown,-6.896804,-1.6008375,-0.14050159,9.588964,5.8428345,10.749068
ddc_dzo_03622,unlabeled,Unknown,2.430428,-1.5562084,0.024617434,9.986509,11.9408655,7.953459
ddc_dzo_03645,unlabeled,Unknown,0.19288611,-0.18140721,1.212158,11.635405,10.674139,8.373738
ddc_dzo_03656,unlabeled,Unknown,1.3907531,0.499924,-0.5491924,10.235673,9.996737,8.706416
ddc_dzo_03663,unlabeled,Unknown,-7.8027945,-0.21981943,0.46674505,10.698534,5.6087694,10.3503475
ddc_dzo_03666,unlabeled,Unknown,-9.035042,-0.96276915,1.5503902,10.460636,5.750609,10.852267
ddc_dzo_03634,unlabeled,Unknown,3.0663185,-0.09952092,0.9886527,10.550295,10.6630945,6.6077166
ddc_dzo_03638,unlabeled,Unknown,3.2284114,-2.5947814,0.697772,11.310086,10.670373,9.713545
ddc_dzo_03705,unlabeled,Unknown,-0.16030622,1.659236,0.05410883,10.610635,9.282422,3.7026045
ddc_dzo_03702,unlabeled,Unknown,-2.3785672,1.8486784,-2.3736594,12.723487,6.112923,5.9001703
ddc_dzo_03699,unlabeled,Unknown,-1.4945843,-0.3507266,-1.6127436,10.265001,8.876969,9.738972
ddc_dzo_03693,unlabeled,Unknown,0.18484187,-0.4678167,0.7073814,10.698539,10.299608,10.549689
ddc_dzo_03698,unlabeled,Unknown,0.14340377,0.15343827,0.5177889,9.720551,9.692089,8.768136
ddc_dzo_03688,unlabeled,Unknown,-3.426456,6.2005363,0.010352135,13.682152,8.19628,6.9715123
ddc_dzo_03682,unlabeled,Unknown,2.9293556,-1.6956418,1.8919561,10.523392,11.709335,8.259743
ddc_dzo_03700,unlabeled,Unknown,1.0060791,-0.19948085,-0.64648604,9.990984,10.145937,7.5943832
ddc_dzo_03683,unlabeled,Unknown,2.151687,-1.6077862,1.3199552,10.710133,11.151125,10.756083
ddc_dzo_03710,unlabeled,Unknown,-1.0940063,-1.9437971,-2.5770726,10.852695,9.6855345,3.5080771
ddc_dzo_03734,unlabeled,Unknown,-2.9974818,2.7483609,-4.366709,12.62353,4.9451227,5.322049
ddc_dzo_03713,unlabeled,Unknown,-1.3655951,1.9855784,-13.597959,-4.9419284,5.233907,8.4131565
ddc_dzo_03736,unlabeled,Unknown,-2.691125,6.5385113,-2.3157842,13.158369,7.441513,6.538067
ddc_dzo_03728,unlabeled,Unknown,-0.39893955,0.50524193,-0.325769,10.136463,9.859962,8.037439
ddc_dzo_03718,unlabeled,Unknown,-1.0564594,9.816843,-2.8045342,13.4302635,7.7477503,6.7324934
ddc_dzo_03730,unlabeled,Unknown,0.12164068,-1.0774853,0.27275577,10.96768,10.100792,10.513088
ddc_dzo_03722,unlabeled,Unknown,2.7061872,-1.3457453,-0.5718317,10.167197,10.029143,7.968605
ddc_dzo_03768,unlabeled,Unknown,-2.2953262,1.5441918,-2.782273,10.316081,9.435919,3.3566058
ddc_dzo_03778,unlabeled,Unknown,-5.7258,0.7471888,-3.7889993,12.615187,6.3458943,6.0608635
ddc_dzo_03759,unlabeled,Unknown,-3.7150373,1.572346,-4.1812053,13.150964,7.220178,6.5225635
ddc_dzo_03786,unlabeled,Unknown,-4.9350557,7.276158,-2.1428437,13.326579,7.803533,7.0199814
ddc_dzo_03779,unlabeled,Unknown,-0.40280056,0.7822149,0.3030541,10.587522,9.508354,8.290764
ddc_dzo_03766,unlabeled,Unknown,-1.5878386,0.62341666,0.5675328,10.135453,9.475823,10.236234
ddc_dzo_03782,unlabeled,Unknown,-9.088398,-0.79744136,1.3938676,10.635656,4.9101286,10.412138
ddc_dzo_03763,unlabeled,Unknown,2.364893,-0.5052779,0.67185783,9.13925,11.000118,7.526713
ddc_dzo_03756,unlabeled,Unknown,1.5276363,-2.2355192,0.61210585,9.43423,10.63052,10.155667
ddc_dzo_03757,unlabeled,Unknown,1.3488013,-0.755033,-0.38405553,8.690651,11.806762,9.607755
ddc_dzo_03809,unlabeled,Unknown,-3.921866,1.7179246,-3.9905543,13.197447,7.456186,6.619145
ddc_dzo_03797,unlabeled,Unknown,-6.5570817,-0.7317996,0.74274015,10.788673,5.252524,9.928014
ddc_dzo_03815,unlabeled,Unknown,1.1549025,0.44290745,0.85384417,11.640198,10.563047,10.4887085
ddc_dzo_03810,unlabeled,Unknown,3.0025768,-1.1769948,1.2801491,11.207701,11.154025,7.838629
ddc_dzo_03808,unlabeled,Unknown,0.18722034,-0.49175197,0.27024582,9.116602,11.358329,7.76666
ddc_dzo_03853,unlabeled,Unknown,2.7020016,-0.6047306,0.30040455,12.343262,11.305832,10.462318
ddc_dzo_03849,unlabeled,Unknown,-3.6356268,0.87299824,-6.8405194,13.000111,5.587627,5.636649
ddc_dzo_03861,unlabeled,Unknown,-3.7266123,-0.6477814,-4.332091,10.496824,5.2767463,9.1447
ddc_dzo_03835,unlabeled,Unknown,-0.47265005,-0.27543068,-0.50355744,10.623977,10.089301,6.6456428
ddc_dzo_03844,unlabeled,Unknown,3.0007124,-1.0603167,1.2920413,8.792292,12.1675,8.397319
ddc_dzo_03837,unlabeled,Unknown,2.390923,-0.2400415,0.35508156,9.047021,12.131904,7.086966
ddc_dzo_03899,unlabeled,Unknown,-0.7520027,0.38109076,-7.8124447,12.690157,5.514897,5.413482
ddc_dzo_03868,unlabeled,Unknown,-3.571279,1.0550387,-2.93299,10.572488,9.13296,3.6994207
ddc_dzo_03867,unlabeled,Unknown,0.46012002,0.91698325,-0.50271416,9.9744005,9.963977,9.052519
ddc_dzo_03886,unlabeled,Unknown,-0.6286268,0.6219161,0.16943192,10.803132,10.985227,10.788282
ddc_dzo_03900,unlabeled,Unknown,-9.197032,-2.1998606,0.5394814,10.591047,5.3610587,10.821143
ddc_dzo_03903,unlabeled,Unknown,-7.1569266,0.39295775,-1.804619,9.865029,5.409897,10.823294
ddc_dzo_03879,unlabeled,Unknown,1.7595267,-0.15204096,1.7324125,9.405623,10.300039,9.508935
ddc_dzo_03882,unlabeled,Unknown,2.6255598,-0.104700804,-0.536561,11.251136,11.530624,8.348333
ddc_dzo_03930,unlabeled,Unknown,0.43627858,3.835798,-0.25077057,9.430409,12.565448,6.5573864
ddc_dzo_03906,unlabeled,Unknown,1.9331149,1.0193336,-3.4533796,10.486687,9.813577,3.0960393
ddc_dzo_03931,unlabeled,Unknown,-2.2634802,2.10031,-2.7803698,10.878708,9.582548,3.5414774
ddc_dzo_03909,unlabeled,Unknown,-2.4429684,1.2127452,-13.98307,-5.080641,5.4161506,8.608807
ddc_dzo_03904,unlabeled,Unknown,-1.0928917,-1.6882682,-0.24032986,9.523324,9.390362,9.799275
ddc_dzo_03922,unlabeled,Unknown,-2.748386,9.600057,-4.765939,13.361438,7.7051296,6.4870334
ddc_dzo_03918,unlabeled,Unknown,-8.614993,-0.63164663,0.60000265,9.199134,5.5464787,10.816957
ddc_dzo_03936,unlabeled,Unknown,2.0874994,-0.61598206,0.13856304,10.908663,9.898347,8.070852
ddc_dzo_03924,unlabeled,Unknown,-7.992318,2.7078152,1.8961295,9.83424,4.3296437,9.667142
ddc_dzo_03937,unlabeled,Unknown,1.1418545,0.32837486,0.45635015,11.894957,10.784571,8.094862
ddc_dzo_03905,unlabeled,Unknown,2.5164318,-0.5734035,-0.31242037,9.738751,11.987529,9.009015
ddc_dzo_03976,unlabeled,Unknown,-0.830719,1.1307597,-15.038525,12.815526,4.705125,5.3981576
ddc_dzo_03975,unlabeled,Unknown,-1.6531363,1.0111535,-11.275618,13.365168,4.970583,5.6138606
ddc_dzo_03953,unlabeled,Unknown,-0.29617643,0.04972291,-0.03129661,10.535096,9.465034,10.14881
ddc_dzo_03971,unlabeled,Unknown,0.19752938,-0.60210776,0.21569037,11.246119,10.436166,10.653429
ddc_dzo_03964,unlabeled,Unknown,2.2351723,-1.4796343,1.2698035,12.366008,10.813079,10.327291
ddc_dzo_03949,unlabeled,Unknown,1.904779,-0.9225788,0.30520678,10.703316,10.899929,10.882503
ddc_dzo_04001,unlabeled,Unknown,-1.1637727,2.9852068,-1.7448039,10.652374,9.658979,3.4523544
ddc_dzo_03985,unlabeled,Unknown,-0.013011456,1.2368352,-13.443211,-5.078178,5.3474607,8.673436
ddc_dzo_04007,unlabeled,Unknown,-2.0721016,0.4195106,-10.107112,-4.7197986,4.990867,8.284351
ddc_dzo_04011,unlabeled,Unknown,0.68903613,-0.6935116,-1.7533617,10.907331,10.328992,10.300194
ddc_dzo_03992,unlabeled,Unknown,0.0057702065,-0.94603515,0.37939167,11.426456,10.751776,8.401131
ddc_dzo_04021,unlabeled,Unknown,1.6166934,-1.3378004,-1.2465498,9.576001,9.531512,9.779961
ddc_dzo_04010,unlabeled,Unknown,1.1595156,-1.2839334,0.98495126,11.481551,11.687352,9.829028
ddc_dzo_03993,unlabeled,Unknown,2.5161645,-1.0622714,0.053070765,10.132046,11.296841,9.149842
ddc_dzo_04002,unlabeled,Unknown,2.8471026,0.8448074,0.693243,11.361073,10.8787365,11.02652
ddc_dzo_04046,unlabeled,Unknown,0.7830987,1.5015678,-2.2987354,10.695579,9.774504,3.248546
ddc_dzo_04037,unlabeled,Unknown,-1.0446122,-0.1499714,1.1562504,11.040306,9.474735,7.448435
ddc_dzo_04058,unlabeled,Unknown,-1.691739,0.72040033,0.071538925,10.548174,9.477196,3.6227562
ddc_dzo_04042,unlabeled,Unknown,-4.4779615,1.0869155,-4.489291,13.015249,5.5557284,5.803196
ddc_dzo_04052,unlabeled,Unknown,-3.209265,3.453622,-10.77205,-4.9384074,5.224487,8.533456
ddc_dzo_04029,unlabeled,Unknown,-2.429884,6.1954055,-3.684487,13.336412,7.5339036,6.561788
ddc_dzo_04036,unlabeled,Unknown,1.0020714,0.064243555,-0.96389866,10.138256,9.701204,10.674652
ddc_dzo_04050,unlabeled,Unknown,-1.3228682,1.6339169,0.43579128,11.692225,10.772871,9.728187
ddc_dzo_04040,unlabeled,Unknown,-8.795973,-1.4666437,-0.06560114,9.366092,5.3870068,10.321162
ddc_dzo_04048,unlabeled,Unknown,-10.117758,-1.0671065,0.42278385,9.282584,4.789673,10.870715
ddc_dzo_04030,unlabeled,Unknown,-9.348,-1.1480215,1.8514962,9.897286,4.8052154,10.711807
ddc_dzo_04099,unlabeled,Unknown,-0.98250103,1.3596673,-4.8113647,13.466988,4.9915175,5.7020345
ddc_dzo_04083,unlabeled,Unknown,-0.8869374,1.3904667,-6.1378965,13.063935,5.551154,5.6771417
ddc_dzo_04071,unlabeled,Unknown,-1.2629331,-0.20562744,-1.7120693,10.433195,9.474534,3.4594467
ddc_dzo_04090,unlabeled,Unknown,-2.618573,2.841899,-12.369615,-5.114541,5.4031644,8.706638
ddc_dzo_04065,unlabeled,Unknown,-1.1817803,-1.1308051,-12.289565,-5.168087,5.5218782,8.552447
ddc_dzo_04078,unlabeled,Unknown,-0.40498313,0.81147933,-0.2078619,11.94925,11.302397,10.151454
ddc_dzo_04096,unlabeled,Unknown,-0.3117168,0.74334097,-0.47589207,11.386693,9.52771,6.994191
ddc_dzo_04068,unlabeled,Unknown,-2.6923864,-0.97334814,0.2851994,9.263617,5.4326377,10.925722
ddc_dzo_04063,unlabeled,Unknown,2.198976,-1.8624892,1.7216165,9.517862,11.303372,7.434108
ddc_dzo_04081,unlabeled,Unknown,3.835668,-1.9162574,-0.050885677,8.745827,10.636915,9.283312
ddc_dzo_04131,unlabeled,Unknown,1.2920334,-0.03930044,-2.2596648,10.576229,9.508757,3.511406
ddc_dzo_04104,unlabeled,Unknown,-1.4697862,-0.3651662,0.17695332,10.81951,9.704208,3.4472983
ddc_dzo_04124,unlabeled,Unknown,-0.51290584,-0.28396106,-1.0816239,10.534148,9.480854,3.5330632
ddc_dzo_04126,unlabeled,Unknown,-7.839729,-0.24301791,-0.30627704,10.438869,4.5494084,9.37147
ddc_dzo_04128,unlabeled,Unknown,-2.380334,1.7365022,-14.083308,-4.97674,5.465923,8.689746
ddc_dzo_04112,unlabeled,Unknown,-1.3451586,-0.8574547,-12.009096,-4.8666644,5.09689,8.435402
ddc_dzo_04113,unlabeled,Unknown,2.8368812,-1.1410367,-1.2003374,11.386657,9.609067,9.991524
ddc_dzo_04111,unlabeled,Unknown,-2.636425,-1.2658355,-11.013115,12.627916,4.6862273,5.3679237
ddc_dzo_04105,unlabeled,Unknown,-0.15135229,-1.0897135,-0.21706855,10.173012,9.731388,7.5315056
ddc_dzo_04118,unlabeled,Unknown,2.7566185,0.009411871,0.12746263,9.6667,10.350531,8.58434
ddc_dzo_04159,unlabeled,Unknown,-0.20777214,-0.024555385,-3.4666772,10.5438385,9.978586,3.9986215
ddc_dzo_04172,unlabeled,Unknown,0.35081792,0.1117475,-0.094519615,12.372507,10.751169,9.02026
ddc_dzo_04170,unlabeled,Unknown,-0.65258753,-1.6359056,-0.701725,8.887857,9.7902565,8.495052
ddc_dzo_04171,unlabeled,Unknown,-2.1715364,0.6889949,-11.241415,13.251426,4.858486,5.6436315
ddc_dzo_04169,unlabeled,Unknown,-10.7134905,-2.628367,1.4409881,9.215575,4.5662403,10.632439
ddc_dzo_04146,unlabeled,Unknown,2.6629565,-2.350678,-1.1943778,10.854305,11.518402,7.575323
ddc_dzo_04173,unlabeled,Unknown,1.449759,-1.4248612,-0.35331059,9.818643,11.701923,10.777414
ddc_dzo_04193,unlabeled,Unknown,-2.4446592,1.2118144,-6.0740156,10.74765,9.779792,4.261891
ddc_dzo_04181,unlabeled,Unknown,-2.7099037,0.42243,-7.998604,13.250878,4.9860396,5.5918183
ddc_dzo_04197,unlabeled,Unknown,-5.611606,-0.8271618,1.6853626,9.382848,5.1869903,11.233388
ddc_dzo_04200,unlabeled,Unknown,-0.59917784,-0.1662671,-0.5102616,10.36489,9.220577,7.819724
ddc_dzo_04188,unlabeled,Unknown,-3.1301444,-3.399227,-0.4028452,10.457679,5.2189813,9.344655
ddc_dzo_04209,unlabeled,Unknown,-1.615472,12.958878,-2.886742,13.573247,7.87698,6.510517
ddc_dzo_04213,unlabeled,Unknown,2.59215,0.5988531,1.7846942,10.62409,11.418024,8.076993
ddc_dzo_04220,unlabeled,Unknown,-0.062036514,-0.608197,0.092467785,11.82528,10.85472,11.000676
ddc_dzo_04225,unlabeled,Unknown,-2.9393084,1.5458274,-2.5042386,10.61532,9.243808,3.6712716
ddc_dzo_04230,unlabeled,Unknown,-0.19676578,0.6390172,-2.176355,10.715324,9.400383,9.944711
ddc_dzo_04234,unlabeled,Unknown,-0.6000551,0.014417648,-0.45059103,11.030674,10.0057535,9.52822
ddc_dzo_04251,unlabeled,Unknown,0.39216447,1.3951048,0.24783611,11.609828,9.759112,9.967914
ddc_dzo_04240,unlabeled,Unknown,0.56595397,0.2918444,0.08097567,10.733466,11.032953,9.723248
ddc_dzo_04242,unlabeled,Unknown,-3.4491959,7.701944,-1.817551,13.577666,7.855074,6.56515
ddc_dzo_04223,unlabeled,Unknown,1.8730805,-0.9520407,0.84092873,11.341097,10.529302,8.364968
ddc_dzo_04238,unlabeled,Unknown,0.637818,-0.8508878,1.3441107,11.434672,10.521181,8.810461
ddc_dzo_04226,unlabeled,Unknown,3.4413867,-0.3872001,1.207871,9.505305,10.667455,8.585236
ddc_dzo_04286,unlabeled,Unknown,-11.2800865,-0.31165385,0.8135533,10.12473,4.216641,9.747173
ddc_dzo_04288,unlabeled,Unknown,-4.8848877,0.37657595,-13.208022,13.369288,5.0291257,5.658518
ddc_dzo_04261,unlabeled,Unknown,-0.58301544,1.5182023,-14.797126,-5.104351,5.418554,8.697316
ddc_dzo_04367,unlabeled,Unknown,-2.2272067,8.984774,-1.4719605,13.533963,7.8337097,6.5146065
ddc_dzo_04269,unlabeled,Unknown,2.7926161,-0.95545673,0.7018684,10.72142,10.723357,7.106326
ddc_dzo_04274,unlabeled,Unknown,1.7313938,0.45115256,-1.3250613,11.944288,11.724126,9.839129
ddc_dzo_04294,unlabeled,Unknown,-2.107873,2.7080579,-2.532415,10.636939,9.25444,3.6156797
ddc_dzo_04304,unlabeled,Unknown,-3.5092413,1.6325355,-4.0477815,10.436176,9.365196,3.4005609
ddc_dzo_04315,unlabeled,Unknown,-10.135451,0.0033915043,1.4390988,10.063945,5.046484,11.046206
ddc_dzo_04299,unlabeled,Unknown,-1.4757293,-0.63979197,0.052680254,10.935873,10.102416,10.409885
ddc_dzo_04329,unlabeled,Unknown,2.87559,-1.4361832,-1.432868,9.308939,11.861569,10.444625
ddc_dzo_04331,unlabeled,Unknown,0.61602503,1.6482301,-1.5507926,11.654794,10.249176,7.001782
ddc_dzo_04366,unlabeled,Unknown,-6.063662,-1.6011795,0.28923064,10.351794,5.2054687,9.782245
ddc_dzo_04351,unlabeled,Unknown,-10.7459545,-2.7569702,1.4202693,10.267684,5.44697,9.995506
ddc_dzo_04346,unlabeled,Unknown,-8.788424,-2.129297,-1.2901762,10.164262,4.231722,9.740218
ddc_dzo_04338,unlabeled,Unknown,-12.901655,-1.3637185,1.2521026,9.458462,4.45073,10.565655
ddc_dzo_04368,unlabeled,Unknown,-2.5520706,0.33015108,-3.6541579,10.898571,9.582169,3.6781015
ddc_dzo_04397,unlabeled,Unknown,0.13265753,-2.8590622,-0.36950016,10.510049,9.376541,3.6020243
ddc_dzo_04392,unlabeled,Unknown,-2.4836445,3.254527,-8.395071,13.285725,5.06342,5.58754
ddc_dzo_04403,unlabeled,Unknown,0.43163133,0.33194065,-0.60123014,9.021719,10.110312,8.705725
ddc_dzo_04400,unlabeled,Unknown,-0.6181197,4.20639,-12.228266,-4.867478,5.113224,8.419196
ddc_dzo_04372,unlabeled,Unknown,-9.323243,-1.0180179,0.016359687,9.236288,4.8413696,10.516623
ddc_dzo_04405,unlabeled,Unknown,-6.8732896,-1.1159227,-0.027718544,9.984966,5.5777454,11.48924
ddc_dzo_04378,unlabeled,Unknown,1.2040781,-0.9807594,-0.005110979,8.720123,11.446605,9.893553
ddc_dzo_04440,unlabeled,Unknown,-6.944039,-1.4319321,0.6600833,10.017405,5.2396727,9.828207
ddc_dzo_04410,unlabeled,Unknown,-10.257946,-1.705497,1.3283752,10.330757,5.194647,10.525013
ddc_dzo_04429,unlabeled,Unknown,0.006976962,-0.11856651,-2.9384763,10.893222,9.547369,3.211394
ddc_dzo_04409,unlabeled,Unknown,0.15600252,-0.4399824,0.19278717,10.112941,9.642537,10.783812
ddc_dzo_04412,unlabeled,Unknown,-6.651886,-0.45856094,0.7982843,10.407708,6.115365,11.184122
ddc_dzo_04427,unlabeled,Unknown,-2.1541471,-0.6778953,-0.42076695,10.311381,8.528313,9.203502
ddc_dzo_04442,unlabeled,Unknown,1.8487834,-0.7836545,-0.650332,9.349747,10.51453,8.1655855
ddc_dzo_04432,unlabeled,Unknown,4.888004,-3.2837577,-0.030378103,9.754537,11.285787,9.362502
ddc_dzo_04448,unlabeled,Unknown,4.241475,-1.9368263,1.821086,10.0965805,11.092101,9.663814
ddc_dzo_04461,unlabeled,Unknown,-4.556282,0.6579397,-2.4219,10.539068,9.053023,3.6580648
ddc_dzo_04485,unlabeled,Unknown,-1.9825239,2.7582526,-10.952544,13.06131,4.979034,5.4840846
ddc_dzo_04471,unlabeled,Unknown,-4.311656,1.5577493,-2.3204281,10.704118,9.470619,3.3627913
ddc_dzo_04464,unlabeled,Unknown,-0.5192691,-0.17024374,0.2487588,9.91883,9.888856,10.600703
ddc_dzo_04466,unlabeled,Unknown,-0.5155945,-0.62772137,-1.2876606,10.346162,6.1115265,11.292529
ddc_dzo_04463,unlabeled,Unknown,1.6364443,1.3155937,0.98827815,11.872843,11.745917,9.429794
ddc_dzo_04468,unlabeled,Unknown,-1.804351,-1.1299548,0.80069935,10.056754,9.263546,10.20323
ddc_dzo_04475,unlabeled,Unknown,0.8963959,2.2005167,-0.10314986,11.173846,9.932268,8.39956
ddc_dzo_04449,unlabeled,Unknown,3.7944767,-1.2250887,2.0708716,11.175958,10.655351,8.601623
ddc_dzo_04516,unlabeled,Unknown,-0.80516577,0.038025618,-1.3809562,10.731385,9.847034,4.5450253
ddc_dzo_04500,unlabeled,Unknown,-0.83348846,1.9718044,-9.681058,13.074391,5.3509707,5.4879117
ddc_dzo_04525,unlabeled,Unknown,-3.6970606,4.6768827,-12.948943,-4.7568407,4.994703,8.305773
ddc_dzo_04507,unlabeled,Unknown,2.6411006,-0.36807585,-1.6221462,9.918024,10.711447,9.776528
ddc_dzo_04502,unlabeled,Unknown,0.7135985,-0.46053317,-1.386097,10.18667,9.747286,9.653676
ddc_dzo_04517,unlabeled,Unknown,-0.50710547,-0.2077198,-0.3184998,11.323617,10.753898,8.205352
ddc_dzo_04493,unlabeled,Unknown,-0.5468588,-1.0394845,-1.1729922,11.743985,10.637858,8.837828
ddc_dzo_04506,unlabeled,Unknown,2.5611274,0.3125596,-0.109511495,12.341234,11.3383045,9.966
ddc_dzo_04520,unlabeled,Unknown,4.6638937,-0.59303427,1.8154876,10.774261,10.675184,8.229574
ddc_dzo_04518,unlabeled,Unknown,2.2347224,0.7246132,-0.32476664,11.711616,10.315797,8.252598
ddc_dzo_04494,unlabeled,Unknown,2.3722796,-1.1623375,0.4727769,8.997923,11.721934,7.3969336
ddc_dzo_04528,unlabeled,Unknown,-0.041233778,3.439169,-1.7506664,10.466379,9.738085,3.5641625
ddc_dzo_04536,unlabeled,Unknown,-9.705803,-0.6536641,0.18083775,9.952802,4.0733466,9.783814
ddc_dzo_04550,unlabeled,Unknown,0.31462616,-1.2362212,0.09521437,10.9433775,10.993862,8.5905485
ddc_dzo_04541,unlabeled,Unknown,1.683606,0.07874775,0.008464694,10.975629,10.6607275,10.656829
ddc_dzo_04564,unlabeled,Unknown,3.1684263,-2.704967,-0.21739817,8.734786,10.644366,9.312532
ddc_dzo_04555,unlabeled,Unknown,1.9520407,-0.18610382,1.9475952,10.032011,10.554575,7.5585065
ddc_dzo_04595,unlabeled,Unknown,-2.6968813,1.6449363,-12.121808,13.330582,5.1920037,5.6461325
ddc_dzo_04579,unlabeled,Unknown,-0.6112548,0.18197067,0.41489816,10.2454605,10.090126,9.954561
ddc_dzo_04583,unlabeled,Unknown,-0.2504487,-0.43855238,0.26779723,9.362165,9.599633,10.613784
ddc_dzo_04598,unlabeled,Unknown,-5.7658486,0.6486068,-0.5252972,9.919367,4.7172604,9.290502
ddc_dzo_04605,unlabeled,Unknown,-8.236833,-0.39674163,0.5521132,9.286196,5.517548,10.650216
ddc_dzo_04592,unlabeled,Unknown,2.028305,1.0680876,0.44324574,12.282554,10.19568,8.542781
ddc_dzo_04645,unlabeled,Unknown,-1.297311,-1.622751,0.9689602,10.4343195,9.509484,10.034329
ddc_dzo_04636,unlabeled,Unknown,1.3009372,-1.1374719,0.25905085,10.769041,9.806485,7.8778563
ddc_dzo_04625,unlabeled,Unknown,-0.9484856,8.521012,0.6167774,13.443161,8.37106,7.421109
ddc_dzo_04641,unlabeled,Unknown,2.62097,1.1829581,0.7152853,9.814152,10.690442,10.372678
ddc_dzo_04664,unlabeled,Unknown,-3.5596702,1.4390208,-12.659468,-5.196106,5.5592427,8.530668
ddc_dzo_04665,unlabeled,Unknown,0.2473332,-0.9814031,0.54692376,9.341861,9.424624,10.454841
ddc_dzo_04678,unlabeled,Unknown,-6.4172754,0.15011775,0.8512924,10.399931,4.837754,10.701859
ddc_dzo_04657,unlabeled,Unknown,2.049934,-0.985077,-0.2614987,11.317214,10.533489,9.892619
ddc_dzo_04680,unlabeled,Unknown,-7.1729856,-2.3183732,1.0058317,9.531779,5.113753,11.253553
ddc_dzo_04676,unlabeled,Unknown,1.3646977,-1.268421,-0.1344347,9.702668,10.247071,8.168885
ddc_dzo_04672,unlabeled,Unknown,2.5651715,-1.1239431,0.90051246,11.924129,11.064926,9.721634
ddc_dzo_04686,unlabeled,Unknown,2.6557493,-1.8813338,0.48661673,9.817095,10.710039,7.508521
ddc_dzo_04655,unlabeled,Unknown,1.5306566,-0.83687246,1.4655589,10.492132,9.944504,7.1419783
ddc_dzo_04701,unlabeled,Unknown,0.43733764,0.025636673,-4.7435555,10.657057,9.687143,3.3786268
ddc_dzo_04706,unlabeled,Unknown,-4.713462,1.0603992,-5.388199,12.679977,6.331634,6.0282793
ddc_dzo_04715,unlabeled,Unknown,-1.5503733,0.42410588,-2.4555728,9.519551,9.570383,10.481073
ddc_dzo_04718,unlabeled,Unknown,-0.49168265,0.85997486,-0.24219275,12.295131,10.967221,9.987771
ddc_dzo_04717,unlabeled,Unknown,-1.1986772,-0.5878567,0.66820836,10.628498,9.49235,7.8015957
ddc_dzo_04708,unlabeled,Unknown,3.081106,0.8597338,0.3126434,12.131131,10.709892,8.525492
ddc_dzo_04689,unlabeled,Unknown,1.812262,-0.9208398,-0.16642189,12.299568,11.076035,9.294079
ddc_dzo_04696,unlabeled,Unknown,2.4599824,-0.7582667,1.3911555,11.860005,11.108266,8.7577
ddc_dzo_04760,unlabeled,Unknown,0.19162321,1.342457,-7.913681,10.884047,9.806584,3.7553043
ddc_dzo_04733,unlabeled,Unknown,-2.4154892,-2.4081764,0.5390663,9.8569145,8.994925,9.7353
ddc_dzo_04745,unlabeled,Unknown,0.14888906,7.6940093,-0.45561334,13.667336,8.51047,6.215374
ddc_dzo_04738,unlabeled,Unknown,1.0263807,-0.90990686,-0.16019249,10.681795,10.76761,10.829302
ddc_dzo_04730,unlabeled,Unknown,1.1243551,-1.6763719,0.62029475,10.113791,10.490035,10.026825
ddc_dzo_04781,unlabeled,Unknown,1.5373298,0.27864528,-0.98796844,10.510026,10.71265,6.801705
ddc_dzo_04795,unlabeled,Unknown,0.6459376,0.3238623,0.18764007,10.026253,9.629845,10.21908
ddc_dzo_04770,unlabeled,Unknown,-0.7211113,0.19418246,-2.3743951,9.637742,9.2455,9.253571
ddc_dzo_04784,unlabeled,Unknown,-0.1270237,0.77682924,0.013372123,10.496518,10.130642,7.8413177
ddc_dzo_04799,unlabeled,Unknown,3.0111842,0.2546984,-0.6599567,10.352514,9.728946,9.445927
ddc_dzo_05542,unlabeled,Unknown,-11.623637,-1.6650374,1.9036424,9.502797,4.188312,9.975093
ddc_dzo_04766,unlabeled,Unknown,2.107489,-0.53365606,0.9913746,11.458269,10.680114,8.302487
ddc_dzo_04778,unlabeled,Unknown,1.0394465,-2.4391317,1.748137,10.347315,10.174946,6.8984013
ddc_dzo_04786,unlabeled,Unknown,3.7036662,-1.322951,-0.28800786,9.830293,11.517517,7.541109
ddc_dzo_04826,unlabeled,Unknown,2.0842848,1.135408,-1.0360026,9.406482,12.574031,6.5009766
ddc_dzo_04818,unlabeled,Unknown,2.0898728,-0.15956903,-1.7894921,10.007738,11.378841,7.8146605
ddc_dzo_04816,unlabeled,Unknown,2.3007212,1.1229985,-3.908092,10.734451,9.586243,3.5276504
ddc_dzo_04829,unlabeled,Unknown,-3.043553,1.3320473,-11.208759,-4.835168,5.2227173,8.4271965
ddc_dzo_04828,unlabeled,Unknown,-1.7488089,3.3841703,-9.976921,-4.809409,5.0369434,8.361179
ddc_dzo_04820,unlabeled,Unknown,-0.57576823,-1.4201427,-0.9960269,9.651699,10.079078,10.345452
ddc_dzo_04827,unlabeled,Unknown,0.49304557,1.5816903,-0.3678969,10.915228,10.052295,10.280038
ddc_dzo_04802,unlabeled,Unknown,2.1343658,1.4840415,0.6371737,11.876306,10.198767,7.910102
ddc_dzo_04839,unlabeled,Unknown,-0.7181754,2.8560398,-1.8838844,10.533908,9.849127,3.495895
ddc_dzo_04861,unlabeled,Unknown,-0.19529521,2.3803897,-3.4648786,10.370132,9.945918,3.268033
ddc_dzo_04868,unlabeled,Unknown,0.8962512,0.6841127,0.80716515,11.497896,10.893582,8.42341
ddc_dzo_04855,unlabeled,Unknown,0.35644674,2.1230617,-0.62488437,10.049439,10.222152,7.701721
ddc_dzo_04869,unlabeled,Unknown,-7.3964286,-1.5568446,0.49366498,10.278164,5.9962506,10.788383
ddc_dzo_04851,unlabeled,Unknown,1.9182576,0.251472,1.269486,12.238728,10.684213,9.614602
ddc_dzo_04863,unlabeled,Unknown,1.2327173,-2.4088132,1.607878,9.529531,11.305486,9.508454
ddc_dzo_04878,unlabeled,Unknown,-0.41789484,1.4871355,-8.368185,12.86106,5.2681537,5.346909
ddc_dzo_04890,unlabeled,Unknown,-9.007654,-0.8308529,-0.40624368,10.353906,4.606033,9.474573
ddc_dzo_04881,unlabeled,Unknown,-1.653841,-0.8475914,-1.3091524,9.0223465,9.580623,9.083558
ddc_dzo_04900,unlabeled,Unknown,-1.7714691,-0.99156046,0.28060412,9.107552,9.558969,10.127218
ddc_dzo_04911,unlabeled,Unknown,-4.579487,1.3413668,-4.604281,12.623302,6.2212367,5.920814
ddc_dzo_04904,unlabeled,Unknown,-2.6009068,5.8691072,-1.7770586,13.335757,7.6074133,6.605098
ddc_dzo_04885,unlabeled,Unknown,-5.9430494,1.0007483,0.47184956,10.450538,4.959886,10.704105
ddc_dzo_04882,unlabeled,Unknown,0.87254834,-0.8778498,-0.55701685,11.92103,10.851289,8.185248
ddc_dzo_04948,unlabeled,Unknown,0.6515609,0.056587696,-3.025765,10.467376,9.4751005,3.6793327
ddc_dzo_04927,unlabeled,Unknown,-2.6911168,0.54323244,-6.0297036,13.033423,5.239472,5.6509895
ddc_dzo_04943,unlabeled,Unknown,-0.90455174,1.2502682,-1.0108922,11.267589,9.909354,7.272719
ddc_dzo_04947,unlabeled,Unknown,-9.681867,-1.0248561,2.1407824,9.853059,4.89697,10.870077
ddc_dzo_04937,unlabeled,Unknown,2.401245,0.5896523,0.45913815,11.079568,10.818651,9.694134
ddc_dzo_04942,unlabeled,Unknown,2.8634915,0.16168484,1.0931158,10.920605,11.225194,9.803578
ddc_dzo_04918,unlabeled,Unknown,1.0233364,-1.397159,0.49649006,9.782563,12.034977,8.456335
ddc_dzo_04981,unlabeled,Unknown,-7.0856724,1.309241,-0.4608463,9.917312,5.2494726,11.075823
ddc_dzo_04961,unlabeled,Unknown,-2.1846747,5.885912,-7.2252407,12.6357765,5.625571,5.4757133
ddc_dzo_04977,unlabeled,Unknown,-1.0377791,-1.2193027,0.62523824,9.45178,10.074628,10.316198
ddc_dzo_04972,unlabeled,Unknown,-1.36973,-0.8661982,-0.16462088,10.252365,9.239196,10.631299
ddc_dzo_04954,unlabeled,Unknown,1.9646542,-0.8941722,0.59287,8.824067,10.585855,8.96248
ddc_dzo_05013,unlabeled,Unknown,-0.60730755,2.2063441,-3.5020676,10.877022,9.610162,3.1825302
ddc_dzo_05001,unlabeled,Unknown,0.7642739,-0.66373396,-0.007873148,10.071025,9.321835,9.3858385
ddc_dzo_05021,unlabeled,Unknown,-1.7125878,2.0843978,-3.0115957,10.770071,9.179073,3.8376138
ddc_dzo_05005,unlabeled,Unknown,1.8428319,0.2786188,0.6291616,11.040909,10.816602,9.051591
ddc_dzo_05016,unlabeled,Unknown,1.967658,0.051784515,-1.6540501,11.356993,10.662947,6.817135
ddc_dzo_04989,unlabeled,Unknown,2.450552,0.9407189,1.0588479,11.324421,10.718811,6.8595543
ddc_dzo_05011,unlabeled,Unknown,2.858617,-0.9129586,-0.42910218,10.171706,11.965497,7.2279487
ddc_dzo_05018,unlabeled,Unknown,3.024239,-1.4321585,1.2723277,8.910287,11.746231,8.701135
ddc_dzo_05017,unlabeled,Unknown,1.6756029,-1.6369249,0.7190485,9.19161,11.766641,8.958379
ddc_dzo_05060,unlabeled,Unknown,1.0514888,1.2523355,-2.2391243,10.487943,9.73717,3.2908902
ddc_dzo_05062,unlabeled,Unknown,0.52161837,0.2538166,-0.7765219,9.490191,10.491936,7.0374236
ddc_dzo_05044,unlabeled,Unknown,-9.488141,-1.1264275,1.3967557,9.790701,4.583426,10.76837
ddc_dzo_05041,unlabeled,Unknown,-1.9693286,-1.2785333,-0.19148088,10.164457,5.727955,10.501027
ddc_dzo_05027,unlabeled,Unknown,2.036771,0.31019056,1.666001,11.7824955,9.890018,8.75815
ddc_dzo_05058,unlabeled,Unknown,1.5793605,0.2798541,1.0394841,9.972672,10.924252,8.135773
ddc_dzo_05091,unlabeled,Unknown,-1.5054176,1.3714204,-1.7277906,10.740968,9.572322,4.2187643
ddc_dzo_05081,unlabeled,Unknown,-4.675008,0.56454873,-8.100916,13.344608,4.9551787,5.7078767
ddc_dzo_05089,unlabeled,Unknown,-0.68036556,2.3675826,-11.911377,-4.8415174,5.0652723,8.387571
ddc_dzo_05098,unlabeled,Unknown,-1.2054205,0.82175064,-13.867285,-4.964047,5.087678,8.468296
ddc_dzo_05087,unlabeled,Unknown,1.62162,2.2246072,-0.33210564,11.707479,10.458177,10.339184
ddc_dzo_05069,unlabeled,Unknown,2.2717576,-0.79760766,0.19436407,9.460223,10.813652,7.329252
ddc_dzo_05095,unlabeled,Unknown,1.3283119,-0.8998511,-0.26265287,8.654955,11.493391,7.94808
ddc_dzo_05129,unlabeled,Unknown,-4.670617,0.4119532,-6.217698,12.549439,5.6037946,5.687963
ddc_dzo_05112,unlabeled,Unknown,-0.10527396,-1.6288458,-0.9945997,9.11693,10.296023,8.197574
ddc_dzo_05135,unlabeled,Unknown,0.07968521,8.527591,-5.292743,13.351438,7.5453625,6.5522003
ddc_dzo_05117,unlabeled,Unknown,1.0559039,0.7042268,-0.3904009,10.235324,10.252336,9.463313
ddc_dzo_05106,unlabeled,Unknown,-8.541293,-1.2901454,-0.0940299,9.246375,4.3815,10.177156
ddc_dzo_05114,unlabeled,Unknown,2.8501444,-1.7426659,-0.23297405,10.395085,10.703945,8.072538
ddc_dzo_05130,unlabeled,Unknown,-8.760696,-1.3010851,-0.32510567,10.062061,5.6071196,11.416261
ddc_dzo_05119,unlabeled,Unknown,-8.483179,-1.1188915,1.1864374,10.121795,4.743998,10.282048
ddc_dzo_05101,unlabeled,Unknown,-8.599512,-2.1831872,0.5560355,10.348117,4.8164954,10.228006
ddc_dzo_05166,unlabeled,Unknown,-0.62705183,1.8267901,-12.111126,13.099384,5.1933455,5.4699044
ddc_dzo_05168,unlabeled,Unknown,-2.685521,6.3742733,0.5568836,13.350083,8.245301,7.242917
ddc_dzo_05159,unlabeled,Unknown,-6.213629,1.1145538,-4.7352843,12.791216,5.72405,5.888877
ddc_dzo_05167,unlabeled,Unknown,-8.162149,-1.6867468,2.6245008,10.196825,4.9192977,10.140644
ddc_dzo_05153,unlabeled,Unknown,1.7409384,0.5951376,1.0303307,11.333881,10.709607,7.003193
ddc_dzo_05177,unlabeled,Unknown,-0.7649975,-0.911877,0.21231431,11.037934,10.502011,8.406745
ddc_dzo_05181,unlabeled,Unknown,-3.4330287,0.124628544,-3.9805665,13.153725,5.4658937,5.7138176
ddc_dzo_05201,unlabeled,Unknown,-2.2605355,0.24419999,-0.03705144,10.254727,9.2606735,10.623922
ddc_dzo_05205,unlabeled,Unknown,-0.74250585,-1.747978,-1.0417712,9.81071,5.290037,9.476803
ddc_dzo_05189,unlabeled,Unknown,1.0920981,0.6281574,-0.7732196,9.7965555,10.289557,7.5163007
ddc_dzo_05180,unlabeled,Unknown,-8.657013,-1.8773277,1.7815319,9.688314,4.7441907,10.542257
ddc_dzo_05197,unlabeled,Unknown,1.2214227,0.028811216,-0.8926039,11.289026,10.933778,11.237882
ddc_dzo_05185,unlabeled,Unknown,-11.074399,-0.82433486,0.7986603,10.052812,5.700462,11.423482
ddc_dzo_05178,unlabeled,Unknown,0.99914813,0.19962466,0.4025173,10.849764,10.255146,10.582141
ddc_dzo_05223,unlabeled,Unknown,0.84792256,0.6759434,-1.4408555,10.772708,9.725008,3.6476855
ddc_dzo_05226,unlabeled,Unknown,-1.6823406,1.5880486,-12.893568,-4.922266,5.189255,8.464185
ddc_dzo_05214,unlabeled,Unknown,-1.8933182,1.4072363,-13.1951065,-4.8459926,5.200882,8.429804
ddc_dzo_05238,unlabeled,Unknown,-11.015674,0.35011277,1.7847825,9.964748,4.097198,9.992188
ddc_dzo_05228,unlabeled,Unknown,-0.41380852,0.927634,-0.61185944,10.321163,11.022634,10.598979
ddc_dzo_05237,unlabeled,Unknown,-12.71104,-1.870328,1.8151165,9.988343,4.3226213,10.49709
ddc_dzo_05225,unlabeled,Unknown,2.658617,-0.57678676,-0.65702677,8.775184,12.165517,8.272942
ddc_dzo_05241,unlabeled,Unknown,-0.08532807,1.7503798,-5.6417637,10.77604,9.850873,3.342784
ddc_dzo_05247,unlabeled,Unknown,-6.2073255,1.243162,0.44004932,10.1242695,5.905064,10.4675045
ddc_dzo_05255,unlabeled,Unknown,-1.2382004,-0.17788267,-1.3524337,10.614922,10.369656,8.50021
ddc_dzo_05250,unlabeled,Unknown,-8.083172,-0.7345588,1.0728294,10.300055,4.83198,9.820357
ddc_dzo_05275,unlabeled,Unknown,2.799836,-1.1822047,0.7061517,11.716036,10.5296335,7.9297037
ddc_dzo_05270,unlabeled,Unknown,2.9842086,-0.6128461,0.8876593,10.210436,11.036861,8.119145
ddc_dzo_05261,unlabeled,Unknown,-8.745037,-0.58579487,-0.38305277,10.376452,4.851191,10.33588
ddc_dzo_05249,unlabeled,Unknown,2.1732244,-1.6185191,0.62099886,11.71845,11.795377,9.565634
ddc_dzo_05276,unlabeled,Unknown,0.040501595,1.7994173,-14.365537,-5.098064,5.369713,8.580859
ddc_dzo_05291,unlabeled,Unknown,-8.124652,-0.6048542,0.59049165,10.100261,5.2304344,11.328498
ddc_dzo_05280,unlabeled,Unknown,1.5254176,-1.8488249,-0.8880477,10.632921,10.911078,7.4091372
ddc_dzo_05284,unlabeled,Unknown,-7.170185,-2.5836575,0.9705627,10.419912,4.5288787,9.728806
ddc_dzo_05311,unlabeled,Unknown,0.75879145,-1.2104635,0.3193636,11.547789,10.912103,11.0103445
ddc_dzo_05307,unlabeled,Unknown,1.2060242,0.6012436,0.5509707,12.086879,11.562714,9.959999
ddc_dzo_05333,unlabeled,Unknown,-2.208167,-1.0357223,-7.7635646,13.3467045,4.973413,5.7054605
ddc_dzo_05322,unlabeled,Unknown,-1.0436072,-0.7449074,-4.496269,10.47794,9.723647,4.0982447
ddc_dzo_05334,unlabeled,Unknown,-3.761507,0.36498496,-13.756468,-5.041939,5.3103647,8.5497
ddc_dzo_05313,unlabeled,Unknown,-0.08149338,2.1670408,-12.216442,-4.8698354,5.0047183,8.418906
ddc_dzo_05325,unlabeled,Unknown,-0.83896047,12.691553,1.1974399,13.57979,7.900626,6.4632015
ddc_dzo_05324,unlabeled,Unknown,0.08283138,-0.9743731,0.7012923,9.836107,9.107668,9.549177
ddc_dzo_05339,unlabeled,Unknown,-6.981361,-0.56001353,-0.955549,9.012006,4.8774962,10.568538
ddc_dzo_05342,unlabeled,Unknown,1.6420665,-1.7289927,0.5427861,9.603229,10.606467,10.142959
ddc_dzo_05365,unlabeled,Unknown,1.3469613,5.4332056,-0.15493429,13.087725,9.068866,6.4730096
ddc_dzo_05379,unlabeled,Unknown,-2.7891684,2.3868392,-17.167786,13.296246,4.876612,5.5718975
ddc_dzo_05389,unlabeled,Unknown,0.80567646,-0.117969275,-2.607881,10.416283,9.72624,10.65374
ddc_dzo_05364,unlabeled,Unknown,-1.1111869,12.243726,0.7298782,13.571513,7.841957,6.6321993
ddc_dzo_05351,unlabeled,Unknown,-6.9331,0.30048752,-0.9567442,12.555364,6.306374,6.073051
ddc_dzo_05380,unlabeled,Unknown,-4.8354964,-0.1504261,-6.407863,12.657344,6.019351,5.765944
ddc_dzo_05386,unlabeled,Unknown,1.5562482,0.29867828,0.0939948,12.114181,11.544212,9.918888
ddc_dzo_05383,unlabeled,Unknown,2.5155816,-1.3522291,1.5433526,9.147299,11.611686,9.872553
ddc_dzo_05382,unlabeled,Unknown,1.5860318,-0.35773182,-0.031135023,10.468401,9.982021,7.3929615
ddc_dzo_05405,unlabeled,Unknown,1.8148165,0.1012913,-1.2290239,9.366591,12.46442,6.77464
ddc_dzo_05392,unlabeled,Unknown,-1.198204,1.268084,-1.6098101,10.727255,9.585666,3.234704
ddc_dzo_05393,unlabeled,Unknown,-2.3047338,0.82446253,-9.732724,12.725884,5.472925,5.460227
ddc_dzo_05417,unlabeled,Unknown,-2.7135553,3.1578603,-15.604091,-4.9661694,5.328873,8.573315
ddc_dzo_05394,unlabeled,Unknown,2.2062204,-1.5273077,0.9471695,11.22585,10.545777,8.635436
ddc_dzo_05413,unlabeled,Unknown,-0.03695476,-1.3540668,0.6587851,11.422192,10.812543,10.080605
ddc_dzo_05395,unlabeled,Unknown,0.019014478,-1.6979362,0.35561895,9.950767,10.573123,6.8865266
ddc_dzo_05411,unlabeled,Unknown,2.5076761,-0.99412125,0.72715855,12.225451,11.161801,10.093728
ddc_dzo_05425,unlabeled,Unknown,2.1237664,-0.75190854,0.9482037,10.326698,9.861473,10.500494
ddc_dzo_05459,unlabeled,Unknown,-1.9645317,2.2903447,-3.881629,10.78025,9.593875,3.5227149
ddc_dzo_05451,unlabeled,Unknown,-3.3908648,2.2067227,-14.309838,-4.9078526,5.2090898,8.442589
ddc_dzo_05456,unlabeled,Unknown,0.22953558,0.018049002,0.19177115,9.73159,9.250561,9.487163
ddc_dzo_05465,unlabeled,Unknown,1.5690235,-0.4204768,-0.08338714,10.007027,9.249946,9.601997
ddc_dzo_05433,unlabeled,Unknown,-10.663136,-1.8392725,0.55863786,10.419423,4.577035,10.389961
ddc_dzo_05454,unlabeled,Unknown,-0.13746262,-1.5468862,0.31972075,10.739793,10.159566,10.336278
ddc_dzo_05439,unlabeled,Unknown,-1.0378675,-1.7359269,-0.346631,9.155055,9.596731,10.3557
ddc_dzo_05460,unlabeled,Unknown,-0.7930633,0.47053194,-1.2058091,8.882026,9.798599,8.361404
ddc_dzo_05463,unlabeled,Unknown,2.589159,-0.21806085,-0.2769993,12.218026,11.00779,10.101501
ddc_dzo_05477,unlabeled,Unknown,0.08746517,0.63693583,0.4725287,10.072627,10.102987,8.717501
ddc_dzo_05488,unlabeled,Unknown,-2.6031692,0.89356375,-1.8453934,10.875324,9.290221,4.271443
ddc_dzo_05478,unlabeled,Unknown,0.70425797,0.6952667,-0.19223428,11.392928,10.818812,8.426913
ddc_dzo_05469,unlabeled,Unknown,2.539466,-0.13894224,-0.43846512,12.219251,11.282102,10.684909
ddc_dzo_05470,unlabeled,Unknown,3.1912937,0.08489382,0.038244247,9.725674,10.5463295,9.941538
ddc_dzo_05476,unlabeled,Unknown,2.4839566,-1.1342561,0.7886853,10.836896,10.76518,10.123177
ddc_dzo_05483,unlabeled,Unknown,2.0450044,-0.3934555,-0.09051037,9.99043,12.316529,7.475963
ddc_dzo_05468,unlabeled,Unknown,2.4931252,-0.2242938,0.017334938,10.615397,12.160347,9.529857
ddc_dzo_05510,unlabeled,Unknown,-0.8012468,2.274984,-3.0793538,10.820777,9.679664,3.2367656
ddc_dzo_05535,unlabeled,Unknown,-1.1308,0.37182307,0.3470226,10.52776,9.579081,3.990242
ddc_dzo_05514,unlabeled,Unknown,-2.5185285,2.079997,-14.372611,-4.9858294,5.408838,8.673349
ddc_dzo_05516,unlabeled,Unknown,-1.9145259,1.0609581,-14.322825,-5.113737,5.3072643,8.678413
ddc_dzo_05512,unlabeled,Unknown,-8.174924,0.5541061,-0.70960605,10.676794,5.0132246,10.528696
ddc_dzo_05508,unlabeled,Unknown,-1.8695629,11.282353,0.15123177,13.543848,7.9155054,6.460727
ddc_dzo_05529,unlabeled,Unknown,0.8506377,-1.1655397,0.106506586,9.71239,9.208785,9.526299
ddc_dzo_05531,unlabeled,Unknown,2.9083798,-1.1954854,1.0163388,11.246249,10.960735,10.251459
ddc_dzo_05523,unlabeled,Unknown,3.147192,0.84880733,1.6094728,11.983106,10.098807,10.031833
ddc_dzo_05525,unlabeled,Unknown,1.7584292,-0.7830372,0.11474037,11.845721,9.869267,9.2977085
ddc_dzo_05533,unlabeled,Unknown,1.3215165,-0.34156895,-0.92112434,10.6913,10.648196,8.83296
ddc_dzo_05522,unlabeled,Unknown,2.4578655,-1.9663084,0.3087709,12.110651,11.230498,10.098908
ddc_dzo_05577,unlabeled,Unknown,-0.9352417,-0.9122648,-1.3232906,10.850612,9.389119,3.7075973
ddc_dzo_05546,unlabeled,Unknown,-6.7190447,0.80395365,0.46212316,10.286648,4.4259386,9.815546
ddc_dzo_05557,unlabeled,Unknown,-6.9886107,0.66163623,-9.377399,12.667213,6.0262203,5.8051696
ddc_dzo_05549,unlabeled,Unknown,-0.54962707,-1.7203879,-0.8085437,10.597318,9.829835,10.750069
ddc_dzo_05568,unlabeled,Unknown,1.527849,3.3714578,-1.1933231,11.037079,10.47475,9.597983
ddc_dzo_05564,unlabeled,Unknown,-0.062195778,-0.62223864,-0.71883225,12.167486,11.192696,10.688248
ddc_dzo_05580,unlabeled,Unknown,-8.88466,-0.683516,1.3721259,8.982624,4.9028945,10.479772
ddc_dzo_05563,unlabeled,Unknown,-9.053555,-0.8493967,1.4579854,9.115617,4.850876,10.3011
ddc_dzo_05573,unlabeled,Unknown,2.9511535,-0.5718257,-0.76790476,9.88483,11.66841,8.090358
ddc_dzo_05588,unlabeled,Unknown,-6.5435114,-0.28915143,-6.521613,12.676926,6.2973695,6.044878
ddc_dzo_05591,unlabeled,Unknown,-1.6970329,-1.1725368,-13.386041,-4.9786716,5.2987676,8.66858
ddc_dzo_05624,unlabeled,Unknown,1.8363948,1.3120047,-0.20361853,11.406932,10.041029,9.935261
ddc_dzo_05619,unlabeled,Unknown,0.44560528,8.85246,1.0512943,13.396449,8.515556,6.7548656
ddc_dzo_05601,unlabeled,Unknown,-8.619784,-1.647768,0.66790104,10.215197,6.039127,11.33874
ddc_dzo_05596,unlabeled,Unknown,4.2655067,-2.8598797,0.582266,10.039986,12.266232,8.891661
ddc_dzo_05652,unlabeled,Unknown,0.4853902,0.5770526,-2.2285185,10.225282,10.658431,7.275974
ddc_dzo_05641,unlabeled,Unknown,-0.33507788,0.5713098,-2.628845,10.674227,9.539367,4.211205
ddc_dzo_05656,unlabeled,Unknown,-2.801053,0.2382694,-14.186197,-5.007052,5.230854,8.435822
ddc_dzo_05628,unlabeled,Unknown,-1.1073732,3.9574451,-12.771783,-4.9498262,5.310886,8.548478
ddc_dzo_05647,unlabeled,Unknown,-2.366117,0.5760831,-14.581688,-4.919145,5.302251,8.437829
ddc_dzo_05660,unlabeled,Unknown,-3.7706044,7.137532,-1.2789648,13.316138,8.557397,7.6088014
ddc_dzo_05646,unlabeled,Unknown,-0.2739725,1.9612536,-0.41981745,10.259038,9.29703,9.710016
ddc_dzo_05661,unlabeled,Unknown,-8.96959,-0.8454994,-0.613997,10.628449,5.1925235,10.611949
ddc_dzo_05655,unlabeled,Unknown,2.3002968,-0.5039581,0.22190744,9.530077,11.846363,9.870462
ddc_dzo_05681,unlabeled,Unknown,-3.5565233,-1.0737649,-3.9051015,9.803426,9.859537,9.055883
ddc_dzo_05687,unlabeled,Unknown,-1.2709446,0.7918458,-5.905304,10.802077,9.786981,3.3548212
ddc_dzo_05666,unlabeled,Unknown,1.0831494,3.831593,-2.0837796,10.892562,9.593391,3.1481113
ddc_dzo_05672,unlabeled,Unknown,1.1522789,-1.665703,-0.7304716,10.243369,10.491664,8.3044615
ddc_dzo_05688,unlabeled,Unknown,0.44995138,1.016406,-0.93120444,11.522589,9.861805,8.585441
ddc_dzo_05701,unlabeled,Unknown,1.3038112,-1.4621983,-0.16390836,11.19737,10.107324,7.7134504
ddc_dzo_05684,unlabeled,Unknown,-2.8865008,13.487793,-0.3459363,13.6115055,7.8620963,6.666453
ddc_dzo_05689,unlabeled,Unknown,1.8176464,-1.9981513,-0.17874122,9.005939,10.8164835,7.8154573
ddc_dzo_05690,unlabeled,Unknown,2.98051,-2.6508908,0.64040995,9.027813,11.4483595,8.8369665
ddc_dzo_05711,unlabeled,Unknown,-5.3102994,0.88444304,-3.4395614,13.087988,5.522424,5.640935
ddc_dzo_05736,unlabeled,Unknown,-1.2104814,-0.71312714,-0.39438796,10.1329155,10.245559,10.393195
ddc_dzo_05714,unlabeled,Unknown,-1.9656484,-1.6299309,-0.3810749,11.124199,9.487008,8.06357
ddc_dzo_05721,unlabeled,Unknown,-2.4399905,-0.45817018,-0.5335798,10.944264,9.772356,10.179705
ddc_dzo_05712,unlabeled,Unknown,-7.27816,-0.82362294,1.354605,9.524574,4.284586,9.754266
ddc_dzo_05716,unlabeled,Unknown,-7.5725946,-0.90569806,-0.029321909,10.307771,6.108797,11.196377
ddc_dzo_05739,unlabeled,Unknown,1.6442299,-1.7228898,1.1369293,9.079824,11.479477,7.9802384
ddc_dzo_05730,unlabeled,Unknown,2.648738,-1.5873859,-0.53271806,8.922773,12.126911,8.824431
ddc_dzo_05751,unlabeled,Unknown,-2.162153,-1.6331848,-0.8207294,9.978731,9.292195,9.971887
ddc_dzo_05750,unlabeled,Unknown,-8.748413,-1.6066595,2.262459,10.544041,5.859513,10.7091465
ddc_dzo_05752,unlabeled,Unknown,1.0548226,-0.7584696,0.81036186,12.025644,10.547131,8.760202
ddc_dzo_05754,unlabeled,Unknown,0.5459298,-0.6540508,0.867016,10.223275,9.549927,9.924817
ddc_dzo_05746,unlabeled,Unknown,2.8372884,-1.2565856,0.078927755,9.938325,10.80741,7.558518
ddc_dzo_05742,unlabeled,Unknown,2.0836408,-0.75214684,0.066069245,9.175414,10.42526,8.084707
ddc_dzo_05793,unlabeled,Unknown,-0.9065255,-0.64806604,-1.9656211,9.395639,9.364946,9.420461
ddc_dzo_05805,unlabeled,Unknown,1.4940085,-0.3972807,-1.8502564,9.607106,10.136401,6.7505817
ddc_dzo_05787,unlabeled,Unknown,-6.199418,-0.034766346,1.9444671,9.718253,4.55884,9.524712
ddc_dzo_05790,unlabeled,Unknown,1.7426279,-0.77552724,0.14719081,10.969979,11.353609,9.385592
ddc_dzo_05800,unlabeled,Unknown,1.7122934,-2.9639945,0.4006529,11.619497,9.978988,9.249268
ddc_dzo_05818,unlabeled,Unknown,2.1471295,0.34087,0.8542259,9.548256,10.126448,8.588929
ddc_dzo_05819,unlabeled,Unknown,-1.3890114,1.8835148,-12.762039,-4.796358,5.020848,8.319613
ddc_dzo_05820,unlabeled,Unknown,-2.519209,-0.18717052,-1.3847115,10.059288,9.237991,10.062441
ddc_dzo_05828,unlabeled,Unknown,0.5497532,-0.7969625,0.7797959,9.963631,12.274485,8.865522
ddc_dzo_05831,unlabeled,Unknown,-10.200705,-2.3620272,0.43722105,9.544591,4.290799,9.906077
ddc_dzo_05822,unlabeled,Unknown,0.10625541,-1.0861198,0.7758006,10.27211,9.449593,9.2097025
ddc_dzo_05843,unlabeled,Unknown,2.1988897,-0.32402802,0.58324623,9.875554,10.661688,8.042159
ddc_dzo_05845,unlabeled,Unknown,2.3384588,-0.5121727,1.1892942,10.624568,10.607329,7.924417
ddc_dzo_05877,unlabeled,Unknown,-0.008756161,3.2507226,-1.0263047,10.483068,9.913449,3.3253853
ddc_dzo_05863,unlabeled,Unknown,-10.020123,-0.43174553,-0.07036543,10.667395,5.015775,10.533666
ddc_dzo_05883,unlabeled,Unknown,0.19188333,-1.3150377,-9.2869215,-4.939885,5.157602,8.511907
ddc_dzo_05886,unlabeled,Unknown,0.35700464,-0.34898162,-1.5967203,9.814919,9.434954,10.409356
ddc_dzo_05856,unlabeled,Unknown,1.5692258,0.64274883,0.0051837564,10.499397,9.311322,8.104089
ddc_dzo_05862,unlabeled,Unknown,-8.531715,-1.7297719,0.4537142,10.168608,4.2504554,9.551537
ddc_dzo_05872,unlabeled,Unknown,2.6663172,0.036972046,1.2593517,8.775691,11.095129,9.570211
ddc_dzo_06085,unlabeled,Unknown,0.17875075,0.56440675,-4.213237,10.347381,9.897259,3.9440782
ddc_dzo_05917,unlabeled,Unknown,1.8310987,-0.3466859,-0.49948597,10.028327,9.557738,8.907172
ddc_dzo_05927,unlabeled,Unknown,-0.27823544,0.51309395,-0.024321675,9.771783,9.599147,10.083666
ddc_dzo_05905,unlabeled,Unknown,1.3590674,-0.18566728,-0.14650458,11.974775,11.271386,9.511143
ddc_dzo_05931,unlabeled,Unknown,0.58202815,-0.19517314,-0.31936228,10.356529,9.447838,8.897021
ddc_dzo_05924,unlabeled,Unknown,3.6425996,-0.5140799,1.4895699,11.366727,10.512303,9.839456
ddc_dzo_05895,unlabeled,Unknown,4.078635,-0.35763407,-0.30991447,11.064896,10.19096,7.687644
ddc_dzo_05959,unlabeled,Unknown,1.5786798,0.4801507,-0.57073903,11.873446,10.823938,9.559197
ddc_dzo_05956,unlabeled,Unknown,2.8670173,-0.88048863,0.37476107,9.261122,11.451037,8.778656
ddc_dzo_05934,unlabeled,Unknown,-8.158068,-1.8686123,1.1547031,9.7666855,4.828663,10.864622
ddc_dzo_05981,unlabeled,Unknown,-1.4351763,0.015908241,-3.079455,8.735185,9.901773,9.450557
ddc_dzo_05975,unlabeled,Unknown,-2.9967937,1.2555847,-7.1980934,13.0254965,5.5941434,5.677514
ddc_dzo_05985,unlabeled,Unknown,2.094774,0.07998234,0.28133297,9.207859,11.709582,8.879382
ddc_dzo_06004,unlabeled,Unknown,-8.478769,-0.26156366,0.8479353,9.986212,5.1089993,11.150892
ddc_dzo_05970,unlabeled,Unknown,-0.6779134,-0.8305458,0.41534185,12.08258,11.17312,10.752811
ddc_dzo_05987,unlabeled,Unknown,-8.845119,-0.65761614,0.79044294,9.379718,5.35073,11.091401
ddc_dzo_05974,unlabeled,Unknown,-9.683387,-0.7480929,1.9748672,9.789142,4.9032865,11.021259
ddc_dzo_05979,unlabeled,Unknown,-8.057277,-1.1943415,0.25769606,9.897111,5.126014,10.8085
ddc_dzo_05982,unlabeled,Unknown,1.6372362,-0.9648961,1.0209309,11.354444,11.190286,9.498827
ddc_dzo_05999,unlabeled,Unknown,2.3397932,1.3876916,-0.2106731,10.0894165,10.779527,8.356313
ddc_dzo_06017,unlabeled,Unknown,-2.6969476,2.0649364,-0.5550637,10.6605015,9.616851,4.0402675
ddc_dzo_06023,unlabeled,Unknown,-0.048436165,0.7270882,-8.159248,13.293134,5.237743,5.6294937
ddc_dzo_06015,unlabeled,Unknown,1.8821862,-1.4897449,-0.71097445,10.172983,9.157293,10.104447
ddc_dzo_06043,unlabeled,Unknown,-0.77302146,-1.5195558,-0.084236145,11.728436,10.282322,10.558968
ddc_dzo_06034,unlabeled,Unknown,1.067122,-0.42576587,0.91795087,8.893458,11.858888,7.540741
ddc_dzo_06018,unlabeled,Unknown,1.0341346,-0.8073071,-1.1338425,11.405845,11.031359,11.004099
ddc_dzo_06012,unlabeled,Unknown,-10.339762,-1.9535499,0.7240597,9.439711,5.456811,10.592042
ddc_dzo_06044,unlabeled,Unknown,2.0346088,-0.47695804,0.024625778,12.29675,11.029692,9.682205
ddc_dzo_06031,unlabeled,Unknown,3.2460623,0.6252182,1.3029737,9.122939,12.529753,8.283366
ddc_dzo_06068,unlabeled,Unknown,-1.6507816,1.0029489,-4.1255817,10.601199,10.440459,6.2930536
ddc_dzo_06046,unlabeled,Unknown,-4.7832956,-0.15473175,-7.878541,12.951461,5.5311384,5.683319
ddc_dzo_06059,unlabeled,Unknown,2.9577606,0.7559223,0.43835938,10.115281,10.748816,8.684696
ddc_dzo_06062,unlabeled,Unknown,-1.4386609,4.86133,-14.408504,-5.1145945,5.369579,8.552991
ddc_dzo_06078,unlabeled,Unknown,1.292023,0.36412042,0.39119607,9.259288,10.009544,9.817004
ddc_dzo_06060,unlabeled,Unknown,-1.1530294,-0.7754359,0.92844486,10.385358,9.7309065,10.787819
ddc_dzo_06075,unlabeled,Unknown,-3.9723508,10.762922,-0.9068096,13.6272745,7.8544374,6.550648
ddc_dzo_06070,unlabeled,Unknown,3.4073026,-0.31954765,0.2079581,11.216793,10.359356,8.193058
ddc_dzo_06055,unlabeled,Unknown,2.3649366,-1.5215393,-0.78925824,9.102005,10.145515,8.563176
ddc_dzo_06048,unlabeled,Unknown,1.5139916,-1.2675816,1.3757116,9.818402,10.388471,9.45494
ddc_dzo_06051,unlabeled,Unknown,-9.779495,-1.537272,0.71674085,9.428368,5.315367,10.820124
ddc_dzo_06121,unlabeled,Unknown,2.2822063,1.094807,-1.8050737,9.698774,9.764602,9.96173
ddc_dzo_06090,unlabeled,Unknown,0.62751627,-0.55458784,-1.0279095,8.550094,11.030478,9.458694
ddc_dzo_06086,unlabeled,Unknown,1.0033399,-1.1922493,-1.8035374,11.478498,10.558516,7.7732406
ddc_dzo_06117,unlabeled,Unknown,3.417635,-1.565037,0.32651424,11.980603,10.849434,9.827745
ddc_dzo_06110,unlabeled,Unknown,2.3062525,-0.5731064,-2.4958227,9.857419,10.522061,8.51802
ddc_dzo_06137,unlabeled,Unknown,0.30462503,-0.7557528,-3.4833236,10.463368,9.463027,3.455005
ddc_dzo_06129,unlabeled,Unknown,-0.6433444,2.2771125,-3.1844692,10.438779,9.703188,3.2661946
ddc_dzo_06130,unlabeled,Unknown,0.24588716,-0.08326018,0.0064258575,11.98696,11.013144,10.17376
ddc_dzo_06127,unlabeled,Unknown,-3.3052886,-1.3319913,-0.37280846,10.234309,5.7421,11.225369
ddc_dzo_06138,unlabeled,Unknown,-0.86445856,7.893035,-0.24110767,13.623706,8.078596,6.369906
ddc_dzo_06132,unlabeled,Unknown,2.3532736,-0.56359786,0.76022196,11.498373,10.634403,10.187113
ddc_dzo_06167,unlabeled,Unknown,-0.5554025,-0.49844313,-1.2326845,10.656519,9.376269,3.5985208
ddc_dzo_06163,unlabeled,Unknown,-0.6280432,0.07549739,-4.768474,10.310356,9.3982,3.280357
ddc_dzo_06173,unlabeled,Unknown,3.868402,-0.6741514,0.07700491,12.40031,11.082931,10.506415
ddc_dzo_06178,unlabeled,Unknown,2.3831015,-0.9030615,0.33057022,9.676092,10.263429,9.440074
ddc_dzo_06179,unlabeled,Unknown,2.6041346,-0.15567684,0.9185377,11.546118,11.28185,8.829262
ddc_dzo_06193,unlabeled,Unknown,1.1227256,-0.34000278,0.054570436,10.97532,10.8902025,8.3678
ddc_dzo_06208,unlabeled,Unknown,2.4302764,-1.9058082,-0.580012,11.901163,11.135976,9.632935
ddc_dzo_06200,unlabeled,Unknown,2.5233579,-0.4532201,-0.48542416,11.1541,11.125758,7.894736
ddc_dzo_06191,unlabeled,Unknown,2.0256064,-1.3004136,0.5547891,9.937978,11.289386,9.952748
ddc_dzo_06183,unlabeled,Unknown,1.8231632,-0.3531351,0.7708877,9.556319,11.66382,10.107859
ddc_dzo_06217,unlabeled,Unknown,-0.548681,-0.18969226,-6.2793875,10.628196,9.8357,3.8980052
ddc_dzo_06214,unlabeled,Unknown,-2.1531997,2.0125365,-13.344404,-4.964522,5.19769,8.472713
ddc_dzo_06230,unlabeled,Unknown,1.6748742,0.9368882,0.39664677,10.99188,9.7506895,8.327003
ddc_dzo_06227,unlabeled,Unknown,2.2804267,0.71120024,2.0898283,11.435605,10.718891,7.8791404
ddc_dzo_06223,unlabeled,Unknown,3.0833101,-0.59822965,-0.49660784,10.344744,10.04615,7.30288
ddc_dzo_06254,unlabeled,Unknown,0.69573045,0.5254584,-0.51508474,9.991396,9.888262,8.081489
ddc_dzo_06257,unlabeled,Unknown,-1.0141224,0.09760046,-0.21228331,10.325029,9.3831005,9.533672
ddc_dzo_06266,unlabeled,Unknown,1.1194186,-2.9594052,0.7350254,12.00259,10.205933,10.32726
ddc_dzo_06264,unlabeled,Unknown,2.0936565,-1.0403934,0.4501715,8.887778,11.505438,8.573365
ddc_dzo_06291,unlabeled,Unknown,-0.1930809,3.1582074,-1.9405175,10.886914,9.472831,4.3009043
ddc_dzo_06276,unlabeled,Unknown,0.47165084,-0.38387942,0.671281,9.497492,10.466939,7.4465394
ddc_dzo_06292,unlabeled,Unknown,2.0312796,-1.1842327,0.79602313,9.846967,10.20403,8.106619
ddc_dzo_06271,unlabeled,Unknown,3.9735587,-1.6441703,1.2595208,9.213442,11.822289,10.364839
ddc_dzo_06310,unlabeled,Unknown,0.47682023,-0.598583,-0.42347932,9.317986,10.351522,8.445365
ddc_dzo_06305,unlabeled,Unknown,2.8826792,1.0384107,-0.39920235,10.696424,11.900477,8.131235
ddc_dzo_06352,unlabeled,Unknown,1.9240012,1.9276662,-4.1626725,10.556315,9.643275,3.2273908
ddc_dzo_06330,unlabeled,Unknown,-3.064636,-1.0904524,-0.16350639,9.994613,9.416399,10.651533
ddc_dzo_06341,unlabeled,Unknown,2.6262703,-1.1373645,0.9912491,10.400675,10.055603,8.792407
ddc_dzo_06373,unlabeled,Unknown,1.5753441,-0.5153116,0.3863022,9.378886,9.653665,8.903881
ddc_dzo_06358,unlabeled,Unknown,-10.04454,-1.3992416,0.28398332,9.649541,4.660406,10.766498
ddc_dzo_06368,unlabeled,Unknown,2.1083877,-1.1531646,0.84162366,9.437333,9.770863,9.116626
ddc_dzo_06375,unlabeled,Unknown,2.814178,-1.4219868,-0.81426334,9.20394,9.975205,9.647715
ddc_dzo_06365,unlabeled,Unknown,2.5840678,-0.4024673,0.103441834,10.082036,10.517638,8.893664
ddc_dzo_06356,unlabeled,Unknown,2.9764245,-0.909029,0.3970344,8.811757,10.640184,10.385819
ddc_dzo_06387,unlabeled,Unknown,-2.5078783,11.592349,0.18792462,13.610347,7.8695364,6.63811
ddc_dzo_06408,unlabeled,Unknown,-9.545368,-0.365878,0.8193958,10.061653,4.9870954,11.139098
ddc_dzo_06386,unlabeled,Unknown,-9.325617,-1.2597909,1.4885712,9.925943,4.8570485,10.771967
ddc_dzo_06389,unlabeled,Unknown,1.1643804,-0.7810726,0.52273285,11.274443,10.242347,7.829295
ddc_dzo_06423,unlabeled,Unknown,-0.79157317,-1.6948936,0.45928097,10.3283615,9.354086,10.270945
ddc_dzo_06429,unlabeled,Unknown,-0.73206806,-0.57436824,-0.33761668,10.268936,9.22338,10.248655
ddc_dzo_06411,unlabeled,Unknown,-9.315132,-0.85139394,0.8583913,10.394057,5.6759925,10.824338
ddc_dzo_06422,unlabeled,Unknown,-1.7841991,-0.3277033,0.9919518,10.1480055,9.29513,9.717009
ddc_dzo_06431,unlabeled,Unknown,0.6247611,1.4611012,0.03540635,11.397055,9.6349325,10.007754
ddc_dzo_06414,unlabeled,Unknown,-9.024864,-1.524664,1.5982358,9.6067295,4.4795794,10.280499
ddc_dzo_06448,unlabeled,Unknown,-1.3415694,0.8388077,-7.974503,12.802394,5.7429447,5.7179294
ddc_dzo_06443,unlabeled,Unknown,-0.98551065,0.05619192,0.14002442,11.496281,9.66284,8.217283
ddc_dzo_06486,unlabeled,Unknown,-1.4232073,-0.6256563,-0.55268335,10.3594675,8.682773,9.111118
ddc_dzo_06484,unlabeled,Unknown,-7.041271,0.20009136,-1.0662637,10.814956,9.115239,3.8311725
ddc_dzo_06469,unlabeled,Unknown,0.22211415,0.35214847,-0.2973752,11.664326,9.798898,9.953439
ddc_dzo_06480,unlabeled,Unknown,3.6767735,-0.58909893,-0.4515477,10.247032,10.094698,8.77874
ddc_dzo_06507,unlabeled,Unknown,-1.3563967,1.1290064,-1.8450284,10.560351,9.526898,3.3091404
ddc_dzo_06523,unlabeled,Unknown,-2.3272967,-0.45760387,0.2690506,10.321163,9.375971,10.657434
ddc_dzo_06498,unlabeled,Unknown,-1.2927954,0.69847614,-0.0674929,10.237727,9.439146,9.830389
ddc_dzo_06502,unlabeled,Unknown,-0.4014262,-0.22216177,0.30328465,9.149411,9.823845,9.911819
ddc_dzo_06504,unlabeled,Unknown,1.4949458,-0.57514644,-0.83124125,11.062837,10.33411,7.111977
ddc_dzo_06520,unlabeled,Unknown,1.549968,-2.3580792,0.12969458,11.856011,11.444833,8.896939
ddc_dzo_06526,unlabeled,Unknown,-1.0041757,-1.1323173,-2.1031914,10.415706,9.782757,4.015113
ddc_dzo_06551,unlabeled,Unknown,0.31577402,-0.8446483,-2.9838667,10.524159,9.697742,4.351408
ddc_dzo_06529,unlabeled,Unknown,0.30270112,0.35585392,-1.7330339,11.594884,9.97778,8.825748
ddc_dzo_06531,unlabeled,Unknown,0.70458513,0.5918417,-0.5218169,10.96583,9.34377,8.807333
ddc_dzo_06525,unlabeled,Unknown,-1.7578826,-0.322241,0.3651061,9.493435,9.056415,9.36761
ddc_dzo_06541,unlabeled,Unknown,0.40733528,0.1701678,-0.032952547,10.766842,9.918702,10.612094
ddc_dzo_06539,unlabeled,Unknown,1.6943448,0.9245076,0.843777,10.583461,11.712019,9.801636
ddc_dzo_06560,unlabeled,Unknown,0.3024335,1.6986645,-4.2413564,10.41432,10.000174,3.3459604
ddc_dzo_06578,unlabeled,Unknown,0.729139,0.69653654,0.654951,11.156498,10.107368,7.5419636
ddc_dzo_06574,unlabeled,Unknown,-1.0580411,0.93570733,-10.074589,13.333477,5.1798534,5.690102
ddc_dzo_06580,unlabeled,Unknown,1.259713,1.1287211,-0.2547598,10.494664,9.663784,8.858953
ddc_dzo_06572,unlabeled,Unknown,1.0093665,-0.30367947,0.04353094,9.8562355,9.767403,7.9389668
ddc_dzo_06581,unlabeled,Unknown,-2.3397298,-1.3521798,-0.52864707,9.513825,9.2448,9.633211
ddc_dzo_06559,unlabeled,Unknown,2.9210153,-0.1381234,-0.13943338,12.338573,11.178961,9.969075
ddc_dzo_06565,unlabeled,Unknown,1.2422856,0.2614776,0.89457566,11.881625,10.512106,9.506532
ddc_dzo_06583,unlabeled,Unknown,-6.698283,2.750663,0.3138728,10.725149,4.9824557,10.528326
ddc_dzo_06599,unlabeled,Unknown,-7.8508935,-1.0432044,0.97500485,9.992571,4.6818914,9.94666
ddc_dzo_06601,unlabeled,Unknown,2.1265328,-0.2953632,-0.23583746,11.331397,10.204965,8.972999
ddc_dzo_06593,unlabeled,Unknown,-8.881724,-1.0162797,0.87950253,10.469742,5.5299892,10.924102
ddc_dzo_06600,unlabeled,Unknown,2.7853217,-1.3494363,0.4587723,9.448062,10.994408,9.162072
ddc_dzo_06588,unlabeled,Unknown,0.9246731,0.60429704,-0.11569059,9.210959,12.297479,9.244948
ddc_dzo_06609,unlabeled,Unknown,2.6336906,-1.4495203,0.84679735,9.02068,11.796497,10.167967
ddc_dzo_06626,unlabeled,Unknown,1.2233574,-0.06673837,0.20533466,9.817967,10.53111,7.1304736
ddc_dzo_06635,unlabeled,Unknown,1.9907389,-1.0025291,0.11779708,10.326262,10.550144,9.28321
ddc_dzo_06637,unlabeled,Unknown,2.5677576,-1.5826806,0.10227148,12.031314,10.974807,8.56359
ddc_dzo_06630,unlabeled,Unknown,2.1635313,-0.893132,-0.54980445,8.917978,11.895982,7.4368834
ddc_dzo_06649,unlabeled,Unknown,-6.5869474,0.13557358,-0.4313264,9.913947,4.6505995,9.329571
ddc_dzo_06645,unlabeled,Unknown,-2.9153178,2.3849273,-12.278991,-5.108513,5.3912044,8.664619
ddc_dzo_06664,unlabeled,Unknown,-0.96768546,-0.008998722,-0.49564976,9.862941,9.073086,9.841611
ddc_dzo_06661,unlabeled,Unknown,1.2391208,-0.5094342,0.81689143,11.623584,10.206103,8.830744
ddc_dzo_06669,unlabeled,Unknown,0.8571453,1.386878,-2.5574303,10.292932,9.937647,3.3779118
ddc_dzo_06689,unlabeled,Unknown,-0.6643326,0.93691015,-11.725287,-5.1566567,5.436923,8.74931
ddc_dzo_06668,unlabeled,Unknown,-9.04191,-1.7099708,0.890605,10.57114,4.8539476,9.86275
ddc_dzo_06675,unlabeled,Unknown,-7.0044537,-0.71449757,1.548669,10.132225,4.6717167,9.752712
ddc_dzo_06665,unlabeled,Unknown,1.452031,1.7866915,0.40891314,9.567939,9.993714,9.267044
ddc_dzo_06715,unlabeled,Unknown,0.6195637,0.028411806,0.6159292,11.398376,10.213758,9.868809
ddc_dzo_06710,unlabeled,Unknown,2.3876967,-0.8177326,0.53016424,9.782427,10.985094,7.5217805
ddc_dzo_06718,unlabeled,Unknown,2.115461,0.074965,-0.87068653,10.375415,10.540377,10.717693
ddc_dzo_06697,unlabeled,Unknown,0.9577008,-1.010283,0.06480688,10.288515,9.75429,8.77671
ddc_dzo_06741,unlabeled,Unknown,1.6527283,0.15146899,-1.6628355,9.893456,10.392225,10.615865
ddc_dzo_06730,unlabeled,Unknown,0.21016729,-1.2394416,-0.967384,10.308475,9.871539,9.102615
ddc_dzo_06746,unlabeled,Unknown,2.6345916,0.26506054,0.10235548,9.643051,10.571008,8.181572
ddc_dzo_06723,unlabeled,Unknown,3.2193837,-1.4527068,0.58546543,9.509117,10.142031,7.4343247
ddc_dzo_06734,unlabeled,Unknown,1.395305,-0.42118168,0.5654561,9.969788,10.402822,7.02986
ddc_dzo_06738,unlabeled,Unknown,2.9826727,-0.6551889,0.045497656,9.074296,12.47829,8.517904
ddc_dzo_06771,unlabeled,Unknown,1.7934763,-0.20858312,-0.018357515,11.780437,11.35584,10.074973
ddc_dzo_06753,unlabeled,Unknown,-7.306117,-1.255548,0.14102912,10.141651,4.704211,10.883322
ddc_dzo_06768,unlabeled,Unknown,1.6944273,-1.3632216,0.31598997,9.836903,10.866247,10.197384
ddc_dzo_06777,unlabeled,Unknown,0.7762703,-0.3296129,-1.0878894,9.611136,9.322986,9.679856
ddc_dzo_06779,unlabeled,Unknown,0.7862406,-0.99727523,-3.236793,10.686612,9.299827,8.94187
ddc_dzo_06792,unlabeled,Unknown,1.8294835,-1.723062,0.92738664,10.022546,11.116311,8.159761
ddc_dzo_06774,unlabeled,Unknown,1.9756451,-2.0221996,1.1661067,9.636075,9.844916,8.081689
ddc_dzo_06793,unlabeled,Unknown,0.98151803,-0.1867137,-1.2800158,8.792701,10.748775,10.301425
ddc_dzo_06823,unlabeled,Unknown,-1.9671186,3.333072,-2.3035564,10.811637,9.606566,3.235616
ddc_dzo_06826,unlabeled,Unknown,-1.3698974,1.2331548,-10.812663,-4.8331256,5.0420976,8.366799
ddc_dzo_06825,unlabeled,Unknown,0.06356776,-0.3729633,0.49055195,10.571652,9.291027,8.676599
ddc_dzo_06806,unlabeled,Unknown,0.6036114,0.043324947,-0.9973395,10.673393,9.854513,7.955839
ddc_dzo_06803,unlabeled,Unknown,-6.186742,0.14067554,0.029748917,10.759785,5.77529,10.454855
ddc_dzo_06810,unlabeled,Unknown,-7.20714,-0.5933156,0.07107788,9.983299,4.8138623,9.314302
ddc_dzo_06837,unlabeled,Unknown,-1.4868431,-0.7201165,-1.8047614,9.625335,5.061935,10.99106
ddc_dzo_06846,unlabeled,Unknown,-10.723365,-2.5110972,1.606741,9.263958,4.614929,10.747926
ddc_dzo_06848,unlabeled,Unknown,-8.775733,-1.1051152,0.41740334,10.1095,5.542568,10.763046
ddc_dzo_06835,unlabeled,Unknown,1.2101853,-1.571801,0.09016165,10.457434,10.441896,8.563193
ddc_dzo_06838,unlabeled,Unknown,2.640506,-0.0056786537,0.062125444,10.956528,10.503886,7.9474673
ddc_dzo_06852,unlabeled,Unknown,1.5577657,-0.40935206,-0.67172873,9.849889,11.379112,7.4149833
ddc_dzo_06862,unlabeled,Unknown,3.1159973,-1.9218979,0.3289616,10.945168,10.121518,8.245918
ddc_dzo_06868,unlabeled,Unknown,1.8509341,-0.7829131,0.52098095,9.342956,10.718999,7.6164045
ddc_dzo_06855,unlabeled,Unknown,2.420364,-0.5300071,0.21269965,12.319932,10.61009,10.062209
ddc_dzo_06854,unlabeled,Unknown,1.0465102,-0.85548204,-0.064077854,10.821194,12.429089,9.09533
ddc_dzo_06888,unlabeled,Unknown,-7.399149,-0.6797465,-0.5319412,10.652926,4.7579465,10.310833
ddc_dzo_06903,unlabeled,Unknown,-0.3177365,-0.19755459,-0.6251448,9.791393,9.869282,10.122984
ddc_dzo_06904,unlabeled,Unknown,-8.8631935,-2.2798622,-0.7209883,10.566652,5.235872,9.797537
ddc_dzo_06883,unlabeled,Unknown,3.6216536,-1.3727677,-0.5800142,10.644867,10.885578,8.840546
ddc_dzo_06901,unlabeled,Unknown,0.7230064,-0.09595752,-0.67195773,10.303568,10.152004,7.886896
ddc_dzo_06887,unlabeled,Unknown,3.211697,0.16053629,1.561864,9.461144,12.473266,7.9534116
ddc_dzo_06919,unlabeled,Unknown,-0.43958732,5.2515807,0.7227559,13.655291,8.098362,6.960697
ddc_dzo_06921,unlabeled,Unknown,0.47932005,8.664823,-2.1675415,13.39263,7.964849,7.1071005
ddc_dzo_07319,unlabeled,Unknown,0.044542074,-0.9807272,0.16524118,10.379734,10.407747,10.711424
ddc_dzo_06922,unlabeled,Unknown,-11.812518,-2.1684184,1.1930754,9.770696,4.707685,10.880181
ddc_dzo_06924,unlabeled,Unknown,0.8058095,0.17418289,0.64630544,9.732643,10.154329,6.7487445
ddc_dzo_06928,unlabeled,Unknown,2.9528377,-1.3678724,0.9461992,11.256531,10.946502,9.58803
ddc_dzo_06918,unlabeled,Unknown,2.356,-0.78178835,0.93100953,11.601957,10.856601,10.202775
ddc_dzo_06961,unlabeled,Unknown,1.4831827,0.8095379,0.08084297,11.059534,11.206875,8.949327
ddc_dzo_06954,unlabeled,Unknown,2.2489219,-1.1698664,-0.67896414,10.525299,11.044231,10.215992
ddc_dzo_06963,unlabeled,Unknown,4.157952,-0.62085044,0.88366055,9.309318,10.14292,7.4944444
ddc_dzo_06944,unlabeled,Unknown,2.297046,-1.6357605,-0.42044404,10.302293,11.206149,8.234838
ddc_dzo_06937,unlabeled,Unknown,3.566601,1.080198,-0.4886459,10.6667795,10.569029,6.6382327
ddc_dzo_06950,unlabeled,Unknown,1.9188193,-0.1767613,0.82193005,9.872763,12.334808,8.443302
ddc_dzo_06958,unlabeled,Unknown,2.7891278,-1.663684,1.5648861,10.097618,12.276061,9.631932
ddc_dzo_06971,unlabeled,Unknown,-2.3455544,2.3368769,-3.9848356,10.636979,9.284026,4.043051
ddc_dzo_06980,unlabeled,Unknown,-2.3133266,0.742805,-11.538921,-4.9981675,5.211768,8.549996
ddc_dzo_07050,unlabeled,Unknown,-8.141443,-0.18611026,0.7329912,10.474562,5.5419455,10.787249
ddc_dzo_06985,unlabeled,Unknown,2.8918953,-0.41854894,1.5170074,11.384191,10.712196,8.743833
ddc_dzo_06988,unlabeled,Unknown,-10.347993,-1.5223293,0.80345464,9.8590765,4.330066,10.195586
ddc_dzo_06968,unlabeled,Unknown,-8.091774,-0.73791105,0.7042588,10.68482,4.872965,10.292951
ddc_dzo_06984,unlabeled,Unknown,0.9710504,0.121237755,1.3619158,10.725372,11.165027,8.402707
ddc_dzo_06997,unlabeled,Unknown,-0.17096663,-1.2146773,-13.732275,-4.9662604,5.2575917,8.535856
ddc_dzo_07008,unlabeled,Unknown,-1.4057758,7.7172,0.08948147,13.369091,8.299595,7.129814
ddc_dzo_07001,unlabeled,Unknown,1.8589327,-1.1662121,0.697145,11.500192,10.706171,10.052839
ddc_dzo_07002,unlabeled,Unknown,-4.4518847,10.146412,-0.26044798,13.77282,8.483327,7.05671
ddc_dzo_07005,unlabeled,Unknown,0.69177425,0.08488798,0.3051238,11.461846,10.469423,10.5123005
ddc_dzo_07013,unlabeled,Unknown,1.4529471,1.0103915,-0.48667312,10.634845,10.619942,6.891958
ddc_dzo_07029,unlabeled,Unknown,-1.5452075,-0.31333524,-7.482299,12.975384,5.4309893,5.5417137
ddc_dzo_07047,unlabeled,Unknown,-1.0892595,0.982723,-1.2894483,13.148805,8.772829,6.391184
ddc_dzo_07036,unlabeled,Unknown,1.9426167,-1.2697566,-0.29112744,9.078072,11.113548,9.713179
ddc_dzo_07048,unlabeled,Unknown,-2.185208,5.983569,0.85956657,13.272001,7.7718678,6.6478095
ddc_dzo_07039,unlabeled,Unknown,4.3315115,-0.709634,0.7255565,10.602764,11.394217,9.557438
ddc_dzo_07043,unlabeled,Unknown,2.1292205,-1.5568553,0.48704135,9.558981,11.755229,9.09339
ddc_dzo_07074,unlabeled,Unknown,0.17964542,-0.019333184,-0.10717201,12.032558,10.816959,9.755602
ddc_dzo_07062,unlabeled,Unknown,-2.2863293,6.53311,0.25539446,13.381647,8.021824,7.060574
ddc_dzo_07051,unlabeled,Unknown,2.7216334,-0.36589342,0.01709108,11.969294,11.586907,9.889931
ddc_dzo_07057,unlabeled,Unknown,2.2073452,-2.145088,0.7323353,9.499891,10.67386,8.734036
ddc_dzo_07108,unlabeled,Unknown,2.0874975,-1.1852171,0.12292835,10.251819,12.017881,9.32196
ddc_dzo_07081,unlabeled,Unknown,1.0674291,0.26872873,-2.2468643,10.375057,9.937203,3.3972943
ddc_dzo_07088,unlabeled,Unknown,2.0961666,-0.5388567,-0.83537245,10.068668,10.808603,9.73791
ddc_dzo_07091,unlabeled,Unknown,-1.8805484,-0.9079428,0.4494928,9.909017,9.062397,9.498348
ddc_dzo_07096,unlabeled,Unknown,-9.503111,-1.5252166,0.01593256,10.383327,6.1321497,11.206168
ddc_dzo_07094,unlabeled,Unknown,1.8832018,-1.8286679,0.2853775,10.172192,11.273088,9.104732
ddc_dzo_07079,unlabeled,Unknown,1.9240451,-1.4942179,0.010347128,9.299544,12.310856,9.023793
ddc_dzo_07098,unlabeled,Unknown,1.9327565,-1.9216511,-0.21214747,8.538455,11.543611,8.553376
ddc_dzo_07131,unlabeled,Unknown,0.81134367,1.554781,-2.7696533,10.745956,9.66244,4.036554
ddc_dzo_07138,unlabeled,Unknown,-2.6049578,0.6202717,-9.265465,13.223068,5.372095,5.586265
ddc_dzo_07134,unlabeled,Unknown,-3.7873783,2.741323,-11.631579,-4.757299,5.015026,8.303991
ddc_dzo_07135,unlabeled,Unknown,-0.08197707,-1.677845,-0.39764404,10.642122,9.603127,10.297731
ddc_dzo_07122,unlabeled,Unknown,2.3833308,-0.85182786,1.3991413,11.488598,10.794813,9.638594
ddc_dzo_07168,unlabeled,Unknown,0.12438941,1.6558719,-4.270236,10.628847,9.713324,3.5865903
ddc_dzo_07147,unlabeled,Unknown,-1.0105429,1.4718184,-8.572101,12.968124,5.0030074,5.3980675
ddc_dzo_07145,unlabeled,Unknown,-0.9453826,0.23697096,-12.241524,-5.095204,5.334804,8.699702
ddc_dzo_07169,unlabeled,Unknown,0.026044846,-0.57085097,-0.2527914,10.340881,9.354722,10.164975
ddc_dzo_07143,unlabeled,Unknown,0.91094995,-0.91980094,0.7562957,11.631982,10.140004,9.529976
ddc_dzo_07162,unlabeled,Unknown,-10.2652445,-1.9278603,1.7229099,9.998873,6.036601,11.124853
ddc_dzo_07153,unlabeled,Unknown,2.3456895,-0.9190128,0.90013963,9.907033,11.045152,9.39372
ddc_dzo_07200,unlabeled,Unknown,-2.1409848,0.79754233,-1.9549048,10.640245,9.308886,3.8660772
ddc_dzo_07181,unlabeled,Unknown,-1.1081614,-0.9662572,-11.286091,-4.877732,5.0995164,8.471753
ddc_dzo_07193,unlabeled,Unknown,0.44307613,-0.19343221,-0.8463761,10.268263,9.612643,8.20755
ddc_dzo_07201,unlabeled,Unknown,3.3458004,0.8900214,-0.25178075,11.830519,10.540082,8.478449
ddc_dzo_07209,unlabeled,Unknown,2.3637116,-0.9239773,0.19950056,10.271652,9.874761,7.5710998
ddc_dzo_07194,unlabeled,Unknown,3.1916134,-1.6092274,0.5662271,12.029418,10.075046,9.820898
ddc_dzo_07240,unlabeled,Unknown,0.9818614,0.12459946,-2.0761795,10.637138,9.656338,3.2841856
ddc_dzo_07215,unlabeled,Unknown,-1.6950046,-1.6676939,-1.1971867,10.750507,9.805613,7.6937814
ddc_dzo_07229,unlabeled,Unknown,-0.5258651,-0.86919737,-0.23325586,10.8076,9.564371,3.8843112
ddc_dzo_07244,unlabeled,Unknown,-3.308228,-0.6397308,-3.7762222,10.462901,5.246935,9.134908
ddc_dzo_07220,unlabeled,Unknown,-2.7786732,0.77029,-8.190724,13.00448,5.117085,5.760613
ddc_dzo_07238,unlabeled,Unknown,-0.13416529,-0.20442057,-5.487429,10.738595,9.465517,3.917621
ddc_dzo_07219,unlabeled,Unknown,-3.7911584,0.8121704,-4.0690293,12.616777,6.259241,5.982642
ddc_dzo_07243,unlabeled,Unknown,2.0387406,0.11037731,-1.1123605,10.62867,9.76757,7.811911
ddc_dzo_07225,unlabeled,Unknown,2.1996486,-0.22013569,-0.4655164,12.106715,11.528765,10.032949
ddc_dzo_07227,unlabeled,Unknown,1.1817784,-0.85991836,0.14385119,12.120531,11.5939,9.999423
ddc_dzo_07232,unlabeled,Unknown,2.562339,-0.6061346,0.41906738,8.523462,11.838816,9.251599
ddc_dzo_07281,unlabeled,Unknown,1.4946076,-0.3430725,0.34891462,11.243255,10.826992,10.279445
ddc_dzo_07269,unlabeled,Unknown,1.0503719,-0.20474638,0.13746905,10.363977,9.720484,10.393469
ddc_dzo_07260,unlabeled,Unknown,-11.9559965,-2.1657424,1.6780945,9.870103,4.355613,10.328819
ddc_dzo_07257,unlabeled,Unknown,2.0740175,-1.8435211,0.53145957,8.848625,10.412222,8.482967
ddc_dzo_07276,unlabeled,Unknown,2.497173,-0.74661183,0.22613764,10.2263775,9.793413,8.462036
ddc_dzo_07305,unlabeled,Unknown,1.386464,0.65141475,-1.5274143,10.456488,9.832336,3.6251209
ddc_dzo_07315,unlabeled,Unknown,1.4653194,-0.4247167,1.0305529,9.946466,10.715144,6.9906516
ddc_dzo_07288,unlabeled,Unknown,-2.3471184,6.2137055,-3.4909549,13.195248,7.282124,6.576442
ddc_dzo_07310,unlabeled,Unknown,-0.30988598,2.3383982,0.44735003,9.623833,9.934825,7.634059
ddc_dzo_07313,unlabeled,Unknown,2.1225212,-2.247652,-0.10484171,9.734443,10.769445,8.463217
ddc_dzo_07347,unlabeled,Unknown,-1.7249173,0.52971447,-1.8596582,10.365159,9.030587,9.28822
ddc_dzo_07340,unlabeled,Unknown,2.7770634,-0.57963204,-0.47533426,11.14212,9.97109,9.500028
ddc_dzo_07342,unlabeled,Unknown,-0.9427841,-0.69505715,-0.5796443,10.083683,9.21099,9.102146
ddc_dzo_07324,unlabeled,Unknown,-0.49122733,-1.3244812,-0.17036062,9.120861,9.951777,10.212226
ddc_dzo_07354,unlabeled,Unknown,2.3204408,-1.2995052,-0.15193117,9.127071,11.909319,8.5206995
ddc_dzo_07345,unlabeled,Unknown,3.0591702,-0.94038963,1.2337122,8.463484,12.104092,8.546928
ddc_dzo_07374,unlabeled,Unknown,-4.6329727,1.2153474,-7.4314795,12.963429,5.098293,5.7629485
ddc_dzo_07365,unlabeled,Unknown,2.0227964,-0.79083943,0.55646586,10.119271,10.853512,8.4800625
ddc_dzo_07376,unlabeled,Unknown,2.0440845,-0.97006124,-0.5867739,10.304699,10.945092,10.09428
ddc_dzo_07384,unlabeled,Unknown,-6.963067,-1.9551502,0.1555965,10.037741,5.918617,11.370439
ddc_dzo_07367,unlabeled,Unknown,-8.365244,-2.0215816,-1.0596892,10.501694,5.805488,10.823085
ddc_dzo_07375,unlabeled,Unknown,-2.2140875,-0.94107425,-0.74263203,9.37455,9.437923,10.003706
ddc_dzo_07362,unlabeled,Unknown,-0.82791984,-0.66833735,-1.1364999,10.494122,6.4821124,10.74033
ddc_dzo_07371,unlabeled,Unknown,-6.982148,0.16644812,0.7708641,10.059767,5.5217943,11.385788
ddc_dzo_07369,unlabeled,Unknown,0.6131716,0.70639014,0.7652466,12.129825,10.816875,10.701651
ddc_dzo_07409,unlabeled,Unknown,-5.859062,1.6001902,-4.616035,13.159157,7.2123284,6.451993
ddc_dzo_07399,unlabeled,Unknown,0.52431035,-0.9780202,-0.5294371,11.008769,10.077341,10.259116
ddc_dzo_07391,unlabeled,Unknown,-5.807331,-1.1182505,-0.24213636,10.399275,4.8330536,9.868698
ddc_dzo_07400,unlabeled,Unknown,-0.264508,-0.18583888,-0.18346778,11.675383,10.424887,9.67902
ddc_dzo_07423,unlabeled,Unknown,2.0005674,-0.614028,1.0858545,8.7317915,11.868686,7.866035
ddc_dzo_07455,unlabeled,Unknown,-0.9572334,-0.35677814,-0.7044246,9.960628,10.446758,10.962776
ddc_dzo_07434,unlabeled,Unknown,0.18215477,-0.076599956,-0.8646462,10.677809,9.813369,10.4233265
ddc_dzo_07441,unlabeled,Unknown,0.6849766,-1.0294454,-0.56073,10.985996,10.262649,10.661933
ddc_dzo_07433,unlabeled,Unknown,0.36152935,0.70580363,0.15193641,11.135233,10.204256,9.746879
ddc_dzo_07445,unlabeled,Unknown,0.7368729,-0.4881618,0.7813808,11.763419,10.093737,8.053176
ddc_dzo_07456,unlabeled,Unknown,2.0338454,-0.66544056,0.20302081,10.559382,10.461674,10.730546
ddc_dzo_07486,unlabeled,Unknown,-8.932534,-1.6180729,-0.36800575,10.669436,4.814193,10.321112
ddc_dzo_07463,unlabeled,Unknown,-0.9981117,1.543917,-4.4155097,10.856169,9.722281,3.8316195
ddc_dzo_07489,unlabeled,Unknown,-1.6122501,1.3253636,-2.895598,10.428367,9.8634615,3.2827108
ddc_dzo_07464,unlabeled,Unknown,2.6529863,-0.8544433,-0.78563786,10.656913,9.7685995,7.8350706
ddc_dzo_07482,unlabeled,Unknown,-7.5047874,-1.182713,-1.2395973,9.942686,5.081739,10.751221
ddc_dzo_07471,unlabeled,Unknown,-5.389904,-2.1072204,0.21836597,9.344351,4.403434,9.952727
ddc_dzo_07512,unlabeled,Unknown,1.9931056,2.498424,-3.9253871,10.379251,9.882819,3.2616615
ddc_dzo_07522,unlabeled,Unknown,-4.6235394,0.15560353,-2.898627,10.292668,4.872613,10.681005
ddc_dzo_07518,unlabeled,Unknown,-7.7870054,-1.0913044,-1.9280844,9.32065,4.2395144,9.896406
ddc_dzo_07494,unlabeled,Unknown,-9.166145,-0.45475298,0.84639835,9.800219,4.028333,9.745927
ddc_dzo_07508,unlabeled,Unknown,-9.67349,-0.8734586,0.6681075,10.395807,6.0864263,10.956985
ddc_dzo_07547,unlabeled,Unknown,1.1203928,2.0855222,-3.8107727,10.475907,9.898485,3.4499433
ddc_dzo_07532,unlabeled,Unknown,-3.1139126,3.0686107,-11.869032,12.589209,4.8254027,5.2318707
ddc_dzo_07533,unlabeled,Unknown,0.12142384,0.12155175,-0.7509618,9.928843,9.297336,9.969068
ddc_dzo_07562,unlabeled,Unknown,-0.5131967,-1.6933953,-0.36709332,9.463904,10.082918,10.55204
ddc_dzo_07558,unlabeled,Unknown,0.30836976,-0.27201304,0.5380459,10.454365,9.488482,10.09203
ddc_dzo_07529,unlabeled,Unknown,4.189383,-0.6533601,0.5047618,12.417202,11.055577,9.462592
ddc_dzo_07554,unlabeled,Unknown,2.652679,-0.23259115,1.3922436,8.722763,12.060676,8.54895
ddc_dzo_07564,unlabeled,Unknown,-1.7131301,-0.0475657,-1.2316287,10.135382,5.617693,10.256629
ddc_dzo_07563,unlabeled,Unknown,0.094148636,-1.4361913,-1.6842879,10.619604,9.218842,3.799588
ddc_dzo_07568,unlabeled,Unknown,-9.980987,-1.4399287,-0.08059597,10.422807,5.551973,10.851809
ddc_dzo_07594,unlabeled,Unknown,-1.9429555,0.6917362,-5.550125,13.111573,5.5510263,5.6683893
ddc_dzo_07590,unlabeled,Unknown,-10.8139305,-2.5515544,-0.27331936,9.644018,4.0871725,9.751666
ddc_dzo_07588,unlabeled,Unknown,-0.2530923,-0.2901249,0.45026648,10.590314,9.314954,7.7148604
ddc_dzo_07596,unlabeled,Unknown,0.9740952,0.5593563,0.4411304,10.73134,9.707932,8.801799
ddc_dzo_07578,unlabeled,Unknown,1.341757,-1.4859012,-0.24767947,8.885088,10.1787,8.356243
ddc_dzo_07625,unlabeled,Unknown,-3.0711594,1.4632359,-10.093939,13.400821,5.005482,5.653796
ddc_dzo_07598,unlabeled,Unknown,-1.8082607,-0.899812,1.3671591,10.30659,9.654882,10.609982
ddc_dzo_07627,unlabeled,Unknown,1.8818405,-2.6833663,0.3262427,10.816774,10.94925,8.29242
ddc_dzo_07603,unlabeled,Unknown,0.17386532,1.793221,-12.73261,12.54496,5.3651547,5.2900143
ddc_dzo_07628,unlabeled,Unknown,0.15229082,-0.53037,0.4387205,9.750178,10.082715,7.4553604
ddc_dzo_07607,unlabeled,Unknown,1.7299606,-1.7535257,-0.27374756,10.794396,11.045396,10.368818
ddc_dzo_07629,unlabeled,Unknown,2.1324158,-0.6289816,0.3837042,8.276077,11.816088,8.427463
ddc_dzo_07663,unlabeled,Unknown,0.4780929,-1.0259261,0.14824803,10.87178,10.410604,10.250242
ddc_dzo_07667,unlabeled,Unknown,-1.2084484,9.725482,0.21265125,13.496513,8.230004,6.6508465
ddc_dzo_07652,unlabeled,Unknown,2.3035784,1.8696439,1.7540991,10.498656,10.987001,7.7226186
ddc_dzo_07660,unlabeled,Unknown,2.3416162,-0.0888142,1.1049833,9.797135,10.7862835,7.6327558
ddc_dzo_07654,unlabeled,Unknown,0.06456554,0.28942537,0.7838087,11.3534775,10.2038355,10.38139
ddc_dzo_07705,unlabeled,Unknown,-1.1524894,0.94135094,-5.216401,10.60511,9.934099,3.3974838
ddc_dzo_07688,unlabeled,Unknown,-1.8444715,0.2999414,-14.367235,-4.9464107,5.190501,8.441693
ddc_dzo_07676,unlabeled,Unknown,-0.21022892,-1.208662,-12.122669,-5.0794377,5.330164,8.574965
ddc_dzo_07696,unlabeled,Unknown,-1.7797624,0.17722797,-0.7145997,9.837632,4.9882083,9.305289
ddc_dzo_07680,unlabeled,Unknown,-2.4232464,12.088421,-1.6270009,13.52462,7.8069873,6.560404
ddc_dzo_07692,unlabeled,Unknown,-1.1707827,-1.0070221,-0.14717132,10.544811,9.144689,8.886341
ddc_dzo_07675,unlabeled,Unknown,-8.734837,-2.0319674,0.38813472,10.09737,5.947181,11.362127
ddc_dzo_07694,unlabeled,Unknown,2.0664427,-2.5665631,1.0341158,9.336108,10.88177,10.188826
ddc_dzo_07698,unlabeled,Unknown,2.6267788,-0.8544677,1.614414,10.916785,10.933198,9.246091
ddc_dzo_07712,unlabeled,Unknown,-2.667841,0.8384906,-8.189986,12.702442,5.881223,5.7150407
ddc_dzo_07728,unlabeled,Unknown,1.1933305,2.2913146,-3.0467937,10.710142,9.573555,3.3154757
ddc_dzo_07738,unlabeled,Unknown,1.2197874,0.52410865,-0.755399,10.646016,10.402155,8.556133
ddc_dzo_07740,unlabeled,Unknown,1.3939903,-0.92791814,-0.0821619,9.050675,9.961726,7.680537
ddc_dzo_07729,unlabeled,Unknown,0.34422684,0.055292442,0.0850302,10.171179,10.692793,9.698518
ddc_dzo_07733,unlabeled,Unknown,2.3707488,0.59706044,0.3078909,11.376695,9.889239,7.463732
ddc_dzo_07716,unlabeled,Unknown,1.910675,-0.41604495,1.7006539,9.641613,10.40823,7.0927153
ddc_dzo_07765,unlabeled,Unknown,0.48743582,-0.08414006,-12.408604,-4.972609,5.2225623,8.48409
ddc_dzo_07769,unlabeled,Unknown,-0.81814384,0.27787793,-13.770758,-5.056705,5.291661,8.455794
ddc_dzo_07772,unlabeled,Unknown,0.9953736,0.39852,-1.9000086,11.0086565,10.720477,8.494884
ddc_dzo_07754,unlabeled,Unknown,-11.444875,-1.9584376,0.9892616,9.363646,4.6440825,10.802646
ddc_dzo_07762,unlabeled,Unknown,1.4277365,-0.4238264,1.3655833,11.200568,10.851185,8.783931
ddc_dzo_07780,unlabeled,Unknown,0.7214335,-0.49751866,-1.6399279,11.990766,11.108234,10.75961
ddc_dzo_07787,unlabeled,Unknown,1.526089,-0.38884783,0.7557266,9.53626,10.66917,6.9720244
ddc_dzo_07797,unlabeled,Unknown,3.11313,-0.97699463,0.66831064,11.522679,10.172481,8.042075
ddc_dzo_07794,unlabeled,Unknown,1.5235455,-0.38034606,0.30663085,11.710072,10.534621,10.298136
ddc_dzo_07781,unlabeled,Unknown,1.004827,2.2145963,0.36159945,11.828705,10.086682,9.655734
ddc_dzo_07844,unlabeled,Unknown,-0.9136758,0.12446618,-2.438413,10.548003,9.557912,3.456992
ddc_dzo_07812,unlabeled,Unknown,-3.5485935,6.8370566,-3.2892256,13.303853,7.482858,6.506445
ddc_dzo_07840,unlabeled,Unknown,2.5015182,-0.19475347,-1.7433169,12.491366,10.8544,9.423199
ddc_dzo_07845,unlabeled,Unknown,1.9349093,0.06974286,-1.2793226,9.169565,12.186236,6.834144
ddc_dzo_07820,unlabeled,Unknown,2.302433,-1.3684185,1.5865107,9.546081,11.942709,7.533165
ddc_dzo_07834,unlabeled,Unknown,2.5645974,-0.5254587,1.3195999,9.0138445,11.81757,9.999743
ddc_dzo_07879,unlabeled,Unknown,0.20313072,1.3336508,-11.204157,12.619946,4.97652,5.235237
ddc_dzo_07856,unlabeled,Unknown,0.8128692,-1.2880296,-0.9897238,9.6702175,10.051425,7.043396
ddc_dzo_07855,unlabeled,Unknown,0.7107649,0.016374469,0.08287835,9.475763,9.708889,9.757374
ddc_dzo_07876,unlabeled,Unknown,-0.64586407,10.666442,-0.8428571,13.367688,8.395564,6.382508
ddc_dzo_07861,unlabeled,Unknown,-8.151536,-1.5090314,0.03457713,10.23403,5.265939,10.8334
ddc_dzo_07847,unlabeled,Unknown,1.5481268,-0.76761115,-0.61381745,9.0446415,10.836908,7.6950583
ddc_dzo_07881,unlabeled,Unknown,0.42112696,-0.042711258,0.4071405,9.35745,9.936246,10.7701845
ddc_dzo_07950,unlabeled,Unknown,0.5379183,0.1873405,0.9590738,11.377844,11.105577,10.99726
ddc_dzo_07885,unlabeled,Unknown,1.9555296,-2.0508318,0.060372353,9.878684,12.409142,8.528961
ddc_dzo_07891,unlabeled,Unknown,2.938277,-0.15724242,0.78777814,9.466437,11.727888,7.4340153
ddc_dzo_07922,unlabeled,Unknown,-2.5031362,0.4093182,-11.770109,13.21906,5.0255356,5.6775637
ddc_dzo_07927,unlabeled,Unknown,-1.5303401,-0.30348086,0.505651,10.433961,9.730964,4.0406256
ddc_dzo_07928,unlabeled,Unknown,0.5909096,0.9553209,-4.3929734,10.333369,9.680071,3.5353827
ddc_dzo_07937,unlabeled,Unknown,1.3344153,-0.0008845329,0.94011515,11.17428,10.128858,8.421349
ddc_dzo_07926,unlabeled,Unknown,0.77113295,1.2652011,-1.5983338,12.521855,10.846253,9.474665
ddc_dzo_07947,unlabeled,Unknown,1.8983511,-0.4548905,-1.0985252,11.101761,10.181821,8.226109
ddc_dzo_07930,unlabeled,Unknown,2.8484492,-0.060755134,0.5424237,11.989223,10.943924,10.30988
ddc_dzo_07919,unlabeled,Unknown,3.4354835,1.0965225,2.567078,11.734403,10.519403,8.204476
ddc_dzo_07924,unlabeled,Unknown,1.9700577,0.16037679,0.32241297,8.79991,10.5618515,9.240115
ddc_dzo_07935,unlabeled,Unknown,1.5335975,-0.8592598,0.51606536,10.264676,10.680859,8.821328
ddc_dzo_07920,unlabeled,Unknown,3.4092338,-1.3774514,-0.16238678,10.7630005,11.234281,10.339913
ddc_dzo_07948,unlabeled,Unknown,2.9352555,-1.8848274,-0.39792275,9.406578,11.414816,9.430433
ddc_dzo_07984,unlabeled,Unknown,-0.16287637,7.259506,-1.0325389,13.375038,8.641265,6.561568
ddc_dzo_07976,unlabeled,Unknown,0.29610634,0.07342613,-0.7276726,11.928628,10.587114,9.309817
ddc_dzo_07967,unlabeled,Unknown,0.66832554,-0.4043644,0.037780046,10.950223,10.025069,10.224891
ddc_dzo_07969,unlabeled,Unknown,3.3149292,-1.445868,-0.5328288,11.64996,10.812247,7.9830713
ddc_dzo_07951,unlabeled,Unknown,3.4949758,-0.45610476,1.3524286,10.579672,10.812955,9.06447
ddc_dzo_08019,unlabeled,Unknown,2.1136224,-0.8871538,-0.61385274,9.55823,10.976313,8.953221
ddc_dzo_08001,unlabeled,Unknown,0.37261796,-1.2291865,0.14954996,8.969196,10.043737,9.572492
ddc_dzo_08009,unlabeled,Unknown,0.52530396,0.13815463,0.58446145,11.428106,10.327209,10.3356495
ddc_dzo_07995,unlabeled,Unknown,1.88445,-0.39177132,0.48762965,10.285651,11.099406,8.12251
ddc_dzo_07993,unlabeled,Unknown,2.2664719,-2.2744937,-0.12160158,9.338745,11.590908,6.8165383
ddc_dzo_08043,unlabeled,Unknown,-0.37043738,0.04849875,-1.3736417,10.9476385,9.386051,9.685052
ddc_dzo_08036,unlabeled,Unknown,-7.3493986,0.10316324,0.82856584,10.770067,5.2201653,10.256745
ddc_dzo_08076,unlabeled,Unknown,-7.67704,-1.0521822,-0.032385588,10.495876,4.928839,10.631935
ddc_dzo_08073,unlabeled,Unknown,0.5930237,0.32982755,-1.71774,10.646079,10.582047,9.449143
ddc_dzo_08081,unlabeled,Unknown,2.3545427,-0.50547886,0.56645846,10.892496,10.817769,9.802898
ddc_dzo_08121,unlabeled,Unknown,-0.021238089,0.2852906,0.3906045,10.208871,9.759761,9.440628
ddc_dzo_08097,unlabeled,Unknown,-7.0773125,-0.58206105,-1.7191716,12.411859,6.367874,6.1725144
ddc_dzo_08103,unlabeled,Unknown,1.9491026,-1.1773139,0.6942115,11.566057,10.653586,9.022331
ddc_dzo_08094,unlabeled,Unknown,1.6015723,-0.60896254,-0.027567148,10.344142,10.349195,9.033107
ddc_dzo_08114,unlabeled,Unknown,1.8484893,-1.473538,0.023730397,9.099352,11.701634,8.445115
ddc_dzo_08099,unlabeled,Unknown,-0.38950968,-0.31123376,0.61046714,9.379404,12.2703905,8.06777
ddc_dzo_08136,unlabeled,Unknown,-2.6371083,2.7001233,-13.751557,-4.9307303,5.191636,8.437378
ddc_dzo_08137,unlabeled,Unknown,0.11450529,2.4251497,0.07613135,11.172378,10.273894,10.371521
ddc_dzo_08147,unlabeled,Unknown,-1.3917351,-0.80503213,-0.5262883,11.970593,11.084886,10.85209
ddc_dzo_08131,unlabeled,Unknown,2.435018,0.43163228,-1.1267829,11.020615,11.934381,8.63038
ddc_dzo_08152,unlabeled,Unknown,1.9154478,-0.834301,0.6107886,11.335479,10.709292,10.3722515
ddc_dzo_08173,unlabeled,Unknown,-2.1904843,0.016722202,-0.3146373,9.643051,10.0136795,6.7011814
ddc_dzo_08195,unlabeled,Unknown,-1.0452528,-0.5828146,-11.458307,12.845031,5.2895584,5.4326897
ddc_dzo_08172,unlabeled,Unknown,2.518155,-1.9157677,0.54227346,11.171944,10.513084,8.493458
ddc_dzo_08162,unlabeled,Unknown,1.747237,0.32028767,-0.20620012,11.350524,10.776517,8.744109
ddc_dzo_08193,unlabeled,Unknown,3.4410124,0.47577965,0.32999164,11.754169,10.839309,9.873825
ddc_dzo_08169,unlabeled,Unknown,2.505686,0.28831708,-0.51880664,12.042366,10.960746,10.072879
ddc_dzo_08219,unlabeled,Unknown,-2.8476055,0.040023804,-3.1103497,10.813957,9.542821,3.23865
ddc_dzo_08205,unlabeled,Unknown,-2.4623368,1.8721654,-2.1188624,10.2845125,9.295697,3.346788
ddc_dzo_08212,unlabeled,Unknown,-1.1350642,0.6130133,-14.478685,-5.1015244,5.3346667,8.580808
ddc_dzo_08216,unlabeled,Unknown,-8.181698,-1.7379103,0.23368156,9.128552,4.5803494,10.711871
ddc_dzo_08206,unlabeled,Unknown,-0.087828875,-0.8887956,-0.029696226,8.479294,10.542934,9.504452
ddc_dzo_08211,unlabeled,Unknown,-8.4686985,-1.5460255,1.5624311,10.38512,4.4169974,9.7554865
ddc_dzo_08226,unlabeled,Unknown,-2.084359,0.8608284,-0.57579195,10.038076,8.939349,9.299928
ddc_dzo_08232,unlabeled,Unknown,3.2081985,-1.829478,0.18401217,9.388145,10.751872,7.635157
ddc_dzo_08250,unlabeled,Unknown,-1.6858592,3.6705232,-13.258064,12.764101,5.139295,5.3342757
ddc_dzo_08263,unlabeled,Unknown,-9.846647,-0.53818053,1.1992731,9.99945,5.0045576,11.190357
ddc_dzo_08266,unlabeled,Unknown,3.3218393,0.5395328,0.015383661,10.850052,10.359444,6.964248
ddc_dzo_08269,unlabeled,Unknown,3.1211705,0.45198584,1.4484406,11.575728,10.53223,9.060715
ddc_dzo_08312,unlabeled,Unknown,-8.395995,-0.5814696,2.0678916,10.254984,4.5412154,10.539676
ddc_dzo_08288,unlabeled,Unknown,1.0843395,1.3445803,-0.13057047,10.504885,9.1417055,8.917604
ddc_dzo_08282,unlabeled,Unknown,2.0212228,1.6316383,-0.078270435,11.574293,10.444441,9.937819
ddc_dzo_08280,unlabeled,Unknown,3.4798536,-1.3060589,2.1544747,10.528196,11.386441,10.502735
ddc_dzo_08287,unlabeled,Unknown,3.2265477,0.1468179,0.7971945,10.636802,10.120932,7.663052
ddc_dzo_08332,unlabeled,Unknown,-0.47989178,0.96740055,-1.2007356,10.380694,9.768308,3.9574301
ddc_dzo_08341,unlabeled,Unknown,-3.0663729,-1.9611149,-2.7489507,10.837659,9.554095,3.3880732
ddc_dzo_08331,unlabeled,Unknown,0.3014922,0.2077415,-1.4344604,10.944941,9.372962,9.43157
ddc_dzo_08322,unlabeled,Unknown,0.77032393,-0.54447937,0.31011873,10.463355,10.598041,10.344053
ddc_dzo_08321,unlabeled,Unknown,2.834259,-2.0212452,0.59579396,10.76225,10.804625,8.215205
ddc_dzo_08324,unlabeled,Unknown,3.343862,-0.4362601,-0.34889603,10.796353,11.32598,7.6819496
ddc_dzo_08330,unlabeled,Unknown,1.3323493,-0.3257649,-0.01808691,12.21851,10.734318,10.506852
ddc_dzo_08346,unlabeled,Unknown,2.2371914,-0.4316991,0.35488176,11.701343,10.971,9.717764
ddc_dzo_08379,unlabeled,Unknown,-0.55261564,0.40465045,-0.70085275,10.430694,10.1725645,10.619867
ddc_dzo_08357,unlabeled,Unknown,0.5636947,0.35413957,-0.7423465,10.380454,10.012308,8.403546
ddc_dzo_08375,unlabeled,Unknown,3.0339866,1.3657767,0.8866662,11.813266,10.534947,8.250545
ddc_dzo_08373,unlabeled,Unknown,2.8844032,-0.8512306,0.88047695,8.897202,12.122052,8.948844
ddc_dzo_08397,unlabeled,Unknown,-5.43524,1.4484742,0.6846614,10.031819,4.6843977,9.625958
ddc_dzo_08410,unlabeled,Unknown,-0.84090734,-0.8459377,-1.4327924,9.390392,9.742815,10.792112
ddc_dzo_08405,unlabeled,Unknown,-0.84634185,-0.75276244,-0.21691799,10.269511,10.310777,9.598553
ddc_dzo_08423,unlabeled,Unknown,0.63077927,2.168123,-0.34517395,10.350641,10.759919,7.44956
ddc_dzo_08422,unlabeled,Unknown,2.5482004,-1.86353,1.3342047,8.764318,11.321814,8.944331
ddc_dzo_08442,unlabeled,Unknown,1.4281106,-0.60640097,-6.2137117,10.53053,9.994456,3.4763186
ddc_dzo_08463,unlabeled,Unknown,0.6083921,0.6002803,0.7867365,10.398346,10.86746,6.8362975
ddc_dzo_08462,unlabeled,Unknown,0.55883133,2.4376087,-1.6569948,10.676537,9.542563,3.2798166
ddc_dzo_08468,unlabeled,Unknown,-2.236261,-0.5304749,0.18784851,10.188644,9.163454,9.951361
ddc_dzo_08451,unlabeled,Unknown,0.68486786,0.20114452,-1.9740812,11.033772,10.231466,10.139563
ddc_dzo_08466,unlabeled,Unknown,-10.357292,-2.3139153,0.8157983,9.60284,4.603514,10.7327175
ddc_dzo_08456,unlabeled,Unknown,3.4394724,-1.4521639,0.32357264,12.11321,10.546759,9.56412
ddc_dzo_08446,unlabeled,Unknown,2.2060494,3.2218132,0.1742506,11.209181,10.082143,7.161944
ddc_dzo_08434,unlabeled,Unknown,1.226541,-0.21915591,-1.2192736,10.278606,10.786927,9.497928
ddc_dzo_08502,unlabeled,Unknown,-0.14088464,-1.9446265,-2.629489,10.842191,9.557274,3.6228085
ddc_dzo_08470,unlabeled,Unknown,-2.2601285,0.5763488,-4.5647535,10.791474,9.2998905,3.7056634
ddc_dzo_08507,unlabeled,Unknown,1.4289548,1.1204205,-3.3527954,10.462221,9.899965,3.2795193
ddc_dzo_08493,unlabeled,Unknown,2.5386302,0.19827199,0.13354063,10.709872,10.219961,8.501587
ddc_dzo_08504,unlabeled,Unknown,0.0025999248,0.2113446,0.22421837,10.410231,10.066272,8.162112
ddc_dzo_08483,unlabeled,Unknown,0.865855,-0.7155752,0.2704239,11.815784,10.707824,10.031219
ddc_dzo_08492,unlabeled,Unknown,-0.25677726,0.6503784,0.9259834,11.676239,10.1147995,9.907907
ddc_dzo_08505,unlabeled,Unknown,1.332039,1.289917,-1.0771661,8.998471,9.725664,8.869684
ddc_dzo_08486,unlabeled,Unknown,2.7119591,-1.4232012,1.1495457,12.0645685,11.038289,10.869243
ddc_dzo_08475,unlabeled,Unknown,2.5528615,-0.7865795,-0.18634892,9.445898,10.942272,6.294636
ddc_dzo_08525,unlabeled,Unknown,-0.77719593,0.45928574,-0.1252432,11.165338,10.644104,6.4188366
ddc_dzo_08531,unlabeled,Unknown,-2.2770734,0.2079125,-13.466589,-4.9206357,5.198544,8.428271
ddc_dzo_08509,unlabeled,Unknown,1.2876723,-0.270113,-0.6775386,10.303898,9.745166,9.705209
ddc_dzo_08526,unlabeled,Unknown,-1.864847,-0.7170868,0.16147393,9.573378,5.6423235,9.50059
ddc_dzo_08533,unlabeled,Unknown,2.6135967,-0.017111748,-0.426414,9.853435,11.932012,7.805742
ddc_dzo_08544,unlabeled,Unknown,1.9872214,-2.0727305,1.0442705,9.359277,10.3432045,8.618841
ddc_dzo_08532,unlabeled,Unknown,2.6462364,-1.7221761,1.8738163,9.964917,11.823798,8.61573
ddc_dzo_08558,unlabeled,Unknown,-8.233321,-0.26361448,0.79318035,10.525371,4.9035873,10.44708
ddc_dzo_08548,unlabeled,Unknown,-8.189452,1.1668899,0.017120123,9.712264,4.4782286,9.509076
ddc_dzo_08579,unlabeled,Unknown,-4.1875887,0.5266033,-13.953062,12.910774,4.803683,5.5433598
ddc_dzo_08574,unlabeled,Unknown,2.4794574,-0.6109983,0.6183579,12.125011,10.672383,9.694029
ddc_dzo_08553,unlabeled,Unknown,2.4410963,-0.31751952,-0.14775932,10.613262,10.501947,6.894894
ddc_dzo_08554,unlabeled,Unknown,-0.76067543,0.19656897,0.61085725,8.707059,10.542732,9.700709
ddc_dzo_08620,unlabeled,Unknown,-9.473156,-0.645755,0.820845,10.070107,4.302844,10.166525
ddc_dzo_08596,unlabeled,Unknown,-0.38080502,-0.073503256,-1.4593726,10.399512,9.484636,3.5649297
ddc_dzo_08597,unlabeled,Unknown,1.3510795,-1.3288327,-0.07377815,10.923621,10.936864,8.036809
ddc_dzo_08622,unlabeled,Unknown,-0.52670753,-0.6869597,-2.0749536,10.599699,9.791136,7.799211
ddc_dzo_08598,unlabeled,Unknown,-8.879526,-0.6452378,0.9121938,10.313407,5.8669143,11.348822
ddc_dzo_08609,unlabeled,Unknown,2.0293503,-0.7535229,-1.9295259,12.480958,11.138243,10.28943
ddc_dzo_08600,unlabeled,Unknown,3.7573774,0.6105871,-1.0806291,11.14862,10.140113,7.594557
ddc_dzo_08621,unlabeled,Unknown,2.3396654,-0.3792004,0.17540193,11.305122,11.104616,8.396018
ddc_dzo_08612,unlabeled,Unknown,2.17628,1.3593025,1.3730013,10.983,10.232068,10.312477
ddc_dzo_08660,unlabeled,Unknown,-1.3740082,-0.9366689,-6.215992,10.600811,9.571818,3.7458568
ddc_dzo_08651,unlabeled,Unknown,-0.95156264,-0.6267824,-5.2069535,10.31107,9.394932,3.3083706
ddc_dzo_08654,unlabeled,Unknown,2.3154402,-0.8033376,-1.9792312,10.576681,10.390282,10.580186
ddc_dzo_08639,unlabeled,Unknown,0.28557098,-0.2420249,0.15451157,9.23374,10.920717,10.078395
ddc_dzo_08624,unlabeled,Unknown,2.530487,-0.56302637,0.6281204,9.843952,9.948136,7.3856697
ddc_dzo_08661,unlabeled,Unknown,2.3104095,-0.95210457,-0.047382355,9.557536,11.8606825,7.5893373
ddc_dzo_08655,unlabeled,Unknown,3.230268,-0.93703014,0.8832558,9.507052,11.940337,9.238198
ddc_dzo_08700,unlabeled,Unknown,-1.860966,0.44375753,-3.0196376,10.395417,9.429016,3.517989
ddc_dzo_08685,unlabeled,Unknown,0.45629108,0.23125577,0.01002872,10.418759,9.394404,8.494175
ddc_dzo_08674,unlabeled,Unknown,-1.3952298,-0.5126593,-0.50027585,8.508434,10.566913,9.24477
ddc_dzo_08687,unlabeled,Unknown,0.93736017,-1.1323849,0.2166946,10.786145,10.615695,9.616477
ddc_dzo_08671,unlabeled,Unknown,-7.910183,-0.35875094,-0.2710992,9.755859,5.2541814,11.034439
ddc_dzo_08669,unlabeled,Unknown,2.419387,0.28899384,-0.474612,9.5022745,10.0365715,9.091984
ddc_dzo_08696,unlabeled,Unknown,2.1660738,0.2756071,1.2541625,11.564527,10.5405855,8.994337
ddc_dzo_08676,unlabeled,Unknown,1.7945848,0.76078665,-1.9635792,10.375337,9.502814,9.013379
ddc_dzo_08724,unlabeled,Unknown,-0.60957766,-1.042069,0.43643332,9.092634,9.469188,10.330571
ddc_dzo_08707,unlabeled,Unknown,0.47157848,0.6471472,-1.737331,9.710625,9.678182,10.02316
ddc_dzo_08712,unlabeled,Unknown,1.003412,-0.14437008,-0.05488032,11.029569,10.0657015,10.476423
ddc_dzo_08711,unlabeled,Unknown,1.8237145,0.79968,1.1863775,12.222588,11.198953,10.493057
ddc_dzo_08715,unlabeled,Unknown,0.3061273,-0.15665212,-0.80033094,9.848629,10.515829,9.979196
ddc_dzo_08738,unlabeled,Unknown,1.9979956,-1.4406896,0.05808544,8.483257,10.97574,9.412914
ddc_dzo_08778,unlabeled,Unknown,-2.624507,1.2185674,-6.452126,13.031671,5.2679443,5.7716184
ddc_dzo_08756,unlabeled,Unknown,-7.376446,0.7721766,-5.4486647,12.93268,5.454197,5.9504156
ddc_dzo_08777,unlabeled,Unknown,-3.0235996,0.059724063,-0.45914388,10.186586,9.040432,10.053551
ddc_dzo_08750,unlabeled,Unknown,-9.534139,0.1428808,1.7215419,10.1191,4.651307,10.821011
ddc_dzo_08747,unlabeled,Unknown,0.65491676,0.048272587,-0.2994619,12.1195755,10.439484,9.389668
ddc_dzo_08753,unlabeled,Unknown,0.4396732,-0.09394193,0.0859611,11.476789,11.1270685,8.354761
ddc_dzo_08763,unlabeled,Unknown,-0.22553241,-0.26212454,-1.2763219,11.531611,9.882512,7.6402464
ddc_dzo_08758,unlabeled,Unknown,2.2482498,-0.7292551,-0.56844395,11.419028,10.673365,8.491335
ddc_dzo_08775,unlabeled,Unknown,2.1684408,-1.1658465,0.7502222,9.589036,10.142515,9.273761
ddc_dzo_08792,unlabeled,Unknown,1.5093269,-0.8359578,-1.3721721,11.249823,10.856087,8.295834
ddc_dzo_08797,unlabeled,Unknown,-2.2667642,2.4633393,-6.569208,13.227437,5.0361238,5.6444397
ddc_dzo_08816,unlabeled,Unknown,0.31273285,-2.046999,0.008587003,9.716521,9.777524,9.999457
ddc_dzo_08799,unlabeled,Unknown,-1.0659376,0.29643208,-0.01734519,10.282522,10.168954,8.23963
ddc_dzo_08800,unlabeled,Unknown,-7.7336273,0.5340859,1.1427801,10.220847,4.604762,10.740098
ddc_dzo_08810,unlabeled,Unknown,-6.7502794,-1.4205905,1.1542625,10.222787,5.359865,9.827555
ddc_dzo_08795,unlabeled,Unknown,1.7646341,-1.0087117,0.23860335,11.694509,10.687057,10.468151
ddc_dzo_08805,unlabeled,Unknown,-10.49372,-1.8489368,2.5273619,10.315996,4.866109,9.778155
ddc_dzo_08788,unlabeled,Unknown,1.1427989,-0.0024688244,0.5116592,10.360382,9.701607,7.326877
ddc_dzo_08794,unlabeled,Unknown,3.118346,-0.89147973,-0.5499512,9.860118,11.893437,7.6268992
ddc_dzo_08833,unlabeled,Unknown,-1.3629477,-0.18251574,-3.0721226,10.434624,9.783307,4.0379972
ddc_dzo_08842,unlabeled,Unknown,2.2286685,-0.017668009,-0.79476595,9.777251,10.200609,7.9633937
ddc_dzo_08822,unlabeled,Unknown,1.059697,-0.85562485,0.27470082,10.73157,10.467037,10.603966
ddc_dzo_08828,unlabeled,Unknown,0.08791363,10.599985,0.45944023,13.550727,8.7457,7.844543
ddc_dzo_08821,unlabeled,Unknown,-0.5761275,-0.6616304,0.24918413,10.248589,9.620542,10.85794
ddc_dzo_08830,unlabeled,Unknown,2.5158353,-1.5823596,-1.1495568,11.960571,11.489516,10.010589
ddc_dzo_08854,unlabeled,Unknown,2.7969618,-2.4572268,0.4715774,10.283619,11.308368,9.111239
ddc_dzo_08820,unlabeled,Unknown,2.276187,-2.0306833,1.2488937,10.470886,10.195641,10.055587
ddc_dzo_08879,unlabeled,Unknown,-2.4499865,2.91606,-8.410006,13.164765,4.946487,5.5238895
ddc_dzo_08859,unlabeled,Unknown,-3.4159396,-0.74533415,-2.8216166,10.708466,9.205405,3.6758268
ddc_dzo_08871,unlabeled,Unknown,-3.7238827,-1.2348361,-1.2124798,10.868365,9.2928915,3.8050246
ddc_dzo_08869,unlabeled,Unknown,-4.3124256,0.24425888,-2.6672225,10.629208,9.1873255,3.567076
ddc_dzo_08870,unlabeled,Unknown,-0.48306733,1.4778916,-2.4272609,10.547712,9.161496,3.6703677
ddc_dzo_08858,unlabeled,Unknown,-2.9261928,3.6833007,-13.295895,-5.127379,5.4030833,8.578156
ddc_dzo_08864,unlabeled,Unknown,0.8603811,-0.16241866,0.0414629,9.063418,11.622048,9.064593
ddc_dzo_08889,unlabeled,Unknown,1.2958219,-0.7026573,-0.15441322,11.8231535,10.631413,10.647783
ddc_dzo_08919,unlabeled,Unknown,-1.2317286,0.21093535,-8.248636,13.451592,5.0066047,5.698576
ddc_dzo_08923,unlabeled,Unknown,-8.64805,1.2981251,0.7507093,10.132505,4.25176,9.479012
ddc_dzo_08932,unlabeled,Unknown,1.0658277,-0.58466196,-0.9065223,10.193733,11.0079365,7.05612
ddc_dzo_08912,unlabeled,Unknown,0.118717074,0.5394144,0.8363607,10.882484,9.649823,10.00761
ddc_dzo_08900,unlabeled,Unknown,-7.3235426,-0.7278991,0.6987957,9.863742,5.1434555,9.707968
ddc_dzo_08926,unlabeled,Unknown,2.7908354,-0.95717764,-0.8782444,10.715214,11.213813,7.639328
ddc_dzo_08914,unlabeled,Unknown,2.2890477,-1.29671,0.36467898,11.222852,9.792209,9.580559
ddc_dzo_08915,unlabeled,Unknown,1.395827,-0.5715511,2.0451682,9.41487,11.69204,6.793999
ddc_dzo_08954,unlabeled,Unknown,-7.209175,-1.345777,-0.024799347,10.062531,4.6217074,10.721303
ddc_dzo_08975,unlabeled,Unknown,-0.30950165,-2.0046425,-1.1146955,10.034542,9.811063,10.554143
ddc_dzo_08971,unlabeled,Unknown,-1.1780536,-1.271795,-0.33848742,9.551093,9.610765,10.680337
ddc_dzo_08962,unlabeled,Unknown,-0.578228,-0.4561575,-0.09820461,9.009332,9.866365,9.5699005
ddc_dzo_08955,unlabeled,Unknown,1.2755437,0.153121,1.589848,11.21414,10.397889,10.190969
ddc_dzo_08952,unlabeled,Unknown,1.6391256,-1.611464,0.272779,9.40611,11.830299,7.459317
ddc_dzo_09014,unlabeled,Unknown,-1.1021025,3.4276547,-0.357152,12.807056,9.397232,6.7544675
ddc_dzo_08987,unlabeled,Unknown,-7.728921,-0.76828825,-0.09100449,10.026789,5.209239,9.608507
ddc_dzo_08989,unlabeled,Unknown,-1.2701013,-0.060438156,0.377985,12.209586,9.613443,9.0847025
ddc_dzo_09016,unlabeled,Unknown,-1.5264146,-0.8840115,0.45617676,9.490877,9.320943,9.319179
ddc_dzo_08988,unlabeled,Unknown,0.76691306,0.12671888,0.8290756,9.170164,9.866458,9.56836
ddc_dzo_08984,unlabeled,Unknown,1.5142553,0.19887555,0.53046775,11.938689,10.604657,8.6756935
ddc_dzo_08999,unlabeled,Unknown,2.6577287,-1.443661,1.3018484,9.570161,12.401231,8.861588
ddc_dzo_09053,unlabeled,Unknown,1.033727,-1.0646489,-1.6309884,9.905296,10.251036,6.519683
ddc_dzo_09036,unlabeled,Unknown,0.8434849,-1.0427256,-0.15621448,10.72812,10.665862,10.880455
ddc_dzo_09024,unlabeled,Unknown,2.9388094,2.9944272,1.1382208,10.503991,9.827044,9.645483
ddc_dzo_09048,unlabeled,Unknown,-2.257437,0.98054624,-11.728605,-4.9219437,5.126324,8.469278
ddc_dzo_09033,unlabeled,Unknown,-2.1679027,3.049797,-1.68891,10.60031,9.13626,3.7593837
ddc_dzo_09052,unlabeled,Unknown,4.2949314,-2.1158705,1.054909,9.599579,11.784141,10.580911
ddc_dzo_09028,unlabeled,Unknown,1.5679367,-1.3455586,-0.54106915,10.118366,10.205904,9.119499
ddc_dzo_09090,unlabeled,Unknown,-5.190948,1.1436162,-2.1961956,12.8119335,6.147712,5.930208
ddc_dzo_09068,unlabeled,Unknown,-0.36288273,-0.6149705,-1.2021205,10.041786,9.8031225,8.523821
ddc_dzo_09064,unlabeled,Unknown,-2.0054018,0.10785866,1.0967432,10.59145,5.3840265,9.777601
ddc_dzo_09077,unlabeled,Unknown,-8.232008,-0.7790339,0.6464181,9.185391,4.930931,10.295991
ddc_dzo_09093,unlabeled,Unknown,-7.63173,-1.0631294,0.74135625,9.923656,5.582501,11.406134
ddc_dzo_09070,unlabeled,Unknown,2.8742719,0.0038131475,-0.5175816,10.083398,10.127015,8.587539
ddc_dzo_09107,unlabeled,Unknown,1.2545588,2.8601236,-0.1597836,12.898316,9.625923,7.6698937
ddc_dzo_09127,unlabeled,Unknown,-1.8468957,5.417611,-0.4074595,13.2709055,8.858816,7.7227135
ddc_dzo_09103,unlabeled,Unknown,1.7362057,-0.3129685,1.3439896,11.111268,11.384593,10.314979
ddc_dzo_09120,unlabeled,Unknown,0.296144,0.054477215,-1.9975057,8.806664,10.610274,10.439232
ddc_dzo_09166,unlabeled,Unknown,0.14100313,1.4063549,-0.7076051,9.519913,12.708027,6.973809
ddc_dzo_09162,unlabeled,Unknown,-2.4050379,1.4463468,-2.0708308,10.76745,9.571143,3.6716917
ddc_dzo_09141,unlabeled,Unknown,-4.2101455,1.1292117,-0.8513422,10.640113,9.57642,4.1953297
ddc_dzo_09149,unlabeled,Unknown,-3.1351547,6.593582,-1.8014656,13.52204,7.811415,6.698688
ddc_dzo_09144,unlabeled,Unknown,1.6840163,-1.149459,-0.65374565,9.331412,11.553336,8.796155
ddc_dzo_09173,unlabeled,Unknown,-2.3329537,-0.51021814,-11.14258,-4.8835707,5.094472,8.475152
ddc_dzo_09200,unlabeled,Unknown,-8.226055,-1.5974762,1.6366111,10.314335,4.781462,9.700193
ddc_dzo_09185,unlabeled,Unknown,-6.4317017,0.74374324,-1.9079964,10.605857,4.966683,10.5594635
ddc_dzo_09172,unlabeled,Unknown,1.9198377,-0.6268774,0.6064248,9.939093,10.78509,6.9914346
ddc_dzo_09190,unlabeled,Unknown,1.1861506,0.44653615,-1.6994498,12.291783,11.159748,9.4355345
ddc_dzo_09226,unlabeled,Unknown,-0.51353925,0.27428317,-2.4697092,10.485801,9.368378,3.6209507
ddc_dzo_09218,unlabeled,Unknown,-3.5672255,0.9491868,-6.611071,13.039711,5.1974683,5.761832
ddc_dzo_09214,unlabeled,Unknown,-6.877774,-0.74575853,0.83713675,10.436138,6.1819963,11.109015
ddc_dzo_09217,unlabeled,Unknown,0.3262744,-0.7768799,1.1336598,11.595161,10.70148,10.910665
ddc_dzo_09237,unlabeled,Unknown,-8.138999,-0.5438678,1.310718,9.366877,5.3517976,10.33365
ddc_dzo_09211,unlabeled,Unknown,-7.582473,-1.9453822,0.09133375,9.909148,5.0759463,10.2431
ddc_dzo_09234,unlabeled,Unknown,2.2218885,1.2928209,0.37343812,12.338323,10.172251,8.5146675
ddc_dzo_09228,unlabeled,Unknown,0.7903049,-1.1994214,-2.205997,8.817829,10.6348915,10.417584
ddc_dzo_09231,unlabeled,Unknown,0.8281878,-0.6876309,0.6304877,10.137087,10.658548,9.916959
ddc_dzo_09252,unlabeled,Unknown,-0.3540144,1.1346655,-3.0264971,10.863017,9.562998,3.547114
ddc_dzo_09253,unlabeled,Unknown,-3.1253881,0.8769984,-8.26793,13.221204,4.9066553,5.614506
ddc_dzo_09261,unlabeled,Unknown,-1.424464,-0.9538944,-1.3896339,9.519182,9.978692,10.661415
ddc_dzo_09257,unlabeled,Unknown,-2.5021238,6.594618,-1.3933132,13.296344,7.585095,6.6320024
ddc_dzo_09273,unlabeled,Unknown,-1.5939692,-0.06497383,-0.1612429,9.831468,9.768963,10.45667
ddc_dzo_09275,unlabeled,Unknown,-9.362295,-0.21587944,1.1064558,10.515928,4.7871923,10.273348
ddc_dzo_09282,unlabeled,Unknown,-2.4024541,4.299053,0.13142538,13.284268,8.542588,6.4264245
ddc_dzo_09276,unlabeled,Unknown,2.3076966,-0.15543717,0.6020814,11.05765,10.108728,7.6096816
ddc_dzo_09256,unlabeled,Unknown,-10.908626,-1.9315484,1.5297824,9.741018,5.0069194,11.126903
ddc_dzo_09246,unlabeled,Unknown,2.3627582,0.2437371,-0.80078053,10.72714,12.328361,7.9367085
ddc_dzo_09314,unlabeled,Unknown,-8.200042,0.5651789,0.4045136,9.917841,4.873327,10.487317
ddc_dzo_09312,unlabeled,Unknown,0.9543114,0.71784383,0.9833107,12.127948,10.829571,10.667005
ddc_dzo_09299,unlabeled,Unknown,0.30241132,-0.96526086,-0.48920202,10.78122,10.975232,9.466125
ddc_dzo_09292,unlabeled,Unknown,2.462985,0.52805007,0.98363674,12.367494,10.637431,9.872701
ddc_dzo_09301,unlabeled,Unknown,2.6628165,-0.41577518,1.2810519,11.783758,11.145833,9.062269
ddc_dzo_09325,unlabeled,Unknown,-0.6023799,-1.3821774,-8.076211,10.819297,9.665736,3.334716
ddc_dzo_09344,unlabeled,Unknown,0.72014046,-0.58478,-2.8292608,12.097535,11.56314,9.936163
ddc_dzo_09356,unlabeled,Unknown,-3.761744,-0.2074754,-14.235074,-4.746353,5.03681,8.284225
ddc_dzo_09341,unlabeled,Unknown,0.7924683,1.1706748,0.2651627,11.419741,10.407051,10.311496
ddc_dzo_09333,unlabeled,Unknown,2.8246176,-1.4794419,-0.86870956,10.088913,11.330279,8.337685
ddc_dzo_09369,unlabeled,Unknown,-1.2195644,-0.62592125,-4.3894386,10.803554,9.617187,3.5838408
ddc_dzo_09366,unlabeled,Unknown,-1.9331665,1.0984132,-10.273772,13.282162,4.936739,5.5903606
ddc_dzo_09357,unlabeled,Unknown,-2.1617413,2.5135255,-14.378641,-5.2033987,5.553236,8.525522
ddc_dzo_09382,unlabeled,Unknown,-2.2427433,3.7171867,-11.809422,-4.8834786,5.3664274,8.63863
ddc_dzo_09378,unlabeled,Unknown,-9.451943,-1.1344422,0.7515914,9.721294,4.8506255,11.004052
ddc_dzo_09395,unlabeled,Unknown,-0.82825434,11.19874,-0.16586304,13.620551,7.869032,6.561233
ddc_dzo_09391,unlabeled,Unknown,2.8610883,1.6879562,0.8678212,9.396449,10.6835985,7.0770254
ddc_dzo_09412,unlabeled,Unknown,-2.2368193,0.90715265,-9.561126,13.098138,5.192091,5.7630925
ddc_dzo_09415,unlabeled,Unknown,3.376763,-2.6774418,2.8445835,10.638878,10.666367,10.154832
ddc_dzo_09414,unlabeled,Unknown,-1.5243598,2.8991282,-2.5820358,10.651991,9.514208,3.4844244
ddc_dzo_09431,unlabeled,Unknown,-1.0306082,2.396977,-15.000721,-4.9299736,5.194917,8.45981
ddc_dzo_09428,unlabeled,Unknown,-0.8536849,-1.0279322,0.073124945,10.907401,9.971529,10.408367
ddc_dzo_09434,unlabeled,Unknown,-1.9605842,5.4089203,-4.07341,13.393455,7.873711,6.8583517
ddc_dzo_09408,unlabeled,Unknown,2.546998,0.7525346,0.2924447,9.67829,10.783616,6.889245
ddc_dzo_09436,unlabeled,Unknown,3.3558922,-1.3324049,1.1410325,10.7291355,10.377908,6.8589287
ddc_dzo_09401,unlabeled,Unknown,1.8162972,-0.4802097,-0.054104686,9.614979,10.4050865,8.07075
ddc_dzo_09413,unlabeled,Unknown,2.8601565,-0.7612117,1.6525977,9.402797,11.733909,9.006331
ddc_dzo_09453,unlabeled,Unknown,-8.320338,0.885659,1.8422735,10.122773,4.156348,9.673823
ddc_dzo_09468,unlabeled,Unknown,1.882932,4.27932,-2.47933,9.4614105,12.695598,6.417297
ddc_dzo_09441,unlabeled,Unknown,2.2809508,-0.7120818,-2.008942,10.454674,9.599538,3.5436401
ddc_dzo_09440,unlabeled,Unknown,-9.024595,0.24191105,0.70188594,10.177766,4.8371706,9.245931
ddc_dzo_09443,unlabeled,Unknown,-0.30924726,1.0850363,0.018000364,11.658274,9.532333,8.3232565
ddc_dzo_09462,unlabeled,Unknown,-3.2930179,5.1867046,-2.0449739,13.276496,7.488968,6.592383
ddc_dzo_09454,unlabeled,Unknown,1.6315694,-1.9632896,-1.2051382,9.003358,10.26194,9.331329
ddc_dzo_09455,unlabeled,Unknown,3.6449986,-1.7540976,0.81425285,9.916765,11.165293,9.893919
ddc_dzo_09479,unlabeled,Unknown,-3.11474,-0.67918324,-1.5608397,10.694915,9.553909,3.5400364
ddc_dzo_09488,unlabeled,Unknown,1.4817388,1.7098274,-1.7648528,10.589789,9.780739,3.5855367
ddc_dzo_09506,unlabeled,Unknown,-2.8504105,2.8749723,-14.077218,-4.971398,5.2598453,8.457585
ddc_dzo_09482,unlabeled,Unknown,-7.6713066,-1.0358769,-0.4002571,10.515964,4.982655,10.571275
ddc_dzo_09508,unlabeled,Unknown,-3.2647028,0.013806492,-12.578885,12.772773,5.411725,5.538528
ddc_dzo_09494,unlabeled,Unknown,-0.41211033,0.89716417,0.6908475,9.933806,4.7972703,10.072898
ddc_dzo_09514,unlabeled,Unknown,2.5995703,-0.69359124,0.4118809,10.86996,10.033016,8.650077
ddc_dzo_09554,unlabeled,Unknown,-1.6871347,-0.7306968,-11.454454,-4.7967415,5.0523963,8.40355
ddc_dzo_09540,unlabeled,Unknown,1.8790936,-0.7086649,0.37050492,9.775938,9.551744,8.918862
ddc_dzo_09535,unlabeled,Unknown,-1.935719,-1.1125568,1.8042468,10.046545,9.267795,9.968981
ddc_dzo_09548,unlabeled,Unknown,-6.687645,-1.3009524,0.5295701,9.653417,4.7528543,10.8680315
ddc_dzo_09569,unlabeled,Unknown,-2.204956,1.9045166,-4.0931463,12.623471,5.9677587,5.6355877
ddc_dzo_09570,unlabeled,Unknown,-0.39196217,-1.1434189,-0.9710231,10.749316,10.401399,10.647941
ddc_dzo_09584,unlabeled,Unknown,-0.6998453,-0.35489947,0.31331825,10.801867,9.605386,10.385236
ddc_dzo_09579,unlabeled,Unknown,-3.154813,6.3016033,0.2795329,13.3681135,7.9513907,7.255962
ddc_dzo_09592,unlabeled,Unknown,2.5820282,0.026407719,0.48650503,11.395608,10.604614,10.603315
ddc_dzo_09578,unlabeled,Unknown,2.960822,1.357121,1.317275,9.961573,10.347055,6.928003
ddc_dzo_09610,unlabeled,Unknown,-0.10918522,1.3064437,-11.374251,13.426147,4.963915,5.657768
ddc_dzo_09607,unlabeled,Unknown,0.6380559,3.0239668,-4.43115,10.612151,9.6892185,3.145795
ddc_dzo_09603,unlabeled,Unknown,-0.7015815,0.41771257,-8.383247,12.686884,5.453211,5.3950744
ddc_dzo_09599,unlabeled,Unknown,0.10427332,-0.96082306,0.31840986,10.0620165,9.288363,9.910623
ddc_dzo_09635,unlabeled,Unknown,-1.0949395,-1.961405,-1.2591639,9.72388,8.948979,9.879009
ddc_dzo_09602,unlabeled,Unknown,-0.9709316,-0.728966,-0.10130894,10.888719,10.688615,10.319848
ddc_dzo_09609,unlabeled,Unknown,-0.570256,-1.9025496,-0.63568735,9.428488,9.370228,10.366712
ddc_dzo_09616,unlabeled,Unknown,1.974479,2.3222296,1.5269493,10.240995,10.866506,8.716629
ddc_dzo_09625,unlabeled,Unknown,2.5834093,-1.8767545,-0.17498699,9.247306,12.065093,10.133665
ddc_dzo_09642,unlabeled,Unknown,-3.1989894,-0.21809277,-0.9468188,8.866888,9.642801,8.564954
ddc_dzo_09673,unlabeled,Unknown,0.1354742,3.1988406,-5.721272,13.117665,5.100365,5.5093703
ddc_dzo_09663,unlabeled,Unknown,-9.019794,-1.0643253,-0.22012448,9.833568,5.128092,11.034148
ddc_dzo_09657,unlabeled,Unknown,1.4954867,8.674553,-0.7096493,13.443458,8.461559,7.466742
ddc_dzo_09669,unlabeled,Unknown,-1.416821,-2.0639281,0.12868953,9.0837145,9.427566,10.030786
ddc_dzo_09638,unlabeled,Unknown,-9.08037,-0.78391397,-1.141657,9.96273,5.800626,11.3131075
ddc_dzo_09655,unlabeled,Unknown,2.9285312,0.87406945,-0.4153415,9.162155,11.053918,7.283436
ddc_dzo_09702,unlabeled,Unknown,-2.1445088,0.6863899,-0.95176464,10.656996,9.31514,3.7412238
ddc_dzo_09678,unlabeled,Unknown,-0.35958004,1.9626416,-3.8165336,11.040378,10.414231,6.028399
ddc_dzo_09700,unlabeled,Unknown,-5.8965774,-0.06423044,-0.3100534,9.370467,5.1904945,11.176267
ddc_dzo_09682,unlabeled,Unknown,0.78963727,-0.35784662,-0.22740507,9.863359,10.458533,6.871051
ddc_dzo_09683,unlabeled,Unknown,-7.513499,-0.9443675,0.15441114,10.700058,5.3107953,9.797956
ddc_dzo_09710,unlabeled,Unknown,-4.0464425,2.89803,-0.71707916,13.148874,8.088864,6.4303465
ddc_dzo_09687,unlabeled,Unknown,-1.9421592,-0.62367105,-0.8063421,9.206977,9.658133,10.657618
ddc_dzo_09691,unlabeled,Unknown,-1.6982889,0.13294375,-10.479954,13.199243,5.135166,5.6636434
ddc_dzo_09690,unlabeled,Unknown,3.148552,0.35728943,0.2996826,12.323893,11.130817,9.783713
ddc_dzo_09698,unlabeled,Unknown,1.2963526,-0.8640542,0.5380348,10.007365,10.610735,9.798684
ddc_dzo_09742,unlabeled,Unknown,-3.0998764,-0.79733825,-4.5655317,10.044151,9.435827,10.750925
ddc_dzo_09726,unlabeled,Unknown,-2.1292138,1.5220025,-1.1764299,10.691426,9.440359,4.0665035
ddc_dzo_09723,unlabeled,Unknown,1.3238558,-0.23830608,-1.2655637,9.64799,9.416091,9.71728
ddc_dzo_09741,unlabeled,Unknown,-0.3107257,-0.30391204,-0.68286765,9.764286,9.699218,9.860351
ddc_dzo_09722,unlabeled,Unknown,0.9267229,-0.32086587,0.70831203,10.365281,8.866091,8.97819
ddc_dzo_09736,unlabeled,Unknown,2.3117464,-0.5164077,1.2252702,9.475202,11.532425,10.35076
ddc_dzo_09730,unlabeled,Unknown,2.1872785,-0.50513273,0.02227354,8.920046,11.733622,8.88921
ddc_dzo_09792,unlabeled,Unknown,2.1793375,-0.5907583,1.4336655,10.270201,10.560608,9.036142
ddc_dzo_09759,unlabeled,Unknown,-1.9159415,-0.15194368,-15.562437,-5.0578556,5.2702417,8.593586
ddc_dzo_09755,unlabeled,Unknown,-0.44371137,-1.4167135,0.5669975,9.099299,9.6146145,9.382757
ddc_dzo_09789,unlabeled,Unknown,-6.157277,-0.042775154,0.24871588,9.193971,5.149514,10.152372
ddc_dzo_09764,unlabeled,Unknown,1.8096724,-0.6990597,1.1142712,12.109749,10.8710375,10.707884
ddc_dzo_09768,unlabeled,Unknown,1.4798584,-1.6623127,-1.5757759,8.720205,10.692541,7.864662
ddc_dzo_09758,unlabeled,Unknown,1.4784253,-0.39698255,1.6031258,11.052632,10.781932,10.124127
ddc_dzo_09766,unlabeled,Unknown,1.5602797,1.951047,0.5164064,11.934909,11.052854,8.558224
ddc_dzo_09767,unlabeled,Unknown,0.94682926,-0.85845304,0.74056864,9.153456,11.97273,9.729576
ddc_dzo_09821,unlabeled,Unknown,-9.987636,0.34373617,-0.15179324,10.223582,4.237031,9.381669
ddc_dzo_09828,unlabeled,Unknown,-2.4636135,-1.031524,-1.7008581,10.563736,9.475708,7.7389693
ddc_dzo_09818,unlabeled,Unknown,1.2400194,-0.49136472,0.1790576,11.4846,11.96365,9.06719
ddc_dzo_09910,unlabeled,Unknown,0.75292206,0.04714179,-0.36773634,11.356394,10.990832,7.842943
ddc_dzo_09807,unlabeled,Unknown,2.38293,0.017058402,0.7264168,9.934139,11.397446,8.407802
ddc_dzo_09804,unlabeled,Unknown,2.0749016,-0.4542802,0.91375434,9.259138,11.555656,9.97697
ddc_dzo_09858,unlabeled,Unknown,-0.7858901,-1.476272,-10.972748,-4.8090124,5.0355263,8.356097
ddc_dzo_09856,unlabeled,Unknown,1.4972858,-0.503816,0.2889005,10.47153,9.586991,10.158327
ddc_dzo_09868,unlabeled,Unknown,-4.6161995,-0.7715745,0.60805017,9.524923,5.228041,10.993271
ddc_dzo_09841,unlabeled,Unknown,-0.9212415,10.700676,0.8085642,13.607668,7.8520246,6.558583
ddc_dzo_09859,unlabeled,Unknown,-0.3807556,-0.63132024,0.75614285,9.031205,10.286989,9.95753
ddc_dzo_09836,unlabeled,Unknown,1.9526207,0.32295823,0.62605643,9.665574,10.752089,7.361622
ddc_dzo_09846,unlabeled,Unknown,3.1985347,-1.1968274,0.7136464,9.282007,12.491638,7.707411
ddc_dzo_09865,unlabeled,Unknown,1.7364624,-0.48816943,-0.10735801,11.434766,11.812609,10.07255
ddc_dzo_09905,unlabeled,Unknown,-0.8466198,2.0724468,-0.88140047,10.545545,9.596544,3.3306231
ddc_dzo_09884,unlabeled,Unknown,-4.5182314,-0.13829279,-1.4550192,10.7623625,9.174622,3.800202
ddc_dzo_09893,unlabeled,Unknown,-8.16077,-1.1944122,1.2608056,10.077729,4.0615954,9.850061
ddc_dzo_09879,unlabeled,Unknown,1.0016599,0.42011917,-0.0779075,10.875094,10.113556,10.301698
ddc_dzo_09894,unlabeled,Unknown,1.8841963,0.3674326,0.003500998,11.971528,11.4149475,9.7074175
ddc_dzo_09907,unlabeled,Unknown,3.1026506,-0.26861846,1.0485349,9.626601,10.2147875,8.509402
ddc_dzo_09886,unlabeled,Unknown,3.9917052,0.45914984,0.44743013,10.647993,10.88558,8.195878
ddc_dzo_09882,unlabeled,Unknown,-8.008919,-1.330703,0.3834263,9.511506,4.8645277,10.724257
ddc_dzo_09890,unlabeled,Unknown,-8.970151,2.0939374,1.5380664,10.37856,5.36251,10.978251
ddc_dzo_09930,unlabeled,Unknown,-0.112199545,1.0435698,-1.2765889,10.733448,9.785774,3.4831858
ddc_dzo_09929,unlabeled,Unknown,-2.5694623,4.892063,-0.71979284,13.312798,8.06012,6.7032623
ddc_dzo_09932,unlabeled,Unknown,-0.9577892,1.2957557,0.3584702,10.496879,9.341051,9.364903
ddc_dzo_09946,unlabeled,Unknown,-4.0943727,0.35560554,-4.19773,12.729015,6.1305532,5.936724
ddc_dzo_09937,unlabeled,Unknown,2.3021185,-2.157837,1.5369341,9.718699,11.1199665,7.695095
ddc_dzo_09977,unlabeled,Unknown,0.5256107,-0.52187073,-0.35911417,8.772152,10.405661,7.5570636
ddc_dzo_09979,unlabeled,Unknown,1.5462395,0.220559,-0.38238505,8.978373,9.520167,9.861188
ddc_dzo_09964,unlabeled,Unknown,-8.853239,-1.9860044,1.2059908,9.64089,4.987635,10.959097
ddc_dzo_09982,unlabeled,Unknown,1.1594049,0.7295761,0.8101555,10.736413,10.836814,9.405345
ddc_dzo_09952,unlabeled,Unknown,-1.0669117,1.9167148,-11.548058,12.8067465,5.176782,5.3644533
ddc_dzo_09968,unlabeled,Unknown,-0.19750929,-0.3005764,-1.0422325,10.742559,8.926028,9.07983
ddc_dzo_09960,unlabeled,Unknown,1.7715006,-1.7265594,-0.018036366,9.42434,12.662106,7.200033
ddc_dzo_03156,unlabeled,Unknown,-1.0951443,8.098469,-1.0230703,13.366288,8.443938,6.525761
ddc_dzo_06755,unlabeled,Unknown,-5.7077236,1.0232477,-0.13218093,9.906553,4.205778,9.8071165
ddc_dzo_05679,unlabeled,Unknown,-6.427781,1.044347,0.7137637,10.463186,4.922211,10.511068
ddc_dzo_01587,unlabeled,Unknown,-1.809213,3.396908,0.50920814,13.31342,8.8188,7.7260966
ddc_dzo_07734,unlabeled,Unknown,-0.9072716,-1.3750036,-3.1698904,9.857761,9.618251,9.719349
ddc_dzo_03485,unlabeled,Unknown,-2.1732194,-1.952013,-1.1669451,9.713041,6.1318955,10.691334
ddc_dzo_09652,unlabeled,Unknown,-6.13251,-0.9426966,0.4942603,8.964963,4.8559313,10.508085
ddc_dzo_08231,unlabeled,Unknown,-6.708317,-1.2891027,-0.10220146,9.308769,4.2087603,9.944483
ddc_dzo_06721,unlabeled,Unknown,-6.2573586,-1.0505445,0.08301306,10.613914,5.183214,10.786064
ddc_dzo_04406,unlabeled,Unknown,-5.292856,-0.40700412,0.40321922,10.72364,5.0429263,10.061654
ddc_dzo_09389,unlabeled,Unknown,-6.0811043,0.11272526,-0.89482665,9.180153,4.3030915,10.047108
ddc_dzo_09632,unlabeled,Unknown,-5.7164817,0.06532276,-0.70107234,10.720492,5.1608214,9.792135
ddc_dzo_03528,unlabeled,Unknown,-5.336758,0.8296528,-1.4107175,12.735048,6.6285486,6.4145594
ddc_dzo_04983,unlabeled,Unknown,-5.617079,-0.06368792,-0.05851376,10.620333,4.769062,10.348995
ddc_dzo_04089,unlabeled,Unknown,-4.753531,0.79201925,-1.4779296,10.519452,5.2920427,9.558427
ddc_dzo_02190,unlabeled,Unknown,-4.482235,-1.1552262,-1.0976751,10.402847,5.5586724,9.8212805
ddc_dzo_07589,unlabeled,Unknown,-5.488838,-0.6526065,-1.3406702,10.874054,9.173201,3.8375816
ddc_dzo_09991,unlabeled,Unknown,1.3075029,0.4656415,-0.15311956,9.765807,10.226585,7.8863688
ddc_dzo_09996,unlabeled,Unknown,2.2311552,-0.3574692,-0.5775516,10.154602,10.416471,9.33086
ddc_dzo_04779,unlabeled,Unknown,-6.3119407,0.89843684,1.3992009,10.582031,5.124795,10.807984
ddc_dzo_08453,unlabeled,Unknown,-5.8725634,2.4748602,0.137505,10.895296,9.4253025,3.789577
ddc_dzo_00004,unlabeled,Unknown,-8.173996,-0.76046973,0.5991051,10.138353,4.3810906,10.482404
ddc_dzo_09463,unlabeled,Unknown,-4.7347593,4.6062555,1.0777199,10.1711035,4.1550345,9.971782
ddc_dzo_09713,unlabeled,Unknown,-6.5374546,0.23207736,0.9041128,9.811427,4.723822,9.354446
ddc_dzo_09876,unlabeled,Unknown,-5.3083305,0.03491509,0.9031774,10.560549,4.8737206,10.399354
ddc_dzo_00062,unlabeled,Unknown,-6.965441,-0.66155434,-0.55336285,9.050274,4.5984964,10.316405
ddc_dzo_04750,unlabeled,Unknown,-2.193416,8.703606,-2.1813185,13.524015,8.509001,6.0956783
ddc_dzo_06786,unlabeled,Unknown,-0.5188298,6.4623384,-1.8377519,13.45149,8.102512,6.7119446
ddc_dzo_07214,unlabeled,Unknown,0.24614763,3.7043269,-2.6276858,12.691914,6.512535,5.9535513
ddc_dzo_01353,unlabeled,Unknown,0.6506486,9.066224,-2.0465078,13.384538,8.046529,7.145498
ddc_dzo_04462,unlabeled,Unknown,-0.41608855,5.2493405,-2.282594,13.227822,8.844176,6.1126113
ddc_dzo_08617,unlabeled,Unknown,-1.3886147,8.2230625,0.61844826,13.580096,7.899999,6.5503597
ddc_dzo_02048,unlabeled,Unknown,-2.132378,4.018364,-2.074512,13.169467,7.331945,6.583298
ddc_dzo_07963,unlabeled,Unknown,-1.3766103,-0.74291676,-4.9582944,13.021205,5.1289544,5.8079395
ddc_dzo_01117,unlabeled,Unknown,-1.748776,-1.1162207,-1.3127954,10.463091,5.663027,9.658606
ddc_dzo_00737,unlabeled,Unknown,-2.9137275,-0.99039805,-2.3431997,10.419308,5.968116,9.419554
ddc_dzo_07364,unlabeled,Unknown,-1.8490685,-0.64624524,-0.89097214,9.880359,5.6024528,9.798175
ddc_dzo_08877,unlabeled,Unknown,-2.2406354,-0.7537253,-2.7686112,10.061418,5.7070746,9.788061
ddc_dzo_05519,unlabeled,Unknown,-1.7864249,-1.2291108,-1.3765101,9.247049,4.888187,10.123762
ddc_dzo_09788,unlabeled,Unknown,-3.6806107,-1.3988272,-1.8893111,9.129168,4.781489,10.098113
ddc_dzo_07744,unlabeled,Unknown,-1.1680567,0.4627642,-1.1360804,10.24135,5.9991775,9.534964
ddc_dzo_08522,unlabeled,Unknown,-2.4531813,-0.19360268,-3.6803808,10.565734,6.017212,9.572514
ddc_dzo_02943,unlabeled,Unknown,-2.64989,-0.6909697,-1.9406258,10.173813,5.78863,9.656283
ddc_dzo_04264,unlabeled,Unknown,-4.6293774,-1.1642978,-1.7486867,10.152411,5.717208,10.653253
ddc_dzo_09721,unlabeled,Unknown,-1.9083846,-0.6601608,-4.277906,9.527611,4.9758315,10.949637
ddc_dzo_09953,unlabeled,Unknown,-1.0678453,-0.11590958,-3.442414,10.23097,9.441598,10.683937
ddc_dzo_03575,unlabeled,Unknown,-4.336698,0.08363991,0.6057787,9.846386,4.7524767,10.416134
ddc_dzo_00571,unlabeled,Unknown,-5.0551376,-0.15337133,0.4930036,10.695441,4.8837967,10.2669525
ddc_dzo_00137,unlabeled,Unknown,-5.3949976,0.2591014,-0.6276381,9.998511,4.048534,9.615965
ddc_dzo_04444,unlabeled,Unknown,-5.2128963,0.042702436,-0.6871233,9.874315,5.0751505,10.480708
ddc_dzo_02014,unlabeled,Unknown,-5.4612045,-0.7842469,-1.4348674,9.213579,4.270499,10.013952
ddc_dzo_01060,unlabeled,Unknown,-7.8150616,2.494917,-1.3490359,9.957624,4.0650897,9.605561
ddc_dzo_09336,unlabeled,Unknown,-2.902491,-0.6124693,-2.269838,10.398043,9.474743,10.631759
ddc_dzo_08831,unlabeled,Unknown,-0.5315633,-0.15030646,-2.2769897,9.280954,4.2901363,9.919995
ddc_dzo_08561,unlabeled,Unknown,-3.6008146,-0.46125197,-3.0997221,9.703345,9.050863,9.350644
ddc_dzo_08933,unlabeled,Unknown,-2.7255006,-0.9609665,-0.16676587,10.003353,9.463845,9.940404
ddc_dzo_06384,unlabeled,Unknown,-2.4527159,0.39010024,-2.6368945,9.646895,9.171386,10.393013
ddc_dzo_09620,unlabeled,Unknown,-1.4958866,0.6101322,-6.518448,12.887633,5.466211,5.5136113
ddc_dzo_00326,unlabeled,Unknown,0.42077065,-0.11317271,-7.161974,12.899908,5.323437,5.420135
ddc_dzo_02780,unlabeled,Unknown,-1.6727805,1.3650076,-8.072828,12.811719,5.7015057,5.650613
ddc_dzo_05452,unlabeled,Unknown,-0.74815655,1.2072144,-7.4201417,12.621066,5.2677608,5.4286213
ddc_dzo_06267,unlabeled,Unknown,-3.3739958,2.3156867,-4.5638475,12.699775,5.894636,5.7161503
ddc_dzo_07854,unlabeled,Unknown,-1.174612,0.26797795,-5.5920115,12.970999,5.417262,5.6848783
ddc_dzo_04175,unlabeled,Unknown,-3.0586605,2.4103482,-5.292789,12.667496,6.126155,5.8999767
ddc_dzo_01475,unlabeled,Unknown,-4.1983113,-1.0223464,-4.496792,10.438135,5.839487,9.735693
ddc_dzo_07789,unlabeled,Unknown,-0.9280622,4.687009,0.24415421,13.050548,9.206782,7.455497
ddc_dzo_03884,unlabeled,Unknown,-1.2785234,3.9821906,0.27770963,13.076326,9.006207,7.4159474
ddc_dzo_03919,unlabeled,Unknown,-0.994472,4.6831007,-0.601941,10.695495,9.815028,7.6557045
ddc_dzo_01442,unlabeled,Unknown,-6.98466,0.045624614,0.73693216,10.090861,4.131064,10.024155
ddc_dzo_07838,unlabeled,Unknown,-0.047754765,2.2130854,-6.295987,12.685302,4.9481096,5.3643174
ddc_dzo_05125,unlabeled,Unknown,-1.4189744,0.10432249,-7.9410744,12.610598,4.7699146,5.3879848
ddc_dzo_06080,unlabeled,Unknown,-3.9586916,1.2936351,-3.8870986,9.22482,5.4955864,10.395387
ddc_dzo_03198,unlabeled,Unknown,-1.0453408,-0.13589963,-8.016009,12.551293,4.951152,5.4230227
ddc_dzo_09450,unlabeled,Unknown,-4.639108,1.6471546,-9.646223,12.530252,4.869979,5.3932576
ddc_dzo_03055,unlabeled,Unknown,-0.8544092,2.6859307,-11.980924,12.69385,4.8766847,5.294188
ddc_dzo_03161,unlabeled,Unknown,-0.622293,6.5992827,-1.3851316,13.299819,8.591426,6.3438177
ddc_dzo_01797,unlabeled,Unknown,-4.6571064,2.5238736,-8.844132,12.666344,4.706961,5.4037356
ddc_dzo_09013,unlabeled,Unknown,-2.4193769,1.9064673,-6.3497295,12.619373,5.351985,5.556221
ddc_dzo_07394,unlabeled,Unknown,-6.682357,-0.08146715,-0.16149956,9.792145,4.181675,9.580642
ddc_dzo_04833,unlabeled,Unknown,-2.6422381,1.5771577,-6.6944413,12.609854,4.7578206,5.3734803
ddc_dzo_01114,unlabeled,Unknown,-1.1866212,5.5263095,-0.18319297,13.509537,8.238977,6.3981824
ddc_dzo_07086,unlabeled,Unknown,-1.2747788,0.7731643,-7.3011584,12.634387,4.725287,5.3909082
ddc_dzo_06072,unlabeled,Unknown,-1.5699167,0.6177361,-11.108969,12.617809,4.6827765,5.282014
ddc_dzo_07102,unlabeled,Unknown,-5.35216,0.26701528,-0.79610753,10.006981,4.6554365,9.342343
ddc_dzo_02216,unlabeled,Unknown,-1.444119,6.113017,-0.57511294,13.294395,8.397105,7.4643574
ddc_dzo_09163,unlabeled,Unknown,-3.006032,1.0584393,-5.5703382,12.5919075,4.7366323,5.3914094
ddc_dzo_05213,unlabeled,Unknown,-3.117225,5.7880225,0.9668573,13.328314,8.256537,6.8110757
ddc_dzo_04892,unlabeled,Unknown,-2.9595308,0.049166203,-8.187931,12.68672,4.6809306,5.408053
ddc_dzo_07381,unlabeled,Unknown,-2.4461546,6.889675,-0.071617246,13.21195,8.609383,7.013693
ddc_dzo_04932,unlabeled,Unknown,0.15314198,0.4418286,-7.155968,12.639532,4.7596536,5.3688846
ddc_dzo_07237,unlabeled,Unknown,-2.6547034,-0.7754184,-5.41754,9.56813,9.40632,9.578047
ddc_dzo_06973,unlabeled,Unknown,-1.3161561,6.857326,0.10031593,13.199967,8.697333,7.188062
ddc_dzo_09073,unlabeled,Unknown,-0.75608206,0.004402697,-5.807682,12.687146,4.7720313,5.446255
ddc_dzo_06285,unlabeled,Unknown,-5.993127,0.8460934,1.1226128,10.246248,4.2089334,9.988044
ddc_dzo_01880,unlabeled,Unknown,-2.053409,2.0040905,-6.0555267,12.627258,4.6756496,5.3597746
ddc_dzo_09007,unlabeled,Unknown,-1.832536,8.056491,0.47793865,13.287295,8.437633,6.626557
ddc_dzo_09154,unlabeled,Unknown,-1.3063812,1.2194091,-7.8897257,12.640283,4.68638,5.340143
ddc_dzo_02536,unlabeled,Unknown,-0.19635153,1.4003459,-5.890725,12.742701,4.689207,5.4083304
ddc_dzo_08940,unlabeled,Unknown,-0.9284363,1.5250916,-7.922682,12.860431,4.926068,5.491709
ddc_dzo_02543,unlabeled,Unknown,-1.0772567,1.0100175,-7.6434035,12.791389,5.4459867,5.5744967
ddc_dzo_04898,unlabeled,Unknown,-6.08051,0.11082053,0.8319113,9.435736,4.1262207,9.961607
ddc_dzo_03312,unlabeled,Unknown,1.3385248,-1.0836035,-6.6767125,12.655993,4.9839473,5.3707113
ddc_dzo_03457,unlabeled,Unknown,-1.5150204,1.1894634,-9.715212,12.754158,4.6766624,5.3655605
ddc_dzo_00130,unlabeled,Unknown,-1.7374954,0.5226455,-4.8591123,12.926322,5.526506,5.578907
ddc_dzo_08812,unlabeled,Unknown,-7.4567356,-0.33288145,-0.17010951,9.8710375,4.418811,9.553864
ddc_dzo_01760,unlabeled,Unknown,0.32032466,6.818865,-0.06202507,13.082166,8.834647,6.4487114
ddc_dzo_08918,unlabeled,Unknown,1.5906229,-0.0010287762,-9.323206,13.130888,4.805459,5.5809717
ddc_dzo_01308,unlabeled,Unknown,-1.3511577,9.962353,0.96428734,13.598183,7.964879,6.5395327
ddc_dzo_07929,unlabeled,Unknown,-6.534304,0.33239263,-0.41769123,9.500829,4.078139,9.899128
ddc_dzo_07573,unlabeled,Unknown,-0.5098789,8.4228525,-0.6797458,13.552005,8.526407,6.99902
ddc_dzo_03871,unlabeled,Unknown,-1.0485228,10.012613,0.37024236,13.223639,8.515818,6.6464396
ddc_dzo_05994,unlabeled,Unknown,-1.3521537,6.6945677,0.07348347,13.207245,9.088152,6.8197093
ddc_dzo_08261,unlabeled,Unknown,-1.4554572,9.76423,-0.044399977,13.490439,7.8803563,6.9621067
ddc_dzo_07483,unlabeled,Unknown,-0.90725374,3.1892574,-8.085815,12.8471365,5.2519236,5.371199
ddc_dzo_05349,unlabeled,Unknown,0.950953,1.8319893,-14.129473,12.542663,5.134778,5.195184
ddc_dzo_00572,unlabeled,Unknown,-1.4472618,1.642048,-13.9796505,12.747071,5.073073,5.3553243
ddc_dzo_01091,unlabeled,Unknown,0.14005756,1.1926996,-14.862287,12.85144,4.9438787,5.413024
ddc_dzo_04117,unlabeled,Unknown,-8.384283,-0.91335154,0.27295637,9.691289,4.3635406,10.568459
ddc_dzo_03216,unlabeled,Unknown,-1.4114895,5.992563,-2.3814023,13.366178,7.651435,6.5826178
ddc_dzo_00675,unlabeled,Unknown,-4.033142,-1.5294045,0.2855928,10.649377,6.081851,10.758326
ddc_dzo_00528,unlabeled,Unknown,-4.83418,8.511963,0.75484383,13.528364,7.963965,6.7157135
ddc_dzo_07731,unlabeled,Unknown,-3.1898637,4.872134,-2.8761847,13.324327,7.7586603,6.408009
ddc_dzo_04015,unlabeled,Unknown,1.5231876,0.6476191,-9.206938,13.2143345,4.9265947,5.547301
ddc_dzo_03854,unlabeled,Unknown,-1.4982028,5.3448405,-1.5543981,13.277803,7.6183,6.659626
ddc_dzo_04241,unlabeled,Unknown,-9.995857,-1.0664883,0.6775956,9.842219,4.7547736,11.045728
ddc_dzo_01560,unlabeled,Unknown,-1.6470835,6.3490057,-0.75761604,13.340555,7.9384623,6.685926
ddc_dzo_06040,unlabeled,Unknown,-5.0785284,0.3761724,0.8210349,9.787887,4.7571044,9.301029
ddc_dzo_05111,unlabeled,Unknown,2.1901567,3.0193214,-1.2272177,9.522158,12.70867,6.7211814
ddc_dzo_09121,unlabeled,Unknown,-1.0727203,-0.37031007,-10.919154,-4.8288264,5.3109202,8.549538
ddc_dzo_03697,unlabeled,Unknown,-0.3813007,1.8865032,-0.045959473,8.730768,11.758805,7.691285
ddc_dzo_03086,unlabeled,Unknown,-0.0590868,-1.430846,-15.570539,-4.8739924,5.4117336,8.631152
ddc_dzo_09490,unlabeled,Unknown,1.4426994,1.5055878,-0.46954823,9.351279,12.301599,6.5318875
ddc_dzo_06019,unlabeled,Unknown,-0.7542224,1.9332429,-3.1914845,9.441052,12.648308,6.564255
ddc_dzo_07295,unlabeled,Unknown,0.8933828,-2.5054388,-2.29256,9.474828,12.792302,7.721226
ddc_dzo_00756,unlabeled,Unknown,2.5076349,-0.9367193,-3.7346573,9.538103,12.702129,6.887777
ddc_dzo_09027,unlabeled,Unknown,-1.1612216,-1.1186411,0.4245504,8.815574,11.102545,7.838068
ddc_dzo_03459,unlabeled,Unknown,0.64977324,2.2601361,-0.23043537,9.47318,12.647195,6.544646
ddc_dzo_04070,unlabeled,Unknown,0.29615438,1.276331,-0.4822898,9.46078,12.683092,6.497045
ddc_dzo_03036,unlabeled,Unknown,-1.0040464,1.077714,-4.497444,13.340135,4.998789,5.682918
ddc_dzo_04057,unlabeled,Unknown,-0.493299,0.23218536,-9.272804,13.349368,5.0028324,5.599864
ddc_dzo_04523,unlabeled,Unknown,0.15419626,0.69741404,-7.3242283,12.79527,5.2685547,5.476869
ddc_dzo_01054,unlabeled,Unknown,0.7455592,-0.20421207,-8.030476,13.1249695,5.375864,5.6678963
ddc_dzo_05402,unlabeled,Unknown,-1.8845282,2.5113328,-7.0931063,12.714032,5.1058927,5.5215244
ddc_dzo_00896,unlabeled,Unknown,-1.1162462,0.86756396,-6.6387672,13.3873415,5.15155,5.6964154
ddc_dzo_03333,unlabeled,Unknown,-1.381711,1.445056,-3.2764096,13.182652,5.5047503,5.6653237
ddc_dzo_06309,unlabeled,Unknown,-0.91078216,0.10652876,-5.770826,12.913977,5.7154093,5.65328
ddc_dzo_05491,unlabeled,Unknown,-2.6553578,1.4850463,-5.511985,12.803591,5.401517,5.7902308
ddc_dzo_09515,unlabeled,Unknown,1.8901476,0.5819719,-11.033659,12.62383,5.4361258,5.337183
ddc_dzo_07493,unlabeled,Unknown,-3.6767821,1.2040858,-9.033654,13.348717,5.219617,5.6886935
ddc_dzo_06811,unlabeled,Unknown,0.021077976,0.14189768,-9.022589,12.654398,5.516929,5.322165
ddc_dzo_07500,unlabeled,Unknown,-2.574846,1.0748916,-5.3890777,12.647682,6.134593,5.8561554
ddc_dzo_02267,unlabeled,Unknown,-0.56101704,1.7094845,-6.2912927,12.980359,5.5654607,5.598877
ddc_dzo_07917,unlabeled,Unknown,-0.7411361,0.37757647,-9.933598,13.312002,4.916029,5.609569
ddc_dzo_04767,unlabeled,Unknown,-0.73261404,3.2146652,-1.9233367,13.118446,5.566833,5.658352
ddc_dzo_05188,unlabeled,Unknown,-1.657558,1.183724,-10.198618,12.828932,5.3809867,5.56791
ddc_dzo_00840,unlabeled,Unknown,-1.1061823,1.503956,-4.684667,12.854738,5.7639003,5.646328
ddc_dzo_05399,unlabeled,Unknown,-1.809454,-0.38261437,-5.169401,12.946046,5.1100698,5.8968205
ddc_dzo_04436,unlabeled,Unknown,-2.7481773,2.3696048,-8.152347,12.692713,5.912267,5.721902
ddc_dzo_08225,unlabeled,Unknown,-1.6327562,0.9640417,-8.137148,13.313277,4.945021,5.6370106
ddc_dzo_03182,unlabeled,Unknown,-2.4543428,-1.3554338,-10.825741,12.644349,5.659418,5.6363864
ddc_dzo_07630,unlabeled,Unknown,-1.7239652,0.8081074,-7.284752,12.740947,5.739656,5.650475
ddc_dzo_04923,unlabeled,Unknown,-2.1634598,1.0911688,-10.470943,13.36066,4.981568,5.653682
ddc_dzo_00978,unlabeled,Unknown,-0.30890274,1.8415074,-6.5194545,13.281004,4.9030704,5.6441507
ddc_dzo_07557,unlabeled,Unknown,0.25107384,1.4872837,-12.098145,13.075735,4.9003415,5.487437
ddc_dzo_02495,unlabeled,Unknown,-1.9411488,0.34959245,-8.844944,12.881603,4.9346642,5.631164
ddc_dzo_05846,unlabeled,Unknown,-1.6825113,0.8506436,-11.054495,12.6435585,5.554587,5.4554634
ddc_dzo_05360,unlabeled,Unknown,-2.057293,0.85720485,-7.738599,13.105845,4.8494782,5.555907
ddc_dzo_04514,unlabeled,Unknown,-4.6292424,2.400372,-3.3716226,13.169555,7.222693,6.5061364
ddc_dzo_03635,unlabeled,Unknown,-0.21668386,1.0123644,-5.9670453,12.996783,5.1381545,5.47559
ddc_dzo_01714,unlabeled,Unknown,0.37151575,1.1175883,-7.2578588,12.963702,5.38136,5.456091
ddc_dzo_09903,unlabeled,Unknown,-2.231801,1.5712589,-6.457877,13.145431,4.909042,5.5609665
ddc_dzo_06348,unlabeled,Unknown,-1.62464,2.284632,-8.824435,12.945188,5.2277703,5.4311666
ddc_dzo_00593,unlabeled,Unknown,-2.5496922,2.4033132,-7.364133,13.121261,4.9721303,5.626508
ddc_dzo_04054,unlabeled,Unknown,-1.5470223,1.6045898,-11.75938,12.640582,4.972344,5.4046483
ddc_dzo_04867,unlabeled,Unknown,-0.7414541,1.045996,-11.89484,12.938309,4.799489,5.487088
ddc_dzo_05842,unlabeled,Unknown,-1.2339592,-0.60975194,-9.399562,13.302597,4.9396434,5.6776876
ddc_dzo_08198,unlabeled,Unknown,-2.7950978,-0.25028706,-5.0242457,13.402179,4.983775,5.7211437
ddc_dzo_08511,unlabeled,Unknown,-1.1924896,0.12099552,-5.899168,13.382981,5.006489,5.7122674
ddc_dzo_04643,unlabeled,Unknown,-2.9042454,2.5302355,-5.122427,12.6203985,6.0574517,5.949609
ddc_dzo_05031,unlabeled,Unknown,-4.1665154,0.7574005,-4.7583466,10.53949,9.208334,3.6745827
ddc_dzo_09824,unlabeled,Unknown,-2.927565,2.039785,-8.555055,10.481501,9.249499,3.5713928
ddc_dzo_09705,unlabeled,Unknown,-1.3124108,0.70810485,-6.6834455,12.835355,5.213313,5.3281927
ddc_dzo_01785,unlabeled,Unknown,-2.2494602,2.6968622,-8.094105,12.843797,5.471533,5.695736
ddc_dzo_05869,unlabeled,Unknown,0.93508005,2.6190152,-1.03176,10.519254,9.625138,3.6359887
ddc_dzo_07120,unlabeled,Unknown,-0.14630914,2.3254862,-1.4161171,13.152326,8.758398,6.9690433
ddc_dzo_02451,unlabeled,Unknown,-0.73493505,2.5150657,0.05972147,12.323298,10.76295,9.859514
ddc_dzo_04062,unlabeled,Unknown,-0.37262583,7.4209003,0.6661525,13.407392,8.890952,6.827032
ddc_dzo_02582,unlabeled,Unknown,-8.468168,-1.5721817,0.021871746,9.603024,5.956362,10.82171
ddc_dzo_02421,unlabeled,Unknown,-7.8913794,-1.8080178,0.7220708,10.036704,4.613092,9.918475
ddc_dzo_04740,unlabeled,Unknown,-8.748899,-0.83043754,1.415229,10.432446,5.3388896,9.839941
ddc_dzo_07189,unlabeled,Unknown,-10.1779175,-0.9140661,1.2594203,9.364289,5.343768,11.211731
ddc_dzo_06152,unlabeled,Unknown,-8.672839,1.256383,1.1184051,9.801918,4.4352965,9.514076
ddc_dzo_06185,unlabeled,Unknown,-9.647478,-0.19641164,1.860806,9.951246,4.2193193,9.868123
ddc_dzo_06263,unlabeled,Unknown,-8.449968,0.18722963,1.6528362,10.781888,5.1069956,10.13412
ddc_dzo_05316,unlabeled,Unknown,-7.585828,0.07359859,1.5536448,10.252576,4.544216,10.666971
ddc_dzo_05509,unlabeled,Unknown,-7.5001607,-0.14844513,1.82977,10.806715,5.2080073,9.855025
ddc_dzo_09219,unlabeled,Unknown,-8.492387,0.98541737,1.3457718,10.030105,5.553547,11.437557
ddc_dzo_04430,unlabeled,Unknown,-7.9315066,-0.02480197,-1.0651133,10.282322,4.7498226,9.38692
ddc_dzo_05637,unlabeled,Unknown,-8.751991,0.7909612,1.9087307,10.591693,4.9107385,10.539946
ddc_dzo_05566,unlabeled,Unknown,-9.305315,-0.8709373,0.7952536,10.623431,4.9726768,9.805938
ddc_dzo_08506,unlabeled,Unknown,-0.44921106,-0.14772153,-0.93398,9.867254,9.752719,8.049307
ddc_dzo_00872,unlabeled,Unknown,0.45364237,-0.8382409,-1.2613999,9.463685,12.665159,6.56001
ddc_dzo_00160,unlabeled,Unknown,2.8056238,0.110049725,-1.8327794,10.509332,9.912842,3.789358
ddc_dzo_05367,unlabeled,Unknown,-1.3763455,2.272737,0.67845964,13.371896,8.133713,6.6526666
ddc_dzo_03310,unlabeled,Unknown,-0.249681,-0.8892333,-2.772271,10.390479,9.673511,3.639927
ddc_dzo_06561,unlabeled,Unknown,1.6758261,2.0123427,-1.8870733,10.446456,9.659566,3.2651067
ddc_dzo_04257,unlabeled,Unknown,1.8012381,1.3284259,-2.3968956,10.433313,9.835384,3.272877
ddc_dzo_03969,unlabeled,Unknown,0.36194563,0.82557786,-2.599072,10.596376,9.700722,3.4495656
ddc_dzo_01461,unlabeled,Unknown,0.9541154,0.082969666,-3.6590202,10.468486,9.949172,3.2321565
ddc_dzo_04705,unlabeled,Unknown,0.1681453,-1.1206818,-0.7426686,9.890012,10.82192,7.6120043
ddc_dzo_02750,unlabeled,Unknown,0.26946092,0.57707334,-1.0240924,10.618616,9.570351,3.4856477
ddc_dzo_02787,unlabeled,Unknown,1.5988286,0.09841001,-1.1671445,10.480534,10.41932,6.1733236
ddc_dzo_05458,unlabeled,Unknown,-0.089909196,0.6846483,-2.1998978,10.631199,9.756316,4.093947
ddc_dzo_09936,unlabeled,Unknown,2.1357417,1.6449714,0.6638298,10.902538,9.72601,3.1118388
ddc_dzo_06174,unlabeled,Unknown,-0.83868474,-0.31547737,-1.5145967,10.79839,9.510294,3.696033
ddc_dzo_04698,unlabeled,Unknown,1.697432,-0.7722378,-1.6499339,10.528122,9.897777,3.7166898
ddc_dzo_09567,unlabeled,Unknown,0.20089996,1.7610168,-4.0248156,10.455226,9.762917,3.1854608
ddc_dzo_06106,unlabeled,Unknown,1.3304553,3.030137,-1.3651719,9.055779,11.722168,6.8979154
ddc_dzo_00605,unlabeled,Unknown,0.34052646,2.0087647,-3.6579986,10.628165,9.949896,3.6872623
ddc_dzo_07691,unlabeled,Unknown,0.18421483,-0.094775856,-2.1696968,10.510777,9.681079,3.9002147
ddc_dzo_01963,unlabeled,Unknown,2.0525239,2.2249942,-2.0831833,10.361848,9.890497,3.231134
ddc_dzo_02157,unlabeled,Unknown,0.5959008,2.5277786,-2.999153,10.57165,9.689919,3.197491
ddc_dzo_05678,unlabeled,Unknown,-1.4713249,1.316989,-4.170475,10.782675,9.576567,3.5082793
ddc_dzo_01571,unlabeled,Unknown,0.6703941,-1.7418733,-0.14572763,9.390833,11.407198,6.865022
ddc_dzo_08876,unlabeled,Unknown,2.345994,2.0583587,-2.4967475,10.558994,9.94222,3.4828916
ddc_dzo_07832,unlabeled,Unknown,-2.1750817,-2.4873676,-0.15711117,9.544346,10.058525,6.7611804
ddc_dzo_03800,unlabeled,Unknown,-2.1755526,-1.1307108,-0.56655645,9.508599,10.024023,6.742318
ddc_dzo_02715,unlabeled,Unknown,0.39690614,1.8317738,-1.9814796,10.342241,9.9385,3.2303457
ddc_dzo_08347,unlabeled,Unknown,-0.095484495,1.342915,-2.5809731,10.784797,9.74155,3.6019042
ddc_dzo_08464,unlabeled,Unknown,-1.0278755,1.8412013,-0.10059053,10.706764,9.617228,4.3553486
ddc_dzo_03677,unlabeled,Unknown,-2.3641176,2.8195438,-0.045272112,10.5822,9.1680155,3.7141619
ddc_dzo_04185,unlabeled,Unknown,-0.8065336,0.7184653,-2.2957478,10.790336,9.640175,3.6866052
ddc_dzo_06213,unlabeled,Unknown,-1.4551023,0.3431821,-1.8141549,10.853283,9.597201,3.224822
ddc_dzo_02002,unlabeled,Unknown,0.6449043,2.9519122,-1.9016886,10.4137125,9.83822,3.2610986
ddc_dzo_02935,unlabeled,Unknown,-2.1957471,1.1131883,-1.1655566,10.849793,9.556366,3.4709902
ddc_dzo_02358,unlabeled,Unknown,0.83286095,2.197363,-1.2938612,10.509112,9.740682,3.1631522
ddc_dzo_06094,unlabeled,Unknown,-3.0643277,-0.26226568,-4.936392,12.636665,7.091122,6.717826
ddc_dzo_01619,unlabeled,Unknown,0.035902023,0.34941578,-4.1537075,10.874192,9.696311,3.0870798
ddc_dzo_04106,unlabeled,Unknown,-2.4499638,4.4146705,-1.2487442,10.624341,9.569846,3.2272608
ddc_dzo_04369,unlabeled,Unknown,-1.0821404,1.3559728,-3.3898873,10.817657,9.676755,3.7223952
ddc_dzo_01381,unlabeled,Unknown,1.0245268,1.309505,-1.5093079,10.7151785,9.820161,3.4062128
ddc_dzo_03017,unlabeled,Unknown,2.3240688,-1.2928451,-2.2846155,10.496437,9.755209,4.079093
ddc_dzo_04026,unlabeled,Unknown,-3.8895621,0.1899662,-1.3443903,10.92266,9.565485,3.7197526
ddc_dzo_06488,unlabeled,Unknown,-0.4075811,0.12327576,-1.8648708,10.550223,9.607993,3.3812501
ddc_dzo_04548,unlabeled,Unknown,1.076222,1.6516716,-3.6433651,10.443965,9.665854,3.3047578
ddc_dzo_03109,unlabeled,Unknown,-0.0881418,0.5960647,-1.2895501,10.385725,9.406769,3.570455
ddc_dzo_00709,unlabeled,Unknown,1.615731,-0.5615177,-3.2182128,10.83694,9.632942,3.176235
ddc_dzo_04120,unlabeled,Unknown,-0.832193,-1.2660961,-2.4392374,10.864206,9.624842,3.1495097
ddc_dzo_08702,unlabeled,Unknown,-1.8186849,-0.14966536,-0.75760937,10.780301,9.467198,3.8037312
ddc_dzo_08478,unlabeled,Unknown,1.8072003,0.6017699,-2.3023126,10.329648,9.717514,3.4773223
ddc_dzo_05002,unlabeled,Unknown,-1.5278318,3.589229,-3.2684953,10.701213,9.660444,3.352783
ddc_dzo_00043,unlabeled,Unknown,0.580791,0.34065843,-2.0425696,10.436908,9.906177,3.279644
ddc_dzo_06727,unlabeled,Unknown,0.037545204,2.229817,-2.6389055,10.434311,9.907184,3.2816832
ddc_dzo_06456,unlabeled,Unknown,-0.22206205,-0.38655806,-2.3295417,10.580849,9.704511,3.1156707
ddc_dzo_08619,unlabeled,Unknown,-0.66325676,0.20154977,0.38167572,9.754057,11.200187,6.955215
ddc_dzo_02754,unlabeled,Unknown,-0.62753856,1.7343497,-1.5762677,10.77104,9.758298,3.7866333
ddc_dzo_07505,unlabeled,Unknown,1.1411585,-0.40170228,-1.3319736,10.423312,9.766758,3.9996872
ddc_dzo_03469,unlabeled,Unknown,-1.2293818,1.5846863,-2.1472495,10.853569,9.607923,3.5111394
ddc_dzo_05792,unlabeled,Unknown,0.0017786026,2.7909994,-2.3785765,10.588861,9.517567,3.2559245
ddc_dzo_04866,unlabeled,Unknown,-2.1563702,-0.7035521,0.7150879,9.637899,4.609093,9.573669
ddc_dzo_03910,unlabeled,Unknown,-5.358554,0.5411904,0.52029204,10.597982,9.491381,3.443333
ddc_dzo_04313,unlabeled,Unknown,0.086328566,1.0854182,-1.3181577,10.642031,9.692388,3.1047413
ddc_dzo_03413,unlabeled,Unknown,-0.54955435,-0.18290949,0.7286024,10.610519,9.387592,3.8121634
ddc_dzo_06231,unlabeled,Unknown,1.5835674,1.7951101,-2.511269,10.470221,9.960544,3.3434038
ddc_dzo_06533,unlabeled,Unknown,0.8932915,1.1596665,-1.4052689,10.648002,9.571829,3.5270853
ddc_dzo_08658,unlabeled,Unknown,-3.0108588,2.1815534,-4.3512983,10.745933,9.607849,3.4097097
ddc_dzo_02466,unlabeled,Unknown,2.2847347,-0.066887856,-1.5100377,10.479147,9.78174,3.1694677
ddc_dzo_02748,unlabeled,Unknown,0.370821,2.1076827,-2.6109974,10.36542,9.930774,3.2705524
ddc_dzo_08807,unlabeled,Unknown,-4.2346683,1.0513372,-2.5014403,10.88063,9.579739,3.5649757
ddc_dzo_00810,unlabeled,Unknown,0.09517896,1.2945342,-2.070563,10.4493885,9.730122,3.2022374
ddc_dzo_01019,unlabeled,Unknown,-0.53962755,-0.44395328,-4.1016965,10.700367,9.55623,3.6852865
ddc_dzo_02457,unlabeled,Unknown,0.09074354,1.1069865,-1.8639984,9.473494,12.660407,6.681029
ddc_dzo_09233,unlabeled,Unknown,0.5376885,1.1397779,-1.8382807,9.475449,12.544703,6.6317587
ddc_dzo_06555,unlabeled,Unknown,0.8723577,1.5463729,-1.1329703,9.679951,12.678315,6.9317
ddc_dzo_03569,unlabeled,Unknown,0.7904428,1.9764518,-2.8366585,9.4570265,12.651543,6.4906564
ddc_dzo_08765,unlabeled,Unknown,1.3100505,1.5490361,-1.5290449,10.371132,9.531231,3.5414698
ddc_dzo_02197,unlabeled,Unknown,-0.36908793,1.0899768,-1.7329674,10.523183,9.844548,3.126683
ddc_dzo_02387,unlabeled,Unknown,1.0469013,1.8553634,-1.8807846,10.59503,9.265687,3.458524
ddc_dzo_02939,unlabeled,Unknown,0.08442998,1.8483114,-2.9480271,10.526988,10.015871,3.3223429
ddc_dzo_03725,unlabeled,Unknown,-1.4377754,0.1696806,-0.5513475,10.72408,9.509687,3.4796777
ddc_dzo_07332,unlabeled,Unknown,1.6840163,1.0830439,-4.946011,9.439659,12.520798,6.354599
ddc_dzo_04228,unlabeled,Unknown,-1.4856756,0.5994468,-1.0547955,9.607906,10.037717,6.7255225
ddc_dzo_02923,unlabeled,Unknown,2.6870165,1.4025176,-1.4492989,9.486907,12.644678,6.4039235
ddc_dzo_04877,unlabeled,Unknown,2.2020319,4.0806093,-0.2567711,10.692555,9.814014,3.4471195
ddc_dzo_09438,unlabeled,Unknown,-0.12954712,0.52597,-2.5358129,9.407145,12.489083,6.3853383
ddc_dzo_05501,unlabeled,Unknown,-2.3986418,0.6206379,-0.22496201,10.845884,9.535499,3.7732658
ddc_dzo_09812,unlabeled,Unknown,0.488885,1.7718282,-2.202074,9.447444,12.615697,6.4408183
ddc_dzo_03152,unlabeled,Unknown,-0.35624874,-0.04355669,-1.7701266,10.817535,9.724819,3.2482529
ddc_dzo_02714,unlabeled,Unknown,0.4755392,1.3515625,-2.2343528,10.488809,9.837675,3.3009229
ddc_dzo_00325,unlabeled,Unknown,0.054501772,3.8771915,-1.3153542,9.943756,12.637855,7.247357
ddc_dzo_06678,unlabeled,Unknown,0.54933953,1.2383673,-4.218047,9.415707,12.715462,6.4908
ddc_dzo_03745,unlabeled,Unknown,-0.29291153,0.91986454,-3.7595825,9.472889,12.590248,6.541897
ddc_dzo_02904,unlabeled,Unknown,-0.34527683,-2.0294027,-0.4740907,10.874058,9.514371,3.6239688
ddc_dzo_05581,unlabeled,Unknown,0.7785635,0.30878198,-4.1980877,9.5146,12.693859,6.6265526
ddc_dzo_08111,unlabeled,Unknown,-1.4410174,-0.887599,-3.3595972,10.746466,9.8227415,4.0164213
ddc_dzo_06925,unlabeled,Unknown,2.576854,2.7906504,-3.0837903,10.446064,9.706891,3.4404056
ddc_dzo_09574,unlabeled,Unknown,0.31355715,0.27098083,-1.7260331,10.490413,9.793256,3.5274162
ddc_dzo_00411,unlabeled,Unknown,-0.0017880201,-0.49331665,-3.0953052,10.411571,9.905313,3.3180099
ddc_dzo_02685,unlabeled,Unknown,0.058258187,0.6018877,-1.1738663,9.494035,12.594835,6.597211
ddc_dzo_07172,unlabeled,Unknown,-0.44442987,1.1850252,-3.9767084,10.587687,9.505438,3.7340403
ddc_dzo_04615,unlabeled,Unknown,-1.3086963,-1.2923204,-9.044372,12.636542,5.756135,5.602345
ddc_dzo_09277,unlabeled,Unknown,-1.3129975,4.3713093,-3.0314627,9.477576,12.549779,6.3752346
ddc_dzo_05521,unlabeled,Unknown,0.679574,0.7897643,-1.9600196,9.8208475,12.670015,7.0226316
ddc_dzo_00074,unlabeled,Unknown,0.99686533,0.40318537,-2.6882432,9.4570875,12.581106,6.740363
ddc_dzo_00557,unlabeled,Unknown,-0.64367986,1.7821631,-4.126233,10.515885,9.19047,3.6350777
ddc_dzo_09756,unlabeled,Unknown,-0.07046032,1.5001028,-5.7222166,10.775702,9.642911,3.8814623
ddc_dzo_00625,unlabeled,Unknown,0.9547343,0.9789823,-3.985086,10.483192,10.180871,4.2119174
ddc_dzo_09023,unlabeled,Unknown,-0.60504997,0.07464191,-5.1323586,10.38973,9.853344,3.3471322
ddc_dzo_00020,unlabeled,Unknown,-1.5171956,1.0469213,-0.56774473,9.519075,12.653085,6.739057
ddc_dzo_09347,unlabeled,Unknown,-1.0695041,2.2056887,-1.7053967,9.521886,12.5939,6.518226
ddc_dzo_09992,unlabeled,Unknown,0.32227445,-0.5013162,-1.9102243,10.396178,9.230142,3.5276046
ddc_dzo_03974,unlabeled,Unknown,-0.039907813,2.2960653,-0.49315643,9.671498,12.732534,6.8269763
ddc_dzo_08562,unlabeled,Unknown,-1.5003829,0.031531394,-3.653792,10.635351,9.785024,4.2459116
ddc_dzo_01527,unlabeled,Unknown,-0.34316233,1.9408779,-1.9185429,9.440805,12.670197,6.478621
ddc_dzo_06594,unlabeled,Unknown,0.26795125,0.4734366,-2.079885,10.379788,9.890905,3.4705694
ddc_dzo_05764,unlabeled,Unknown,0.7004838,0.5939195,-1.8063824,9.732864,12.7038555,6.936635
ddc_dzo_06932,unlabeled,Unknown,0.048171878,0.2771461,-1.1883748,10.076399,12.59421,7.9951906
ddc_dzo_06141,unlabeled,Unknown,0.30384368,0.5360737,-5.022551,10.585779,9.959953,3.3962817
ddc_dzo_05014,unlabeled,Unknown,-0.38986993,1.428478,-5.175625,10.4813,10.016848,3.5269086
ddc_dzo_05703,unlabeled,Unknown,-0.49089846,1.601129,-5.9466553,10.734897,9.710872,4.032348
ddc_dzo_07226,unlabeled,Unknown,0.10198283,1.0987628,-5.236853,9.760922,12.70452,6.962297
ddc_dzo_06683,unlabeled,Unknown,1.3107283,-0.28172946,-5.501346,10.638483,9.91075,4.138742
ddc_dzo_07401,unlabeled,Unknown,-2.1096287,0.9958787,-6.392624,10.842241,9.710182,3.8314962
ddc_dzo_03430,unlabeled,Unknown,-1.4353106,1.7159793,-3.7610474,10.304671,9.367091,3.3385205
ddc_dzo_05853,unlabeled,Unknown,0.5819006,0.6065836,-6.589102,10.318681,9.872834,3.2040422
ddc_dzo_08419,unlabeled,Unknown,0.28402257,0.814446,-4.0927715,10.430152,10.010235,3.3161266
ddc_dzo_02887,unlabeled,Unknown,0.5914495,1.8875725,-2.8161564,10.375539,9.953976,3.2785013
ddc_dzo_00028,unlabeled,Unknown,0.99345475,-1.9171143,-5.321,10.562117,9.955277,3.4474401
ddc_dzo_07112,unlabeled,Unknown,0.102008104,0.7264204,-2.282672,10.390291,10.125107,3.8368876
ddc_dzo_04451,unlabeled,Unknown,0.6002959,-0.39527655,-4.2175694,10.333523,9.912659,3.3072147
ddc_dzo_08064,unlabeled,Unknown,2.5018146,0.25862205,-1.366941,10.43242,9.9265585,3.5228662
ddc_dzo_09933,unlabeled,Unknown,-1.4919512,-1.189539,-3.39016,10.786728,9.312857,3.6984515
ddc_dzo_06510,unlabeled,Unknown,1.0293477,0.752772,-2.67315,10.351501,9.732819,3.4494653
ddc_dzo_01709,unlabeled,Unknown,0.9738207,-0.7637106,-3.2142544,10.562014,9.836301,3.8959346
ddc_dzo_01202,unlabeled,Unknown,2.3338468,1.0183156,-6.2523813,12.651127,5.5387135,5.389796
ddc_dzo_03761,unlabeled,Unknown,0.3928604,1.4315705,-6.5780606,10.481284,9.958294,3.4031365
ddc_dzo_08254,unlabeled,Unknown,1.1599054,0.5553856,-7.509463,10.475254,10.005425,3.3183537
ddc_dzo_00711,unlabeled,Unknown,1.7241688,0.6482434,-5.319201,10.388352,9.958702,3.3203986
ddc_dzo_07452,unlabeled,Unknown,1.7698902,1.0166993,-4.023467,10.375922,9.933708,3.3142197
ddc_dzo_00420,unlabeled,Unknown,1.3410054,0.41726947,-4.7105913,10.400137,9.922645,3.4692729
ddc_dzo_02265,unlabeled,Unknown,0.26703405,-0.26165152,-4.916217,10.878223,9.73986,3.26989
ddc_dzo_04354,unlabeled,Unknown,-0.34832668,2.32065,-6.4137883,10.39003,9.871494,3.2570095
ddc_dzo_00481,unlabeled,Unknown,-0.13458692,0.13528013,-3.4307835,10.599251,9.549597,3.8769712
ddc_dzo_00807,unlabeled,Unknown,-0.33983517,0.08116841,-1.1256361,10.398061,9.3929,3.5361433
ddc_dzo_00234,unlabeled,Unknown,0.8248017,1.4540682,-3.7800162,10.403209,9.974919,3.5632215
ddc_dzo_03998,unlabeled,Unknown,0.9398324,-0.62415123,-4.853452,10.45792,9.583978,3.4774647
ddc_dzo_06653,unlabeled,Unknown,-0.2413795,-0.38479662,-2.9189034,10.51791,9.843139,3.399164
ddc_dzo_00162,unlabeled,Unknown,-0.75129884,-0.49878645,-4.671418,10.7026415,9.825991,3.5132577
ddc_dzo_04326,unlabeled,Unknown,-0.18712783,-1.2539103,-3.3203504,10.715461,9.797864,4.2231245
ddc_dzo_02422,unlabeled,Unknown,2.2782114,-0.5762465,-3.100535,10.330403,9.994139,3.6705327
ddc_dzo_05064,unlabeled,Unknown,-1.4183633,-0.4914614,0.29069924,10.475371,9.510791,3.4721172
ddc_dzo_07213,unlabeled,Unknown,-0.07148218,1.1639886,-3.594376,10.298101,9.491288,3.3228261
ddc_dzo_02669,unlabeled,Unknown,1.4943489,0.18118656,-1.336108,10.404537,10.091397,4.031963
ddc_dzo_01956,unlabeled,Unknown,-0.5335042,1.156877,-6.4901333,10.411943,10.032001,3.3216484
ddc_dzo_04953,unlabeled,Unknown,-2.5905633,0.10759878,-5.364866,10.802254,9.508313,3.7448225
ddc_dzo_06662,unlabeled,Unknown,-0.011286259,-1.6349833,-2.4187536,10.640952,9.494185,3.6063545
ddc_dzo_01260,unlabeled,Unknown,0.23979723,1.2377467,-3.8736105,10.391764,9.862462,3.2768908
ddc_dzo_02078,unlabeled,Unknown,0.9127209,-0.16194034,-3.941818,10.462835,10.011173,3.5974767
ddc_dzo_01497,unlabeled,Unknown,1.5813136,0.3827858,-3.8156638,10.645433,9.910629,3.6329134
ddc_dzo_09370,unlabeled,Unknown,1.1698205,1.5427175,-4.4175854,10.603699,9.980877,3.320227
ddc_dzo_01675,unlabeled,Unknown,-1.6815271,1.4561241,-5.0911107,10.729882,9.783187,4.143543
ddc_dzo_03781,unlabeled,Unknown,-2.6121206,-0.53092194,-0.7581048,10.793704,9.83022,4.6251354
ddc_dzo_06298,unlabeled,Unknown,1.3716948,2.7799969,-1.8472371,10.349421,9.885862,3.2673445
ddc_dzo_01187,unlabeled,Unknown,-1.1384611,0.77135646,-2.539913,10.687742,9.76391,4.218984
ddc_dzo_03005,unlabeled,Unknown,0.3420449,1.00193,-2.6170478,10.31672,9.84385,3.3877811
ddc_dzo_00919,unlabeled,Unknown,1.3103993,0.87476754,-3.1309962,10.368561,10.024193,3.41478
ddc_dzo_02498,unlabeled,Unknown,0.72220707,0.82562923,-3.5633883,10.308482,9.880038,3.3931386
ddc_dzo_07461,unlabeled,Unknown,1.0877458,1.223371,-8.307311,10.427922,10.064051,3.3873026
ddc_dzo_07166,unlabeled,Unknown,0.67921543,-0.5216689,-3.721301,10.476403,9.998916,3.3657587
ddc_dzo_01161,unlabeled,Unknown,0.22848988,-1.5521098,-6.358535,10.348494,9.999843,3.2815726
ddc_dzo_08209,unlabeled,Unknown,-1.3404832,-0.5464535,-4.240094,10.759696,9.802911,4.3754826
ddc_dzo_09150,unlabeled,Unknown,1.0265672,0.17134213,-3.343021,10.344281,9.4368105,3.297098
ddc_dzo_05874,unlabeled,Unknown,0.2241503,-0.381621,-0.18466762,10.688084,9.725859,4.4054413
ddc_dzo_00480,unlabeled,Unknown,1.0835353,0.40213156,-2.1610885,10.79568,9.59871,3.3466742
ddc_dzo_05136,unlabeled,Unknown,1.9058204,-0.3160205,-1.7040617,10.617229,10.010083,4.2403927
ddc_dzo_07895,unlabeled,Unknown,1.2571454,0.7855916,-2.7926931,10.540978,9.885073,3.2670763
ddc_dzo_08886,unlabeled,Unknown,-1.2570171,-0.07408452,-0.6641296,10.87876,9.599493,3.5403624
ddc_dzo_01931,unlabeled,Unknown,-1.2731683,-1.3581808,-2.9974113,10.71293,9.73599,4.282079
ddc_dzo_02876,unlabeled,Unknown,-0.33190584,1.3477349,-4.4166856,10.386926,10.02093,3.554701
ddc_dzo_02297,unlabeled,Unknown,1.3866129,1.7184095,-3.9894676,10.359216,9.912153,3.3111093
ddc_dzo_03597,unlabeled,Unknown,-4.843306,0.8361244,-0.76440644,10.708734,9.473384,3.4582827
ddc_dzo_07024,unlabeled,Unknown,0.90140927,1.0927234,-3.669808,10.705526,9.742097,4.046426
ddc_dzo_08067,unlabeled,Unknown,-2.317202,-0.536736,-2.6867409,10.901524,9.507155,3.6910522
ddc_dzo_01655,unlabeled,Unknown,-8.987579,-0.30163395,0.34753466,10.62324,4.7423105,10.316987
ddc_dzo_09416,unlabeled,Unknown,2.0379534,-0.06436628,-2.4103713,9.1672125,10.079849,7.8375263
ddc_dzo_05231,unlabeled,Unknown,-0.20231366,1.0314063,-1.3809888,9.320722,9.983809,9.610931
ddc_dzo_02040,unlabeled,Unknown,-5.5898924,-0.32208467,-0.37940946,10.387369,5.124614,9.5062895
ddc_dzo_01843,unlabeled,Unknown,1.6045744,0.7227359,0.15481782,11.236641,10.593768,6.828696
ddc_dzo_09207,unlabeled,Unknown,2.9807506,-0.81126404,-2.6306684,10.3495655,10.175764,7.4466057
ddc_dzo_00909,unlabeled,Unknown,2.0702968,1.7530286,-0.17499352,10.2399645,12.079826,10.116768
ddc_dzo_06483,unlabeled,Unknown,0.5780854,0.33508778,-1.4402289,11.193915,10.824865,7.9500546
ddc_dzo_09667,unlabeled,Unknown,1.0861471,0.8196399,0.28952694,11.101132,10.51526,7.1365223
ddc_dzo_06709,unlabeled,Unknown,-9.911998,-1.1195341,1.479918,10.533594,4.920062,10.633759
ddc_dzo_08299,unlabeled,Unknown,0.29917812,2.2587929,0.19536352,12.194677,10.593189,9.512437
ddc_dzo_07899,unlabeled,Unknown,1.9268389,-0.1872859,-1.5779104,12.429394,9.626848,7.49284
ddc_dzo_08404,unlabeled,Unknown,0.3682716,0.71309733,0.12026453,12.395607,10.771956,10.335033
ddc_dzo_04804,unlabeled,Unknown,1.1735563,2.096986,-0.38821077,12.236834,10.258349,9.575983
ddc_dzo_03330,unlabeled,Unknown,0.019722342,1.455473,-3.9518442,10.482162,9.903064,3.2585607
ddc_dzo_00343,unlabeled,Unknown,-0.5422565,0.7306173,0.8278314,11.099781,10.183419,8.127319
ddc_dzo_01141,unlabeled,Unknown,-9.650597,-0.5673108,0.17045331,10.156356,4.8462334,9.89575
ddc_dzo_00348,unlabeled,Unknown,2.2260897,0.25869143,-0.055208445,11.768801,10.521719,8.897239
ddc_dzo_08337,unlabeled,Unknown,-10.26286,-0.06704974,0.26673284,10.209178,4.2055597,9.389256
ddc_dzo_06752,unlabeled,Unknown,1.759417,-0.018421326,-0.036865592,10.02139,10.065527,9.455034
ddc_dzo_08444,unlabeled,Unknown,0.18398598,2.4512353,0.78925407,13.267723,8.834312,7.7535286
ddc_dzo_02812,unlabeled,Unknown,3.5365496,1.3307583,-0.9376459,10.423572,10.669416,6.5270166
ddc_dzo_09288,unlabeled,Unknown,1.9361126,0.92997384,-0.51016366,10.954543,10.582076,7.0822215
ddc_dzo_02660,unlabeled,Unknown,1.435758,1.1738495,-1.1139004,10.359756,10.506967,9.282567
ddc_dzo_03274,unlabeled,Unknown,2.436374,0.02894926,-0.4941554,10.86007,10.432477,6.57614
ddc_dzo_04214,unlabeled,Unknown,-8.270426,2.945053,0.06535351,10.564305,4.7035747,9.531643
ddc_dzo_04596,unlabeled,Unknown,1.1795247,-1.3381107,0.7286604,11.739147,10.487863,9.547354
ddc_dzo_03173,unlabeled,Unknown,2.697805,0.4388821,-0.32036352,10.1563635,10.314226,7.898482
ddc_dzo_07056,unlabeled,Unknown,-11.005025,-0.87001085,1.210825,9.800197,5.313844,10.904256
ddc_dzo_07282,unlabeled,Unknown,1.0691595,0.028243244,0.116265774,10.518055,12.101873,8.085719
ddc_dzo_03391,unlabeled,Unknown,0.75271964,-0.42345682,-1.825467,10.213311,11.144622,8.026804
ddc_dzo_05993,unlabeled,Unknown,2.5027285,0.15766835,0.37507385,11.625998,11.814157,8.828928
ddc_dzo_05567,unlabeled,Unknown,0.81923294,-0.036643386,0.33951855,12.308796,10.611672,10.248552
ddc_dzo_08681,unlabeled,Unknown,0.1515646,0.26823598,0.6936419,10.744253,10.181985,8.48365
ddc_dzo_04865,unlabeled,Unknown,1.4477097,-0.006748438,1.0594982,9.639557,10.860136,7.459186
ddc_dzo_06513,unlabeled,Unknown,-9.184365,0.576867,0.93456095,10.215552,4.283317,9.815436
ddc_dzo_01398,unlabeled,Unknown,-10.991511,-0.13184047,1.4121577,10.028146,4.114602,9.683683
ddc_dzo_03625,unlabeled,Unknown,-10.103321,-0.08650732,0.7172291,10.553612,4.7710633,10.085112
ddc_dzo_05305,unlabeled,Unknown,-8.519107,0.77251863,-0.16650152,10.441152,4.5802135,9.712952
ddc_dzo_06955,unlabeled,Unknown,-8.9497175,-0.015068144,-0.12356901,10.049767,4.3290515,9.50529
ddc_dzo_00975,unlabeled,Unknown,-1.1528058,1.2389548,-3.6702175,10.298625,9.37721,3.3340268
ddc_dzo_00827,unlabeled,Unknown,-0.11550641,1.6882951,-4.7188096,10.31509,9.440307,3.2717164
ddc_dzo_09281,unlabeled,Unknown,-5.713993,-1.0974188,-2.9069424,10.643678,9.22522,3.5063221
ddc_dzo_08850,unlabeled,Unknown,-0.5462013,1.1246314,-7.4528494,10.793786,9.639777,3.8319952
ddc_dzo_00957,unlabeled,Unknown,-3.469194,0.9116802,-2.6677208,10.607004,9.21456,3.7165415
ddc_dzo_09600,unlabeled,Unknown,-2.7139916,-1.956358,-1.2963984,9.401255,10.033621,6.882243
ddc_dzo_07704,unlabeled,Unknown,-3.7748692,2.1216102,-2.5956554,10.506438,9.1314745,3.625275
ddc_dzo_05082,unlabeled,Unknown,-0.6070782,3.961213,-5.476651,10.826196,9.63572,3.2568219
ddc_dzo_09461,unlabeled,Unknown,-3.0359273,1.1959729,-2.657189,10.701,9.449354,3.343976
ddc_dzo_05763,unlabeled,Unknown,-1.4517074,0.806098,-1.4480145,10.641111,9.24646,3.8342657
ddc_dzo_07953,unlabeled,Unknown,-1.6939319,0.32655907,-2.1930096,10.699663,9.514246,3.3006878
ddc_dzo_07020,unlabeled,Unknown,-0.09188604,2.3830216,-1.5115076,10.608927,9.557,3.3122215
ddc_dzo_00966,unlabeled,Unknown,-1.7646872,1.1629117,-5.0515966,10.673766,9.679376,3.204308
ddc_dzo_06161,unlabeled,Unknown,0.0036234856,2.3340526,-4.5477777,10.33333,9.429203,3.2959628
ddc_dzo_06047,unlabeled,Unknown,-1.9097048,2.615903,-3.5068972,10.580143,9.269505,3.7860296
ddc_dzo_01756,unlabeled,Unknown,-1.502289,2.520999,-3.3667011,10.948392,9.759997,3.0916634
ddc_dzo_03852,unlabeled,Unknown,0.6958045,2.363992,-2.558795,10.839203,9.780443,3.2586813
ddc_dzo_03079,unlabeled,Unknown,-1.9925439,2.776874,-3.7739453,10.854014,9.548208,3.592042
ddc_dzo_09729,unlabeled,Unknown,-1.1586729,0.5209727,-2.5404282,10.683617,9.502876,3.546761
ddc_dzo_08487,unlabeled,Unknown,-1.4096038,0.79033756,-3.9189644,10.757137,9.786251,4.3296227
ddc_dzo_01335,unlabeled,Unknown,-0.09275293,2.570967,-3.1286159,10.753795,9.772622,3.7722178
ddc_dzo_06595,unlabeled,Unknown,0.07616022,0.92392635,-2.3141112,10.745581,9.572642,3.7716966
ddc_dzo_02293,unlabeled,Unknown,-2.8504179,0.8987956,-3.3954222,10.56912,9.195832,3.7185497
ddc_dzo_07609,unlabeled,Unknown,-2.9660296,0.7421298,-3.3113546,10.574965,9.503278,3.5220606
ddc_dzo_02178,unlabeled,Unknown,-1.3967831,1.567157,-0.72252977,10.626556,9.329979,3.719458
ddc_dzo_02073,unlabeled,Unknown,-2.3212845,-0.9906454,-3.0036776,10.8286085,9.562195,3.4029195
ddc_dzo_04568,unlabeled,Unknown,-2.8688505,2.093633,-3.1605885,10.324057,9.402912,3.3408694
ddc_dzo_00526,unlabeled,Unknown,0.7823224,2.0018508,-3.3213117,10.365887,9.601962,3.511392
ddc_dzo_03278,unlabeled,Unknown,0.2974199,0.804399,-2.868406,10.8966,9.713226,3.1687815
ddc_dzo_04662,unlabeled,Unknown,-3.581842,-0.42045355,-2.748462,10.547319,9.17436,3.5916364
ddc_dzo_01989,unlabeled,Unknown,0.5142834,1.8396649,-2.658752,10.817837,9.600665,3.2118595
ddc_dzo_02823,unlabeled,Unknown,0.70201683,1.1560011,-2.552373,10.742546,9.470983,3.5303533
ddc_dzo_01079,unlabeled,Unknown,0.8114831,0.82168984,-5.133149,10.794914,9.827892,3.2402246
ddc_dzo_03813,unlabeled,Unknown,-3.1505268,0.5200734,-2.6949115,10.792467,9.37932,4.210787
ddc_dzo_03938,unlabeled,Unknown,-3.3116794,-0.85624385,-2.944464,10.52676,9.177065,3.6074398
ddc_dzo_01534,unlabeled,Unknown,-1.3961117,0.4089508,-3.1191924,10.794597,9.602889,3.252799
ddc_dzo_02989,unlabeled,Unknown,-2.8048072,1.8784001,-2.1065965,10.746382,9.31531,4.094354
ddc_dzo_09039,unlabeled,Unknown,-0.3290527,1.3769946,-3.6453135,10.636421,9.6360035,3.2081614
ddc_dzo_00233,unlabeled,Unknown,2.4572701,1.6564946,-3.5559897,10.298362,9.371594,3.3069193
ddc_dzo_09424,unlabeled,Unknown,-0.5281284,1.7050118,-3.4899693,10.788651,9.7181635,3.2553751
ddc_dzo_05621,unlabeled,Unknown,-5.24024,0.86169994,-1.7243867,10.189278,4.3566895,9.380937
ddc_dzo_07848,unlabeled,Unknown,-3.4121578,1.1244411,-2.75401,10.60619,9.164384,3.6413324
ddc_dzo_08754,unlabeled,Unknown,-1.9027761,0.8487592,-3.5954282,10.718273,9.646324,4.266979
ddc_dzo_08731,unlabeled,Unknown,-0.729967,2.0413225,-4.396711,10.763168,9.532797,3.6877937
ddc_dzo_05042,unlabeled,Unknown,-4.2803397,0.37094164,-1.5195422,10.645234,9.302127,3.5262952
ddc_dzo_01932,unlabeled,Unknown,-0.65834665,1.9279346,-1.8226414,10.686638,9.218996,3.7595103
ddc_dzo_08645,unlabeled,Unknown,-0.9195415,-0.028509617,-1.4770417,10.658598,9.614155,4.032871
ddc_dzo_01617,unlabeled,Unknown,-1.7795074,4.1399765,-2.5086298,10.625368,9.490931,3.2958093
ddc_dzo_02150,unlabeled,Unknown,-3.2608378,1.9227571,-2.6919322,10.646551,9.451593,3.3023431
ddc_dzo_09180,unlabeled,Unknown,-1.8606752,1.2064573,-1.1646342,10.803314,9.729462,3.7365868
ddc_dzo_06845,unlabeled,Unknown,-1.0810556,-0.034687266,-15.467648,13.056752,4.7732472,5.4568977
ddc_dzo_00599,unlabeled,Unknown,-0.46172905,3.0081625,-14.121819,13.116368,4.849917,5.4854126
ddc_dzo_09853,unlabeled,Unknown,-1.6746483,0.35407305,-8.3854065,12.756567,5.321469,5.5203767
ddc_dzo_02575,unlabeled,Unknown,-1.4996986,0.47280014,-7.2004576,12.885224,5.4348383,5.4829993
ddc_dzo_04116,unlabeled,Unknown,-2.0579453,1.2108105,-7.6930714,12.919398,5.238851,5.752595
ddc_dzo_00403,unlabeled,Unknown,-0.3322382,3.1638427,-10.221006,13.0682955,4.8678093,5.505008
ddc_dzo_06258,unlabeled,Unknown,-2.163456,0.30764604,-11.165096,12.880262,4.9992213,5.5108767
ddc_dzo_06393,unlabeled,Unknown,-0.71102047,1.2303106,-10.010284,13.147629,4.8557954,5.5337462
ddc_dzo_07336,unlabeled,Unknown,-3.5914888,1.4371558,-8.47548,13.156744,4.8001127,5.599804
ddc_dzo_07006,unlabeled,Unknown,-0.64656353,1.8140647,-10.797982,12.84895,5.120801,5.3065023
ddc_dzo_00863,unlabeled,Unknown,-0.86263037,0.82512957,-12.594647,12.559245,5.1333933,5.2209983
ddc_dzo_03175,unlabeled,Unknown,-2.6937017,2.4311416,-10.5872345,12.990122,4.859872,5.513329
ddc_dzo_06614,unlabeled,Unknown,-2.0776052,0.6536522,-12.11602,12.951378,4.861109,5.4837112
ddc_dzo_04028,unlabeled,Unknown,-2.1989145,0.80793643,-8.257484,13.288462,4.8859105,5.7131906
ddc_dzo_09260,unlabeled,Unknown,-2.7580404,0.10407281,-6.549261,13.335072,4.977368,5.724299
ddc_dzo_00791,unlabeled,Unknown,-0.5719366,1.2917312,-7.532835,13.220949,5.2322803,5.5476084
ddc_dzo_07767,unlabeled,Unknown,-3.073637,2.252787,-7.330263,13.295719,5.2927785,5.65192
ddc_dzo_07725,unlabeled,Unknown,-0.8565941,1.4951186,-7.555394,13.23247,5.3844748,5.606768
ddc_dzo_00434,unlabeled,Unknown,-1.9584467,1.3406186,-8.081654,13.135751,5.5214796,5.664276
ddc_dzo_08144,unlabeled,Unknown,-0.17838669,4.676528,-11.808285,13.200147,4.908465,5.5110483
ddc_dzo_02366,unlabeled,Unknown,-1.4526806,0.55594945,-8.510838,13.286535,5.093874,5.6360426
ddc_dzo_03701,unlabeled,Unknown,-2.3641253,2.4394078,-8.1494,13.392501,4.8873773,5.572436
ddc_dzo_05783,unlabeled,Unknown,-1.314971,3.031732,-10.084482,12.850017,5.358658,5.560622
ddc_dzo_07549,unlabeled,Unknown,-1.5776234,0.7427176,-10.184769,12.568492,5.651319,5.573249
ddc_dzo_03254,unlabeled,Unknown,-5.2310123,0.46726456,-8.093148,12.718044,5.9198294,5.8153377
ddc_dzo_09498,unlabeled,Unknown,-2.6769705,0.99932593,-10.149878,12.975462,5.094075,5.6678305
ddc_dzo_04393,unlabeled,Unknown,-2.1177225,1.9140817,-4.0690417,12.065477,11.6225,9.911422
ddc_dzo_00911,unlabeled,Unknown,-1.9536057,0.50631106,-7.9150057,13.192575,4.990343,5.606266
ddc_dzo_01441,unlabeled,Unknown,-2.7440345,1.7748685,-6.6996,12.663582,5.816271,5.6250463
ddc_dzo_09430,unlabeled,Unknown,-1.0892372,0.17552263,-14.501975,13.124902,5.215227,5.5340047
ddc_dzo_06692,unlabeled,Unknown,-3.7446182,0.2503448,-4.6717253,13.021284,5.7490125,5.862847
ddc_dzo_03482,unlabeled,Unknown,-5.4339113,1.2658134,-6.732373,13.065442,5.4810953,5.699229
ddc_dzo_06900,unlabeled,Unknown,-5.381167,0.51665235,-9.562475,12.617054,5.8090034,5.690985
ddc_dzo_05063,unlabeled,Unknown,-2.7729568,1.3623813,-13.079016,12.92287,5.284287,5.4512796
ddc_dzo_06839,unlabeled,Unknown,-1.824769,1.0700263,-11.758522,12.84095,5.2641873,5.4062304
ddc_dzo_06509,unlabeled,Unknown,-0.2699852,1.73005,-10.082991,13.060578,5.0152884,5.5178013
ddc_dzo_09608,unlabeled,Unknown,0.64999676,0.091502815,-14.943089,12.92599,4.84115,5.4494057
ddc_dzo_04284,unlabeled,Unknown,-2.8586245,1.0519668,-9.742685,12.741012,5.4434433,5.5342894
ddc_dzo_04929,unlabeled,Unknown,-5.538,1.253967,-10.669199,-4.786112,5.025409,8.33173
ddc_dzo_04812,unlabeled,Unknown,-2.3884258,1.4601744,-10.139858,12.897815,5.3775616,5.7402225
ddc_dzo_06417,unlabeled,Unknown,-0.55543184,-0.12242365,-9.531553,12.633431,5.6269307,5.482641
ddc_dzo_05271,unlabeled,Unknown,-1.039917,1.3798434,-11.965271,13.240066,4.948638,5.5584445
ddc_dzo_07293,unlabeled,Unknown,1.8929423,0.98983026,0.2808865,9.449159,11.118425,10.215054
ddc_dzo_07998,unlabeled,Unknown,-0.12777203,-1.0325953,1.0326103,10.895691,9.84558,9.172554
ddc_dzo_08882,unlabeled,Unknown,1.0699315,2.4733381,1.0949345,9.898456,10.521303,7.4288006
ddc_dzo_03303,unlabeled,Unknown,2.9140224,0.7994813,-0.80435336,10.293757,10.304005,8.097715
ddc_dzo_05196,unlabeled,Unknown,1.4533284,-2.044335,-0.3107853,11.566726,9.893394,7.911369
ddc_dzo_05657,unlabeled,Unknown,1.310411,0.32765913,0.04757881,9.336761,10.460946,8.238475
ddc_dzo_04328,unlabeled,Unknown,0.4482293,0.29328537,1.617817,11.065292,10.787106,6.811276
ddc_dzo_01252,unlabeled,Unknown,0.015435934,-0.9147837,0.06845832,11.3766365,10.442718,9.985381
ddc_dzo_09358,unlabeled,Unknown,1.718087,-0.03759384,0.68586767,11.625223,11.786779,8.835003
ddc_dzo_01697,unlabeled,Unknown,1.7326319,0.0131931305,-0.5979619,9.556296,11.790482,6.9167004
ddc_dzo_06636,unlabeled,Unknown,1.861582,-1.5192654,-0.7292261,9.23135,10.4499445,8.408214
ddc_dzo_03749,unlabeled,Unknown,0.03297305,-0.98821485,-0.18296623,8.947993,10.060306,8.751333
ddc_dzo_04428,unlabeled,Unknown,1.2452153,-0.08751023,-0.7226987,8.784784,10.305598,8.759594
ddc_dzo_00695,unlabeled,Unknown,2.0899844,0.5630007,0.5053272,10.656407,10.573002,6.9550624
ddc_dzo_03380,unlabeled,Unknown,1.3133146,-0.9312918,1.0064058,8.842712,10.206037,8.777563
ddc_dzo_07638,unlabeled,Unknown,1.4588573,0.17820394,-0.32525873,9.063499,9.9830475,7.700143
ddc_dzo_05378,unlabeled,Unknown,-1.5570531,-0.60430074,-0.3726554,9.425106,10.388562,7.7248726
ddc_dzo_02315,unlabeled,Unknown,2.697764,0.27958298,1.3286204,11.46386,11.061079,10.5369
ddc_dzo_01824,unlabeled,Unknown,0.9144988,0.8812095,-2.2806485,11.381184,11.715678,9.089906
ddc_dzo_05911,unlabeled,Unknown,1.9328988,-0.7337216,-0.7872367,10.337351,11.417143,7.8257155
ddc_dzo_07632,unlabeled,Unknown,1.2913053,-0.23889321,0.26777387,9.284456,10.378054,8.359594
ddc_dzo_03396,unlabeled,Unknown,1.0848234,3.0512586,0.70686805,11.551084,11.748548,8.769219
ddc_dzo_03788,unlabeled,Unknown,-0.17429352,0.55449855,-2.1724677,10.13793,10.660509,7.2728667
ddc_dzo_07060,unlabeled,Unknown,0.7293298,0.36674726,0.7956959,11.835575,10.35365,8.745084
ddc_dzo_04353,unlabeled,Unknown,-9.689325,-0.9377595,0.062051922,10.642839,4.815835,9.655423
ddc_dzo_06050,unlabeled,Unknown,-2.150311,2.7832484,-2.0518553,10.785444,9.477827,3.6878512
ddc_dzo_04387,unlabeled,Unknown,-0.20183724,1.6798692,-3.409307,10.7007675,9.668919,3.8463554
ddc_dzo_03959,unlabeled,Unknown,-1.9021212,-1.2775478,-2.0404253,10.931548,9.586685,3.1879108
ddc_dzo_06982,unlabeled,Unknown,-1.4306498,2.9215777,-5.2437563,10.442108,9.803169,3.1447675
ddc_dzo_05595,unlabeled,Unknown,-2.1692748,2.0619488,-1.8339837,10.478632,9.50491,3.545333
ddc_dzo_00714,unlabeled,Unknown,1.3042154,2.2339265,-3.3363097,10.587618,9.453767,3.8920293
ddc_dzo_02940,unlabeled,Unknown,-0.490682,0.4289701,-4.901675,10.461794,9.646318,3.7243826
ddc_dzo_07180,unlabeled,Unknown,-1.4001669,0.5639832,-5.5370016,10.783553,9.774651,3.7254817
ddc_dzo_04481,unlabeled,Unknown,-3.3918984,-0.22720933,-1.8968141,10.445549,9.74941,4.0799828
ddc_dzo_00128,unlabeled,Unknown,0.08724737,0.337878,-7.1947403,10.334757,9.461117,3.5067706
ddc_dzo_07228,unlabeled,Unknown,-1.6977403,1.9220347,-1.4842296,10.683297,9.41543,4.0109587
ddc_dzo_06948,unlabeled,Unknown,-0.8085664,0.81049895,-5.674258,10.556801,9.651333,4.303031
ddc_dzo_01377,unlabeled,Unknown,-0.54999447,2.2458093,-11.483068,12.764434,4.7323976,5.3595824
ddc_dzo_05391,unlabeled,Unknown,-4.849009,0.34195387,-4.56123,10.187839,5.807742,10.186768
ddc_dzo_04782,unlabeled,Unknown,-4.5267463,-0.5473654,-1.1995008,9.691135,5.243392,10.300529
ddc_dzo_04907,unlabeled,Unknown,-3.4959555,1.5279799,-3.6529927,12.657866,6.0154247,5.7597113
ddc_dzo_00888,unlabeled,Unknown,-5.2050924,1.0837457,-3.7966027,13.008222,5.7547436,6.083053
ddc_dzo_02388,unlabeled,Unknown,-1.3660964,1.1651574,-4.323363,12.605988,6.273042,5.8508615
ddc_dzo_01851,unlabeled,Unknown,-4.571105,0.32240188,-1.2460696,12.568468,6.254951,5.880712
ddc_dzo_00456,unlabeled,Unknown,-1.2052529,1.4846244,-0.9264586,10.798819,9.465368,4.2002745
ddc_dzo_07592,unlabeled,Unknown,-5.3377476,0.1371398,-2.3751721,9.922073,4.462941,9.317304
ddc_dzo_00317,unlabeled,Unknown,-3.2932582,0.17911267,-3.0854723,12.707896,6.1356826,5.9147673
ddc_dzo_06798,unlabeled,Unknown,-4.9277534,0.99143684,-4.210686,13.021425,7.316586,6.5072465
ddc_dzo_07444,unlabeled,Unknown,-0.9741652,-0.36529684,-0.8681828,10.71858,9.191905,3.9677098
ddc_dzo_05206,unlabeled,Unknown,-2.7534142,0.44072247,-5.5778146,10.874376,9.568281,3.2327094
ddc_dzo_05649,unlabeled,Unknown,-4.040466,1.5769436,-2.8379507,10.554201,9.123838,3.642256
ddc_dzo_04244,unlabeled,Unknown,-0.27382016,2.9773269,-2.2732465,10.722459,9.364811,3.6920686
ddc_dzo_03050,unlabeled,Unknown,-3.1457264,-1.4251335,-1.0456355,9.69864,4.2790346,9.638704
ddc_dzo_09523,unlabeled,Unknown,-2.9120293,1.378549,-4.65459,12.600912,6.2529926,5.93035
ddc_dzo_01656,unlabeled,Unknown,-4.9576187,1.1904695,-1.6045556,10.820809,5.840499,10.210512
ddc_dzo_04551,unlabeled,Unknown,-3.8261547,1.663374,-0.5058123,10.784347,9.285373,3.705049
ddc_dzo_05122,unlabeled,Unknown,-4.8307776,1.1756096,-0.80936575,13.021865,7.5567985,6.4499083
ddc_dzo_08465,unlabeled,Unknown,-3.839172,0.5422722,-3.1136367,12.920709,5.801502,5.909358
ddc_dzo_04654,unlabeled,Unknown,-2.2649086,0.80964184,-7.177579,12.606726,6.2237625,5.8232217
ddc_dzo_09761,unlabeled,Unknown,-4.308233,2.177153,-6.6167173,12.712231,6.481703,6.0480976
ddc_dzo_09955,unlabeled,Unknown,-5.712793,1.2410295,-4.027997,12.575061,6.4599757,5.875634
ddc_dzo_03189,unlabeled,Unknown,-1.0276396,2.7256088,-6.1008487,12.704623,6.4050756,6.0010977
ddc_dzo_04179,unlabeled,Unknown,-5.5919914,0.21319425,-4.1425323,12.650263,6.216783,5.9911447
ddc_dzo_09586,unlabeled,Unknown,-0.6651416,2.2734785,-4.3696203,12.789293,6.1082115,5.927705
ddc_dzo_03540,unlabeled,Unknown,-1.9237056,3.4582691,-14.587384,-4.938853,5.2390823,8.506963
ddc_dzo_09165,unlabeled,Unknown,-0.49021673,1.3902304,-12.906934,-4.907085,5.3494153,8.567982
ddc_dzo_02246,unlabeled,Unknown,-1.1774733,0.3758683,-12.465418,-4.896147,5.146293,8.430463
ddc_dzo_08178,unlabeled,Unknown,-2.3247886,2.650222,-11.2430315,-4.940159,5.2048116,8.476353
ddc_dzo_06805,unlabeled,Unknown,-0.8843465,1.1656173,-11.04138,-4.9771237,5.225896,8.508687
ddc_dzo_03372,unlabeled,Unknown,-1.6502967,-0.22309661,-11.90114,-5.1135907,5.2137456,8.574167
ddc_dzo_08771,unlabeled,Unknown,0.06521654,-0.32046676,-10.981876,-4.9728155,5.186153,8.533969
ddc_dzo_03628,unlabeled,Unknown,-2.3279238,-1.0606116,-11.461258,-4.815879,5.0662026,8.392877
ddc_dzo_03856,unlabeled,Unknown,-2.0905662,-0.9503666,-11.547095,-4.806918,5.049331,8.352862
ddc_dzo_08728,unlabeled,Unknown,-1.5720773,1.0559273,-10.156858,-4.7851934,5.0833793,8.348446
ddc_dzo_08277,unlabeled,Unknown,-2.8382473,1.4521362,-10.476812,-4.9547124,5.1684833,8.451615
ddc_dzo_04499,unlabeled,Unknown,-2.3234704,-0.87230384,-13.21438,-4.9163966,5.171744,8.429272
ddc_dzo_09521,unlabeled,Unknown,-4.06349,4.00891,-12.841558,-4.739691,5.019329,8.302914
ddc_dzo_09947,unlabeled,Unknown,-1.644979,3.4606001,-12.160113,-5.0369244,5.249238,8.582391
ddc_dzo_00652,unlabeled,Unknown,-3.4244714,2.247178,-13.512104,-4.88215,5.224516,8.479346
ddc_dzo_07678,unlabeled,Unknown,-1.5161045,2.570636,-14.134219,-4.9537034,5.385377,8.621895
ddc_dzo_08027,unlabeled,Unknown,-0.83467054,3.674372,-16.600473,-4.935603,5.2001987,8.518821
ddc_dzo_05163,unlabeled,Unknown,-3.2960782,0.5903059,-13.815761,-4.9443254,5.476175,8.707055
ddc_dzo_00271,unlabeled,Unknown,-0.0986256,-0.7891487,-14.488763,-5.054752,5.4176893,8.702326
ddc_dzo_00301,unlabeled,Unknown,-2.320569,0.83389866,-11.56217,-4.9786816,5.242941,8.530822
ddc_dzo_07802,unlabeled,Unknown,-2.346714,2.853973,-16.63784,-4.9323235,5.4614606,8.689375
ddc_dzo_00575,unlabeled,Unknown,-1.4115324,-0.017510772,-11.364573,-5.0689344,5.230108,8.604759
ddc_dzo_08369,unlabeled,Unknown,-2.5374553,-2.201871,-13.012111,-4.905188,5.147688,8.440084
ddc_dzo_03789,unlabeled,Unknown,-2.374755,0.76573014,-13.160584,-5.135746,5.374815,8.532119
ddc_dzo_05918,unlabeled,Unknown,-2.693989,2.070485,-10.083588,-5.081878,5.3076615,8.627554
ddc_dzo_09496,unlabeled,Unknown,-1.89328,0.19215381,-11.950609,-4.7750006,5.0026374,8.316728
ddc_dzo_08555,unlabeled,Unknown,-0.7486429,2.0619495,-12.903394,-4.93445,5.4398775,8.659263
ddc_dzo_04622,unlabeled,Unknown,0.9319527,-0.86161137,-2.259341,10.58262,9.427878,7.757023
ddc_dzo_06972,unlabeled,Unknown,-1.7932501,3.180954,-13.464575,-4.743509,5.1520114,8.339956
ddc_dzo_00931,unlabeled,Unknown,0.71882486,0.60463834,-11.885979,-4.84958,5.052102,8.411286
ddc_dzo_05608,unlabeled,Unknown,-2.398859,-0.08210945,-10.25616,-4.782161,5.017726,8.330913
ddc_dzo_05570,unlabeled,Unknown,-5.3195753,-0.7624261,-11.003596,-4.7538395,4.9866657,8.303055
ddc_dzo_02319,unlabeled,Unknown,-1.5804572,0.8884897,-13.334528,-4.7627964,5.0494924,8.324044
ddc_dzo_08151,unlabeled,Unknown,-0.8445792,0.6934957,-11.474266,-5.113377,5.4656506,8.569288
ddc_dzo_00466,unlabeled,Unknown,0.0028047562,-0.68122065,-10.4247465,-4.885245,5.1104307,8.4508295
ddc_dzo_04719,unlabeled,Unknown,-3.9208877,0.9209664,-12.066091,-4.786692,5.093299,8.3316345
ddc_dzo_05849,unlabeled,Unknown,-1.949722,-0.28879234,-11.476196,-4.8569045,5.0826974,8.412496
ddc_dzo_05212,unlabeled,Unknown,-1.4416971,-1.0570736,-14.65333,-4.9177775,5.1985526,8.436442
ddc_dzo_00064,unlabeled,Unknown,-2.1870606,1.2147954,-14.926357,-4.7780123,5.130648,8.361399
ddc_dzo_09875,unlabeled,Unknown,-3.5355349,-2.8655539,-11.911983,-4.8001595,4.997892,8.33266
ddc_dzo_08318,unlabeled,Unknown,-3.3227584,1.944127,-14.940777,-4.9073987,5.4726915,8.648926
ddc_dzo_09816,unlabeled,Unknown,-3.9752831,0.18345737,-12.924383,-4.855853,5.115197,8.398911
ddc_dzo_09531,unlabeled,Unknown,0.644454,-0.10482876,-12.304465,-4.828784,5.024984,8.362218
ddc_dzo_05821,unlabeled,Unknown,-1.541764,2.2136438,-12.193278,-5.1549826,5.326819,8.606617
ddc_dzo_05734,unlabeled,Unknown,-3.1023262,0.61146486,-13.861158,-5.097476,5.289274,8.650487
ddc_dzo_04384,unlabeled,Unknown,-2.8986993,1.7916148,-10.644668,-4.785849,5.042367,8.364319
ddc_dzo_08521,unlabeled,Unknown,-10.617481,-0.6250825,1.7110529,10.145442,4.449587,10.407571
ddc_dzo_04019,unlabeled,Unknown,-5.4044323,1.6479571,1.9600756,9.85374,5.526983,11.4895735
ddc_dzo_02818,unlabeled,Unknown,-7.9688563,-0.521423,0.9400749,9.878058,4.714614,10.904915
ddc_dzo_00027,unlabeled,Unknown,-8.784569,-1.3831666,-0.50426257,9.784552,4.7513185,10.9452
ddc_dzo_07042,unlabeled,Unknown,-1.7974167,2.6334274,-4.647736,13.5591545,7.9518976,6.8297644
ddc_dzo_04973,unlabeled,Unknown,-7.072482,0.96976614,1.0906563,10.402888,4.40387,10.113714
ddc_dzo_05505,unlabeled,Unknown,1.2613976,-0.79056597,-0.078935325,10.75784,11.113504,9.506712
ddc_dzo_06557,unlabeled,Unknown,-0.82847196,1.3941478,-0.14501858,10.850567,5.8055296,10.130764
ddc_dzo_00085,unlabeled,Unknown,-2.2119002,8.435177,-2.468061,13.322559,7.4968386,6.55303
ddc_dzo_03907,unlabeled,Unknown,0.68601596,0.7349093,-0.47547483,9.362533,9.335375,9.548554
ddc_dzo_01826,unlabeled,Unknown,-0.09556854,-0.06731819,-0.9388188,9.957139,9.699693,9.703542
ddc_dzo_05448,unlabeled,Unknown,0.65294653,0.15996027,0.6705455,9.988367,9.047081,9.354881
ddc_dzo_09839,unlabeled,Unknown,0.78514117,-0.5167097,-0.11265963,10.422181,9.591196,7.66443
ddc_dzo_00496,unlabeled,Unknown,1.021277,-1.0570027,-0.8485843,10.062704,9.553307,8.728833
ddc_dzo_06436,unlabeled,Unknown,-0.41222763,9.760578,-3.8129418,13.499825,7.7144604,6.507591
ddc_dzo_05808,unlabeled,Unknown,-0.12837732,0.49828625,-0.55240726,9.542191,9.366325,9.61921
ddc_dzo_04047,unlabeled,Unknown,1.4863241,-0.6703228,0.39776182,11.932203,11.111671,10.403057
ddc_dzo_08296,unlabeled,Unknown,-5.370282,4.2379203,-5.1584105,13.132199,7.0478897,6.368557
ddc_dzo_08801,unlabeled,Unknown,-4.215225,6.3228607,-1.2350981,13.303922,7.571732,6.460599
ddc_dzo_04087,unlabeled,Unknown,-0.08559045,0.2574544,0.14895499,10.965889,9.345079,8.777502
ddc_dzo_07018,unlabeled,Unknown,-8.20166,-1.9048331,0.42410007,9.704479,4.974146,11.144368
ddc_dzo_03687,unlabeled,Unknown,1.7532368,-0.13372302,-0.24597287,9.642693,9.580869,9.785997
ddc_dzo_03458,unlabeled,Unknown,0.6774337,0.17119771,-0.17442822,10.721656,9.360724,9.722385
ddc_dzo_04570,unlabeled,Unknown,-0.7055507,0.22316784,0.1639409,12.21115,11.052708,10.5991955
ddc_dzo_01397,unlabeled,Unknown,-1.3737116,-0.40137196,-0.9454326,9.961435,9.430794,10.011023
ddc_dzo_02556,unlabeled,Unknown,-0.46226406,-1.426507,0.072793484,9.59514,9.381924,9.732702
ddc_dzo_03083,unlabeled,Unknown,-7.541615,-1.4008545,-0.53200567,10.257845,4.8255844,10.728347
ddc_dzo_08613,unlabeled,Unknown,-3.6574488,5.401175,-4.1230884,13.294824,7.4871554,6.558753
ddc_dzo_07258,unlabeled,Unknown,-2.277175,6.92904,-1.1659114,13.449373,7.8645945,6.8752913
ddc_dzo_05055,unlabeled,Unknown,-0.47564435,0.13287258,-3.967237,11.754614,10.007459,8.740249
ddc_dzo_06534,unlabeled,Unknown,0.88079333,0.2525691,-1.9182136,10.589752,9.919006,9.700916
ddc_dzo_02969,unlabeled,Unknown,-1.0007278,0.765339,-0.19247591,10.327283,10.184105,8.206851
ddc_dzo_06910,unlabeled,Unknown,-0.3694721,-0.46476614,-0.5187081,9.875904,10.351109,10.228996
ddc_dzo_03139,unlabeled,Unknown,-1.0919112,2.512043,1.4163444,9.361128,9.498355,9.911596
ddc_dzo_03490,unlabeled,Unknown,0.29667774,-1.3904985,-2.2970524,9.199131,4.8241124,10.886438
ddc_dzo_02844,unlabeled,Unknown,-4.307332,7.241932,-0.9611864,13.313709,7.4913692,6.6033874
ddc_dzo_00177,unlabeled,Unknown,-0.6893886,-1.8083717,-0.7579105,11.819809,10.29338,9.481221
ddc_dzo_05489,unlabeled,Unknown,-0.6044586,-1.3042281,-0.36305654,10.194874,9.315476,10.274169
ddc_dzo_02220,unlabeled,Unknown,-8.482805,0.46784613,1.2261577,10.420437,4.7543263,9.616979
ddc_dzo_09337,unlabeled,Unknown,0.3027997,-0.15459532,-1.4367828,11.091631,10.251041,10.548817
ddc_dzo_05633,unlabeled,Unknown,-0.48267198,0.32972646,-0.76771164,10.2196,10.664389,7.2926197
ddc_dzo_02615,unlabeled,Unknown,-0.096000075,-1.2915958,-0.41048265,9.799129,4.724921,9.320342
ddc_dzo_09708,unlabeled,Unknown,-0.93969667,-0.14904779,-0.83676267,9.934578,9.180232,9.357055
ddc_dzo_01791,unlabeled,Unknown,0.7954211,0.2547678,1.460616,10.312502,10.311826,9.4958515
ddc_dzo_05282,unlabeled,Unknown,-7.6977043,-0.16629338,0.7417146,10.291728,4.8873057,10.511575
ddc_dzo_00470,unlabeled,Unknown,0.7601572,0.9001008,0.1621573,10.500385,9.582098,9.852423
ddc_dzo_08039,unlabeled,Unknown,-1.8909569,-1.5741439,0.08667672,9.557145,5.5238156,11.1036
ddc_dzo_01653,unlabeled,Unknown,1.053481,-0.1801556,-1.1780522,10.394609,9.266455,8.804017
ddc_dzo_05274,unlabeled,Unknown,0.96867514,-0.14195156,0.014988184,12.382164,9.392607,8.38402
ddc_dzo_03466,unlabeled,Unknown,0.06532073,-1.5117815,-0.51623464,10.379478,9.707067,10.714919
ddc_dzo_03667,unlabeled,Unknown,-2.7854347,8.806648,-5.6873965,13.368579,7.6254306,6.6911173
ddc_dzo_05450,unlabeled,Unknown,1.4301738,0.69479823,-0.16531515,9.958164,10.098249,7.55952
ddc_dzo_06115,unlabeled,Unknown,-1.923965,-0.8126428,-0.23777676,9.295061,9.394343,9.87066
ddc_dzo_09363,unlabeled,Unknown,-4.000066,3.6976595,-0.70283973,13.255322,7.4663315,6.5878
ddc_dzo_03880,unlabeled,Unknown,0.7790322,-0.12337679,0.2499106,10.78099,10.788061,8.1605625
ddc_dzo_00775,unlabeled,Unknown,0.07551122,-0.088041425,-0.51151466,10.548546,9.667545,10.611208
ddc_dzo_01928,unlabeled,Unknown,-0.859745,-1.3193545,-0.06406894,9.705826,9.417303,9.856886
ddc_dzo_08958,unlabeled,Unknown,-0.126858,-1.0138305,-1.1622239,9.317594,9.178228,9.588006
ddc_dzo_03306,unlabeled,Unknown,0.117844045,-0.15542597,-1.3802788,10.811329,10.025456,10.671811
ddc_dzo_09057,unlabeled,Unknown,0.041071415,-0.27932274,-0.89121103,10.99906,9.677653,10.081419
ddc_dzo_08378,unlabeled,Unknown,-8.951238,-0.34676903,-1.2585273,10.330213,4.760002,9.892307
ddc_dzo_07111,unlabeled,Unknown,-1.6578827,9.977481,-3.3463573,13.355314,7.627672,6.5983987
ddc_dzo_04177,unlabeled,Unknown,-0.9241495,-0.9417794,-0.3557815,10.273771,9.633976,9.628499
ddc_dzo_01373,unlabeled,Unknown,-2.360117,-0.007933378,-0.32466114,9.518618,5.3490157,10.795839
ddc_dzo_05913,unlabeled,Unknown,-0.5124689,-0.22217679,-0.7990909,10.864661,9.766998,8.9369755
ddc_dzo_00371,unlabeled,Unknown,-0.1879406,5.51171,-3.6699846,13.307321,7.4912324,6.4792266
ddc_dzo_06890,unlabeled,Unknown,-0.39696074,0.41326976,-0.32150948,10.310296,9.772185,10.706322
ddc_dzo_06453,unlabeled,Unknown,-8.041135,-1.6422925,0.51876974,9.309047,4.8521376,10.949391
ddc_dzo_01423,unlabeled,Unknown,-0.005474925,-0.055611372,-0.39676762,11.820167,9.5760975,8.378431
ddc_dzo_01289,unlabeled,Unknown,-0.2054112,-0.9327359,0.1527586,9.7208,9.242264,9.735009
ddc_dzo_01026,unlabeled,Unknown,-0.8742286,0.5426061,-0.28278816,10.364572,10.543092,10.956167
ddc_dzo_07934,unlabeled,Unknown,-0.7211933,-0.05624926,-0.43171597,10.539247,9.61292,9.808378
ddc_dzo_08694,unlabeled,Unknown,0.7124729,-0.84515977,-0.7307874,8.753701,10.755576,10.030537
ddc_dzo_02237,unlabeled,Unknown,1.6166741,1.3362644,-2.470716,11.247737,11.369515,8.324761
ddc_dzo_02020,unlabeled,Unknown,0.021989584,0.2977209,-0.2981838,9.626094,9.40115,9.47673
ddc_dzo_04994,unlabeled,Unknown,-1.7075357,5.919679,-4.6237144,11.915774,9.32751,9.8609295
ddc_dzo_05692,unlabeled,Unknown,1.9692223,-0.8238561,-0.7308347,10.927683,10.008665,10.518445
ddc_dzo_02275,unlabeled,Unknown,-0.12834334,-0.25062156,-1.3544245,9.694241,9.582514,10.623925
ddc_dzo_01326,unlabeled,Unknown,-0.4505055,0.7733637,0.085219026,11.151859,9.38683,8.017488
ddc_dzo_02631,unlabeled,Unknown,-0.69841933,-0.043360934,-0.57405925,10.650497,9.181515,9.217141
ddc_dzo_09216,unlabeled,Unknown,1.2817358,-0.65411913,-0.87672496,9.472426,10.187618,10.730819
ddc_dzo_04677,unlabeled,Unknown,-3.5366333,-1.0013318,0.18887234,9.128388,4.7991977,10.924724
ddc_dzo_08215,unlabeled,Unknown,-0.19556606,0.90240407,-0.33508122,10.395712,9.272853,9.4588995
ddc_dzo_08887,unlabeled,Unknown,1.3779167,-0.11810207,-0.032218367,11.269711,10.446198,8.709424
ddc_dzo_04497,unlabeled,Unknown,1.3214947,0.40837651,-1.1626654,10.063622,9.902663,9.369238
ddc_dzo_06149,unlabeled,Unknown,-0.19442576,-0.40602857,0.68331194,11.672236,10.792367,10.193013
ddc_dzo_09637,unlabeled,Unknown,0.8408904,2.8105574,-2.4778678,11.436497,10.837219,8.430692
ddc_dzo_04600,unlabeled,Unknown,-1.0020089,0.33334816,-0.6323681,10.550373,10.006099,10.563268
ddc_dzo_09703,unlabeled,Unknown,-7.8405285,-1.8917496,0.6439078,9.234027,4.8644314,11.026119
ddc_dzo_00677,unlabeled,Unknown,-0.35970533,1.1707237,0.5052682,11.273021,9.773178,7.5312643
ddc_dzo_05429,unlabeled,Unknown,1.5690684,-0.8180789,0.29294896,9.216258,11.596524,9.282835
ddc_dzo_09869,unlabeled,Unknown,-7.788082,-1.4278812,-0.48655486,9.233741,5.4589458,10.990935
ddc_dzo_06743,unlabeled,Unknown,1.7811635,0.035628796,-0.3111065,10.173453,10.200586,9.464564
ddc_dzo_00030,unlabeled,Unknown,0.86055034,0.60664535,-0.5412424,10.880368,10.650787,8.568088
ddc_dzo_04712,unlabeled,Unknown,-5.7993555,0.36459956,-1.1076074,10.07273,4.6800838,9.20323
ddc_dzo_05878,unlabeled,Unknown,1.2847526,0.4780358,-0.98551583,10.275739,10.03128,10.163226
ddc_dzo_04025,unlabeled,Unknown,0.2429297,0.33963895,-0.22952437,11.814172,10.511024,9.890417
ddc_dzo_09784,unlabeled,Unknown,0.35614115,-0.95509976,-0.76706827,11.033165,10.858757,9.5362
ddc_dzo_09423,unlabeled,Unknown,-0.44596124,0.77241135,0.03687048,10.908468,9.868058,10.170338
ddc_dzo_03409,unlabeled,Unknown,1.6920545,-0.24726474,0.2553618,11.543852,10.531355,9.89403
ddc_dzo_01554,unlabeled,Unknown,0.34707308,-0.67336166,-1.0428872,10.606721,10.33267,9.396812
ddc_dzo_09986,unlabeled,Unknown,1.0025895,1.1969851,-0.6190915,9.534318,10.277361,7.1186895
ddc_dzo_09604,unlabeled,Unknown,0.18002443,-0.14375114,0.4203825,9.532236,11.560268,9.940032
ddc_dzo_07335,unlabeled,Unknown,2.043548,-0.8249421,-0.736509,10.072285,10.650719,7.513437
ddc_dzo_07366,unlabeled,Unknown,0.9993256,0.49465716,0.9274349,11.432043,10.683598,9.553655
ddc_dzo_04024,unlabeled,Unknown,0.095402,-0.23192649,-0.6751385,9.778961,10.330558,9.372693
ddc_dzo_06007,unlabeled,Unknown,-3.421114,5.2592764,-1.8189862,13.291149,7.4996905,6.4826946
ddc_dzo_08808,unlabeled,Unknown,-6.2378182,0.25050437,0.9619957,9.308438,4.804199,10.074812
ddc_dzo_01473,unlabeled,Unknown,2.2883058,-1.3744044,0.39826977,10.491452,10.45835,8.293505
ddc_dzo_05995,unlabeled,Unknown,0.43562794,1.0591381,-1.302489,12.121912,11.042288,10.551384
ddc_dzo_05954,unlabeled,Unknown,-2.800834,0.62978315,-0.35249686,9.782457,9.804041,10.55557
ddc_dzo_01551,unlabeled,Unknown,0.72571653,-0.7926411,0.36778402,10.841543,10.712022,10.309189
ddc_dzo_05085,unlabeled,Unknown,0.46049523,-1.1323533,0.24774313,10.433813,9.419933,8.885384
ddc_dzo_06542,unlabeled,Unknown,0.42335773,-1.2771634,-0.21890116,10.0722,10.904153,7.913017
ddc_dzo_09254,unlabeled,Unknown,0.64566386,-0.1474371,-0.6335368,11.375498,10.586486,10.574023
ddc_dzo_05240,unlabeled,Unknown,-0.24751258,-0.9674196,0.23262805,10.503725,10.366097,8.302167
ddc_dzo_09738,unlabeled,Unknown,-2.061421,-0.3606062,-0.20829868,10.314613,9.396047,10.267878
ddc_dzo_00499,unlabeled,Unknown,-0.37570417,1.3896432,-0.85080004,11.548319,10.540158,7.7590523
ddc_dzo_04470,unlabeled,Unknown,-2.6616654,-0.36577392,-0.82830924,11.183536,10.467385,10.456259
ddc_dzo_07764,unlabeled,Unknown,0.7858906,0.53774,-0.18364143,10.955281,11.00787,7.764056
ddc_dzo_08119,unlabeled,Unknown,0.03078264,1.6944398,0.24568152,12.387335,10.02586,9.5929785
ddc_dzo_00265,unlabeled,Unknown,-5.5511975,0.06373072,0.41944027,10.819749,5.2364464,10.170851
ddc_dzo_07460,unlabeled,Unknown,-1.6012633,6.085588,-1.9800465,13.395423,8.071141,6.951348
ddc_dzo_03518,unlabeled,Unknown,-0.055367827,-0.7700465,-2.521203,10.534747,10.542375,10.884483
ddc_dzo_06204,unlabeled,Unknown,1.1837444,0.0049105883,-0.40845466,10.725174,10.716321,10.35382
ddc_dzo_04073,unlabeled,Unknown,-7.9110813,-0.6739956,0.0036576986,10.181656,5.1870127,11.179573
ddc_dzo_00372,unlabeled,Unknown,-1.293129,0.82530236,-1.7440646,10.8263235,9.252623,9.08405
ddc_dzo_04522,unlabeled,Unknown,-3.5177531,1.8968356,-5.5064926,12.917465,6.9031997,6.4147983
ddc_dzo_04125,unlabeled,Unknown,-7.288969,-1.3281113,0.662622,10.065746,4.3959265,10.037486
ddc_dzo_09128,unlabeled,Unknown,1.8427972,0.6916721,-0.27686548,9.682022,10.798883,9.730131
ddc_dzo_03872,unlabeled,Unknown,-1.1065707,-0.5634432,-0.50441515,10.704374,9.602515,10.350494
ddc_dzo_05675,unlabeled,Unknown,1.0575118,-0.43650508,0.08163006,10.545474,11.182584,8.779923
ddc_dzo_03804,unlabeled,Unknown,0.37372708,-0.21498275,-0.06277156,10.377612,10.114938,9.875704
ddc_dzo_07093,unlabeled,Unknown,-0.62628686,1.4769847,0.50470227,9.817852,9.514012,10.103587
ddc_dzo_09881,unlabeled,Unknown,1.7444508,-0.7986413,-1.0189495,10.776652,10.296872,10.525302
ddc_dzo_01393,unlabeled,Unknown,-8.712345,-0.708373,-0.074673176,10.036976,4.4644914,9.78221
ddc_dzo_05664,unlabeled,Unknown,1.5271506,-1.1552851,-0.08722752,10.582615,10.121356,9.119002
ddc_dzo_06081,unlabeled,Unknown,1.3271875,-0.15579659,-0.7918458,11.637623,9.75892,9.940354
ddc_dzo_06957,unlabeled,Unknown,0.74230385,-0.4642974,-0.07397461,10.317964,9.287734,9.809256
ddc_dzo_01297,unlabeled,Unknown,-2.1573858,1.2248232,0.13577986,12.075947,9.337116,9.662734
ddc_dzo_04800,unlabeled,Unknown,0.46278143,0.3739903,-0.6159847,9.857516,10.101662,10.45453
ddc_dzo_04535,unlabeled,Unknown,-1.3609359,-0.60913885,0.1067934,10.89381,10.281278,10.579793
ddc_dzo_02793,unlabeled,Unknown,-3.5907512,4.3928046,0.19234967,13.224958,8.075172,6.601493
ddc_dzo_02638,unlabeled,Unknown,-8.191714,1.595073,0.9511045,10.348739,4.6634836,10.250636
ddc_dzo_04206,unlabeled,Unknown,-7.0010056,-1.0336258,1.0982316,9.095077,4.929166,10.866496
ddc_dzo_00204,unlabeled,Unknown,-7.8292847,-1.5449203,0.5013199,10.80612,5.240997,10.022497
ddc_dzo_04915,unlabeled,Unknown,-2.5237052,4.760761,0.35049033,13.218677,8.681955,7.790404
ddc_dzo_08981,unlabeled,Unknown,-2.2526975,7.9670153,0.1555748,13.28472,8.395524,7.589982
ddc_dzo_04480,unlabeled,Unknown,-2.2640605,6.4311457,0.9148598,13.572052,8.714647,7.783386
ddc_dzo_02127,unlabeled,Unknown,-7.384595,-0.77344227,0.69348603,9.852534,6.07075,11.020101
ddc_dzo_05964,unlabeled,Unknown,-9.861573,-1.1267862,0.56892896,9.78243,4.886537,10.930843
ddc_dzo_05107,unlabeled,Unknown,-0.9192401,-0.9065635,-0.7848625,10.762504,9.835277,7.704853
ddc_dzo_03753,unlabeled,Unknown,0.009868085,-0.6930752,0.42264318,8.542368,10.493371,9.023729
ddc_dzo_02742,unlabeled,Unknown,-0.78577614,-0.14382744,0.35206437,10.265674,9.853299,9.53986
ddc_dzo_03064,unlabeled,Unknown,-0.26350975,-0.040727258,-0.42479646,10.962967,10.057104,10.134426
ddc_dzo_03921,unlabeled,Unknown,-1.0939267,-0.32149148,0.4540434,12.134327,9.592067,9.307469
ddc_dzo_00563,unlabeled,Unknown,0.3533994,-0.5158768,0.050837576,10.787609,9.8824415,10.554633
ddc_dzo_04650,unlabeled,Unknown,-1.0913413,-1.0715611,0.11280894,9.749024,9.215005,9.655425
ddc_dzo_08928,unlabeled,Unknown,0.08787596,2.6912236,0.7864765,10.647825,9.826397,7.880297
ddc_dzo_02756,unlabeled,Unknown,0.008382976,0.73885965,0.88677734,10.469776,9.381931,8.076355
ddc_dzo_03091,unlabeled,Unknown,-1.5934527,0.8931751,-0.5820265,11.794863,9.59055,8.356938
ddc_dzo_07527,unlabeled,Unknown,-0.86377573,-0.43546152,-0.17424738,10.640698,9.687588,10.622414
ddc_dzo_08739,unlabeled,Unknown,0.21237779,-0.6872053,0.36963457,11.933078,11.36538,9.821915
ddc_dzo_08207,unlabeled,Unknown,-0.591396,-0.9769733,-0.061570764,10.572381,9.486223,8.947231
ddc_dzo_07284,unlabeled,Unknown,-1.0757344,0.2740233,0.3082918,10.801361,9.496619,8.026261
ddc_dzo_01230,unlabeled,Unknown,-2.2281766,0.38953012,-0.5918469,11.200909,9.792104,9.61117
ddc_dzo_08366,unlabeled,Unknown,0.4319861,-0.22623205,-0.16657639,11.935143,10.966659,10.2485075
ddc_dzo_09308,unlabeled,Unknown,1.9606874,-0.95539117,0.30671883,10.426141,9.753502,7.8887806
ddc_dzo_01960,unlabeled,Unknown,1.0317526,0.6604908,0.04938793,9.921164,9.101474,9.540571
ddc_dzo_05513,unlabeled,Unknown,1.1845539,-0.73224753,-0.3481685,10.686766,11.073596,10.00328
ddc_dzo_03562,unlabeled,Unknown,-0.16813694,-1.5961688,-0.039267182,10.156419,10.637576,9.903506
ddc_dzo_07406,unlabeled,Unknown,-0.41371906,-0.090357065,0.59779865,10.119482,9.465371,8.316357
ddc_dzo_01838,unlabeled,Unknown,0.21707624,-0.8488227,-0.31868514,10.598777,9.919354,9.993054
ddc_dzo_07458,unlabeled,Unknown,1.0147511,-0.012516022,-0.022234797,11.264601,10.157889,8.276086
ddc_dzo_01904,unlabeled,Unknown,-0.18355322,0.47714725,0.97140646,11.62844,10.582652,10.834532
ddc_dzo_01775,unlabeled,Unknown,-0.7381189,0.0932768,-0.89157605,10.897509,11.553339,10.148626
ddc_dzo_04340,unlabeled,Unknown,-1.1304383,-0.23335272,-0.16053295,11.860761,10.72611,10.201398
ddc_dzo_07711,unlabeled,Unknown,1.6093602,0.0570302,0.6088903,11.479202,10.9874935,8.073741
ddc_dzo_03483,unlabeled,Unknown,2.2918227,1.2033789,-0.21887463,11.989626,11.185484,10.7541275
ddc_dzo_07155,unlabeled,Unknown,1.6497283,0.5805175,0.39289844,11.337065,11.581283,9.018572
ddc_dzo_01500,unlabeled,Unknown,1.456089,-0.64617455,0.8360028,11.548255,10.452509,10.067778
ddc_dzo_04229,unlabeled,Unknown,0.65608,-0.60476726,0.15970087,11.818611,9.695612,8.702839
ddc_dzo_00808,unlabeled,Unknown,-7.9298835,-0.5873142,0.92226994,10.08457,4.675229,9.848035
ddc_dzo_01150,unlabeled,Unknown,1.5649704,-0.87871873,0.45190942,11.409157,10.868406,10.178197
ddc_dzo_06895,unlabeled,Unknown,0.04913366,0.7285104,0.7823324,12.0122175,11.250062,10.383833
ddc_dzo_05551,unlabeled,Unknown,0.9035156,0.53331804,0.08295083,12.319728,11.044556,9.595502
ddc_dzo_07211,unlabeled,Unknown,-7.5163417,-0.13421959,0.5842626,10.299728,4.3345757,9.904173
ddc_dzo_00459,unlabeled,Unknown,-0.30659345,-0.30074644,0.4115405,11.163565,9.695082,10.299668
ddc_dzo_01081,unlabeled,Unknown,0.6983021,-0.2591312,0.494061,11.058192,11.0032835,9.260623
ddc_dzo_06638,unlabeled,Unknown,0.5742531,-0.27020788,0.50413877,9.705515,10.984586,9.809252
ddc_dzo_07868,unlabeled,Unknown,1.4595419,1.5199227,-0.09736109,10.626678,10.64825,9.380955
ddc_dzo_03604,unlabeled,Unknown,0.2808826,1.1805577,-0.17681551,11.720006,11.581052,8.826448
ddc_dzo_06489,unlabeled,Unknown,1.8363991,-1.1633182,-0.61874557,9.027096,10.770951,7.813882
ddc_dzo_02888,unlabeled,Unknown,1.0722948,1.0669762,1.0912153,11.382131,10.842196,10.24925
ddc_dzo_05707,unlabeled,Unknown,0.7451376,0.1590519,0.06653795,9.665858,10.083247,10.719841
ddc_dzo_01716,unlabeled,Unknown,-8.388471,-1.4937992,0.7933774,10.704203,5.1552844,10.579225
ddc_dzo_08964,unlabeled,Unknown,-6.98945,-0.4397685,1.2028873,10.745069,5.105306,10.182177
ddc_dzo_08418,unlabeled,Unknown,-7.328301,-1.1800678,1.9418745,10.701425,5.8502045,10.694572
ddc_dzo_01606,unlabeled,Unknown,0.44963533,-1.2621276,0.54069304,10.27676,9.679644,10.47379
ddc_dzo_02905,unlabeled,Unknown,-0.9103204,-0.71850574,-0.45093608,10.354018,9.472602,10.4347725
ddc_dzo_05048,unlabeled,Unknown,-1.6344743,-0.77731794,0.03074193,9.44436,9.060854,9.497701
ddc_dzo_07964,unlabeled,Unknown,1.1333812,-1.7807809,0.117443085,8.763862,9.937499,8.833884
ddc_dzo_02049,unlabeled,Unknown,-1.2095062,-0.41799414,0.48056018,10.155269,9.582109,10.075971
ddc_dzo_08589,unlabeled,Unknown,-3.831111,-2.0804877,0.29210758,9.477096,5.219983,10.249432
ddc_dzo_01229,unlabeled,Unknown,-0.989375,-0.74886155,-0.33112097,9.474509,5.640467,11.125615
ddc_dzo_00846,unlabeled,Unknown,-0.4342643,0.26198483,-0.32565594,9.565731,9.835658,7.8172646
ddc_dzo_02101,unlabeled,Unknown,-1.8077413,-0.5094178,0.09380579,10.724422,6.114532,10.684726
ddc_dzo_07636,unlabeled,Unknown,-1.5241187,-0.6309016,-0.51363647,10.319005,8.5372505,9.260485
ddc_dzo_08342,unlabeled,Unknown,-10.25474,-1.4347379,0.6854863,9.677206,4.6855035,10.886139
ddc_dzo_05892,unlabeled,Unknown,-0.0355525,-0.9953267,-1.0382526,10.216475,9.42085,10.3932295
ddc_dzo_03658,unlabeled,Unknown,-2.903399,-0.6482439,0.8753388,9.38151,9.806698,10.424959
ddc_dzo_03712,unlabeled,Unknown,-4.114642,-0.5653324,-0.84069705,9.3640995,9.667899,10.809169
ddc_dzo_03318,unlabeled,Unknown,-0.3892334,-1.4641346,-0.40721226,10.567875,9.470352,10.164393
ddc_dzo_04860,unlabeled,Unknown,-0.8812146,-1.5334892,1.0619037,11.558739,9.64807,8.381558
ddc_dzo_05179,unlabeled,Unknown,0.36910033,1.0125597,-1.5936556,11.919489,11.118226,10.842227
ddc_dzo_08020,unlabeled,Unknown,-0.062070817,0.18218455,0.0062810183,10.812615,9.797703,10.226707
ddc_dzo_02017,unlabeled,Unknown,0.63212097,-2.1247816,-1.1808805,10.022456,9.106603,9.515867
ddc_dzo_03863,unlabeled,Unknown,-1.1117,0.08171582,-0.8291123,10.689928,8.944416,8.7624035
ddc_dzo_03035,unlabeled,Unknown,0.4534335,0.6256635,-1.386025,9.645431,10.639823,7.981548
ddc_dzo_03956,unlabeled,Unknown,-1.8213959,6.207814,-1.4003491,13.278112,8.798511,7.078446
ddc_dzo_05720,unlabeled,Unknown,0.76198804,-1.7511735,-0.87130046,11.605286,10.7334175,8.012556
ddc_dzo_06674,unlabeled,Unknown,1.94543,1.24372,0.5781088,11.365078,9.580361,10.043215
ddc_dzo_01186,unlabeled,Unknown,-2.5046275,-0.87123823,-0.95451945,10.418541,5.659791,10.509387
ddc_dzo_03383,unlabeled,Unknown,-0.75156116,-0.59951305,-0.652076,11.739138,10.900871,8.406816
ddc_dzo_08472,unlabeled,Unknown,3.386735,3.85946,0.34734106,11.061452,10.025189,8.339679
ddc_dzo_08656,unlabeled,Unknown,0.21071804,0.10665226,-0.34641457,10.08367,10.28753,10.842171
ddc_dzo_06844,unlabeled,Unknown,0.9657172,0.66755724,0.37506843,10.751911,10.22128,7.918886
ddc_dzo_03222,unlabeled,Unknown,-0.7790985,-0.5239655,0.76036793,11.7924,10.702876,10.034008
ddc_dzo_09386,unlabeled,Unknown,0.4028499,1.0293372,0.83647686,11.207672,9.711007,9.999893
ddc_dzo_00822,unlabeled,Unknown,-1.3146753,0.15974826,0.5044083,10.393355,9.820525,10.024535
ddc_dzo_08755,unlabeled,Unknown,0.97479856,-1.7280213,0.18433762,11.200786,10.048582,9.4710455
ddc_dzo_06435,unlabeled,Unknown,1.3867961,0.18602467,0.1923542,10.893218,9.55709,9.224591
ddc_dzo_05422,unlabeled,Unknown,0.5809027,-0.8002629,-0.16917586,11.177717,10.198452,8.528966
ddc_dzo_09660,unlabeled,Unknown,-0.3603642,-0.046922207,0.7057309,12.295416,11.1530075,10.409759
ddc_dzo_09693,unlabeled,Unknown,0.71542823,-0.1667037,-0.026649445,10.972919,10.193933,8.060824
ddc_dzo_04899,unlabeled,Unknown,1.2393942,0.5116675,0.6035757,12.073453,11.131088,8.658342
ddc_dzo_02285,unlabeled,Unknown,-9.20142,-0.33718252,1.1030446,10.124046,5.196561,11.3289
ddc_dzo_09131,unlabeled,Unknown,0.3245225,1.5383818,1.3186555,11.205946,10.919584,7.444892
ddc_dzo_08983,unlabeled,Unknown,2.0177233,-1.1874003,0.486548,11.277286,9.953323,7.9034805
ddc_dzo_06818,unlabeled,Unknown,0.6043729,-1.9861066,0.115819454,9.7561245,10.463117,9.11827
ddc_dzo_02475,unlabeled,Unknown,1.4720249,0.13038132,-0.04829049,11.345935,11.157598,9.294113
ddc_dzo_05356,unlabeled,Unknown,-0.35957563,-0.10167846,0.8999492,11.866324,10.140312,9.664397
ddc_dzo_06345,unlabeled,Unknown,3.0537708,-0.94756484,0.9699302,10.447642,11.098586,7.2138166
ddc_dzo_03739,unlabeled,Unknown,-0.74965024,-0.3690815,1.4723493,11.271566,9.924502,9.554783
ddc_dzo_05317,unlabeled,Unknown,1.2368386,-0.75041485,0.37104225,10.647655,10.959475,7.7151084
ddc_dzo_01005,unlabeled,Unknown,1.6852461,0.0006400347,0.5445883,10.7306595,9.852623,9.542579
ddc_dzo_04457,unlabeled,Unknown,-0.3255111,-1.1107168,1.0214981,10.43818,10.125912,8.25942
ddc_dzo_03793,unlabeled,Unknown,0.96433526,-0.48171067,0.7008654,10.887846,11.018752,7.908896
ddc_dzo_03129,unlabeled,Unknown,1.1411184,0.037638426,0.70126426,11.018968,9.498418,7.5490875
ddc_dzo_03941,unlabeled,Unknown,0.047824025,0.6330626,0.35681117,10.269765,10.172123,9.608372
ddc_dzo_01808,unlabeled,Unknown,1.9199977,-1.3663187,0.19689998,10.727548,11.064562,8.174797
ddc_dzo_08481,unlabeled,Unknown,1.2756815,-1.6563824,-1.3457689,10.707389,9.807662,9.704001
ddc_dzo_05748,unlabeled,Unknown,1.4722321,-0.6977122,1.4101388,11.918063,11.441099,10.238118
ddc_dzo_04831,unlabeled,Unknown,-0.86666775,0.5625863,-0.59641194,11.374475,9.505213,8.109293
ddc_dzo_06071,unlabeled,Unknown,0.13226855,-0.7239795,-0.03250736,11.645935,10.757975,8.752593
ddc_dzo_05767,unlabeled,Unknown,1.4179442,0.5087428,-0.41942915,11.900582,10.976644,8.4589615
ddc_dzo_02741,unlabeled,Unknown,2.4380336,0.26502508,0.026408762,10.463939,10.314322,9.419702
ddc_dzo_04434,unlabeled,Unknown,-0.41135895,-1.2799497,0.21974164,10.102196,10.484966,9.9851055
ddc_dzo_02379,unlabeled,Unknown,-7.94024,-0.83288693,0.7540871,9.047222,5.02836,10.628764
ddc_dzo_00278,unlabeled,Unknown,0.5818736,-0.806099,-0.21152925,10.998358,9.995171,9.256512
ddc_dzo_08846,unlabeled,Unknown,-0.0054585338,0.13058066,1.2186596,10.201457,9.5418005,8.487593
ddc_dzo_09541,unlabeled,Unknown,-5.395415,0.56287766,-0.19891065,9.110359,9.388775,10.508103
ddc_dzo_04151,unlabeled,Unknown,-0.7006727,-0.22609818,0.10234094,10.509708,9.400029,8.798354
ddc_dzo_08095,unlabeled,Unknown,1.950767,0.84436846,0.4648609,10.55617,9.279388,8.211979
ddc_dzo_01070,unlabeled,Unknown,1.1111712,-0.8600904,0.26188317,10.474888,10.254509,9.57081
ddc_dzo_02819,unlabeled,Unknown,0.6758623,-1.4950974,-0.38045454,10.456303,10.246001,7.9276342
ddc_dzo_07620,unlabeled,Unknown,0.5293496,1.3412213,-0.2385652,11.082764,10.214474,6.7500205
ddc_dzo_05309,unlabeled,Unknown,-7.6953835,-1.7638135,0.08467412,10.574699,4.8196373,9.960618
ddc_dzo_00751,unlabeled,Unknown,1.527709,1.4316111,1.023518,12.324977,10.893926,8.712739
ddc_dzo_05543,unlabeled,Unknown,0.96977323,-0.32918274,0.70812315,10.465885,9.431044,8.745294
ddc_dzo_09248,unlabeled,Unknown,1.1700315,0.28991556,0.32112265,10.090554,10.099739,8.206481
ddc_dzo_05925,unlabeled,Unknown,1.558798,0.044900894,-0.12526727,10.92308,9.045313,8.888892
ddc_dzo_05810,unlabeled,Unknown,-9.329441,-1.7775828,0.8610892,10.447614,4.9469476,10.40158
ddc_dzo_05980,unlabeled,Unknown,-1.4817436,10.79644,0.2740276,13.580488,7.884804,6.4946423
ddc_dzo_06881,unlabeled,Unknown,0.20460129,9.0913925,-3.1812034,13.570559,7.791467,6.5245266
ddc_dzo_01136,unlabeled,Unknown,-2.4913204,8.992932,-2.1177225,13.425847,7.81549,6.8511844
ddc_dzo_03108,unlabeled,Unknown,-9.566771,-2.0606008,0.8161131,9.843086,4.4507217,10.3311
ddc_dzo_08773,unlabeled,Unknown,-9.55556,-1.6955622,-1.0943842,10.614171,5.049869,9.858476
ddc_dzo_04263,unlabeled,Unknown,-6.763838,-0.67183113,0.5420581,9.538265,5.1257668,10.996972
ddc_dzo_04743,unlabeled,Unknown,-6.2253466,2.5887175,-0.04673791,10.652047,5.695404,9.971234
ddc_dzo_02720,unlabeled,Unknown,-10.119102,-2.3601556,0.5368309,10.286798,4.5415754,10.545678
ddc_dzo_08898,unlabeled,Unknown,-11.503068,-1.8242311,1.6333864,9.343884,4.9106545,10.941553
ddc_dzo_09050,unlabeled,Unknown,-1.503619,-1.2441149,0.008565307,10.187613,9.731519,10.516131
ddc_dzo_06388,unlabeled,Unknown,-1.3769164,-0.9854809,-0.7072108,10.06229,9.488587,9.941238
ddc_dzo_02937,unlabeled,Unknown,-1.3013725,1.4909124,1.3291763,9.506035,9.235504,10.170466
ddc_dzo_00360,unlabeled,Unknown,-0.81395614,-0.24376461,-0.48842615,10.2567625,9.33986,9.859922
ddc_dzo_07939,unlabeled,Unknown,-1.720131,-0.79855037,-0.8476534,9.130301,9.496209,10.119622
ddc_dzo_03519,unlabeled,Unknown,-2.2986345,-1.0089984,-0.7192135,9.479487,9.437214,10.546392
ddc_dzo_08848,unlabeled,Unknown,-0.95255864,0.27974796,0.23590422,9.386134,9.340657,10.237136
ddc_dzo_07388,unlabeled,Unknown,-1.1088313,-0.73324835,0.018144608,9.303597,9.47168,10.209892
ddc_dzo_06582,unlabeled,Unknown,-0.9675845,-2.1497676,-0.47409725,9.30121,9.435294,9.952056
ddc_dzo_00220,unlabeled,Unknown,-0.14072227,1.4476779,-0.09826684,9.328132,9.504414,9.81329
ddc_dzo_09797,unlabeled,Unknown,-1.5693135,-1.8911567,-0.41773832,9.343196,9.700906,10.7772
ddc_dzo_00088,unlabeled,Unknown,0.23264796,2.1043117,-0.062089205,11.380798,9.976102,8.852756
ddc_dzo_06371,unlabeled,Unknown,-0.5179932,-1.1797678,-0.15944767,9.088221,9.824763,9.244975
ddc_dzo_02228,unlabeled,Unknown,0.8100964,-1.6846961,-0.2355175,10.062243,10.095765,10.589767
ddc_dzo_06418,unlabeled,Unknown,-0.8732058,-1.8778218,-0.46574134,9.530801,8.946238,9.58573
ddc_dzo_05493,unlabeled,Unknown,-0.67201126,-1.70893,-0.58820975,8.995335,9.997815,10.328969
ddc_dzo_04013,unlabeled,Unknown,-2.6394649,0.9679692,1.0354953,9.892425,9.021787,9.674571
ddc_dzo_00618,unlabeled,Unknown,-2.6272495,0.008447647,-0.11963165,9.611136,8.777971,9.649437
ddc_dzo_09072,unlabeled,Unknown,-6.7811275,-1.5522048,-0.46801835,9.9686575,5.302396,9.581397
ddc_dzo_08154,unlabeled,Unknown,-2.3732386,0.4261341,-0.9638086,8.830213,9.506704,9.870548
ddc_dzo_01815,unlabeled,Unknown,-1.1234636,-1.1344323,0.38991445,10.083497,9.161391,10.03607
ddc_dzo_03671,unlabeled,Unknown,-2.0537562,-0.4832983,0.084890485,10.162514,9.499819,10.555943
ddc_dzo_05377,unlabeled,Unknown,-1.0250552,-0.58481216,-0.3976494,9.067861,9.9461775,10.094662
ddc_dzo_03583,unlabeled,Unknown,-3.5048754,-0.94236875,0.9307965,9.597168,8.762301,9.700273
ddc_dzo_03445,unlabeled,Unknown,-0.7401886,-1.2748458,-0.2742539,9.594262,10.091684,8.48339
ddc_dzo_01061,unlabeled,Unknown,-2.4728642,-0.870358,0.5982299,9.344391,9.395463,10.442081
ddc_dzo_09198,unlabeled,Unknown,0.52719545,-0.57667184,0.053231,8.600731,10.4208975,9.735125
ddc_dzo_01759,unlabeled,Unknown,-0.8528079,-0.777845,-1.8926439,10.417379,10.944418,9.511746
ddc_dzo_00249,unlabeled,Unknown,0.43112272,-1.0769426,0.05148816,10.221387,9.940648,9.7366085
ddc_dzo_07574,unlabeled,Unknown,1.785169,-1.7513189,-1.14258,9.982654,9.112615,9.310649
ddc_dzo_07541,unlabeled,Unknown,-0.1627667,-1.1644576,-1.5079517,9.289633,10.226628,7.3445854
ddc_dzo_00969,unlabeled,Unknown,-7.9443192,-1.738379,0.7377825,10.12777,5.060091,10.557274
ddc_dzo_01581,unlabeled,Unknown,-1.8921041,-1.0706434,0.5423042,10.008688,9.593776,10.5993595
ddc_dzo_00649,unlabeled,Unknown,-1.6823614,1.0659082,0.49456868,10.086849,9.238252,8.967293
ddc_dzo_07011,unlabeled,Unknown,-0.7582983,-0.58823234,-1.168209,9.5925045,9.32963,9.8182335
ddc_dzo_09931,unlabeled,Unknown,-1.1558586,-1.4478261,-0.16210032,9.223694,9.498113,10.2029085
ddc_dzo_03296,unlabeled,Unknown,-2.7176325,-1.0540535,-0.36955678,9.466133,5.293458,10.747288
ddc_dzo_03339,unlabeled,Unknown,-1.133914,-0.3583187,-10.305074,12.72635,5.4546804,5.480682
ddc_dzo_05266,unlabeled,Unknown,-1.7448034,-0.8288483,-11.700844,12.640184,4.927339,5.338155
ddc_dzo_07672,unlabeled,Unknown,-3.9572277,1.5039767,-4.4248548,12.7569685,6.053273,5.858233
ddc_dzo_04503,unlabeled,Unknown,-4.403501,0.77063775,-4.722038,12.59055,6.20609,5.8767047
ddc_dzo_07350,unlabeled,Unknown,-6.8083262,0.82407284,-6.494264,12.770547,5.7425504,5.887604
ddc_dzo_02138,unlabeled,Unknown,-5.853753,-0.23398805,0.25883907,9.400676,5.155344,10.722768
ddc_dzo_08673,unlabeled,Unknown,-1.3795671,-0.9382725,0.9518242,10.777421,5.9378185,10.682318
ddc_dzo_00772,unlabeled,Unknown,1.3367949,-1.6171423,0.5683346,10.947717,10.695792,10.043489
ddc_dzo_04460,unlabeled,Unknown,0.43515944,0.119252205,-0.016688824,10.314931,5.43913,9.772423
ddc_dzo_07430,unlabeled,Unknown,0.61858636,-0.41094792,-0.806581,10.821361,9.41946,9.214486
ddc_dzo_09221,unlabeled,Unknown,1.2348247,-1.3456067,-0.29404545,10.46696,9.31897,9.856661
ddc_dzo_09505,unlabeled,Unknown,-9.910475,-1.7636061,0.32164,9.659655,5.250243,11.346105
ddc_dzo_03612,unlabeled,Unknown,-7.028625,-1.4244893,0.6152823,9.285347,5.4573164,10.981443
ddc_dzo_05171,unlabeled,Unknown,-11.097353,-2.0987442,0.9785347,9.851386,4.8916006,10.920062
ddc_dzo_06000,unlabeled,Unknown,-9.387556,-1.6822393,1.3755535,9.41605,5.5471187,11.095452
ddc_dzo_07785,unlabeled,Unknown,-7.4912934,-0.4458716,0.541296,10.08543,5.672428,10.574482
ddc_dzo_01924,unlabeled,Unknown,-9.522887,0.26038265,1.0944419,10.231563,6.1150804,11.257909
ddc_dzo_00583,unlabeled,Unknown,0.8697661,-0.106414795,-0.95646596,10.777794,10.463584,10.748654
ddc_dzo_05851,unlabeled,Unknown,0.3757844,0.23616338,1.3412871,10.732495,9.021082,9.008848
ddc_dzo_05288,unlabeled,Unknown,0.34064627,-0.46762276,-0.4807968,11.161775,9.590813,10.190608
ddc_dzo_08166,unlabeled,Unknown,2.2850556,-0.62567234,0.83397615,11.859234,11.676957,9.373423
ddc_dzo_07944,unlabeled,Unknown,0.53946894,-0.8954064,-1.5986781,10.039982,9.504024,9.872602
ddc_dzo_07221,unlabeled,Unknown,0.13654661,-0.42104086,-0.74161935,10.48525,5.4054394,10.927068
ddc_dzo_09956,unlabeled,Unknown,2.0775013,2.3856776,-1.145837,10.815106,11.573365,9.686305
ddc_dzo_05335,unlabeled,Unknown,-2.3894887,-1.5465333,-0.84883296,10.3946295,9.558343,10.54025
ddc_dzo_05004,unlabeled,Unknown,0.87732387,1.3481092,-0.34029242,12.1602125,10.96777,8.588168
ddc_dzo_03729,unlabeled,Unknown,-0.9633732,-0.036836386,0.3457098,11.824441,10.774112,10.9002495
ddc_dzo_02180,unlabeled,Unknown,0.11866301,-0.80602837,-0.6682122,11.014282,9.8775835,7.953849
ddc_dzo_08467,unlabeled,Unknown,0.005958557,-0.20469451,-1.5722659,11.666097,10.604487,8.757232
ddc_dzo_00541,unlabeled,Unknown,0.0048718154,-0.5222813,0.38904253,9.921739,10.259211,10.263909
ddc_dzo_01309,unlabeled,Unknown,1.8908172,-0.5637804,-0.04116583,11.513778,10.235298,10.408155
ddc_dzo_05123,unlabeled,Unknown,2.1122043,0.34709978,-0.5496912,11.6960745,10.53219,10.76789
ddc_dzo_06216,unlabeled,Unknown,1.541424,-0.614349,0.44139576,12.037062,11.23519,10.698228
ddc_dzo_03650,unlabeled,Unknown,-0.6103797,-1.2653099,-2.1706142,9.864494,10.095561,8.99149
ddc_dzo_04066,unlabeled,Unknown,1.9278817,1.5453967,-0.4651358,11.435504,10.200153,9.765271
ddc_dzo_08074,unlabeled,Unknown,2.630719,0.6057726,0.6664653,12.1336,11.244245,10.629687
ddc_dzo_05901,unlabeled,Unknown,-0.049971342,-0.583532,0.10435915,11.567083,9.440987,8.642716
ddc_dzo_06294,unlabeled,Unknown,1.1538062,0.517422,1.0006723,11.985054,10.567823,10.034412
ddc_dzo_06858,unlabeled,Unknown,0.34812856,0.43610734,0.8367772,11.832403,10.538817,10.125943
ddc_dzo_06016,unlabeled,Unknown,0.12041402,1.5709525,0.75417566,11.81486,10.41786,9.933472
ddc_dzo_07187,unlabeled,Unknown,-7.6491265,-0.35817242,0.6144738,9.598182,4.863257,9.704101
ddc_dzo_07152,unlabeled,Unknown,-9.157408,-1.4231944,0.33392358,9.376058,5.412866,10.784314
ddc_dzo_04216,unlabeled,Unknown,-7.48847,-1.4692641,1.6748301,10.091317,5.547073,10.0927725
ddc_dzo_07372,unlabeled,Unknown,-2.542881,4.4643316,-0.27358484,13.236057,7.5785246,6.7145348
ddc_dzo_02004,unlabeled,Unknown,-2.21912,6.809538,-1.1854447,13.33985,8.593645,7.731606
ddc_dzo_08935,unlabeled,Unknown,-1.680089,8.669986,0.5024923,13.527989,8.0245075,6.7242885
ddc_dzo_02977,unlabeled,Unknown,-2.7930233,4.1257644,0.15385397,11.38811,10.220209,6.698952
ddc_dzo_08953,unlabeled,Unknown,-4.0035214,6.943342,0.02999866,13.383059,7.660166,6.5210967
ddc_dzo_00306,unlabeled,Unknown,-2.1994557,7.4449863,-0.5288904,13.494943,8.169388,6.875873
ddc_dzo_00049,unlabeled,Unknown,-2.0362043,7.9341817,0.12867415,13.590848,7.9507585,6.7384076
ddc_dzo_04032,unlabeled,Unknown,-9.912146,-1.1501253,1.804117,9.816218,4.4782004,10.609251
ddc_dzo_08399,unlabeled,Unknown,-4.744439,0.43176103,-1.6527799,12.685147,7.246944,6.743425
ddc_dzo_09303,unlabeled,Unknown,-8.222455,-1.8857946,-0.4053043,10.483007,5.6547875,10.917326
ddc_dzo_06615,unlabeled,Unknown,-7.3944283,-1.2083559,0.72286516,9.695466,4.9484396,10.802706
ddc_dzo_03535,unlabeled,Unknown,-9.908432,-1.6473567,0.45377892,10.005246,4.5753164,10.667135
ddc_dzo_04243,unlabeled,Unknown,-8.713283,0.6462798,0.58134484,9.613628,5.315793,9.919095
ddc_dzo_03881,unlabeled,Unknown,-10.303338,-0.39314032,0.84893847,10.208732,4.3992734,9.88366
ddc_dzo_08888,unlabeled,Unknown,2.2294695,1.3659573,-1.0882425,11.027334,10.505538,6.029944
ddc_dzo_04700,unlabeled,Unknown,3.8025346,-0.94030744,1.5232571,11.800252,10.570835,8.136363
ddc_dzo_07662,unlabeled,Unknown,3.0997546,-0.11208129,-0.14735305,10.876959,10.653547,8.180238
ddc_dzo_07875,unlabeled,Unknown,2.1927226,0.66575646,0.6227438,10.407354,11.992242,7.7208843
ddc_dzo_08469,unlabeled,Unknown,0.7503306,-0.37488163,0.4220922,11.793942,11.419795,10.337425
ddc_dzo_09897,unlabeled,Unknown,1.0565758,0.42865515,-0.5804491,12.004884,11.379653,10.490343
ddc_dzo_05057,unlabeled,Unknown,3.0844758,0.37080646,0.31184554,11.456155,10.257487,8.353319
ddc_dzo_06102,unlabeled,Unknown,2.8258176,-0.18999243,0.42066193,9.746663,10.28669,9.363083
ddc_dzo_05419,unlabeled,Unknown,2.4581578,-0.59361684,0.35786492,10.990776,10.577487,8.806927
ddc_dzo_05260,unlabeled,Unknown,1.7791787,0.1422619,1.0586458,11.497244,10.803454,8.565989
ddc_dzo_01792,unlabeled,Unknown,3.6138554,-1.282334,0.2624935,11.4728985,10.802644,8.589706
ddc_dzo_01917,unlabeled,Unknown,2.3677397,-0.98133516,0.44723654,9.770176,10.680341,8.128775
ddc_dzo_07841,unlabeled,Unknown,1.084891,-0.68448454,0.107147455,10.031597,9.5363865,7.5048976
ddc_dzo_05442,unlabeled,Unknown,2.7477605,-1.1927278,0.8943987,10.74867,11.067341,7.84607
ddc_dzo_09409,unlabeled,Unknown,2.6185017,-0.63861966,0.50485075,11.278325,10.532893,8.107033
ddc_dzo_04396,unlabeled,Unknown,2.3766465,-0.70107585,0.87265885,11.567926,10.369131,8.233775
ddc_dzo_08796,unlabeled,Unknown,1.8753526,-0.7793652,-1.195266,10.444874,9.269895,9.048315
ddc_dzo_05702,unlabeled,Unknown,3.2889094,-0.77135354,0.32808685,12.274211,11.122647,10.236109
ddc_dzo_04339,unlabeled,Unknown,2.980833,0.6064697,0.5711734,11.245057,10.55385,8.207266
ddc_dzo_01598,unlabeled,Unknown,3.3060021,-0.077492714,0.73103034,9.615726,11.425606,6.900665
ddc_dzo_03627,unlabeled,Unknown,1.5085894,-0.3718666,1.5713416,10.546797,10.237624,7.587184
ddc_dzo_04123,unlabeled,Unknown,1.6179026,0.2904706,0.49121612,12.873883,9.026652,6.9350877
ddc_dzo_01436,unlabeled,Unknown,2.3363485,1.3065487,-0.24206257,12.8124895,9.485235,7.8013453
ddc_dzo_03022,unlabeled,Unknown,2.3641586,-0.63760316,0.6387663,9.872749,10.099658,7.646274
ddc_dzo_08591,unlabeled,Unknown,2.3050828,-0.68700194,-1.1464882,11.142384,11.239266,7.779913
ddc_dzo_02671,unlabeled,Unknown,1.1280723,-0.11104441,1.0607352,9.305241,10.165084,7.950681
ddc_dzo_08090,unlabeled,Unknown,1.5552932,-1.1767983,0.43439198,10.109776,10.087284,8.855417
ddc_dzo_01552,unlabeled,Unknown,1.920625,1.3258891,-1.0590281,10.992763,11.128156,7.8606153
ddc_dzo_04652,unlabeled,Unknown,1.9242502,1.2553023,0.8561716,13.566483,9.29245,6.4248276
ddc_dzo_04731,unlabeled,Unknown,1.7497942,-1.5508833,1.0149862,12.269797,10.911266,9.236752
ddc_dzo_01371,unlabeled,Unknown,2.8893867,0.4666183,-0.6688987,11.71374,10.140054,8.704358
ddc_dzo_02755,unlabeled,Unknown,1.4321278,0.0867846,0.35699567,11.853252,10.992713,9.780833
ddc_dzo_02210,unlabeled,Unknown,2.4818873,-0.11316252,0.8094077,9.572812,10.280563,9.415386
ddc_dzo_00106,unlabeled,Unknown,3.3097777,-2.0207577,1.1476748,10.751466,10.812819,7.2887616
ddc_dzo_08348,unlabeled,Unknown,3.7258468,0.62527275,1.09538,11.207262,11.522099,8.083099
ddc_dzo_01065,unlabeled,Unknown,3.6852245,-1.2319815,1.3909351,11.36199,11.0542145,8.634441
ddc_dzo_05390,unlabeled,Unknown,3.2239294,0.38846755,1.0376651,12.214891,11.002865,8.667338
ddc_dzo_07889,unlabeled,Unknown,1.718312,-0.14814675,0.6266053,10.700689,10.794364,10.215933
ddc_dzo_01891,unlabeled,Unknown,2.7475336,-1.4105984,0.14544415,9.852469,10.144781,8.575267
ddc_dzo_03334,unlabeled,Unknown,2.5846992,0.008015931,0.49787414,11.238211,9.83525,8.439312
ddc_dzo_04320,unlabeled,Unknown,2.0260382,-0.6617317,0.3363576,9.150282,10.899892,9.3930645
ddc_dzo_02864,unlabeled,Unknown,2.0723786,-1.7043407,0.38630962,11.435554,10.467973,9.980366
ddc_dzo_05611,unlabeled,Unknown,-9.06305,-3.1151037,0.9801089,9.121274,5.165753,10.5390625
ddc_dzo_09559,unlabeled,Unknown,2.045864,0.107378006,-0.43798757,10.090452,11.108255,8.545567
ddc_dzo_03415,unlabeled,Unknown,3.852532,-2.5539918,-0.024950206,10.746018,10.240951,7.652043
ddc_dzo_05183,unlabeled,Unknown,3.9109988,-0.90026784,0.3299322,12.133641,11.02338,9.414996
ddc_dzo_07498,unlabeled,Unknown,2.8072555,-0.95026594,1.2000813,11.54065,11.015241,8.625078
ddc_dzo_03672,unlabeled,Unknown,2.388204,0.078873634,-0.40278178,12.0593,11.48463,10.19179
ddc_dzo_01292,unlabeled,Unknown,2.5334637,0.68042177,0.22037923,11.816582,11.343006,9.282643
ddc_dzo_05725,unlabeled,Unknown,2.4617286,-0.5298594,0.6081226,9.478731,10.676515,8.4788265
ddc_dzo_04822,unlabeled,Unknown,2.220818,-0.58132374,0.74444914,11.530475,11.774741,10.157394
ddc_dzo_02627,unlabeled,Unknown,2.5341897,0.036452055,0.36409187,10.954405,11.69375,7.609735
ddc_dzo_06977,unlabeled,Unknown,1.740906,-0.63644755,-1.0359955,10.013062,10.938873,7.4578614
ddc_dzo_09446,unlabeled,Unknown,1.0642582,-0.9306786,1.043441,11.744487,11.134024,8.863615
ddc_dzo_05420,unlabeled,Unknown,3.8826969,-1.6265864,0.2020289,10.111292,11.980928,8.29907
ddc_dzo_08245,unlabeled,Unknown,3.395581,-1.6174414,0.29186296,10.841128,10.753644,10.722744
ddc_dzo_09847,unlabeled,Unknown,2.285952,-1.1883632,0.47397542,11.091446,12.180768,8.480061
ddc_dzo_02292,unlabeled,Unknown,2.699403,-0.6934301,0.50660574,11.874059,11.54954,10.243606
ddc_dzo_05972,unlabeled,Unknown,3.2658453,-0.051812053,1.9114242,12.394803,11.3256645,10.168781
ddc_dzo_02828,unlabeled,Unknown,2.4305978,-2.594807,0.84964055,11.178559,11.7868185,9.253352
ddc_dzo_01501,unlabeled,Unknown,3.2975461,-0.2549839,-0.62989736,12.308844,10.797745,9.970986
ddc_dzo_02996,unlabeled,Unknown,3.9151168,-0.92744243,-1.471045,12.367883,11.398533,10.2978525
ddc_dzo_04793,unlabeled,Unknown,2.2814612,0.031727076,-0.30430412,9.950636,10.72745,8.299196
ddc_dzo_06355,unlabeled,Unknown,1.6083199,-0.87263036,0.09455681,10.581399,10.011117,7.6802588
ddc_dzo_00551,unlabeled,Unknown,1.6934277,-0.86841786,-0.29440314,11.69898,11.430265,8.482375
ddc_dzo_05815,unlabeled,Unknown,3.215988,-1.5689095,-0.32815242,10.8646,10.977515,10.381483
ddc_dzo_03973,unlabeled,Unknown,1.5101361,-2.0776262,-0.1297133,11.287608,11.332946,9.757442
ddc_dzo_02314,unlabeled,Unknown,2.8164446,-0.042935133,1.1831917,11.072415,11.244967,7.8278418
ddc_dzo_00908,unlabeled,Unknown,2.2353482,-0.8619716,-2.0437033,11.080773,10.660475,6.909464
ddc_dzo_08631,unlabeled,Unknown,2.6065488,-1.4824274,0.50221205,11.047681,11.385252,7.9796386
ddc_dzo_09179,unlabeled,Unknown,2.459134,-0.33175898,-0.09622821,11.985226,10.730997,9.447279
ddc_dzo_09679,unlabeled,Unknown,1.9737365,-1.0239251,1.3625964,9.0171585,10.146458,9.301186
ddc_dzo_04531,unlabeled,Unknown,1.6499953,0.7808292,0.536072,11.851097,11.511612,9.255601
ddc_dzo_08695,unlabeled,Unknown,-8.157054,-0.9650103,0.49402714,9.333823,5.4850965,10.317662
ddc_dzo_07972,unlabeled,Unknown,1.2702813,-2.2552814,-0.21709612,9.676056,9.989249,9.764193
ddc_dzo_07683,unlabeled,Unknown,1.3174671,-1.9844832,0.33117402,10.035617,10.156486,9.637581
ddc_dzo_09143,unlabeled,Unknown,-9.734047,-1.0356131,1.160855,9.449752,4.8257923,9.986655
ddc_dzo_03776,unlabeled,Unknown,2.8383563,-1.6397731,0.38542032,9.914443,10.364553,9.981297
ddc_dzo_04437,unlabeled,Unknown,-7.8262787,-2.0347898,1.1634475,9.824846,4.886862,9.847947
ddc_dzo_09049,unlabeled,Unknown,-7.4494786,-0.8046948,1.3027607,9.600613,4.448599,9.6913595
ddc_dzo_01076,unlabeled,Unknown,-4.2853937,-0.11995077,0.34052217,11.721992,10.62056,8.915941
ddc_dzo_05536,unlabeled,Unknown,-11.565508,-0.7386062,0.6981678,9.273484,4.836593,10.993685
ddc_dzo_01746,unlabeled,Unknown,-2.7671928,4.5878143,-7.5231533,13.353147,7.5763583,6.7348347
ddc_dzo_08264,unlabeled,Unknown,-8.828147,-2.425705,-0.4261043,9.004232,4.9027066,10.656689
ddc_dzo_04933,unlabeled,Unknown,-9.704825,-3.0985045,1.7438622,10.179367,5.420516,11.177272
ddc_dzo_01864,unlabeled,Unknown,-8.732706,-1.6658685,0.24755907,9.441045,5.0385485,10.2860565
ddc_dzo_03661,unlabeled,Unknown,1.3984327,3.9602237,-0.11880243,13.168638,9.098538,6.4879975
ddc_dzo_02453,unlabeled,Unknown,2.2559772,-0.91388655,-0.22571343,10.039293,11.410206,10.336632
ddc_dzo_09880,unlabeled,Unknown,3.4040995,-1.6558417,-0.80845,11.945143,11.684119,9.853698
ddc_dzo_03942,unlabeled,Unknown,3.3557525,-1.0142467,-0.43295097,12.212295,10.96394,10.432702
ddc_dzo_07054,unlabeled,Unknown,1.6772045,-0.10135555,0.6222481,11.401434,10.744925,10.387921
ddc_dzo_01627,unlabeled,Unknown,1.6707106,-1.0765038,0.38276124,10.142976,10.82081,6.8354506
ddc_dzo_08184,unlabeled,Unknown,2.4853418,0.10960901,-2.115387,10.192793,10.487281,7.287388
ddc_dzo_06935,unlabeled,Unknown,2.2682233,-0.370206,-0.55385995,11.670237,10.145251,8.753731
ddc_dzo_08804,unlabeled,Unknown,3.315587,1.4227908,-0.030565917,11.888104,10.027619,8.006179
ddc_dzo_06366,unlabeled,Unknown,2.8712885,-1.7993509,0.20603514,12.3993635,11.284164,10.00231
ddc_dzo_00357,unlabeled,Unknown,2.9037986,-1.6035602,0.14125746,10.766514,11.231168,7.179918
ddc_dzo_02105,unlabeled,Unknown,2.2623978,0.4234628,-0.82117486,12.223683,10.478879,10.073837
ddc_dzo_00629,unlabeled,Unknown,2.243024,-0.64127314,-0.70633614,10.683566,12.059556,8.4274
ddc_dzo_06176,unlabeled,Unknown,3.2200825,-0.47002918,0.04006636,11.844012,11.823039,9.572199
ddc_dzo_03103,unlabeled,Unknown,2.8956752,0.35278428,0.17274785,10.976897,10.183645,7.489706
ddc_dzo_05967,unlabeled,Unknown,2.7170236,-0.5948545,-1.2882762,11.749208,11.732804,9.599095
ddc_dzo_01006,unlabeled,Unknown,-8.222287,-0.5650854,0.11416817,10.381588,6.027523,11.334696
ddc_dzo_02653,unlabeled,Unknown,1.7356246,-0.007543683,1.1985968,9.3597,10.112533,9.304774
ddc_dzo_09773,unlabeled,Unknown,1.5906285,1.7669456,1.5237863,9.046205,9.757479,9.591817
ddc_dzo_09717,unlabeled,Unknown,2.272897,0.5263733,0.3197689,9.62831,10.1554985,8.996841
ddc_dzo_07264,unlabeled,Unknown,3.073982,-0.040856123,0.09767717,11.753065,10.578605,8.213079
ddc_dzo_09271,unlabeled,Unknown,1.6849542,1.5546802,0.26874793,13.640254,8.947891,6.3127747
ddc_dzo_04685,unlabeled,Unknown,2.937918,0.28133392,1.5651438,11.645998,10.435896,8.579439
ddc_dzo_08564,unlabeled,Unknown,2.5229502,0.44127047,-0.610023,11.681138,9.534707,8.413581
ddc_dzo_08824,unlabeled,Unknown,1.0786493,-0.41721368,0.9686626,9.606327,10.838922,7.7208843
ddc_dzo_08714,unlabeled,Unknown,0.9173713,-0.069411755,0.36666328,10.265478,10.163522,8.025949
ddc_dzo_00221,unlabeled,Unknown,1.5839857,-1.5403892,0.6219712,10.091425,11.141644,10.158237
ddc_dzo_07925,unlabeled,Unknown,1.6404089,0.37671173,1.0900209,10.710716,10.108623,8.186562
ddc_dzo_04017,unlabeled,Unknown,1.2415179,-1.0672054,0.18128085,11.982701,10.470396,8.14949
ddc_dzo_06136,unlabeled,Unknown,2.7580118,-0.5629964,0.030388236,12.399446,10.012823,8.807693
ddc_dzo_01419,unlabeled,Unknown,3.3584836,-0.6164834,0.41592127,11.859514,10.946057,8.657806
ddc_dzo_02713,unlabeled,Unknown,2.7654028,0.38392556,0.30464685,11.693601,10.359131,8.643723
ddc_dzo_06905,unlabeled,Unknown,-6.317712,-1.1855941,-0.01477623,10.339703,5.8538775,10.798472
ddc_dzo_02257,unlabeled,Unknown,-6.7297583,-0.57555556,1.3031328,9.765254,5.444849,11.164522
ddc_dzo_06799,unlabeled,Unknown,-7.7592125,0.48896646,1.108638,10.040835,5.5515637,11.456104
ddc_dzo_04775,unlabeled,Unknown,-7.8770275,-1.0642285,0.3887204,10.148508,5.485939,11.392018
ddc_dzo_08779,unlabeled,Unknown,-7.043149,-0.5089071,0.64147973,10.625625,5.833842,10.537616
ddc_dzo_05132,unlabeled,Unknown,-9.051159,-1.5411112,0.030994892,9.198075,4.455291,10.0765505
ddc_dzo_08003,unlabeled,Unknown,-6.6820116,-1.2952884,1.2590005,10.393488,5.065085,10.973472
ddc_dzo_03566,unlabeled,Unknown,-8.014999,0.24020383,-0.90915865,9.919767,4.3197746,10.43394
ddc_dzo_05639,unlabeled,Unknown,-8.324189,-1.0015076,0.9998529,9.502607,5.247975,11.002407
ddc_dzo_03709,unlabeled,Unknown,2.1682355,0.1293967,2.0286086,11.225087,10.15216,8.754635
ddc_dzo_07199,unlabeled,Unknown,2.6410623,-1.2809504,0.9165006,10.015688,11.669744,8.949492
ddc_dzo_00803,unlabeled,Unknown,1.6739048,-1.7274749,0.359249,10.295877,11.034752,8.293428
ddc_dzo_02915,unlabeled,Unknown,2.6718416,-1.4862736,0.36202443,9.869366,11.767258,7.905402
ddc_dzo_00022,unlabeled,Unknown,2.2715387,-0.34105992,-0.1519897,8.654978,10.787881,9.50838
ddc_dzo_08237,unlabeled,Unknown,0.8484552,-0.9472668,0.40417552,8.538885,11.022795,9.613878
ddc_dzo_09082,unlabeled,Unknown,1.276025,-0.8416249,0.018485546,10.625769,11.050328,7.4666967
ddc_dzo_06020,unlabeled,Unknown,1.7311265,0.59205055,0.17387056,10.103826,10.760235,6.9092903
ddc_dzo_04626,unlabeled,Unknown,2.0050068,0.8453421,0.77027726,11.035183,11.823837,8.439507
ddc_dzo_01657,unlabeled,Unknown,2.0513494,-1.1610115,0.49044704,9.466994,10.378174,7.5448694
ddc_dzo_09694,unlabeled,Unknown,1.8308032,-0.24274325,-0.2256763,9.076518,10.324479,8.364992
ddc_dzo_07543,unlabeled,Unknown,1.2391973,0.0711292,0.23732203,9.484663,10.327418,7.465656
ddc_dzo_05299,unlabeled,Unknown,2.4921005,0.8577715,1.2025759,10.390024,11.186375,7.990845
ddc_dzo_00953,unlabeled,Unknown,2.5142226,-0.99609864,0.8141463,9.662724,9.913134,8.956868
ddc_dzo_06065,unlabeled,Unknown,2.7728703,-1.9496524,0.3344946,10.894917,12.215406,9.076377
ddc_dzo_01385,unlabeled,Unknown,0.68189377,-0.52203155,1.3130791,10.288866,9.749889,7.279188
ddc_dzo_09793,unlabeled,Unknown,2.387998,-1.036796,0.7639552,10.061628,9.7054825,8.452982
ddc_dzo_06182,unlabeled,Unknown,1.2448115,-1.4371538,1.040703,11.489051,10.807822,8.06625
ddc_dzo_09326,unlabeled,Unknown,2.6463778,-1.0394213,-0.10156345,9.668072,10.12361,8.796163
ddc_dzo_01955,unlabeled,Unknown,2.4432101,0.34576416,0.094596386,9.968694,9.992349,7.231594
ddc_dzo_07037,unlabeled,Unknown,2.541348,-0.957661,-0.36056864,10.077329,9.599718,8.517218
ddc_dzo_00600,unlabeled,Unknown,3.5478134,-0.040614128,0.44770992,11.649462,11.463241,8.9073305
ddc_dzo_03313,unlabeled,Unknown,3.8239293,-1.1478581,0.9026375,10.977651,10.03642,7.8305717
ddc_dzo_05866,unlabeled,Unknown,1.3946108,0.49688244,0.46156406,11.291745,11.112659,10.560954
ddc_dzo_01221,unlabeled,Unknown,1.2396731,1.0700353,-0.1352396,10.186498,11.1595955,7.3717027
ddc_dzo_05145,unlabeled,Unknown,3.3384237,-0.7923305,0.3613851,9.473869,10.477345,8.187425
ddc_dzo_01575,unlabeled,Unknown,2.0192795,-0.46252775,0.95027804,10.275227,10.825112,6.8570957
ddc_dzo_08457,unlabeled,Unknown,0.89202976,-0.44057837,-0.24124575,11.317975,11.60499,9.077424
ddc_dzo_00755,unlabeled,Unknown,3.1249886,-2.690342,0.6934426,11.165297,10.827429,8.575381
ddc_dzo_05010,unlabeled,Unknown,2.9683287,0.45997214,0.30462113,11.023664,12.155865,8.925376
ddc_dzo_01688,unlabeled,Unknown,1.0649601,-0.22609112,1.3864028,11.584423,10.140313,7.943786
ddc_dzo_09613,unlabeled,Unknown,1.2095776,-2.57906,0.19981766,9.635906,11.125097,8.042193
ddc_dzo_08580,unlabeled,Unknown,2.0814347,-0.5300704,-0.118174314,11.015157,12.214149,8.98261
ddc_dzo_03357,unlabeled,Unknown,2.745479,-2.3038998,0.37750578,9.886866,9.934125,7.9816675
ddc_dzo_08304,unlabeled,Unknown,2.0817842,0.10504022,1.2669535,10.252623,10.981387,8.494043
ddc_dzo_03770,unlabeled,Unknown,0.48217678,-1.0479171,0.5530942,10.588482,9.87383,8.206925
ddc_dzo_05532,unlabeled,Unknown,1.2811694,-0.9000324,0.01698792,11.52086,10.963013,9.486461
ddc_dzo_00409,unlabeled,Unknown,1.5420662,-1.1024202,0.2834192,10.563352,11.328373,9.625074
ddc_dzo_01233,unlabeled,Unknown,0.30729955,0.14121246,1.2534051,9.155389,10.003256,7.65048
ddc_dzo_04872,unlabeled,Unknown,2.2588735,0.9033878,0.81845176,12.067474,10.404278,7.661259
ddc_dzo_02594,unlabeled,Unknown,4.460992,-1.3919907,0.20161414,9.001689,11.504047,8.99894
ddc_dzo_06554,unlabeled,Unknown,1.1483115,-0.8495989,0.42968136,10.670092,10.309009,8.258286
ddc_dzo_06856,unlabeled,Unknown,2.73769,-0.042284966,0.5608761,10.548945,11.725662,10.247703
ddc_dzo_08899,unlabeled,Unknown,1.8076768,0.5746469,0.21437073,9.147253,10.545471,7.597903
ddc_dzo_01271,unlabeled,Unknown,1.5227182,-1.8977506,1.2267785,9.202888,10.062482,9.5665655
ddc_dzo_09656,unlabeled,Unknown,3.0276542,-1.554839,1.8823899,9.3092985,10.3070755,7.9655824
ddc_dzo_00072,unlabeled,Unknown,1.5231981,-0.15566991,0.9175525,11.524374,10.954244,9.033961
ddc_dzo_04722,unlabeled,Unknown,2.4906933,-1.429481,-1.1798344,9.29909,12.176136,9.436588
ddc_dzo_08608,unlabeled,Unknown,1.3328949,-0.1207602,0.3213923,10.110002,11.24529,8.277868
ddc_dzo_02402,unlabeled,Unknown,1.1040955,-0.2641058,-0.333704,11.504909,10.927013,10.992533
ddc_dzo_01707,unlabeled,Unknown,0.8614068,-0.6654906,-0.89098215,9.245839,10.785624,7.58849
ddc_dzo_07746,unlabeled,Unknown,2.9146876,-1.6845777,1.2035589,10.28837,10.845845,7.5214143
ddc_dzo_05603,unlabeled,Unknown,3.182213,-0.30705774,0.8449592,11.575837,11.671838,10.193077
ddc_dzo_09866,unlabeled,Unknown,2.7412553,-0.8969202,-0.7439556,9.1934395,10.840095,7.5518956
ddc_dzo_02222,unlabeled,Unknown,1.0149893,-1.0325978,1.1079447,9.976229,10.200268,10.367975
ddc_dzo_09795,unlabeled,Unknown,2.5628839,-0.384341,0.1493932,9.813916,10.709215,9.344728
ddc_dzo_06940,unlabeled,Unknown,1.6143218,-1.0952706,0.1961782,10.143053,10.039977,8.731881
ddc_dzo_07816,unlabeled,Unknown,1.6479023,-1.764304,-0.11271179,9.961902,10.451696,10.936835
ddc_dzo_06801,unlabeled,Unknown,2.1340294,0.8007791,0.30652332,11.707924,10.1186285,9.012905
ddc_dzo_05495,unlabeled,Unknown,1.5447906,-0.61591524,-0.45034432,9.677846,11.0625725,9.735813
ddc_dzo_08146,unlabeled,Unknown,2.8701828,-0.81096816,0.28571197,9.7437315,11.496852,10.246564
ddc_dzo_01480,unlabeled,Unknown,2.324847,-0.24366778,0.9180008,9.586393,10.38537,8.974314
ddc_dzo_00163,unlabeled,Unknown,2.4212902,-1.5397816,-0.7827456,10.120761,11.267784,10.8033695
ddc_dzo_09546,unlabeled,Unknown,1.909641,-0.48026603,0.9711069,11.790753,11.06584,8.8447075
ddc_dzo_05464,unlabeled,Unknown,-12.451254,-2.7128391,2.2349656,9.401583,4.505027,10.645102
ddc_dzo_03136,unlabeled,Unknown,-9.248087,-0.6081767,0.6475372,9.303382,4.5927877,10.81153
ddc_dzo_02032,unlabeled,Unknown,-6.160314,0.19870096,0.2371608,10.075593,5.1063004,10.520682
ddc_dzo_05578,unlabeled,Unknown,-13.695409,-1.3760474,1.4324334,9.677135,4.4402533,10.733586
ddc_dzo_06687,unlabeled,Unknown,-10.9714775,-1.0166693,2.3226695,9.716441,5.2630644,11.329032
ddc_dzo_03502,unlabeled,Unknown,1.5462214,-1.7184169,0.814313,10.916547,10.46774,10.222705
ddc_dzo_00777,unlabeled,Unknown,4.1024647,-2.2224348,0.04646671,9.680531,11.777161,9.680662
ddc_dzo_05077,unlabeled,Unknown,2.2043133,-1.8908297,-1.3848577,8.813389,11.870684,7.336979
ddc_dzo_04345,unlabeled,Unknown,2.62297,-1.9891745,0.6309299,10.255557,10.489658,10.641384
ddc_dzo_06737,unlabeled,Unknown,1.8170269,0.87135017,0.95658207,9.390604,11.014577,8.509102
ddc_dzo_04504,unlabeled,Unknown,2.2645879,-0.96963024,-0.33005357,8.438455,10.653058,9.728452
ddc_dzo_07106,unlabeled,Unknown,2.6236787,-1.2100775,0.39662385,11.704939,11.649565,10.0712805
ddc_dzo_03443,unlabeled,Unknown,1.1427218,-0.6763973,0.10870004,10.328754,10.916561,10.142724
ddc_dzo_03043,unlabeled,Unknown,3.2855215,-1.3878908,0.4615252,10.707388,11.981966,10.15906
ddc_dzo_02042,unlabeled,Unknown,0.596097,-0.4532753,-0.51223874,11.691784,10.94929,9.072456
ddc_dzo_02345,unlabeled,Unknown,2.25536,-0.44667912,-0.3811245,10.241981,11.004021,11.585432
ddc_dzo_00513,unlabeled,Unknown,1.6990721,-0.9833338,0.45412982,9.788149,11.709178,10.002583
ddc_dzo_09396,unlabeled,Unknown,2.0128512,-0.2704954,-0.15662181,10.952281,10.753103,8.410473
ddc_dzo_04249,unlabeled,Unknown,3.3504317,-2.1729631,0.7877104,11.373049,11.596542,9.627072
ddc_dzo_06039,unlabeled,Unknown,3.533588,-1.632903,2.1216822,11.661049,11.3081665,8.800008
ddc_dzo_09421,unlabeled,Unknown,1.5532376,-0.9038904,-0.6835737,10.850542,9.932423,7.6082416
ddc_dzo_02199,unlabeled,Unknown,3.2256646,-2.7031164,0.7062348,9.464966,10.374972,9.555903
ddc_dzo_04834,unlabeled,Unknown,2.5475564,-1.5489717,0.7477598,9.910303,11.552136,8.090312
ddc_dzo_03164,unlabeled,Unknown,2.45654,-0.39140677,1.2213,11.766519,10.49344,10.400038
ddc_dzo_03406,unlabeled,Unknown,2.395537,0.120429516,0.4429586,11.154853,10.681014,10.066584
ddc_dzo_00989,unlabeled,Unknown,1.7889259,-0.02084124,0.73953354,12.095695,11.090525,9.318056
ddc_dzo_09242,unlabeled,Unknown,2.1407194,-0.99941266,0.8292775,12.263733,10.160613,9.03653
ddc_dzo_06396,unlabeled,Unknown,2.56109,0.26053953,0.4703114,11.744933,10.266368,9.566965
ddc_dzo_04016,unlabeled,Unknown,3.284195,-0.48046756,1.2455535,12.2603035,11.1804285,10.493812
ddc_dzo_04215,unlabeled,Unknown,0.9796233,-2.5692325,0.71975523,9.884755,10.759902,7.334971
ddc_dzo_02084,unlabeled,Unknown,2.1963856,-0.01776871,1.0517914,9.501892,10.257662,8.184024
ddc_dzo_04974,unlabeled,Unknown,2.026123,-1.1393176,1.7130134,9.122695,10.221584,9.461013
ddc_dzo_02659,unlabeled,Unknown,3.2962427,-1.6849711,0.5401746,11.576766,10.3262205,8.021796
ddc_dzo_08785,unlabeled,Unknown,1.735457,-0.77830595,-0.09090614,12.173084,11.455315,10.248332
ddc_dzo_02517,unlabeled,Unknown,1.269519,-1.647389,-0.16033077,10.13349,9.764414,7.39144
ddc_dzo_06584,unlabeled,Unknown,2.3194525,-1.299241,-0.31399822,11.5747175,10.719926,10.83294
ddc_dzo_08367,unlabeled,Unknown,1.8952861,-2.360967,0.70159626,10.83193,11.006846,9.667868
ddc_dzo_01345,unlabeled,Unknown,2.1319468,1.4794065,0.1994465,10.996924,10.303725,10.330705
ddc_dzo_03237,unlabeled,Unknown,2.3017347,-0.7278137,0.011316776,8.900811,12.450308,8.533156
ddc_dzo_05841,unlabeled,Unknown,0.78273463,-2.9258146,0.82710505,8.742971,12.117177,7.4338574
ddc_dzo_08594,unlabeled,Unknown,3.57857,-0.7159195,1.2222501,9.917381,11.359428,9.174911
ddc_dzo_00622,unlabeled,Unknown,3.4689302,-2.0240216,-0.025521517,9.77338,12.63873,8.016842
ddc_dzo_09585,unlabeled,Unknown,2.0269518,-1.6427796,-0.10249925,9.307895,11.917824,7.605565
ddc_dzo_01799,unlabeled,Unknown,1.8409033,-0.54853785,0.8901211,9.940491,12.022857,8.994328
ddc_dzo_06836,unlabeled,Unknown,2.707303,-1.2185916,-0.41545305,9.952382,11.656738,7.605615
ddc_dzo_07442,unlabeled,Unknown,1.6944203,-1.9508541,1.1061116,8.661522,10.447495,8.112023
ddc_dzo_01499,unlabeled,Unknown,3.4716444,-1.6200483,-0.7747688,9.581241,11.845631,7.0809846
ddc_dzo_01694,unlabeled,Unknown,3.2086234,-1.2102597,0.96268845,9.70516,12.020978,7.5350513
ddc_dzo_02858,unlabeled,Unknown,2.894061,-0.78435826,0.08397627,8.792771,11.773569,7.4430017
ddc_dzo_06787,unlabeled,Unknown,3.0494127,-1.6731205,-0.056048602,9.975743,11.740004,7.4462223
ddc_dzo_00319,unlabeled,Unknown,2.1105263,-1.6408315,0.53118175,8.559976,11.02562,8.16478
ddc_dzo_06313,unlabeled,Unknown,1.988848,-0.9700937,-0.36616474,10.62009,10.329459,6.84237
ddc_dzo_00942,unlabeled,Unknown,2.3777657,-0.22749281,-0.86482763,10.36325,11.148962,11.018002
ddc_dzo_01038,unlabeled,Unknown,0.7293076,-0.6819803,0.053582013,10.189328,9.804702,8.87105
ddc_dzo_05948,unlabeled,Unknown,2.8752549,0.47527027,-1.596868,9.810587,10.936248,11.130442
ddc_dzo_05809,unlabeled,Unknown,1.8347368,-1.886694,-1.1458716,8.935565,10.886477,7.746897
ddc_dzo_06543,unlabeled,Unknown,3.0089486,-1.3796821,-0.60384035,10.346739,11.15739,11.123204
ddc_dzo_06916,unlabeled,Unknown,0.7580023,-0.30452657,1.4328761,9.303394,11.768086,6.8878207
ddc_dzo_08063,unlabeled,Unknown,1.6255875,-0.36062264,0.84839034,10.367273,11.021735,10.1741705
ddc_dzo_01753,unlabeled,Unknown,2.8403075,-0.5693891,0.050768614,9.291127,11.652619,8.959924
ddc_dzo_02884,unlabeled,Unknown,3.3526876,-1.8282869,0.8943062,9.334311,12.156505,9.4556
ddc_dzo_05257,unlabeled,Unknown,2.7215905,-0.83601993,-1.4069905,9.319029,12.242525,7.16237
ddc_dzo_02785,unlabeled,Unknown,1.8180723,-0.5005546,0.80921376,9.908856,12.539955,9.029575
ddc_dzo_06246,unlabeled,Unknown,1.942275,-0.3508252,0.21555758,10.484036,12.342201,8.184588
ddc_dzo_04145,unlabeled,Unknown,1.5413861,0.121043324,-0.05160725,10.309684,11.658356,8.119874
ddc_dzo_08286,unlabeled,Unknown,2.135662,0.37180948,0.31082678,9.665365,11.3665695,10.190734
ddc_dzo_04633,unlabeled,Unknown,0.6340623,1.2399421,0.6415796,9.342284,12.201101,7.064012
ddc_dzo_02365,unlabeled,Unknown,2.0258899,-2.10068,-0.4710133,8.845212,11.769555,7.267116
ddc_dzo_02668,unlabeled,Unknown,3.2950547,-0.7855036,-0.5490396,9.849142,11.427557,8.408288
ddc_dzo_03706,unlabeled,Unknown,1.8665435,-1.6110555,-0.5646572,9.48129,11.547821,8.00796
ddc_dzo_05524,unlabeled,Unknown,1.5083708,-1.5738103,0.7828822,10.168453,12.215521,9.978562
ddc_dzo_02328,unlabeled,Unknown,3.4324808,-0.94408745,-1.5600724,8.988394,11.0992565,7.5437164
ddc_dzo_00169,unlabeled,Unknown,3.5708718,-0.293962,-0.24431163,9.9547615,12.159651,10.220472
ddc_dzo_08528,unlabeled,Unknown,-9.449119,-0.9512279,1.3830998,10.440748,5.653801,11.001744
ddc_dzo_06056,unlabeled,Unknown,2.709272,-2.455237,-0.79115486,9.647899,11.762686,10.720055
ddc_dzo_08937,unlabeled,Unknown,2.8904397,-1.7107439,0.30348313,9.024805,11.779546,10.147669
ddc_dzo_03897,unlabeled,Unknown,3.6402435,-0.6485399,0.4138798,10.759263,11.002882,9.341661
ddc_dzo_05323,unlabeled,Unknown,1.7645566,-1.9660413,1.0211604,10.637416,11.131636,9.857562
ddc_dzo_06508,unlabeled,Unknown,2.2101555,-0.2617615,-0.02053938,10.780779,11.629708,9.484551
ddc_dzo_07695,unlabeled,Unknown,3.5458846,-1.2258453,1.0974802,9.856999,11.504965,10.18813
ddc_dzo_00277,unlabeled,Unknown,1.8767265,-2.0589912,0.38529062,11.14324,11.729276,9.731808
ddc_dzo_00674,unlabeled,Unknown,2.8093886,-0.8083437,-0.29836845,10.262822,12.260491,8.156969
ddc_dzo_07776,unlabeled,Unknown,1.7068522,-1.2096131,1.6884192,10.274914,11.431054,10.222681
ddc_dzo_03343,unlabeled,Unknown,2.3058155,-0.32583356,0.14717501,10.241326,12.111581,8.404435
ddc_dzo_09765,unlabeled,Unknown,2.4009364,-1.4113636,1.4582705,9.372572,10.802756,8.932579
ddc_dzo_08782,unlabeled,Unknown,3.3645678,-1.5523021,-0.408745,9.984513,12.179331,9.264872
ddc_dzo_07621,unlabeled,Unknown,2.5769963,-1.6781462,0.5206461,11.47383,11.78591,9.765852
ddc_dzo_09018,unlabeled,Unknown,2.0309834,-0.87317276,1.3781433,9.570859,11.418165,7.6491833
ddc_dzo_09985,unlabeled,Unknown,1.4681067,-0.7879453,1.54668,9.663418,11.524711,9.497115
ddc_dzo_08832,unlabeled,Unknown,2.822895,-0.5097313,-0.16743374,8.536037,11.842797,8.333446
ddc_dzo_02833,unlabeled,Unknown,1.9443527,-0.41316253,-0.029556513,11.065369,11.814238,8.286998
ddc_dzo_03752,unlabeled,Unknown,1.9988555,-1.0887488,0.39550495,9.15108,12.200434,7.2428465
ddc_dzo_05485,unlabeled,Unknown,3.1421528,-0.39016092,1.1356747,10.308903,12.253763,9.409572
ddc_dzo_07231,unlabeled,Unknown,2.4156532,-0.45398843,0.43669295,8.549414,11.896235,9.276784
ddc_dzo_04254,unlabeled,Unknown,2.2457352,-0.45835733,-0.78289235,8.529111,10.824406,9.5756035
ddc_dzo_06234,unlabeled,Unknown,4.2329555,-0.9608108,-0.6450381,9.367909,12.042474,9.293327
ddc_dzo_09008,unlabeled,Unknown,2.5923076,-1.4905429,0.64455533,9.331455,12.003417,9.169637
ddc_dzo_06959,unlabeled,Unknown,2.9519067,-0.048458993,1.6277847,9.317584,11.684526,6.9197288
ddc_dzo_07923,unlabeled,Unknown,3.6358573,-1.313384,1.414798,9.123147,11.909341,7.6032944
ddc_dzo_09926,unlabeled,Unknown,2.2659624,-1.7034934,-0.47486532,9.131697,11.781631,8.877199
ddc_dzo_03531,unlabeled,Unknown,2.6600375,-0.5973073,0.17103082,10.035604,12.054279,9.098452
ddc_dzo_06767,unlabeled,Unknown,2.5738106,-1.4498363,0.6490998,9.363466,11.900401,7.4852304
ddc_dzo_04553,unlabeled,Unknown,2.0673525,-2.6230478,0.65292096,9.434731,11.607291,9.770495
ddc_dzo_05556,unlabeled,Unknown,2.3227663,-0.07814157,1.5133902,10.130942,12.088382,8.9778385
ddc_dzo_03580,unlabeled,Unknown,2.0228248,-2.7927651,2.0455527,9.235781,11.290266,7.585104
ddc_dzo_04763,unlabeled,Unknown,1.3252289,-1.1054366,-0.9057522,10.455325,11.874017,7.3856993
ddc_dzo_03075,unlabeled,Unknown,2.3606894,1.0636687,0.3857441,9.438785,10.998411,6.3802013
ddc_dzo_09133,unlabeled,Unknown,1.8691738,0.021892548,1.1163726,9.763714,12.325246,8.9648485
ddc_dzo_09808,unlabeled,Unknown,1.6752472,-1.4397398,1.7954762,9.091183,11.560955,7.591911
ddc_dzo_00426,unlabeled,Unknown,1.7567906,-0.96853685,0.569771,9.21167,11.533203,10.263363
ddc_dzo_06241,unlabeled,Unknown,1.5551472,0.2593851,0.11795926,9.453868,10.624114,8.873427
ddc_dzo_05914,unlabeled,Unknown,2.7020884,-0.06621909,0.20644808,8.498647,11.941616,8.817557
ddc_dzo_01208,unlabeled,Unknown,2.6523843,0.63310266,0.8456112,9.286748,11.911764,9.179128
ddc_dzo_04669,unlabeled,Unknown,1.4948654,-1.5949193,0.6580113,8.794134,11.782184,8.504942
ddc_dzo_07165,unlabeled,Unknown,2.286801,-1.2361908,-0.48933554,9.167426,11.775926,7.492805
ddc_dzo_02480,unlabeled,Unknown,3.1030264,-1.5567784,0.47596967,10.751842,11.488771,9.635426
ddc_dzo_06876,unlabeled,Unknown,0.8805393,-0.59482455,0.19563758,10.453667,11.419035,10.381332
ddc_dzo_07942,unlabeled,Unknown,1.2928509,-0.4817636,0.59906197,9.001973,11.752161,9.264379
ddc_dzo_06410,unlabeled,Unknown,2.3466623,-0.58986425,1.5359178,9.70209,10.486438,10.40568
ddc_dzo_05709,unlabeled,Unknown,0.9717307,-2.0000868,1.9494705,9.335412,12.3509,8.060721
ddc_dzo_07395,unlabeled,Unknown,2.5008094,-2.2209163,1.2180197,10.468221,11.573037,10.526575
ddc_dzo_03258,unlabeled,Unknown,1.8028831,0.5608227,0.8633024,9.102662,11.62285,8.576693
ddc_dzo_03068,unlabeled,Unknown,2.314287,-1.3199168,-0.19477177,9.325025,12.265307,7.2002473
ddc_dzo_01357,unlabeled,Unknown,1.2486039,-0.47846496,0.7436166,8.704945,12.160944,8.385567
ddc_dzo_07811,unlabeled,Unknown,2.0663974,-1.7288063,-0.21578503,10.057167,11.187951,10.123681
ddc_dzo_04135,unlabeled,Unknown,1.8579556,-0.9714575,-0.16014123,8.806245,10.619228,10.378948
ddc_dzo_01037,unlabeled,Unknown,2.2975492,-1.2190025,1.1070241,9.408206,11.894536,8.210728
ddc_dzo_03811,unlabeled,Unknown,2.2110164,0.7517227,-0.59812045,8.840621,10.557007,8.863338
ddc_dzo_04889,unlabeled,Unknown,2.5646305,1.4567785,-0.5103812,8.979992,10.792902,8.420477
ddc_dzo_01446,unlabeled,Unknown,1.7943697,-1.8473948,-0.08516741,9.4773,12.556191,7.7933803
ddc_dzo_07622,unlabeled,Unknown,0.6468358,-0.54168487,0.10459471,10.736801,11.121988,10.330259
ddc_dzo_09464,unlabeled,Unknown,1.964581,-1.394587,1.7647936,9.141575,10.932772,7.199345
