audio_id,split,speaker
ddc_dzo_04217,labeled,Romeo
ddc_dzo_00009,labeled,Romeo
ddc_dzo_00013,labeled,Romeo
ddc_dzo_00001,labeled,Romeo
ddc_dzo_00015,labeled,Romeo
ddc_dzo_00014,labeled,Romeo
ddc_dzo_00005,labeled,Romeo
ddc_dzo_00006,labeled,Romeo
ddc_dzo_00023,labeled,Romeo
ddc_dzo_00003,labeled,Romeo
ddc_dzo_00007,labeled,Dorji
ddc_dzo_00008,labeled,Thinley
ddc_dzo_01836,labeled,Namgay
ddc_dzo_00019,labeled,Romeo
ddc_dzo_08853,labeled,Romeo
ddc_dzo_00046,labeled,Romeo
ddc_dzo_00048,labeled,Romeo
ddc_dzo_00039,labeled,Romeo
ddc_dzo_00045,labeled,Romeo
ddc_dzo_00051,labeled,Romeo
ddc_dzo_00029,labeled,Dorji
ddc_dzo_00032,labeled,Romeo
ddc_dzo_00042,labeled,Romeo
ddc_dzo_00041,labeled,Dorji
ddc_dzo_00053,labeled,Romeo
ddc_dzo_09137,labeled,Romeo
ddc_dzo_00082,labeled,Romeo
ddc_dzo_00073,labeled,Thinley
ddc_dzo_00066,labeled,Romeo
ddc_dzo_00056,labeled,Romeo
ddc_dzo_00069,labeled,Dorji
ddc_dzo_00063,labeled,Romeo
ddc_dzo_00075,labeled,Romeo
ddc_dzo_00083,labeled,Romeo
ddc_dzo_00061,labeled,Thinley
ddc_dzo_00070,labeled,Thinley
ddc_dzo_00057,labeled,Romeo
ddc_dzo_01034,labeled,Thinley
ddc_dzo_00078,labeled,Dorji
ddc_dzo_00080,labeled,Thinley
ddc_dzo_00067,labeled,Romeo
ddc_dzo_06116,labeled,Romeo
ddc_dzo_00100,labeled,Romeo
ddc_dzo_00094,labeled,Romeo
ddc_dzo_00101,labeled,Romeo
ddc_dzo_00107,labeled,Romeo
ddc_dzo_00098,labeled,Romeo
ddc_dzo_00089,labeled,Romeo
ddc_dzo_03225,labeled,Dorji
ddc_dzo_09420,labeled,Thinley
ddc_dzo_00091,labeled,Romeo
ddc_dzo_00111,labeled,Romeo
ddc_dzo_00090,labeled,Romeo
ddc_dzo_00096,labeled,Romeo
ddc_dzo_00102,labeled,Dorji
ddc_dzo_00092,labeled,Thinley
ddc_dzo_00103,labeled,Romeo
ddc_dzo_00084,labeled,Romeo
ddc_dzo_00105,labeled,Romeo
ddc_dzo_00138,labeled,Romeo
ddc_dzo_00123,labeled,Romeo
ddc_dzo_00121,labeled,Namgay
ddc_dzo_00131,labeled,Romeo
ddc_dzo_00113,labeled,Romeo
ddc_dzo_00112,labeled,Thinley
ddc_dzo_00124,labeled,Romeo
ddc_dzo_00136,labeled,Romeo
ddc_dzo_00122,labeled,Thinley
ddc_dzo_00115,labeled,Romeo
ddc_dzo_00126,labeled,Thinley
ddc_dzo_00133,labeled,Romeo
ddc_dzo_00134,labeled,Romeo
ddc_dzo_04727,labeled,Romeo
ddc_dzo_09873,labeled,Dorji
ddc_dzo_00144,labeled,Romeo
ddc_dzo_00147,labeled,Romeo
ddc_dzo_00154,labeled,Romeo
ddc_dzo_00158,labeled,Romeo
ddc_dzo_00145,labeled,Romeo
ddc_dzo_00153,labeled,Dorji
ddc_dzo_00143,labeled,Romeo
ddc_dzo_00155,labeled,Dorji
ddc_dzo_00164,labeled,Romeo
ddc_dzo_00150,labeled,Romeo
ddc_dzo_00142,labeled,Romeo
ddc_dzo_00141,labeled,Romeo
ddc_dzo_07644,labeled,Romeo
ddc_dzo_00180,labeled,Romeo
ddc_dzo_00188,labeled,Romeo
ddc_dzo_00172,labeled,Romeo
ddc_dzo_00187,labeled,Romeo
ddc_dzo_00181,labeled,Romeo
ddc_dzo_00175,labeled,Dorji
ddc_dzo_00167,labeled,Namgay
ddc_dzo_00170,labeled,Dorji
ddc_dzo_00171,labeled,Romeo
ddc_dzo_00189,labeled,Romeo
ddc_dzo_00183,labeled,Romeo
ddc_dzo_00173,labeled,Romeo
ddc_dzo_00191,labeled,Romeo
ddc_dzo_00166,labeled,Romeo
ddc_dzo_08529,labeled,Romeo
ddc_dzo_00216,labeled,Romeo
ddc_dzo_00218,labeled,Romeo
ddc_dzo_00199,labeled,Romeo
ddc_dzo_00203,labeled,Romeo
ddc_dzo_00205,labeled,Thinley
ddc_dzo_00207,labeled,Romeo
ddc_dzo_00217,labeled,Romeo
ddc_dzo_00196,labeled,Romeo
ddc_dzo_00215,labeled,Romeo
ddc_dzo_06084,labeled,Dorji
ddc_dzo_00212,labeled,Romeo
ddc_dzo_06096,labeled,Dorji
ddc_dzo_00201,labeled,Romeo
ddc_dzo_00206,labeled,Romeo
ddc_dzo_00213,labeled,Romeo
ddc_dzo_00195,labeled,Romeo
ddc_dzo_00230,labeled,Dorji
ddc_dzo_00239,labeled,Romeo
ddc_dzo_09086,labeled,Romeo
ddc_dzo_03775,labeled,Romeo
ddc_dzo_00229,labeled,Romeo
ddc_dzo_00226,labeled,Romeo
ddc_dzo_00243,labeled,Nima
ddc_dzo_00236,labeled,Thinley
ddc_dzo_00224,labeled,Thinley
ddc_dzo_00232,labeled,Namgay
ddc_dzo_00237,labeled,Romeo
ddc_dzo_00246,labeled,Romeo
ddc_dzo_00231,labeled,Romeo
ddc_dzo_00223,labeled,Romeo
ddc_dzo_00241,labeled,Romeo
ddc_dzo_00222,labeled,Romeo
ddc_dzo_01378,labeled,Romeo
ddc_dzo_00253,labeled,Romeo
ddc_dzo_00248,labeled,Romeo
ddc_dzo_00274,labeled,Romeo
ddc_dzo_00266,labeled,Romeo
ddc_dzo_00252,labeled,Romeo
ddc_dzo_00268,labeled,Romeo
ddc_dzo_00264,labeled,Thinley
ddc_dzo_00254,labeled,Romeo
ddc_dzo_00269,labeled,Romeo
ddc_dzo_01035,labeled,Romeo
ddc_dzo_00261,labeled,Namgay
ddc_dzo_00263,labeled,Namgay
ddc_dzo_00262,labeled,Thinley
ddc_dzo_00258,labeled,Romeo
ddc_dzo_00270,labeled,Romeo
ddc_dzo_00259,labeled,Romeo
ddc_dzo_08862,labeled,Romeo
ddc_dzo_00286,labeled,Romeo
ddc_dzo_08849,labeled,Thinley
ddc_dzo_00290,labeled,Thinley
ddc_dzo_00297,labeled,Romeo
ddc_dzo_00288,labeled,Romeo
ddc_dzo_00298,labeled,Thinley
ddc_dzo_00295,labeled,Dorji
ddc_dzo_00302,labeled,Thinley
ddc_dzo_00292,labeled,Romeo
ddc_dzo_00282,labeled,Romeo
ddc_dzo_00283,labeled,Dorji
ddc_dzo_00276,labeled,Romeo
ddc_dzo_00289,labeled,Thinley
ddc_dzo_00281,labeled,Thinley
ddc_dzo_00300,labeled,Romeo
ddc_dzo_01823,labeled,Romeo
ddc_dzo_00331,labeled,Romeo
ddc_dzo_00305,labeled,Romeo
ddc_dzo_00328,labeled,Romeo
ddc_dzo_00303,labeled,Dorji
ddc_dzo_00313,labeled,Thinley
ddc_dzo_00327,labeled,Romeo
ddc_dzo_00309,labeled,Romeo
ddc_dzo_00304,labeled,Romeo
ddc_dzo_00310,labeled,Romeo
ddc_dzo_00323,labeled,Romeo
ddc_dzo_00330,labeled,Dorji
ddc_dzo_00311,labeled,Romeo
ddc_dzo_01169,labeled,Romeo
ddc_dzo_00338,labeled,Romeo
ddc_dzo_00353,labeled,Romeo
ddc_dzo_00345,labeled,Dorji
ddc_dzo_00356,labeled,Dorji
ddc_dzo_00349,labeled,Romeo
ddc_dzo_00334,labeled,Romeo
ddc_dzo_00355,labeled,Thinley
ddc_dzo_00354,labeled,Romeo
ddc_dzo_00337,labeled,Romeo
ddc_dzo_00346,labeled,Romeo
ddc_dzo_00350,labeled,Thinley
ddc_dzo_00333,labeled,Nima
ddc_dzo_00344,labeled,Romeo
ddc_dzo_00342,labeled,Romeo
ddc_dzo_09573,labeled,Romeo
ddc_dzo_00378,labeled,Romeo
ddc_dzo_00375,labeled,Romeo
ddc_dzo_00364,labeled,Romeo
ddc_dzo_00382,labeled,Romeo
ddc_dzo_00377,labeled,Romeo
ddc_dzo_00384,labeled,Namgay
ddc_dzo_00365,labeled,Thinley
ddc_dzo_00379,labeled,Thinley
ddc_dzo_00368,labeled,Dorji
ddc_dzo_00373,labeled,Romeo
ddc_dzo_00361,labeled,Romeo
ddc_dzo_00367,labeled,Thinley
ddc_dzo_01645,labeled,Romeo
ddc_dzo_00395,labeled,Romeo
ddc_dzo_00407,labeled,Romeo
ddc_dzo_00387,labeled,Romeo
ddc_dzo_00399,labeled,Romeo
ddc_dzo_00401,labeled,Romeo
ddc_dzo_00439,labeled,Romeo
ddc_dzo_00389,labeled,Thinley
ddc_dzo_00410,labeled,Dorji
ddc_dzo_00408,labeled,Dorji
ddc_dzo_00396,labeled,Dorji
ddc_dzo_00402,labeled,Dorji
ddc_dzo_00393,labeled,Dorji
ddc_dzo_00406,labeled,Romeo
ddc_dzo_00391,labeled,Romeo
ddc_dzo_03077,labeled,Romeo
ddc_dzo_00421,labeled,Romeo
ddc_dzo_00415,labeled,Thinley
ddc_dzo_00425,labeled,Romeo
ddc_dzo_00413,labeled,Thinley
ddc_dzo_00432,labeled,Romeo
ddc_dzo_00430,labeled,Romeo
ddc_dzo_00422,labeled,Romeo
ddc_dzo_00424,labeled,Thinley
ddc_dzo_00412,labeled,Romeo
ddc_dzo_00433,labeled,Namgay
ddc_dzo_00431,labeled,Romeo
ddc_dzo_00419,labeled,Romeo
ddc_dzo_00414,labeled,Romeo
ddc_dzo_05134,labeled,Romeo
ddc_dzo_00449,labeled,Romeo
ddc_dzo_00460,labeled,Thinley
ddc_dzo_00450,labeled,Romeo
ddc_dzo_00463,labeled,Romeo
ddc_dzo_00455,labeled,Romeo
ddc_dzo_00453,labeled,Thinley
ddc_dzo_00440,labeled,Dorji
ddc_dzo_00447,labeled,Romeo
ddc_dzo_00464,labeled,Thinley
ddc_dzo_00443,labeled,Thinley
ddc_dzo_01036,labeled,Romeo
ddc_dzo_00462,labeled,Romeo
ddc_dzo_00454,labeled,Romeo
ddc_dzo_00479,labeled,Romeo
ddc_dzo_00486,labeled,Romeo
ddc_dzo_04020,labeled,Romeo
ddc_dzo_00471,labeled,Romeo
ddc_dzo_00477,labeled,Romeo
ddc_dzo_00478,labeled,Dorji
ddc_dzo_00468,labeled,Romeo
ddc_dzo_00469,labeled,Namgay
ddc_dzo_00473,labeled,Thinley
ddc_dzo_00467,labeled,Namgay
ddc_dzo_00485,labeled,Thinley
ddc_dzo_00492,labeled,Romeo
ddc_dzo_00484,labeled,Romeo
ddc_dzo_00483,labeled,Romeo
ddc_dzo_00970,labeled,Romeo
ddc_dzo_00498,labeled,Romeo
ddc_dzo_00504,labeled,Romeo
ddc_dzo_00515,labeled,Romeo
ddc_dzo_00517,labeled,Namgay
ddc_dzo_00500,labeled,Namgay
ddc_dzo_00497,labeled,Dorji
ddc_dzo_00510,labeled,Romeo
ddc_dzo_00508,labeled,Romeo
ddc_dzo_00516,labeled,Thinley
ddc_dzo_00512,labeled,Romeo
ddc_dzo_00502,labeled,Thinley
ddc_dzo_00506,labeled,Dorji
ddc_dzo_00501,labeled,Romeo
ddc_dzo_06250,labeled,Romeo
ddc_dzo_00524,labeled,Romeo
ddc_dzo_00529,labeled,Romeo
ddc_dzo_00537,labeled,Romeo
ddc_dzo_00538,labeled,Romeo
ddc_dzo_00539,labeled,Dorji
ddc_dzo_00532,labeled,Romeo
ddc_dzo_00545,labeled,Dorji
ddc_dzo_00543,labeled,Thinley
ddc_dzo_00534,labeled,Romeo
ddc_dzo_00530,labeled,Thinley
ddc_dzo_00523,labeled,Romeo
ddc_dzo_00536,labeled,Romeo
ddc_dzo_00533,labeled,Romeo
ddc_dzo_06604,labeled,Romeo
ddc_dzo_00570,labeled,Romeo
ddc_dzo_00562,labeled,Thinley
ddc_dzo_00548,labeled,Dorji
ddc_dzo_00560,labeled,Romeo
ddc_dzo_00569,labeled,Romeo
ddc_dzo_00559,labeled,Namgay
ddc_dzo_00549,labeled,Romeo
ddc_dzo_00565,labeled,Dorji
ddc_dzo_01304,labeled,Romeo
ddc_dzo_00594,labeled,Romeo
ddc_dzo_00585,labeled,Namgay
ddc_dzo_00590,labeled,Romeo
ddc_dzo_00581,labeled,Thinley
ddc_dzo_00587,labeled,Thinley
ddc_dzo_00596,labeled,Romeo
ddc_dzo_00592,labeled,Romeo
ddc_dzo_00578,labeled,Thinley
ddc_dzo_00580,labeled,Romeo
ddc_dzo_00624,labeled,Romeo
ddc_dzo_00619,labeled,Romeo
ddc_dzo_00612,labeled,Romeo
ddc_dzo_00621,labeled,Romeo
ddc_dzo_00604,labeled,Romeo
ddc_dzo_00627,labeled,Romeo
ddc_dzo_00606,labeled,Romeo
ddc_dzo_00611,labeled,Romeo
ddc_dzo_00626,labeled,Thinley
ddc_dzo_00608,labeled,Thinley
ddc_dzo_00616,labeled,Thinley
ddc_dzo_09776,labeled,Thinley
ddc_dzo_00613,labeled,Romeo
ddc_dzo_00620,labeled,Romeo
ddc_dzo_00630,labeled,Romeo
ddc_dzo_00636,labeled,Romeo
ddc_dzo_00634,labeled,Thinley
ddc_dzo_00631,labeled,Thinley
ddc_dzo_00645,labeled,Romeo
ddc_dzo_00643,labeled,Namgay
ddc_dzo_00628,labeled,Romeo
ddc_dzo_00641,labeled,Thinley
ddc_dzo_00651,labeled,Thinley
ddc_dzo_00648,labeled,Nima
ddc_dzo_00640,labeled,Thinley
ddc_dzo_00646,labeled,Romeo
ddc_dzo_00639,labeled,Romeo
ddc_dzo_00633,labeled,Romeo
ddc_dzo_01073,labeled,Romeo
ddc_dzo_00660,labeled,Romeo
ddc_dzo_00670,labeled,Romeo
ddc_dzo_00658,labeled,Romeo
ddc_dzo_00653,labeled,Romeo
ddc_dzo_00657,labeled,Romeo
ddc_dzo_00672,labeled,Romeo
ddc_dzo_00669,labeled,Romeo
ddc_dzo_00662,labeled,Romeo
ddc_dzo_00673,labeled,Romeo
ddc_dzo_00671,labeled,Romeo
ddc_dzo_00667,labeled,Dorji
ddc_dzo_00654,labeled,Romeo
ddc_dzo_00656,labeled,Romeo
ddc_dzo_09749,labeled,Romeo
ddc_dzo_08070,labeled,Romeo
ddc_dzo_00682,labeled,Romeo
ddc_dzo_00683,labeled,Romeo
ddc_dzo_00701,labeled,Romeo
ddc_dzo_00691,labeled,Romeo
ddc_dzo_00697,labeled,Romeo
ddc_dzo_00686,labeled,Romeo
ddc_dzo_00681,labeled,Romeo
ddc_dzo_00687,labeled,Dorji
ddc_dzo_00693,labeled,Thinley
ddc_dzo_00699,labeled,Romeo
ddc_dzo_00689,labeled,Romeo
ddc_dzo_00679,labeled,Romeo
ddc_dzo_00698,labeled,Romeo
ddc_dzo_03481,labeled,Romeo
ddc_dzo_00708,labeled,Romeo
ddc_dzo_00712,labeled,Romeo
ddc_dzo_00726,labeled,Romeo
ddc_dzo_00710,labeled,Romeo
ddc_dzo_00722,labeled,Romeo
ddc_dzo_00718,labeled,Namgay
ddc_dzo_00716,labeled,Romeo
ddc_dzo_00723,labeled,Romeo
ddc_dzo_04477,labeled,Dorji
ddc_dzo_00707,labeled,Romeo
ddc_dzo_00729,labeled,Romeo
ddc_dzo_00704,labeled,Romeo
ddc_dzo_00719,labeled,Romeo
ddc_dzo_00055,labeled,Romeo
ddc_dzo_02390,labeled,Romeo
ddc_dzo_00744,labeled,Romeo
ddc_dzo_00733,labeled,Romeo
ddc_dzo_00742,labeled,Romeo
ddc_dzo_00746,labeled,Romeo
ddc_dzo_00753,labeled,Romeo
ddc_dzo_00754,labeled,Romeo
ddc_dzo_00738,labeled,Romeo
ddc_dzo_00748,labeled,Romeo
ddc_dzo_00752,labeled,Romeo
ddc_dzo_00745,labeled,Romeo
ddc_dzo_00734,labeled,Romeo
ddc_dzo_00739,labeled,Romeo
ddc_dzo_07741,labeled,Romeo
ddc_dzo_00758,labeled,Romeo
ddc_dzo_00780,labeled,Romeo
ddc_dzo_00773,labeled,Namgay
ddc_dzo_00767,labeled,Romeo
ddc_dzo_00778,labeled,Romeo
ddc_dzo_00763,labeled,Thinley
ddc_dzo_00782,labeled,Romeo
ddc_dzo_00769,labeled,Romeo
ddc_dzo_00771,labeled,Romeo
ddc_dzo_00764,labeled,Thinley
ddc_dzo_00766,labeled,Romeo
ddc_dzo_00781,labeled,Romeo
ddc_dzo_02148,labeled,Romeo
ddc_dzo_04736,labeled,Thinley
ddc_dzo_08275,labeled,Romeo
ddc_dzo_09954,labeled,Thinley
ddc_dzo_04811,labeled,Thinley
ddc_dzo_00790,labeled,Romeo
ddc_dzo_00792,labeled,Romeo
ddc_dzo_00804,labeled,Romeo
ddc_dzo_00785,labeled,Romeo
ddc_dzo_00802,labeled,Romeo
ddc_dzo_00800,labeled,Dorji
ddc_dzo_00788,labeled,Nima
ddc_dzo_08161,labeled,Romeo
ddc_dzo_00835,labeled,Romeo
ddc_dzo_00811,labeled,Romeo
ddc_dzo_00826,labeled,Romeo
ddc_dzo_00834,labeled,Dorji
ddc_dzo_00820,labeled,Thinley
ddc_dzo_00815,labeled,Romeo
ddc_dzo_00829,labeled,Thinley
ddc_dzo_00825,labeled,Romeo
ddc_dzo_00821,labeled,Romeo
ddc_dzo_00836,labeled,Romeo
ddc_dzo_00819,labeled,Romeo
ddc_dzo_00814,labeled,Romeo
ddc_dzo_09534,labeled,Romeo
ddc_dzo_00862,labeled,Romeo
ddc_dzo_00847,labeled,Romeo
ddc_dzo_00838,labeled,Romeo
ddc_dzo_00854,labeled,Dorji
ddc_dzo_00845,labeled,Romeo
ddc_dzo_00849,labeled,Romeo
ddc_dzo_00860,labeled,Romeo
ddc_dzo_00848,labeled,Romeo
ddc_dzo_00855,labeled,Romeo
ddc_dzo_00861,labeled,Dorji
ddc_dzo_00841,labeled,Romeo
ddc_dzo_00852,labeled,Romeo
ddc_dzo_01318,labeled,Romeo
ddc_dzo_00881,labeled,Romeo
ddc_dzo_00971,labeled,Romeo
ddc_dzo_00883,labeled,Romeo
ddc_dzo_00876,labeled,Romeo
ddc_dzo_00873,labeled,Namgay
ddc_dzo_00886,labeled,Romeo
ddc_dzo_00871,labeled,Thinley
ddc_dzo_00874,labeled,Dorji
ddc_dzo_00887,labeled,Romeo
ddc_dzo_00884,labeled,Romeo
ddc_dzo_00877,labeled,Romeo
ddc_dzo_00864,labeled,Thinley
ddc_dzo_09186,labeled,Namgay
ddc_dzo_00885,labeled,Romeo
ddc_dzo_00882,labeled,Romeo
ddc_dzo_04365,labeled,Romeo
ddc_dzo_00891,labeled,Thinley
ddc_dzo_00897,labeled,Romeo
ddc_dzo_00905,labeled,Thinley
ddc_dzo_00915,labeled,Romeo
ddc_dzo_00898,labeled,Thinley
ddc_dzo_00907,labeled,Thinley
ddc_dzo_00912,labeled,Dorji
ddc_dzo_00914,labeled,Thinley
ddc_dzo_00913,labeled,Romeo
ddc_dzo_00904,labeled,Romeo
ddc_dzo_00939,labeled,Romeo
ddc_dzo_00937,labeled,Romeo
ddc_dzo_00925,labeled,Romeo
ddc_dzo_09478,labeled,Thinley
ddc_dzo_00922,labeled,Romeo
ddc_dzo_00923,labeled,Thinley
ddc_dzo_00921,labeled,Romeo
ddc_dzo_00933,labeled,Romeo
ddc_dzo_00941,labeled,Romeo
ddc_dzo_00917,labeled,Dorji
ddc_dzo_00926,labeled,Thinley
ddc_dzo_05473,labeled,Thinley
ddc_dzo_05147,labeled,Thinley
ddc_dzo_00929,labeled,Romeo
ddc_dzo_00934,labeled,Romeo
ddc_dzo_00950,labeled,Romeo
ddc_dzo_00959,labeled,Dorji
ddc_dzo_09747,labeled,Romeo
ddc_dzo_00944,labeled,Romeo
ddc_dzo_00946,labeled,Romeo
ddc_dzo_00967,labeled,Romeo
ddc_dzo_00956,labeled,Romeo
ddc_dzo_00965,labeled,Namgay
ddc_dzo_00943,labeled,Romeo
ddc_dzo_00960,labeled,Dorji
ddc_dzo_00949,labeled,Romeo
ddc_dzo_00963,labeled,Romeo
ddc_dzo_00495,labeled,Romeo
ddc_dzo_00995,labeled,Romeo
ddc_dzo_01521,labeled,Romeo
ddc_dzo_00981,labeled,Thinley
ddc_dzo_00984,labeled,Romeo
ddc_dzo_00990,labeled,Namgay
ddc_dzo_00979,labeled,Romeo
ddc_dzo_00994,labeled,Romeo
ddc_dzo_00993,labeled,Thinley
ddc_dzo_00977,labeled,Romeo
ddc_dzo_00980,labeled,Romeo
ddc_dzo_00976,labeled,Thinley
ddc_dzo_00982,labeled,Thinley
ddc_dzo_00986,labeled,Romeo
ddc_dzo_00992,labeled,Romeo
ddc_dzo_03553,labeled,Romeo
ddc_dzo_01030,labeled,Romeo
ddc_dzo_01022,labeled,Romeo
ddc_dzo_00999,labeled,Romeo
ddc_dzo_05719,labeled,Romeo
ddc_dzo_01033,labeled,Thinley
ddc_dzo_01018,labeled,Romeo
ddc_dzo_01031,labeled,Dorji
ddc_dzo_01007,labeled,Romeo
ddc_dzo_01025,labeled,Romeo
ddc_dzo_01002,labeled,Dorji
ddc_dzo_01021,labeled,Thinley
ddc_dzo_01015,labeled,Dorji
ddc_dzo_01001,labeled,Romeo
ddc_dzo_01020,labeled,Romeo
ddc_dzo_01029,labeled,Romeo
ddc_dzo_01013,labeled,Romeo
ddc_dzo_01039,labeled,Romeo
ddc_dzo_01050,labeled,Romeo
ddc_dzo_01044,labeled,Romeo
ddc_dzo_01064,labeled,Romeo
ddc_dzo_09142,labeled,Thinley
ddc_dzo_01046,labeled,Thinley
ddc_dzo_01042,labeled,Namgay
ddc_dzo_01068,labeled,Thinley
ddc_dzo_01059,labeled,Romeo
ddc_dzo_01045,labeled,Romeo
ddc_dzo_01058,labeled,Romeo
ddc_dzo_01072,labeled,Romeo
ddc_dzo_01071,labeled,Romeo
ddc_dzo_01049,labeled,Romeo
ddc_dzo_01107,labeled,Romeo
ddc_dzo_00339,labeled,Dorji
ddc_dzo_06303,labeled,Romeo
ddc_dzo_01097,labeled,Romeo
ddc_dzo_01082,labeled,Romeo
ddc_dzo_01083,labeled,Romeo
ddc_dzo_01077,labeled,Romeo
ddc_dzo_01095,labeled,Romeo
ddc_dzo_01103,labeled,Dorji
ddc_dzo_01084,labeled,Romeo
ddc_dzo_01078,labeled,Dorji
ddc_dzo_01093,labeled,Dorji
ddc_dzo_01100,labeled,Romeo
ddc_dzo_01090,labeled,Romeo
ddc_dzo_01129,labeled,Romeo
ddc_dzo_01139,labeled,Romeo
ddc_dzo_01132,labeled,Romeo
ddc_dzo_01110,labeled,Romeo
ddc_dzo_01522,labeled,Namgay
ddc_dzo_01126,labeled,Namgay
ddc_dzo_01138,labeled,Romeo
ddc_dzo_01133,labeled,Thinley
ddc_dzo_01130,labeled,Thinley
ddc_dzo_01125,labeled,Romeo
ddc_dzo_01108,labeled,Thinley
ddc_dzo_01122,labeled,Thinley
ddc_dzo_01118,labeled,Dorji
ddc_dzo_01113,labeled,Romeo
ddc_dzo_01121,labeled,Romeo
ddc_dzo_01134,labeled,Romeo
ddc_dzo_01112,labeled,Romeo
ddc_dzo_01165,labeled,Romeo
ddc_dzo_01155,labeled,Romeo
ddc_dzo_03896,labeled,Dorji
ddc_dzo_03647,labeled,Romeo
ddc_dzo_01140,labeled,Romeo
ddc_dzo_01593,labeled,Romeo
ddc_dzo_01154,labeled,Romeo
ddc_dzo_01145,labeled,Romeo
ddc_dzo_01152,labeled,Romeo
ddc_dzo_01162,labeled,Namgay
ddc_dzo_01142,labeled,Romeo
ddc_dzo_01163,labeled,Dorji
ddc_dzo_01156,labeled,Romeo
ddc_dzo_01166,labeled,Romeo
ddc_dzo_01168,labeled,Romeo
ddc_dzo_01164,labeled,Romeo
ddc_dzo_01149,labeled,Romeo
ddc_dzo_01172,labeled,Romeo
ddc_dzo_05435,labeled,Romeo
ddc_dzo_01203,labeled,Thinley
ddc_dzo_01193,labeled,Romeo
ddc_dzo_01196,labeled,Romeo
ddc_dzo_01195,labeled,Romeo
ddc_dzo_06052,labeled,Thinley
ddc_dzo_01182,labeled,Romeo
ddc_dzo_01184,labeled,Romeo
ddc_dzo_01178,labeled,Romeo
ddc_dzo_01185,labeled,Thinley
ddc_dzo_01176,labeled,Romeo
ddc_dzo_01191,labeled,Romeo
ddc_dzo_04620,labeled,Namgay
ddc_dzo_08986,labeled,Thinley
ddc_dzo_01183,labeled,Thinley
ddc_dzo_01204,labeled,Romeo
ddc_dzo_01179,labeled,Romeo
ddc_dzo_01180,labeled,Romeo
ddc_dzo_01199,labeled,Romeo
ddc_dzo_01205,labeled,Romeo
ddc_dzo_01216,labeled,Romeo
ddc_dzo_01213,labeled,Romeo
ddc_dzo_01242,labeled,Romeo
ddc_dzo_01214,labeled,Romeo
ddc_dzo_01225,labeled,Thinley
ddc_dzo_01222,labeled,Romeo
ddc_dzo_01215,labeled,Thinley
ddc_dzo_01237,labeled,Romeo
ddc_dzo_01220,labeled,Thinley
ddc_dzo_01241,labeled,Thinley
ddc_dzo_01238,labeled,Romeo
ddc_dzo_01219,labeled,Thinley
ddc_dzo_01236,labeled,Romeo
ddc_dzo_01234,labeled,Romeo
ddc_dzo_01235,labeled,Romeo
ddc_dzo_01224,labeled,Romeo
ddc_dzo_01239,labeled,Romeo
ddc_dzo_01244,labeled,Romeo
ddc_dzo_01264,labeled,Romeo
ddc_dzo_01251,labeled,Dorji
ddc_dzo_01261,labeled,Romeo
ddc_dzo_01248,labeled,Romeo
ddc_dzo_01256,labeled,Romeo
ddc_dzo_01273,labeled,Romeo
ddc_dzo_01257,labeled,Romeo
ddc_dzo_01270,labeled,Romeo
ddc_dzo_01249,labeled,Dorji
ddc_dzo_01269,labeled,Romeo
ddc_dzo_01278,labeled,Romeo
ddc_dzo_01268,labeled,Romeo
ddc_dzo_01253,labeled,Thinley
ddc_dzo_01255,labeled,Dorji
ddc_dzo_01263,labeled,Romeo
ddc_dzo_01266,labeled,Dorji
ddc_dzo_01276,labeled,Romeo
ddc_dzo_01250,labeled,Romeo
ddc_dzo_01283,labeled,Romeo
ddc_dzo_01307,labeled,Romeo
ddc_dzo_09644,labeled,Thinley
ddc_dzo_01280,labeled,Dorji
ddc_dzo_03404,labeled,Namgay
ddc_dzo_04425,labeled,Thinley
ddc_dzo_09240,labeled,Dorji
ddc_dzo_01301,labeled,Romeo
ddc_dzo_01302,labeled,Romeo
ddc_dzo_01293,labeled,Romeo
ddc_dzo_01298,labeled,Dorji
ddc_dzo_01311,labeled,Romeo
ddc_dzo_01303,labeled,Dorji
ddc_dzo_01331,labeled,Romeo
ddc_dzo_01338,labeled,Romeo
ddc_dzo_01315,labeled,Dorji
ddc_dzo_01344,labeled,Romeo
ddc_dzo_01314,labeled,Romeo
ddc_dzo_01325,labeled,Namgay
ddc_dzo_01337,labeled,Romeo
ddc_dzo_01319,labeled,Dorji
ddc_dzo_01346,labeled,Romeo
ddc_dzo_01330,labeled,Romeo
ddc_dzo_01321,labeled,Romeo
ddc_dzo_01320,labeled,Thinley
ddc_dzo_01327,labeled,Thinley
ddc_dzo_01340,labeled,Dorji
ddc_dzo_01317,labeled,Romeo
ddc_dzo_01339,labeled,Romeo
ddc_dzo_01313,labeled,Romeo
ddc_dzo_01323,labeled,Romeo
ddc_dzo_01369,labeled,Romeo
ddc_dzo_01370,labeled,Dorji
ddc_dzo_01356,labeled,Romeo
ddc_dzo_01366,labeled,Romeo
ddc_dzo_01359,labeled,Thinley
ddc_dzo_01354,labeled,Romeo
ddc_dzo_01350,labeled,Romeo
ddc_dzo_01361,labeled,Thinley
ddc_dzo_01360,labeled,Dorji
ddc_dzo_01352,labeled,Nima
ddc_dzo_01379,labeled,Thinley
ddc_dzo_01376,labeled,Romeo
ddc_dzo_01351,labeled,Dorji
ddc_dzo_01364,labeled,Romeo
ddc_dzo_01365,labeled,Romeo
ddc_dzo_00386,labeled,Dorji
ddc_dzo_01413,labeled,Romeo
ddc_dzo_01386,labeled,Thinley
ddc_dzo_01408,labeled,Thinley
ddc_dzo_01415,labeled,Romeo
ddc_dzo_01384,labeled,Thinley
ddc_dzo_01394,labeled,Romeo
ddc_dzo_01414,labeled,Romeo
ddc_dzo_01391,labeled,Romeo
ddc_dzo_01407,labeled,Romeo
ddc_dzo_01410,labeled,Romeo
ddc_dzo_01404,labeled,Romeo
ddc_dzo_01390,labeled,Romeo
ddc_dzo_01405,labeled,Romeo
ddc_dzo_02209,labeled,Dorji
ddc_dzo_01430,labeled,Romeo
ddc_dzo_01424,labeled,Romeo
ddc_dzo_01425,labeled,Thinley
ddc_dzo_01418,labeled,Thinley
ddc_dzo_01428,labeled,Romeo
ddc_dzo_01420,labeled,Thinley
ddc_dzo_01433,labeled,Romeo
ddc_dzo_01443,labeled,Romeo
ddc_dzo_01450,labeled,Romeo
ddc_dzo_01421,labeled,Romeo
ddc_dzo_01429,labeled,Romeo
ddc_dzo_01437,labeled,Romeo
ddc_dzo_01440,labeled,Romeo
ddc_dzo_01457,labeled,Dorji
ddc_dzo_01460,labeled,Romeo
ddc_dzo_09130,labeled,Thinley
ddc_dzo_01482,labeled,Romeo
ddc_dzo_07183,labeled,Thinley
ddc_dzo_01467,labeled,Romeo
ddc_dzo_01476,labeled,Romeo
ddc_dzo_01484,labeled,Namgay
ddc_dzo_01478,labeled,Thinley
ddc_dzo_01455,labeled,Romeo
ddc_dzo_01472,labeled,Romeo
ddc_dzo_01454,labeled,Romeo
ddc_dzo_01485,labeled,Dorji
ddc_dzo_01466,labeled,Romeo
ddc_dzo_01477,labeled,Romeo
ddc_dzo_01469,labeled,Romeo
ddc_dzo_02903,labeled,Dorji
ddc_dzo_02239,labeled,Romeo
ddc_dzo_01506,labeled,Romeo
ddc_dzo_01488,labeled,Romeo
ddc_dzo_01509,labeled,Romeo
ddc_dzo_01512,labeled,Romeo
ddc_dzo_01492,labeled,Romeo
ddc_dzo_01511,labeled,Namgay
ddc_dzo_01496,labeled,Romeo
ddc_dzo_01503,labeled,Dorji
ddc_dzo_01495,labeled,Romeo
ddc_dzo_01486,labeled,Thinley
ddc_dzo_01519,labeled,Romeo
ddc_dzo_01510,labeled,Romeo
ddc_dzo_01515,labeled,Romeo
ddc_dzo_01487,labeled,Romeo
ddc_dzo_01516,labeled,Romeo
ddc_dzo_01524,labeled,Romeo
ddc_dzo_01548,labeled,Romeo
ddc_dzo_01550,labeled,Romeo
ddc_dzo_01547,labeled,Romeo
ddc_dzo_01546,labeled,Romeo
ddc_dzo_01549,labeled,Romeo
ddc_dzo_01526,labeled,Thinley
ddc_dzo_01539,labeled,Thinley
ddc_dzo_01538,labeled,Romeo
ddc_dzo_01542,labeled,Romeo
ddc_dzo_01543,labeled,Thinley
ddc_dzo_01540,labeled,Romeo
ddc_dzo_01541,labeled,Thinley
ddc_dzo_01556,labeled,Romeo
ddc_dzo_04074,labeled,Dorji
ddc_dzo_02557,labeled,Romeo
ddc_dzo_01558,labeled,Romeo
ddc_dzo_01592,labeled,Romeo
ddc_dzo_01573,labeled,Namgay
ddc_dzo_01562,labeled,Romeo
ddc_dzo_01584,labeled,Romeo
ddc_dzo_01559,labeled,Romeo
ddc_dzo_01586,labeled,Romeo
ddc_dzo_01576,labeled,Dorji
ddc_dzo_01566,labeled,Romeo
ddc_dzo_01569,labeled,Thinley
ddc_dzo_01585,labeled,Romeo
ddc_dzo_01561,labeled,Romeo
ddc_dzo_01574,labeled,Romeo
ddc_dzo_01596,labeled,Romeo
ddc_dzo_01595,labeled,Romeo
ddc_dzo_01600,labeled,Romeo
ddc_dzo_01609,labeled,Romeo
ddc_dzo_01624,labeled,Romeo
ddc_dzo_08214,labeled,Thinley
ddc_dzo_05555,labeled,Thinley
ddc_dzo_01604,labeled,Romeo
ddc_dzo_01602,labeled,Dorji
ddc_dzo_01610,labeled,Romeo
ddc_dzo_01628,labeled,Romeo
ddc_dzo_01626,labeled,Romeo
ddc_dzo_01599,labeled,Romeo
ddc_dzo_01612,labeled,Romeo
ddc_dzo_01594,labeled,Romeo
ddc_dzo_01611,labeled,Romeo
ddc_dzo_01629,labeled,Romeo
ddc_dzo_01638,labeled,Romeo
ddc_dzo_01630,labeled,Romeo
ddc_dzo_01632,labeled,Romeo
ddc_dzo_01659,labeled,Romeo
ddc_dzo_01640,labeled,Romeo
ddc_dzo_01635,labeled,Romeo
ddc_dzo_01639,labeled,Romeo
ddc_dzo_01644,labeled,Romeo
ddc_dzo_01636,labeled,Romeo
ddc_dzo_01633,labeled,Romeo
ddc_dzo_01663,labeled,Romeo
ddc_dzo_01643,labeled,Dorji
ddc_dzo_01654,labeled,Dorji
ddc_dzo_01649,labeled,Romeo
ddc_dzo_01650,labeled,Romeo
ddc_dzo_01681,labeled,Romeo
ddc_dzo_07775,labeled,Dorji
ddc_dzo_01668,labeled,Romeo
ddc_dzo_00324,labeled,Romeo
ddc_dzo_01680,labeled,Romeo
ddc_dzo_01676,labeled,Dorji
ddc_dzo_01678,labeled,Romeo
ddc_dzo_01692,labeled,Romeo
ddc_dzo_01679,labeled,Romeo
ddc_dzo_01691,labeled,Romeo
ddc_dzo_01690,labeled,Romeo
ddc_dzo_01671,labeled,Thinley
ddc_dzo_01664,labeled,Romeo
ddc_dzo_01673,labeled,Romeo
ddc_dzo_01684,labeled,Thinley
ddc_dzo_01699,labeled,Romeo
ddc_dzo_01666,labeled,Romeo
ddc_dzo_01665,labeled,Romeo
ddc_dzo_01674,labeled,Romeo
ddc_dzo_01704,labeled,Romeo
ddc_dzo_01701,labeled,Romeo
ddc_dzo_05768,labeled,Romeo
ddc_dzo_01717,labeled,Romeo
ddc_dzo_01725,labeled,Romeo
ddc_dzo_01730,labeled,Romeo
ddc_dzo_01718,labeled,Romeo
ddc_dzo_01708,labeled,Romeo
ddc_dzo_01702,labeled,Thinley
ddc_dzo_01700,labeled,Thinley
ddc_dzo_01713,labeled,Thinley
ddc_dzo_01723,labeled,Romeo
ddc_dzo_01726,labeled,Thinley
ddc_dzo_01715,labeled,Romeo
ddc_dzo_01706,labeled,Romeo
ddc_dzo_01727,labeled,Romeo
ddc_dzo_01728,labeled,Romeo
ddc_dzo_01741,labeled,Romeo
ddc_dzo_01758,labeled,Romeo
ddc_dzo_01744,labeled,Romeo
ddc_dzo_01742,labeled,Namgay
ddc_dzo_01745,labeled,Dorji
ddc_dzo_01743,labeled,Thinley
ddc_dzo_01752,labeled,Romeo
ddc_dzo_01738,labeled,Thinley
ddc_dzo_01739,labeled,Romeo
ddc_dzo_01766,labeled,Romeo
ddc_dzo_01747,labeled,Romeo
ddc_dzo_01757,labeled,Dorji
ddc_dzo_01754,labeled,Romeo
ddc_dzo_01737,labeled,Romeo
ddc_dzo_01740,labeled,Romeo
ddc_dzo_00928,labeled,Dorji
ddc_dzo_01784,labeled,Romeo
ddc_dzo_01794,labeled,Romeo
ddc_dzo_01771,labeled,Romeo
ddc_dzo_01796,labeled,Romeo
ddc_dzo_01777,labeled,Romeo
ddc_dzo_01786,labeled,Romeo
ddc_dzo_01801,labeled,Romeo
ddc_dzo_01802,labeled,Dorji
ddc_dzo_01779,labeled,Romeo
ddc_dzo_01782,labeled,Thinley
ddc_dzo_01790,labeled,Thinley
ddc_dzo_01798,labeled,Namgay
ddc_dzo_04801,labeled,Thinley
ddc_dzo_08134,labeled,Dorji
ddc_dzo_01814,labeled,Romeo
ddc_dzo_02842,labeled,Thinley
ddc_dzo_08235,labeled,Namgay
ddc_dzo_01827,labeled,Dorji
ddc_dzo_01811,labeled,Thinley
ddc_dzo_01817,labeled,Romeo
ddc_dzo_01831,labeled,Romeo
ddc_dzo_01822,labeled,Romeo
ddc_dzo_01819,labeled,Romeo
ddc_dzo_01804,labeled,Thinley
ddc_dzo_01828,labeled,Romeo
ddc_dzo_01809,labeled,Romeo
ddc_dzo_01807,labeled,Romeo
ddc_dzo_01825,labeled,Romeo
ddc_dzo_01803,labeled,Romeo
ddc_dzo_01590,labeled,Dorji
ddc_dzo_05084,labeled,Romeo
ddc_dzo_01852,labeled,Romeo
ddc_dzo_01858,labeled,Romeo
ddc_dzo_01853,labeled,Romeo
ddc_dzo_01866,labeled,Romeo
ddc_dzo_01860,labeled,Romeo
ddc_dzo_01837,labeled,Romeo
ddc_dzo_01839,labeled,Romeo
ddc_dzo_01848,labeled,Romeo
ddc_dzo_01842,labeled,Namgay
ddc_dzo_01855,labeled,Romeo
ddc_dzo_01856,labeled,Thinley
ddc_dzo_01849,labeled,Romeo
ddc_dzo_01868,labeled,Romeo
ddc_dzo_01896,labeled,Romeo
ddc_dzo_03928,labeled,Dorji
ddc_dzo_01898,labeled,Romeo
ddc_dzo_01890,labeled,Romeo
ddc_dzo_01902,labeled,Romeo
ddc_dzo_01885,labeled,Romeo
ddc_dzo_01877,labeled,Romeo
ddc_dzo_01889,labeled,Romeo
ddc_dzo_01888,labeled,Romeo
ddc_dzo_01872,labeled,Romeo
ddc_dzo_01884,labeled,Romeo
ddc_dzo_01882,labeled,Dorji
ddc_dzo_01879,labeled,Thinley
ddc_dzo_01897,labeled,Romeo
ddc_dzo_01901,labeled,Romeo
ddc_dzo_01886,labeled,Romeo
ddc_dzo_01893,labeled,Romeo
ddc_dzo_01876,labeled,Romeo
ddc_dzo_03544,labeled,Dorji
ddc_dzo_01939,labeled,Romeo
ddc_dzo_01907,labeled,Romeo
ddc_dzo_01913,labeled,Romeo
ddc_dzo_01914,labeled,Romeo
ddc_dzo_01923,labeled,Namgay
ddc_dzo_01920,labeled,Romeo
ddc_dzo_01937,labeled,Romeo
ddc_dzo_01935,labeled,Romeo
ddc_dzo_01934,labeled,Romeo
ddc_dzo_01906,labeled,Thinley
ddc_dzo_01921,labeled,Romeo
ddc_dzo_01908,labeled,Dorji
ddc_dzo_01919,labeled,Romeo
ddc_dzo_01915,labeled,Romeo
ddc_dzo_04970,labeled,Dorji
ddc_dzo_01941,labeled,Romeo
ddc_dzo_06279,labeled,Romeo
ddc_dzo_01969,labeled,Romeo
ddc_dzo_01966,labeled,Romeo
ddc_dzo_01971,labeled,Romeo
ddc_dzo_01942,labeled,Romeo
ddc_dzo_01947,labeled,Romeo
ddc_dzo_01970,labeled,Romeo
ddc_dzo_01973,labeled,Romeo
ddc_dzo_01968,labeled,Dorji
ddc_dzo_01946,labeled,Romeo
ddc_dzo_01972,labeled,Romeo
ddc_dzo_01949,labeled,Romeo
ddc_dzo_01944,labeled,Romeo
ddc_dzo_01948,labeled,Romeo
ddc_dzo_01964,labeled,Romeo
ddc_dzo_08471,labeled,Dorji
ddc_dzo_01841,labeled,Romeo
ddc_dzo_01983,labeled,Thinley
ddc_dzo_01975,labeled,Romeo
ddc_dzo_02001,labeled,Romeo
ddc_dzo_02000,labeled,Romeo
ddc_dzo_01990,labeled,Romeo
ddc_dzo_01985,labeled,Romeo
ddc_dzo_01980,labeled,Thinley
ddc_dzo_01996,labeled,Dorji
ddc_dzo_01979,labeled,Thinley
ddc_dzo_01981,labeled,Romeo
ddc_dzo_01998,labeled,Romeo
ddc_dzo_01991,labeled,Romeo
ddc_dzo_02003,labeled,Romeo
ddc_dzo_01987,labeled,Romeo
ddc_dzo_01686,labeled,Dorji
ddc_dzo_08044,labeled,Romeo
ddc_dzo_02027,labeled,Romeo
ddc_dzo_02016,labeled,Romeo
ddc_dzo_02025,labeled,Romeo
ddc_dzo_02021,labeled,Romeo
ddc_dzo_02011,labeled,Romeo
ddc_dzo_02029,labeled,Romeo
ddc_dzo_02036,labeled,Dorji
ddc_dzo_02031,labeled,Romeo
ddc_dzo_02008,labeled,Romeo
ddc_dzo_02033,labeled,Romeo
ddc_dzo_02024,labeled,Romeo
ddc_dzo_02028,labeled,Romeo
ddc_dzo_02009,labeled,Romeo
ddc_dzo_02022,labeled,Romeo
ddc_dzo_02987,labeled,Dorji
ddc_dzo_02038,labeled,Romeo
ddc_dzo_02064,labeled,Romeo
ddc_dzo_02067,labeled,Romeo
ddc_dzo_02062,labeled,Romeo
ddc_dzo_02058,labeled,Romeo
ddc_dzo_02068,labeled,Romeo
ddc_dzo_02061,labeled,Romeo
ddc_dzo_02053,labeled,Romeo
ddc_dzo_02054,labeled,Romeo
ddc_dzo_02056,labeled,Romeo
ddc_dzo_02041,labeled,Romeo
ddc_dzo_02065,labeled,Romeo
ddc_dzo_02046,labeled,Dorji
ddc_dzo_02047,labeled,Romeo
ddc_dzo_04617,labeled,Dorji
ddc_dzo_02083,labeled,Romeo
ddc_dzo_08439,labeled,Romeo
ddc_dzo_02074,labeled,Thinley
ddc_dzo_02099,labeled,Romeo
ddc_dzo_02079,labeled,Romeo
ddc_dzo_02093,labeled,Romeo
ddc_dzo_02089,labeled,Dorji
ddc_dzo_02087,labeled,Romeo
ddc_dzo_02086,labeled,Romeo
ddc_dzo_02096,labeled,Romeo
ddc_dzo_02098,labeled,Thinley
ddc_dzo_02071,labeled,Romeo
ddc_dzo_02077,labeled,Romeo
ddc_dzo_02070,labeled,Romeo
ddc_dzo_02103,labeled,Romeo
ddc_dzo_08196,labeled,Romeo
ddc_dzo_02130,labeled,Romeo
ddc_dzo_02109,labeled,Romeo
ddc_dzo_02104,labeled,Romeo
ddc_dzo_02131,labeled,Namgay
ddc_dzo_02122,labeled,Romeo
ddc_dzo_02114,labeled,Romeo
ddc_dzo_02120,labeled,Dorji
ddc_dzo_02115,labeled,Thinley
ddc_dzo_02102,labeled,Thinley
ddc_dzo_02117,labeled,Romeo
ddc_dzo_02118,labeled,Romeo
ddc_dzo_02124,labeled,Romeo
ddc_dzo_02106,labeled,Romeo
ddc_dzo_02121,labeled,Romeo
ddc_dzo_02108,labeled,Romeo
ddc_dzo_02123,labeled,Romeo
ddc_dzo_02154,labeled,Dorji
ddc_dzo_02156,labeled,Romeo
ddc_dzo_02161,labeled,Romeo
ddc_dzo_02146,labeled,Romeo
ddc_dzo_02142,labeled,Romeo
ddc_dzo_02155,labeled,Romeo
ddc_dzo_02136,labeled,Romeo
ddc_dzo_02158,labeled,Romeo
ddc_dzo_02135,labeled,Romeo
ddc_dzo_02149,labeled,Romeo
ddc_dzo_02152,labeled,Thinley
ddc_dzo_02134,labeled,Dorji
ddc_dzo_02144,labeled,Dorji
ddc_dzo_02162,labeled,Thinley
ddc_dzo_02139,labeled,Romeo
ddc_dzo_02163,labeled,Romeo
ddc_dzo_06278,labeled,Dorji
ddc_dzo_02166,labeled,Romeo
ddc_dzo_02165,labeled,Romeo
ddc_dzo_02186,labeled,Romeo
ddc_dzo_02188,labeled,Thinley
ddc_dzo_02181,labeled,Romeo
ddc_dzo_02182,labeled,Romeo
ddc_dzo_02172,labeled,Romeo
ddc_dzo_02173,labeled,Romeo
ddc_dzo_02169,labeled,Romeo
ddc_dzo_02191,labeled,Romeo
ddc_dzo_02187,labeled,Romeo
ddc_dzo_02179,labeled,Romeo
ddc_dzo_02192,labeled,Romeo
ddc_dzo_02176,labeled,Romeo
ddc_dzo_02201,labeled,Romeo
ddc_dzo_02206,labeled,Romeo
ddc_dzo_02196,labeled,Romeo
ddc_dzo_02204,labeled,Romeo
ddc_dzo_02202,labeled,Romeo
ddc_dzo_02195,labeled,Romeo
ddc_dzo_02213,labeled,Romeo
ddc_dzo_02208,labeled,Romeo
ddc_dzo_02694,labeled,Romeo
ddc_dzo_02203,labeled,Romeo
ddc_dzo_02215,labeled,Romeo
ddc_dzo_02200,labeled,Romeo
ddc_dzo_02219,labeled,Romeo
ddc_dzo_07874,labeled,Dorji
ddc_dzo_02184,labeled,Romeo
ddc_dzo_02236,labeled,Romeo
ddc_dzo_02247,labeled,Thinley
ddc_dzo_02230,labeled,Romeo
ddc_dzo_02225,labeled,Romeo
ddc_dzo_02224,labeled,Romeo
ddc_dzo_02235,labeled,Romeo
ddc_dzo_02232,labeled,Thinley
ddc_dzo_02250,labeled,Romeo
ddc_dzo_02248,labeled,Romeo
ddc_dzo_02231,labeled,Romeo
ddc_dzo_02238,labeled,Romeo
ddc_dzo_03393,labeled,Romeo
ddc_dzo_02278,labeled,Romeo
ddc_dzo_02263,labeled,Romeo
ddc_dzo_02258,labeled,Namgay
ddc_dzo_02274,labeled,Romeo
ddc_dzo_02255,labeled,Romeo
ddc_dzo_02277,labeled,Romeo
ddc_dzo_02251,labeled,Romeo
ddc_dzo_02264,labeled,Dorji
ddc_dzo_02259,labeled,Thinley
ddc_dzo_02252,labeled,Romeo
ddc_dzo_02261,labeled,Romeo
ddc_dzo_02266,labeled,Romeo
ddc_dzo_02256,labeled,Romeo
ddc_dzo_07033,labeled,Dorji
ddc_dzo_02284,labeled,Romeo
ddc_dzo_02309,labeled,Romeo
ddc_dzo_02283,labeled,Namgay
ddc_dzo_02288,labeled,Namgay
ddc_dzo_02300,labeled,Thinley
ddc_dzo_02289,labeled,Romeo
ddc_dzo_02281,labeled,Romeo
ddc_dzo_02294,labeled,Dorji
ddc_dzo_02304,labeled,Romeo
ddc_dzo_02280,labeled,Romeo
ddc_dzo_02298,labeled,Romeo
ddc_dzo_02295,labeled,Romeo
ddc_dzo_00875,labeled,Dorji
ddc_dzo_03851,labeled,Dorji
ddc_dzo_02333,labeled,Romeo
ddc_dzo_02331,labeled,Romeo
ddc_dzo_02330,labeled,Namgay
ddc_dzo_02310,labeled,Dorji
ddc_dzo_02338,labeled,Thinley
ddc_dzo_02326,labeled,Romeo
ddc_dzo_02329,labeled,Nima
ddc_dzo_02334,labeled,Romeo
ddc_dzo_02325,labeled,Thinley
ddc_dzo_02324,labeled,Romeo
ddc_dzo_02318,labeled,Romeo
ddc_dzo_02320,labeled,Romeo
ddc_dzo_02352,labeled,Thinley
ddc_dzo_02354,labeled,Romeo
ddc_dzo_02353,labeled,Romeo
ddc_dzo_02344,labeled,Romeo
ddc_dzo_02347,labeled,Romeo
ddc_dzo_02369,labeled,Romeo
ddc_dzo_02367,labeled,Romeo
ddc_dzo_02364,labeled,Romeo
ddc_dzo_02350,labeled,Romeo
ddc_dzo_02349,labeled,Romeo
ddc_dzo_02363,labeled,Romeo
ddc_dzo_02356,labeled,Thinley
ddc_dzo_02355,labeled,Romeo
ddc_dzo_02346,labeled,Dorji
ddc_dzo_02359,labeled,Romeo
ddc_dzo_02399,labeled,Romeo
ddc_dzo_02391,labeled,Dorji
ddc_dzo_07323,labeled,Romeo
ddc_dzo_01284,labeled,Romeo
ddc_dzo_02397,labeled,Thinley
ddc_dzo_02395,labeled,Dorji
ddc_dzo_02372,labeled,Romeo
ddc_dzo_02386,labeled,Romeo
ddc_dzo_02371,labeled,Nima
ddc_dzo_02377,labeled,Romeo
ddc_dzo_02393,labeled,Romeo
ddc_dzo_02376,labeled,Romeo
ddc_dzo_02394,labeled,Romeo
ddc_dzo_02373,labeled,Romeo
ddc_dzo_02398,labeled,Romeo
ddc_dzo_02428,labeled,Romeo
ddc_dzo_02417,labeled,Thinley
ddc_dzo_08210,labeled,Romeo
ddc_dzo_02423,labeled,Romeo
ddc_dzo_02413,labeled,Romeo
ddc_dzo_02412,labeled,Romeo
ddc_dzo_02427,labeled,Romeo
ddc_dzo_02419,labeled,Thinley
ddc_dzo_02410,labeled,Romeo
ddc_dzo_02424,labeled,Romeo
ddc_dzo_02405,labeled,Romeo
ddc_dzo_02425,labeled,Romeo
ddc_dzo_02426,labeled,Romeo
ddc_dzo_02401,labeled,Romeo
ddc_dzo_00853,labeled,Dorji
ddc_dzo_02438,labeled,Romeo
ddc_dzo_02447,labeled,Romeo
ddc_dzo_02452,labeled,Romeo
ddc_dzo_02446,labeled,Romeo
ddc_dzo_02435,labeled,Thinley
ddc_dzo_02441,labeled,Romeo
ddc_dzo_02448,labeled,Romeo
ddc_dzo_02431,labeled,Romeo
ddc_dzo_02444,labeled,Romeo
ddc_dzo_02454,labeled,Dorji
ddc_dzo_02442,labeled,Dorji
ddc_dzo_02439,labeled,Romeo
ddc_dzo_02437,labeled,Romeo
ddc_dzo_02443,labeled,Romeo
ddc_dzo_02458,labeled,Romeo
ddc_dzo_04391,labeled,Dorji
ddc_dzo_08069,labeled,Romeo
ddc_dzo_02467,labeled,Romeo
ddc_dzo_02460,labeled,Romeo
ddc_dzo_02477,labeled,Romeo
ddc_dzo_02461,labeled,Romeo
ddc_dzo_02463,labeled,Romeo
ddc_dzo_02473,labeled,Romeo
ddc_dzo_02485,labeled,Thinley
ddc_dzo_02476,labeled,Dorji
ddc_dzo_02464,labeled,Romeo
ddc_dzo_02483,labeled,Romeo
ddc_dzo_02465,labeled,Romeo
ddc_dzo_02486,labeled,Romeo
ddc_dzo_02462,labeled,Romeo
ddc_dzo_02471,labeled,Romeo
ddc_dzo_02478,labeled,Romeo
ddc_dzo_01977,labeled,Dorji
ddc_dzo_02506,labeled,Romeo
ddc_dzo_02500,labeled,Thinley
ddc_dzo_02509,labeled,Romeo
ddc_dzo_02512,labeled,Romeo
ddc_dzo_02511,labeled,Romeo
ddc_dzo_02501,labeled,Romeo
ddc_dzo_02496,labeled,Romeo
ddc_dzo_02513,labeled,Romeo
ddc_dzo_02515,labeled,Romeo
ddc_dzo_08498,labeled,Thinley
ddc_dzo_02491,labeled,Romeo
ddc_dzo_02497,labeled,Romeo
ddc_dzo_02488,labeled,Romeo
ddc_dzo_05020,labeled,Dorji
ddc_dzo_02529,labeled,Romeo
ddc_dzo_02546,labeled,Romeo
ddc_dzo_02527,labeled,Romeo
ddc_dzo_02545,labeled,Romeo
ddc_dzo_02547,labeled,Romeo
ddc_dzo_02537,labeled,Romeo
ddc_dzo_01992,labeled,Romeo
ddc_dzo_02526,labeled,Romeo
ddc_dzo_02520,labeled,Romeo
ddc_dzo_02544,labeled,Romeo
ddc_dzo_02539,labeled,Romeo
ddc_dzo_02542,labeled,Thinley
ddc_dzo_02521,labeled,Romeo
ddc_dzo_02522,labeled,Romeo
ddc_dzo_02523,labeled,Romeo
ddc_dzo_02540,labeled,Romeo
ddc_dzo_02554,labeled,Dorji
ddc_dzo_03221,labeled,Dorji
ddc_dzo_02551,labeled,Romeo
ddc_dzo_02559,labeled,Romeo
ddc_dzo_02577,labeled,Romeo
ddc_dzo_02548,labeled,Romeo
ddc_dzo_02576,labeled,Romeo
ddc_dzo_02566,labeled,Thinley
ddc_dzo_04282,labeled,Romeo
ddc_dzo_02563,labeled,Romeo
ddc_dzo_02550,labeled,Romeo
ddc_dzo_02573,labeled,Romeo
ddc_dzo_02565,labeled,Namgay
ddc_dzo_02570,labeled,Romeo
ddc_dzo_02574,labeled,Thinley
ddc_dzo_02560,labeled,Dorji
ddc_dzo_02549,labeled,Romeo
ddc_dzo_02572,labeled,Romeo
ddc_dzo_01874,labeled,Dorji
ddc_dzo_02587,labeled,Romeo
ddc_dzo_02603,labeled,Romeo
ddc_dzo_02591,labeled,Romeo
ddc_dzo_02605,labeled,Dorji
ddc_dzo_02604,labeled,Romeo
ddc_dzo_02607,labeled,Romeo
ddc_dzo_02588,labeled,Romeo
ddc_dzo_02583,labeled,Romeo
ddc_dzo_02593,labeled,Namgay
ddc_dzo_02597,labeled,Romeo
ddc_dzo_02586,labeled,Romeo
ddc_dzo_02590,labeled,Romeo
ddc_dzo_02596,labeled,Romeo
ddc_dzo_02606,labeled,Romeo
ddc_dzo_02595,labeled,Romeo
ddc_dzo_02599,labeled,Romeo
ddc_dzo_02516,labeled,Dorji
ddc_dzo_04132,labeled,Romeo
ddc_dzo_02634,labeled,Romeo
ddc_dzo_02619,labeled,Romeo
ddc_dzo_02609,labeled,Thinley
ddc_dzo_02633,labeled,Romeo
ddc_dzo_02618,labeled,Romeo
ddc_dzo_02630,labeled,Dorji
ddc_dzo_02635,labeled,Romeo
ddc_dzo_02614,labeled,Romeo
ddc_dzo_02623,labeled,Romeo
ddc_dzo_02617,labeled,Dorji
ddc_dzo_02629,labeled,Romeo
ddc_dzo_02620,labeled,Romeo
ddc_dzo_02612,labeled,Romeo
ddc_dzo_02636,labeled,Romeo
ddc_dzo_02616,labeled,Romeo
ddc_dzo_02651,labeled,Romeo
ddc_dzo_02663,labeled,Romeo
ddc_dzo_02643,labeled,Romeo
ddc_dzo_02661,labeled,Thinley
ddc_dzo_02657,labeled,Romeo
ddc_dzo_02646,labeled,Romeo
ddc_dzo_02664,labeled,Romeo
ddc_dzo_02650,labeled,Romeo
ddc_dzo_02640,labeled,Romeo
ddc_dzo_09919,labeled,Dorji
ddc_dzo_02637,labeled,Romeo
ddc_dzo_02642,labeled,Romeo
ddc_dzo_02649,labeled,Romeo
ddc_dzo_02682,labeled,Romeo
ddc_dzo_02145,labeled,Dorji
ddc_dzo_02672,labeled,Romeo
ddc_dzo_02680,labeled,Romeo
ddc_dzo_02687,labeled,Romeo
ddc_dzo_02681,labeled,Namgay
ddc_dzo_02670,labeled,Dorji
ddc_dzo_02688,labeled,Romeo
ddc_dzo_02691,labeled,Romeo
ddc_dzo_02689,labeled,Romeo
ddc_dzo_02679,labeled,Thinley
ddc_dzo_02678,labeled,Romeo
ddc_dzo_02676,labeled,Romeo
ddc_dzo_02690,labeled,Romeo
ddc_dzo_02674,labeled,Romeo
ddc_dzo_01720,labeled,Romeo
ddc_dzo_02702,labeled,Romeo
ddc_dzo_02722,labeled,Romeo
ddc_dzo_02721,labeled,Romeo
ddc_dzo_02719,labeled,Thinley
ddc_dzo_01622,labeled,Dorji
ddc_dzo_02707,labeled,Romeo
ddc_dzo_02706,labeled,Romeo
ddc_dzo_02700,labeled,Thinley
ddc_dzo_02704,labeled,Romeo
ddc_dzo_02712,labeled,Romeo
ddc_dzo_02723,labeled,Romeo
ddc_dzo_02699,labeled,Romeo
ddc_dzo_09939,labeled,Romeo
ddc_dzo_02729,labeled,Romeo
ddc_dzo_02738,labeled,Romeo
ddc_dzo_08648,labeled,Romeo
ddc_dzo_02743,labeled,Romeo
ddc_dzo_02730,labeled,Romeo
ddc_dzo_02732,labeled,Romeo
ddc_dzo_02744,labeled,Thinley
ddc_dzo_03048,labeled,Romeo
ddc_dzo_02746,labeled,Thinley
ddc_dzo_02737,labeled,Romeo
ddc_dzo_02734,labeled,Dorji
ddc_dzo_02725,labeled,Romeo
ddc_dzo_02740,labeled,Romeo
ddc_dzo_00060,labeled,Romeo
ddc_dzo_02761,labeled,Romeo
ddc_dzo_00287,labeled,Romeo
ddc_dzo_02757,labeled,Thinley
ddc_dzo_02776,labeled,Romeo
ddc_dzo_02777,labeled,Romeo
ddc_dzo_02766,labeled,Romeo
ddc_dzo_02763,labeled,Romeo
ddc_dzo_02770,labeled,Namgay
ddc_dzo_02758,labeled,Romeo
ddc_dzo_02769,labeled,Romeo
ddc_dzo_02765,labeled,Romeo
ddc_dzo_08272,labeled,Romeo
ddc_dzo_02782,labeled,Romeo
ddc_dzo_02789,labeled,Thinley
ddc_dzo_02806,labeled,Thinley
ddc_dzo_02808,labeled,Dorji
ddc_dzo_02792,labeled,Dorji
ddc_dzo_02796,labeled,Romeo
ddc_dzo_02810,labeled,Thinley
ddc_dzo_02807,labeled,Romeo
ddc_dzo_02784,labeled,Romeo
ddc_dzo_02811,labeled,Romeo
ddc_dzo_02783,labeled,Romeo
ddc_dzo_02802,labeled,Romeo
ddc_dzo_02786,labeled,Dorji
ddc_dzo_02801,labeled,Romeo
ddc_dzo_02804,labeled,Romeo
ddc_dzo_04921,labeled,Romeo
ddc_dzo_02824,labeled,Romeo
ddc_dzo_02839,labeled,Romeo
ddc_dzo_07904,labeled,Romeo
ddc_dzo_02813,labeled,Romeo
ddc_dzo_02821,labeled,Romeo
ddc_dzo_02815,labeled,Romeo
ddc_dzo_02822,labeled,Romeo
ddc_dzo_02830,labeled,Dorji
ddc_dzo_02814,labeled,Thinley
ddc_dzo_02816,labeled,Romeo
ddc_dzo_02820,labeled,Romeo
ddc_dzo_02836,labeled,Romeo
ddc_dzo_02872,labeled,Dorji
ddc_dzo_06162,labeled,Romeo
ddc_dzo_02849,labeled,Romeo
ddc_dzo_02862,labeled,Romeo
ddc_dzo_02869,labeled,Romeo
ddc_dzo_02850,labeled,Romeo
ddc_dzo_02851,labeled,Romeo
ddc_dzo_02856,labeled,Romeo
ddc_dzo_02868,labeled,Romeo
ddc_dzo_02863,labeled,Romeo
ddc_dzo_02853,labeled,Dorji
ddc_dzo_02860,labeled,Romeo
ddc_dzo_02848,labeled,Romeo
ddc_dzo_02843,labeled,Romeo
ddc_dzo_02865,labeled,Romeo
ddc_dzo_02857,labeled,Romeo
ddc_dzo_02861,labeled,Romeo
ddc_dzo_02870,labeled,Romeo
ddc_dzo_02889,labeled,Romeo
ddc_dzo_02879,labeled,Romeo
ddc_dzo_02902,labeled,Romeo
ddc_dzo_02874,labeled,Namgay
ddc_dzo_02877,labeled,Romeo
ddc_dzo_02900,labeled,Romeo
ddc_dzo_02883,labeled,Romeo
ddc_dzo_02873,labeled,Romeo
ddc_dzo_02895,labeled,Romeo
ddc_dzo_02880,labeled,Dorji
ddc_dzo_02896,labeled,Romeo
ddc_dzo_02901,labeled,Romeo
ddc_dzo_02875,labeled,Romeo
ddc_dzo_02912,labeled,Romeo
ddc_dzo_06442,labeled,Romeo
ddc_dzo_02929,labeled,Dorji
ddc_dzo_02928,labeled,Romeo
ddc_dzo_02924,labeled,Romeo
ddc_dzo_02907,labeled,Romeo
ddc_dzo_02916,labeled,Romeo
ddc_dzo_02927,labeled,Dorji
ddc_dzo_02930,labeled,Nima
ddc_dzo_02926,labeled,Romeo
ddc_dzo_02919,labeled,Romeo
ddc_dzo_02917,labeled,Romeo
ddc_dzo_02918,labeled,Romeo
ddc_dzo_02910,labeled,Romeo
ddc_dzo_03089,labeled,Romeo
ddc_dzo_07997,labeled,Romeo
ddc_dzo_02961,labeled,Romeo
ddc_dzo_02965,labeled,Romeo
ddc_dzo_02951,labeled,Namgay
ddc_dzo_02945,labeled,Romeo
ddc_dzo_02955,labeled,Romeo
ddc_dzo_02954,labeled,Dorji
ddc_dzo_02952,labeled,Romeo
ddc_dzo_02960,labeled,Romeo
ddc_dzo_02950,labeled,Romeo
ddc_dzo_02956,labeled,Romeo
ddc_dzo_02946,labeled,Romeo
ddc_dzo_02949,labeled,Romeo
ddc_dzo_02938,labeled,Romeo
ddc_dzo_02994,labeled,Romeo
ddc_dzo_02986,labeled,Dorji
ddc_dzo_02007,labeled,Romeo
ddc_dzo_02973,labeled,Romeo
ddc_dzo_02967,labeled,Romeo
ddc_dzo_02971,labeled,Namgay
ddc_dzo_03003,labeled,Romeo
ddc_dzo_02998,labeled,Dorji
ddc_dzo_02995,labeled,Romeo
ddc_dzo_02985,labeled,Namgay
ddc_dzo_02997,labeled,Romeo
ddc_dzo_02992,labeled,Romeo
ddc_dzo_02978,labeled,Thinley
ddc_dzo_02990,labeled,Romeo
ddc_dzo_02968,labeled,Romeo
ddc_dzo_02991,labeled,Romeo
ddc_dzo_02979,labeled,Romeo
ddc_dzo_03023,labeled,Dorji
ddc_dzo_03031,labeled,Romeo
ddc_dzo_03011,labeled,Romeo
ddc_dzo_03028,labeled,Romeo
ddc_dzo_03020,labeled,Thinley
ddc_dzo_03024,labeled,Romeo
ddc_dzo_03010,labeled,Romeo
ddc_dzo_03009,labeled,Romeo
ddc_dzo_03008,labeled,Romeo
ddc_dzo_03027,labeled,Romeo
ddc_dzo_03021,labeled,Romeo
ddc_dzo_03029,labeled,Dorji
ddc_dzo_03044,labeled,Romeo
ddc_dzo_03012,labeled,Romeo
ddc_dzo_03045,labeled,Romeo
ddc_dzo_03039,labeled,Thinley
ddc_dzo_03013,labeled,Romeo
ddc_dzo_03019,labeled,Romeo
ddc_dzo_03074,labeled,Romeo
ddc_dzo_03058,labeled,Romeo
ddc_dzo_03071,labeled,Romeo
ddc_dzo_03070,labeled,Romeo
ddc_dzo_03072,labeled,Romeo
ddc_dzo_03088,labeled,Romeo
ddc_dzo_03063,labeled,Thinley
ddc_dzo_03061,labeled,Thinley
ddc_dzo_03062,labeled,Romeo
ddc_dzo_03052,labeled,Thinley
ddc_dzo_03081,labeled,Romeo
ddc_dzo_03069,labeled,Romeo
ddc_dzo_03073,labeled,Romeo
ddc_dzo_00404,labeled,Romeo
ddc_dzo_03097,labeled,Dorji
ddc_dzo_03096,labeled,Romeo
ddc_dzo_03099,labeled,Romeo
ddc_dzo_03118,labeled,Romeo
ddc_dzo_03095,labeled,Romeo
ddc_dzo_03104,labeled,Romeo
ddc_dzo_03102,labeled,Romeo
ddc_dzo_03120,labeled,Romeo
ddc_dzo_03122,labeled,Thinley
ddc_dzo_03111,labeled,Thinley
ddc_dzo_03115,labeled,Namgay
ddc_dzo_03092,labeled,Namgay
ddc_dzo_03112,labeled,Romeo
ddc_dzo_03126,labeled,Romeo
ddc_dzo_03101,labeled,Romeo
ddc_dzo_03165,labeled,Romeo
ddc_dzo_03162,labeled,Romeo
ddc_dzo_03154,labeled,Romeo
ddc_dzo_03141,labeled,Romeo
ddc_dzo_03150,labeled,Thinley
ddc_dzo_03146,labeled,Romeo
ddc_dzo_03160,labeled,Namgay
ddc_dzo_03158,labeled,Romeo
ddc_dzo_03153,labeled,Thinley
ddc_dzo_03140,labeled,Thinley
ddc_dzo_03145,labeled,Romeo
ddc_dzo_03147,labeled,Romeo
ddc_dzo_03155,labeled,Romeo
ddc_dzo_03143,labeled,Dorji
ddc_dzo_03132,labeled,Thinley
ddc_dzo_03157,labeled,Thinley
ddc_dzo_00750,labeled,Romeo
ddc_dzo_03192,labeled,Romeo
ddc_dzo_03199,labeled,Romeo
ddc_dzo_03172,labeled,Romeo
ddc_dzo_03167,labeled,Thinley
ddc_dzo_03186,labeled,Thinley
ddc_dzo_03191,labeled,Romeo
ddc_dzo_03180,labeled,Romeo
ddc_dzo_03169,labeled,Romeo
ddc_dzo_03202,labeled,Thinley
ddc_dzo_03183,labeled,Romeo
ddc_dzo_03178,labeled,Thinley
ddc_dzo_03200,labeled,Romeo
ddc_dzo_03181,labeled,Romeo
ddc_dzo_03166,labeled,Romeo
ddc_dzo_03228,labeled,Dorji
ddc_dzo_01528,labeled,Romeo
ddc_dzo_03205,labeled,Romeo
ddc_dzo_03232,labeled,Romeo
ddc_dzo_03224,labeled,Romeo
ddc_dzo_03212,labeled,Namgay
ddc_dzo_03218,labeled,Romeo
ddc_dzo_03226,labeled,Romeo
ddc_dzo_03239,labeled,Romeo
ddc_dzo_03207,labeled,Romeo
ddc_dzo_03209,labeled,Romeo
ddc_dzo_03220,labeled,Romeo
ddc_dzo_03230,labeled,Romeo
ddc_dzo_03219,labeled,Dorji
ddc_dzo_03236,labeled,Thinley
ddc_dzo_03211,labeled,Namgay
ddc_dzo_03240,labeled,Dorji
ddc_dzo_03215,labeled,Romeo
ddc_dzo_03241,labeled,Romeo
ddc_dzo_00490,labeled,Romeo
ddc_dzo_05726,labeled,Thinley
ddc_dzo_03243,labeled,Romeo
ddc_dzo_03246,labeled,Romeo
ddc_dzo_03250,labeled,Romeo
ddc_dzo_03265,labeled,Romeo
ddc_dzo_03253,labeled,Romeo
ddc_dzo_03247,labeled,Romeo
ddc_dzo_03266,labeled,Romeo
ddc_dzo_03272,labeled,Romeo
ddc_dzo_03264,labeled,Romeo
ddc_dzo_03268,labeled,Romeo
ddc_dzo_03245,labeled,Romeo
ddc_dzo_03248,labeled,Namgay
ddc_dzo_03267,labeled,Thinley
ddc_dzo_03273,labeled,Thinley
ddc_dzo_03262,labeled,Thinley
ddc_dzo_03263,labeled,Romeo
ddc_dzo_03287,labeled,Romeo
ddc_dzo_03309,labeled,Romeo
ddc_dzo_03308,labeled,Romeo
ddc_dzo_03305,labeled,Romeo
ddc_dzo_03294,labeled,Romeo
ddc_dzo_03314,labeled,Romeo
ddc_dzo_03316,labeled,Thinley
ddc_dzo_03293,labeled,Dorji
ddc_dzo_03299,labeled,Romeo
ddc_dzo_03284,labeled,Romeo
ddc_dzo_03302,labeled,Thinley
ddc_dzo_03297,labeled,Thinley
ddc_dzo_03281,labeled,Thinley
ddc_dzo_03295,labeled,Romeo
ddc_dzo_03342,labeled,Dorji
ddc_dzo_03325,labeled,Dorji
ddc_dzo_03320,labeled,Romeo
ddc_dzo_03345,labeled,Thinley
ddc_dzo_03347,labeled,Romeo
ddc_dzo_03344,labeled,Namgay
ddc_dzo_03336,labeled,Thinley
ddc_dzo_03328,labeled,Thinley
ddc_dzo_03321,labeled,Romeo
ddc_dzo_03348,labeled,Romeo
ddc_dzo_03350,labeled,Romeo
ddc_dzo_03319,labeled,Romeo
ddc_dzo_03349,labeled,Romeo
ddc_dzo_03326,labeled,Romeo
ddc_dzo_04196,labeled,Romeo
ddc_dzo_03376,labeled,Thinley
ddc_dzo_03361,labeled,Romeo
ddc_dzo_03377,labeled,Romeo
ddc_dzo_03365,labeled,Romeo
ddc_dzo_03388,labeled,Romeo
ddc_dzo_03379,labeled,Thinley
ddc_dzo_03385,labeled,Romeo
ddc_dzo_03358,labeled,Thinley
ddc_dzo_03370,labeled,Romeo
ddc_dzo_03369,labeled,Romeo
ddc_dzo_03371,labeled,Romeo
ddc_dzo_03364,labeled,Romeo
ddc_dzo_03366,labeled,Thinley
ddc_dzo_03384,labeled,Thinley
ddc_dzo_03359,labeled,Romeo
ddc_dzo_03375,labeled,Romeo
ddc_dzo_03414,labeled,Romeo
ddc_dzo_03424,labeled,Dorji
ddc_dzo_03397,labeled,Romeo
ddc_dzo_03423,labeled,Romeo
ddc_dzo_03420,labeled,Romeo
ddc_dzo_03427,labeled,Thinley
ddc_dzo_03398,labeled,Romeo
ddc_dzo_03395,labeled,Romeo
ddc_dzo_03426,labeled,Romeo
ddc_dzo_03434,labeled,Thinley
ddc_dzo_03408,labeled,Romeo
ddc_dzo_03399,labeled,Romeo
ddc_dzo_03422,labeled,Dorji
ddc_dzo_03425,labeled,Romeo
ddc_dzo_03429,labeled,Romeo
ddc_dzo_03401,labeled,Romeo
ddc_dzo_03405,labeled,Romeo
ddc_dzo_03456,labeled,Dorji
ddc_dzo_03439,labeled,Romeo
ddc_dzo_03463,labeled,Romeo
ddc_dzo_01597,labeled,Romeo
ddc_dzo_03440,labeled,Romeo
ddc_dzo_03436,labeled,Romeo
ddc_dzo_03470,labeled,Romeo
ddc_dzo_03444,labeled,Thinley
ddc_dzo_03452,labeled,Romeo
ddc_dzo_03447,labeled,Romeo
ddc_dzo_03472,labeled,Thinley
ddc_dzo_03468,labeled,Romeo
ddc_dzo_03442,labeled,Romeo
ddc_dzo_03446,labeled,Romeo
ddc_dzo_03505,labeled,Romeo
ddc_dzo_03478,labeled,Romeo
ddc_dzo_03475,labeled,Romeo
ddc_dzo_03508,labeled,Romeo
ddc_dzo_03496,labeled,Romeo
ddc_dzo_03503,labeled,Romeo
ddc_dzo_03512,labeled,Romeo
ddc_dzo_03488,labeled,Romeo
ddc_dzo_03476,labeled,Namgay
ddc_dzo_03480,labeled,Romeo
ddc_dzo_03492,labeled,Thinley
ddc_dzo_03486,labeled,Dorji
ddc_dzo_03487,labeled,Romeo
ddc_dzo_03495,labeled,Romeo
ddc_dzo_03507,labeled,Thinley
ddc_dzo_03477,labeled,Namgay
ddc_dzo_03511,labeled,Romeo
ddc_dzo_03504,labeled,Romeo
ddc_dzo_03539,labeled,Romeo
ddc_dzo_03537,labeled,Romeo
ddc_dzo_03552,labeled,Romeo
ddc_dzo_03549,labeled,Romeo
ddc_dzo_03545,labeled,Romeo
ddc_dzo_03548,labeled,Romeo
ddc_dzo_03534,labeled,Romeo
ddc_dzo_03521,labeled,Thinley
ddc_dzo_03515,labeled,Thinley
ddc_dzo_03529,labeled,Romeo
ddc_dzo_03547,labeled,Thinley
ddc_dzo_03542,labeled,Romeo
ddc_dzo_03517,labeled,Romeo
ddc_dzo_03525,labeled,Romeo
ddc_dzo_03527,labeled,Romeo
ddc_dzo_03538,labeled,Dorji
ddc_dzo_03514,labeled,Romeo
ddc_dzo_03563,labeled,Romeo
ddc_dzo_03579,labeled,Romeo
ddc_dzo_03565,labeled,Romeo
ddc_dzo_03571,labeled,Romeo
ddc_dzo_03590,labeled,Romeo
ddc_dzo_03573,labeled,Namgay
ddc_dzo_03560,labeled,Thinley
ddc_dzo_03572,labeled,Thinley
ddc_dzo_03588,labeled,Thinley
ddc_dzo_03559,labeled,Romeo
ddc_dzo_03556,labeled,Dorji
ddc_dzo_03555,labeled,Nima
ddc_dzo_03568,labeled,Romeo
ddc_dzo_03576,labeled,Thinley
ddc_dzo_03561,labeled,Romeo
ddc_dzo_03558,labeled,Romeo
ddc_dzo_03609,labeled,Romeo
ddc_dzo_03618,labeled,Dorji
ddc_dzo_03611,labeled,Romeo
ddc_dzo_03607,labeled,Romeo
ddc_dzo_03593,labeled,Romeo
ddc_dzo_03605,labeled,Romeo
ddc_dzo_03616,labeled,Namgay
ddc_dzo_03630,labeled,Thinley
ddc_dzo_03608,labeled,Romeo
ddc_dzo_03600,labeled,Thinley
ddc_dzo_03623,labeled,Romeo
ddc_dzo_03601,labeled,Romeo
ddc_dzo_03614,labeled,Thinley
ddc_dzo_03602,labeled,Thinley
ddc_dzo_03599,labeled,Thinley
ddc_dzo_03592,labeled,Thinley
ddc_dzo_03629,labeled,Romeo
ddc_dzo_03640,labeled,Romeo
ddc_dzo_03648,labeled,Romeo
ddc_dzo_03644,labeled,Romeo
ddc_dzo_03639,labeled,Thinley
ddc_dzo_03651,labeled,Thinley
ddc_dzo_03664,labeled,Romeo
ddc_dzo_03631,labeled,Romeo
ddc_dzo_03646,labeled,Dorji
ddc_dzo_03655,labeled,Romeo
ddc_dzo_03642,labeled,Thinley
ddc_dzo_03657,labeled,Thinley
ddc_dzo_03641,labeled,Namgay
ddc_dzo_03637,labeled,Dorji
ddc_dzo_03633,labeled,Thinley
ddc_dzo_03653,labeled,Romeo
ddc_dzo_03668,labeled,Romeo
ddc_dzo_03654,labeled,Romeo
ddc_dzo_03649,labeled,Romeo
ddc_dzo_03680,labeled,Dorji
ddc_dzo_03689,labeled,Romeo
ddc_dzo_03703,labeled,Romeo
ddc_dzo_03704,labeled,Romeo
ddc_dzo_03684,labeled,Romeo
ddc_dzo_03679,labeled,Romeo
ddc_dzo_03670,labeled,Namgay
ddc_dzo_03708,labeled,Namgay
ddc_dzo_03694,labeled,Thinley
ddc_dzo_03681,labeled,Thinley
ddc_dzo_03707,labeled,Thinley
ddc_dzo_03696,labeled,Romeo
ddc_dzo_03686,labeled,Thinley
ddc_dzo_03676,labeled,Dorji
ddc_dzo_03675,labeled,Romeo
ddc_dzo_03737,labeled,Romeo
ddc_dzo_03735,labeled,Romeo
ddc_dzo_03711,labeled,Romeo
ddc_dzo_01953,labeled,Romeo
ddc_dzo_03731,labeled,Namgay
ddc_dzo_03748,labeled,Romeo
ddc_dzo_03726,labeled,Dorji
ddc_dzo_03740,labeled,Thinley
ddc_dzo_03744,labeled,Romeo
ddc_dzo_03743,labeled,Romeo
ddc_dzo_03733,labeled,Romeo
ddc_dzo_03714,labeled,Romeo
ddc_dzo_03738,labeled,Romeo
ddc_dzo_03750,labeled,Romeo
ddc_dzo_03727,labeled,Romeo
ddc_dzo_03742,labeled,Romeo
ddc_dzo_03773,labeled,Romeo
ddc_dzo_03784,labeled,Romeo
ddc_dzo_03783,labeled,Romeo
ddc_dzo_04634,labeled,Romeo
ddc_dzo_03772,labeled,Dorji
ddc_dzo_03771,labeled,Romeo
ddc_dzo_03787,labeled,Romeo
ddc_dzo_03791,labeled,Romeo
ddc_dzo_03765,labeled,Romeo
ddc_dzo_03769,labeled,Romeo
ddc_dzo_03754,labeled,Thinley
ddc_dzo_03751,labeled,Romeo
ddc_dzo_03777,labeled,Romeo
ddc_dzo_03767,labeled,Thinley
ddc_dzo_03774,labeled,Romeo
ddc_dzo_03794,labeled,Romeo
ddc_dzo_03818,labeled,Romeo
ddc_dzo_03799,labeled,Romeo
ddc_dzo_03823,labeled,Romeo
ddc_dzo_03802,labeled,Romeo
ddc_dzo_03807,labeled,Thinley
ddc_dzo_03817,labeled,Romeo
ddc_dzo_03806,labeled,Namgay
ddc_dzo_03819,labeled,Romeo
ddc_dzo_03812,labeled,Thinley
ddc_dzo_03825,labeled,Romeo
ddc_dzo_03821,labeled,Thinley
ddc_dzo_03822,labeled,Thinley
ddc_dzo_03820,labeled,Dorji
ddc_dzo_03816,labeled,Dorji
ddc_dzo_03803,labeled,Dorji
ddc_dzo_03792,labeled,Romeo
ddc_dzo_03796,labeled,Thinley
ddc_dzo_03858,labeled,Romeo
ddc_dzo_03832,labeled,Romeo
ddc_dzo_03845,labeled,Romeo
ddc_dzo_07170,labeled,Dorji
ddc_dzo_03843,labeled,Romeo
ddc_dzo_03857,labeled,Romeo
ddc_dzo_03855,labeled,Romeo
ddc_dzo_03836,labeled,Romeo
ddc_dzo_03833,labeled,Thinley
ddc_dzo_03865,labeled,Romeo
ddc_dzo_03838,labeled,Romeo
ddc_dzo_03831,labeled,Thinley
ddc_dzo_03839,labeled,Namgay
ddc_dzo_03848,labeled,Dorji
ddc_dzo_03864,labeled,Thinley
ddc_dzo_03859,labeled,Romeo
ddc_dzo_03860,labeled,Romeo
ddc_dzo_03891,labeled,Romeo
ddc_dzo_03890,labeled,Romeo
ddc_dzo_03901,labeled,Romeo
ddc_dzo_03875,labeled,Namgay
ddc_dzo_03877,labeled,Thinley
ddc_dzo_03876,labeled,Thinley
ddc_dzo_03898,labeled,Romeo
ddc_dzo_03895,labeled,Romeo
ddc_dzo_03878,labeled,Dorji
ddc_dzo_03870,labeled,Romeo
ddc_dzo_03892,labeled,Dorji
ddc_dzo_03893,labeled,Thinley
ddc_dzo_03873,labeled,Romeo
ddc_dzo_03889,labeled,Romeo
ddc_dzo_03902,labeled,Romeo
ddc_dzo_03925,labeled,Romeo
ddc_dzo_03917,labeled,Romeo
ddc_dzo_03912,labeled,Thinley
ddc_dzo_03926,labeled,Thinley
ddc_dzo_03920,labeled,Dorji
ddc_dzo_03935,labeled,Thinley
ddc_dzo_03908,labeled,Romeo
ddc_dzo_03923,labeled,Romeo
ddc_dzo_03927,labeled,Romeo
ddc_dzo_03915,labeled,Namgay
ddc_dzo_03916,labeled,Dorji
ddc_dzo_03929,labeled,Dorji
ddc_dzo_03913,labeled,Romeo
ddc_dzo_00152,labeled,Romeo
ddc_dzo_03947,labeled,Romeo
ddc_dzo_03954,labeled,Romeo
ddc_dzo_03979,labeled,Romeo
ddc_dzo_03958,labeled,Romeo
ddc_dzo_03963,labeled,Romeo
ddc_dzo_03965,labeled,Thinley
ddc_dzo_03957,labeled,Romeo
ddc_dzo_03943,labeled,Thinley
ddc_dzo_03950,labeled,Romeo
ddc_dzo_03960,labeled,Romeo
ddc_dzo_03951,labeled,Thinley
ddc_dzo_03980,labeled,Romeo
ddc_dzo_03968,labeled,Romeo
ddc_dzo_03972,labeled,Dorji
ddc_dzo_03962,labeled,Romeo
ddc_dzo_03981,labeled,Romeo
ddc_dzo_04003,labeled,Dorji
ddc_dzo_03991,labeled,Romeo
ddc_dzo_03996,labeled,Romeo
ddc_dzo_03997,labeled,Romeo
ddc_dzo_04005,labeled,Romeo
ddc_dzo_03987,labeled,Romeo
ddc_dzo_04009,labeled,Romeo
ddc_dzo_03990,labeled,Dorji
ddc_dzo_03999,labeled,Dorji
ddc_dzo_03983,labeled,Romeo
ddc_dzo_03986,labeled,Romeo
ddc_dzo_03988,labeled,Thinley
ddc_dzo_03994,labeled,Dorji
ddc_dzo_04008,labeled,Thinley
ddc_dzo_04006,labeled,Romeo
ddc_dzo_04000,labeled,Romeo
ddc_dzo_04034,labeled,Dorji
ddc_dzo_04056,labeled,Romeo
ddc_dzo_04061,labeled,Thinley
ddc_dzo_04043,labeled,Romeo
ddc_dzo_04045,labeled,Romeo
ddc_dzo_04039,labeled,Romeo
ddc_dzo_04033,labeled,Romeo
ddc_dzo_04059,labeled,Thinley
ddc_dzo_04049,labeled,Romeo
ddc_dzo_04060,labeled,Romeo
ddc_dzo_04038,labeled,Romeo
ddc_dzo_04041,labeled,Dorji
ddc_dzo_04051,labeled,Romeo
ddc_dzo_04076,labeled,Romeo
ddc_dzo_04080,labeled,Romeo
ddc_dzo_04075,labeled,Romeo
ddc_dzo_04086,labeled,Romeo
ddc_dzo_04079,labeled,Romeo
ddc_dzo_04069,labeled,Romeo
ddc_dzo_04082,labeled,Romeo
ddc_dzo_04084,labeled,Thinley
ddc_dzo_04088,labeled,Romeo
ddc_dzo_04095,labeled,Romeo
ddc_dzo_04067,labeled,Thinley
ddc_dzo_04077,labeled,Thinley
ddc_dzo_04092,labeled,Romeo
ddc_dzo_04094,labeled,Romeo
ddc_dzo_04121,labeled,Dorji
ddc_dzo_04134,labeled,Thinley
ddc_dzo_04115,labeled,Romeo
ddc_dzo_04119,labeled,Romeo
ddc_dzo_05951,labeled,Romeo
ddc_dzo_04107,labeled,Romeo
ddc_dzo_04129,labeled,Namgay
ddc_dzo_04103,labeled,Thinley
ddc_dzo_04108,labeled,Romeo
ddc_dzo_04122,labeled,Romeo
ddc_dzo_04109,labeled,Romeo
ddc_dzo_04100,labeled,Romeo
ddc_dzo_04138,labeled,Thinley
ddc_dzo_04130,labeled,Romeo
ddc_dzo_05775,labeled,Romeo
ddc_dzo_04154,labeled,Romeo
ddc_dzo_04141,labeled,Romeo
ddc_dzo_04139,labeled,Romeo
ddc_dzo_04152,labeled,Romeo
ddc_dzo_04168,labeled,Romeo
ddc_dzo_04149,labeled,Thinley
ddc_dzo_04167,labeled,Thinley
ddc_dzo_04165,labeled,Romeo
ddc_dzo_04156,labeled,Romeo
ddc_dzo_04143,labeled,Romeo
ddc_dzo_04164,labeled,Thinley
ddc_dzo_04140,labeled,Romeo
ddc_dzo_04147,labeled,Romeo
ddc_dzo_04155,labeled,Dorji
ddc_dzo_04144,labeled,Romeo
ddc_dzo_04142,labeled,Romeo
ddc_dzo_09245,labeled,Romeo
ddc_dzo_04190,labeled,Romeo
ddc_dzo_04186,labeled,Romeo
ddc_dzo_04198,labeled,Romeo
ddc_dzo_04210,labeled,Thinley
ddc_dzo_04204,labeled,Romeo
ddc_dzo_04199,labeled,Thinley
ddc_dzo_04184,labeled,Dorji
ddc_dzo_04191,labeled,Romeo
ddc_dzo_04212,labeled,Romeo
ddc_dzo_04194,labeled,Dorji
ddc_dzo_04178,labeled,Thinley
ddc_dzo_04189,labeled,Namgay
ddc_dzo_04180,labeled,Thinley
ddc_dzo_04201,labeled,Romeo
ddc_dzo_04187,labeled,Thinley
ddc_dzo_04182,labeled,Romeo
ddc_dzo_00104,labeled,Romeo
ddc_dzo_04232,labeled,Thinley
ddc_dzo_04253,labeled,Romeo
ddc_dzo_04247,labeled,Romeo
ddc_dzo_04231,labeled,Romeo
ddc_dzo_04235,labeled,Romeo
ddc_dzo_04239,labeled,Romeo
ddc_dzo_04222,labeled,Romeo
ddc_dzo_04233,labeled,Thinley
ddc_dzo_04218,labeled,Thinley
ddc_dzo_04221,labeled,Thinley
ddc_dzo_04224,labeled,Thinley
ddc_dzo_04250,labeled,Romeo
ddc_dzo_04280,labeled,Thinley
ddc_dzo_04260,labeled,Romeo
ddc_dzo_04255,labeled,Romeo
ddc_dzo_04289,labeled,Romeo
ddc_dzo_04281,labeled,Namgay
ddc_dzo_04276,labeled,Dorji
ddc_dzo_04256,labeled,Romeo
ddc_dzo_04275,labeled,Romeo
ddc_dzo_04267,labeled,Romeo
ddc_dzo_04266,labeled,Namgay
ddc_dzo_04258,labeled,Romeo
ddc_dzo_04287,labeled,Romeo
ddc_dzo_04277,labeled,Dorji
ddc_dzo_04279,labeled,Romeo
ddc_dzo_04265,labeled,Romeo
ddc_dzo_04290,labeled,Romeo
ddc_dzo_04285,labeled,Romeo
ddc_dzo_04273,labeled,Romeo
ddc_dzo_05559,labeled,Romeo
ddc_dzo_04307,labeled,Romeo
ddc_dzo_04306,labeled,Romeo
ddc_dzo_04311,labeled,Romeo
ddc_dzo_04300,labeled,Romeo
ddc_dzo_04305,labeled,Romeo
ddc_dzo_04321,labeled,Romeo
ddc_dzo_04316,labeled,Romeo
ddc_dzo_04327,labeled,Dorji
ddc_dzo_04319,labeled,Thinley
ddc_dzo_04308,labeled,Romeo
ddc_dzo_04292,labeled,Romeo
ddc_dzo_04293,labeled,Romeo
ddc_dzo_04303,labeled,Namgay
ddc_dzo_04330,labeled,Thinley
ddc_dzo_04295,labeled,Dorji
ddc_dzo_04312,labeled,Thinley
ddc_dzo_04302,labeled,Romeo
ddc_dzo_04318,labeled,Romeo
ddc_dzo_04358,labeled,Dorji
ddc_dzo_04335,labeled,Romeo
ddc_dzo_04336,labeled,Romeo
ddc_dzo_04356,labeled,Romeo
ddc_dzo_04348,labeled,Romeo
ddc_dzo_04343,labeled,Romeo
ddc_dzo_04361,labeled,Romeo
ddc_dzo_04341,labeled,Dorji
ddc_dzo_04352,labeled,Thinley
ddc_dzo_04362,labeled,Romeo
ddc_dzo_04344,labeled,Romeo
ddc_dzo_04357,labeled,Thinley
ddc_dzo_04334,labeled,Romeo
ddc_dzo_04337,labeled,Romeo
ddc_dzo_04349,labeled,Namgay
ddc_dzo_04364,labeled,Thinley
ddc_dzo_04355,labeled,Thinley
ddc_dzo_04347,labeled,Romeo
ddc_dzo_04399,labeled,Romeo
ddc_dzo_04388,labeled,Romeo
ddc_dzo_04390,labeled,Romeo
ddc_dzo_04389,labeled,Romeo
ddc_dzo_04383,labeled,Namgay
ddc_dzo_04375,labeled,Namgay
ddc_dzo_04382,labeled,Romeo
ddc_dzo_04381,labeled,Romeo
ddc_dzo_04404,labeled,Romeo
ddc_dzo_04385,labeled,Dorji
ddc_dzo_04370,labeled,Romeo
ddc_dzo_04402,labeled,Romeo
ddc_dzo_04395,labeled,Romeo
ddc_dzo_04380,labeled,Thinley
ddc_dzo_04386,labeled,Thinley
ddc_dzo_04376,labeled,Romeo
ddc_dzo_04438,labeled,Dorji
ddc_dzo_04418,labeled,Romeo
ddc_dzo_04435,labeled,Romeo
ddc_dzo_04413,labeled,Romeo
ddc_dzo_04421,labeled,Romeo
ddc_dzo_04445,labeled,Romeo
ddc_dzo_04426,labeled,Thinley
ddc_dzo_04431,labeled,Thinley
ddc_dzo_04408,labeled,Thinley
ddc_dzo_04420,labeled,Romeo
ddc_dzo_04424,labeled,Romeo
ddc_dzo_04415,labeled,Dorji
ddc_dzo_04433,labeled,Thinley
ddc_dzo_04439,labeled,Romeo
ddc_dzo_04417,labeled,Romeo
ddc_dzo_04482,labeled,Dorji
ddc_dzo_04476,labeled,Romeo
ddc_dzo_04483,labeled,Romeo
ddc_dzo_04487,labeled,Romeo
ddc_dzo_04474,labeled,Romeo
ddc_dzo_04469,labeled,Romeo
ddc_dzo_04458,labeled,Romeo
ddc_dzo_04472,labeled,Romeo
ddc_dzo_04456,labeled,Thinley
ddc_dzo_04484,labeled,Romeo
ddc_dzo_04453,labeled,Romeo
ddc_dzo_04478,labeled,Dorji
ddc_dzo_04488,labeled,Namgay
ddc_dzo_04454,labeled,Thinley
ddc_dzo_04473,labeled,Romeo
ddc_dzo_09556,labeled,Romeo
ddc_dzo_04501,labeled,Thinley
ddc_dzo_04508,labeled,Romeo
ddc_dzo_04515,labeled,Romeo
ddc_dzo_04526,labeled,Namgay
ddc_dzo_04505,labeled,Thinley
ddc_dzo_04512,labeled,Romeo
ddc_dzo_04521,labeled,Namgay
ddc_dzo_04496,labeled,Dorji
ddc_dzo_04492,labeled,Romeo
ddc_dzo_04513,labeled,Romeo
ddc_dzo_04495,labeled,Romeo
ddc_dzo_04489,labeled,Romeo
ddc_dzo_04532,labeled,Romeo
ddc_dzo_04546,labeled,Romeo
ddc_dzo_03451,labeled,Romeo
ddc_dzo_04562,labeled,Romeo
ddc_dzo_04552,labeled,Romeo
ddc_dzo_04545,labeled,Dorji
ddc_dzo_04530,labeled,Thinley
ddc_dzo_04529,labeled,Romeo
ddc_dzo_04563,labeled,Romeo
ddc_dzo_04567,labeled,Romeo
ddc_dzo_04537,labeled,Namgay
ddc_dzo_04539,labeled,Thinley
ddc_dzo_04557,labeled,Romeo
ddc_dzo_04565,labeled,Romeo
ddc_dzo_04544,labeled,Thinley
ddc_dzo_04543,labeled,Thinley
ddc_dzo_04533,labeled,Dorji
ddc_dzo_04542,labeled,Romeo
ddc_dzo_04603,labeled,Romeo
ddc_dzo_04606,labeled,Romeo
ddc_dzo_04601,labeled,Dorji
ddc_dzo_04599,labeled,Romeo
ddc_dzo_04588,labeled,Romeo
ddc_dzo_04572,labeled,Thinley
ddc_dzo_04584,labeled,Romeo
ddc_dzo_04578,labeled,Thinley
ddc_dzo_04577,labeled,Thinley
ddc_dzo_04576,labeled,Romeo
ddc_dzo_04594,labeled,Thinley
ddc_dzo_04593,labeled,Romeo
ddc_dzo_04573,labeled,Romeo
ddc_dzo_04574,labeled,Namgay
ddc_dzo_04580,labeled,Thinley
ddc_dzo_04581,labeled,Thinley
ddc_dzo_04591,labeled,Thinley
ddc_dzo_04575,labeled,Romeo
ddc_dzo_04644,labeled,Romeo
ddc_dzo_04642,labeled,Romeo
ddc_dzo_04621,labeled,Romeo
ddc_dzo_04607,labeled,Romeo
ddc_dzo_02984,labeled,Romeo
ddc_dzo_04612,labeled,Romeo
ddc_dzo_04628,labeled,Namgay
ddc_dzo_04638,labeled,Romeo
ddc_dzo_04631,labeled,Namgay
ddc_dzo_04647,labeled,Namgay
ddc_dzo_04646,labeled,Thinley
ddc_dzo_04637,labeled,Thinley
ddc_dzo_04609,labeled,Dorji
ddc_dzo_04624,labeled,Romeo
ddc_dzo_04627,labeled,Romeo
ddc_dzo_04610,labeled,Namgay
ddc_dzo_04611,labeled,Romeo
ddc_dzo_04616,labeled,Romeo
ddc_dzo_04619,labeled,Romeo
ddc_dzo_04635,labeled,Romeo
ddc_dzo_04682,labeled,Dorji
ddc_dzo_04666,labeled,Romeo
ddc_dzo_04658,labeled,Romeo
ddc_dzo_04659,labeled,Romeo
ddc_dzo_04663,labeled,Thinley
ddc_dzo_04660,labeled,Romeo
ddc_dzo_04648,labeled,Romeo
ddc_dzo_04674,labeled,Romeo
ddc_dzo_04667,labeled,Romeo
ddc_dzo_04656,labeled,Romeo
ddc_dzo_04670,labeled,Thinley
ddc_dzo_04673,labeled,Thinley
ddc_dzo_04653,labeled,Thinley
ddc_dzo_04675,labeled,Romeo
ddc_dzo_04649,labeled,Thinley
ddc_dzo_02340,labeled,Romeo
ddc_dzo_04695,labeled,Romeo
ddc_dzo_04707,labeled,Romeo
ddc_dzo_04720,labeled,Namgay
ddc_dzo_04688,labeled,Thinley
ddc_dzo_04710,labeled,Thinley
ddc_dzo_04721,labeled,Thinley
ddc_dzo_04714,labeled,Dorji
ddc_dzo_04704,labeled,Thinley
ddc_dzo_04690,labeled,Romeo
ddc_dzo_04716,labeled,Thinley
ddc_dzo_04702,labeled,Thinley
ddc_dzo_04687,labeled,Romeo
ddc_dzo_04693,labeled,Romeo
ddc_dzo_04692,labeled,Romeo
ddc_dzo_04728,labeled,Dorji
ddc_dzo_04744,labeled,Romeo
ddc_dzo_04737,labeled,Romeo
ddc_dzo_05172,labeled,Romeo
ddc_dzo_04761,labeled,Thinley
ddc_dzo_04742,labeled,Romeo
ddc_dzo_04752,labeled,Namgay
ddc_dzo_04741,labeled,Romeo
ddc_dzo_04735,labeled,Romeo
ddc_dzo_04726,labeled,Romeo
ddc_dzo_04758,labeled,Namgay
ddc_dzo_04757,labeled,Romeo
ddc_dzo_04739,labeled,Romeo
ddc_dzo_04746,labeled,Romeo
ddc_dzo_04759,labeled,Thinley
ddc_dzo_04753,labeled,Thinley
ddc_dzo_04734,labeled,Dorji
ddc_dzo_04732,labeled,Thinley
ddc_dzo_04725,labeled,Romeo
ddc_dzo_04771,labeled,Romeo
ddc_dzo_04780,labeled,Romeo
ddc_dzo_04792,labeled,Romeo
ddc_dzo_04788,labeled,Romeo
ddc_dzo_04765,labeled,Romeo
ddc_dzo_04798,labeled,Romeo
ddc_dzo_04796,labeled,Thinley
ddc_dzo_04789,labeled,Thinley
ddc_dzo_04794,labeled,Dorji
ddc_dzo_04772,labeled,Romeo
ddc_dzo_04797,labeled,Romeo
ddc_dzo_04773,labeled,Thinley
ddc_dzo_04768,labeled,Dorji
ddc_dzo_04791,labeled,Thinley
ddc_dzo_04776,labeled,Romeo
ddc_dzo_04806,labeled,Romeo
ddc_dzo_04814,labeled,Romeo
ddc_dzo_08751,labeled,Romeo
ddc_dzo_04836,labeled,Romeo
ddc_dzo_05629,labeled,Romeo
ddc_dzo_04830,labeled,Thinley
ddc_dzo_04809,labeled,Thinley
ddc_dzo_04832,labeled,Romeo
ddc_dzo_04823,labeled,Romeo
ddc_dzo_04805,labeled,Namgay
ddc_dzo_04819,labeled,Thinley
ddc_dzo_04813,labeled,Romeo
ddc_dzo_04835,labeled,Thinley
ddc_dzo_04821,labeled,Dorji
ddc_dzo_04817,labeled,Dorji
ddc_dzo_04858,labeled,Dorji
ddc_dzo_04856,labeled,Romeo
ddc_dzo_04852,labeled,Romeo
ddc_dzo_04840,labeled,Romeo
ddc_dzo_04864,labeled,Romeo
ddc_dzo_04846,labeled,Romeo
ddc_dzo_04236,labeled,Romeo
ddc_dzo_03193,labeled,Namgay
ddc_dzo_04854,labeled,Romeo
ddc_dzo_04843,labeled,Dorji
ddc_dzo_04870,labeled,Romeo
ddc_dzo_04862,labeled,Thinley
ddc_dzo_04873,labeled,Thinley
ddc_dzo_04842,labeled,Thinley
ddc_dzo_04853,labeled,Romeo
ddc_dzo_04841,labeled,Thinley
ddc_dzo_04894,labeled,Romeo
ddc_dzo_04897,labeled,Romeo
ddc_dzo_04896,labeled,Romeo
ddc_dzo_04879,labeled,Romeo
ddc_dzo_04893,labeled,Thinley
ddc_dzo_04874,labeled,Romeo
ddc_dzo_03840,labeled,Namgay
ddc_dzo_04884,labeled,Romeo
ddc_dzo_04886,labeled,Romeo
ddc_dzo_04910,labeled,Romeo
ddc_dzo_04909,labeled,Romeo
ddc_dzo_04906,labeled,Thinley
ddc_dzo_04880,labeled,Romeo
ddc_dzo_04888,labeled,Thinley
ddc_dzo_04905,labeled,Romeo
ddc_dzo_04912,labeled,Dorji
ddc_dzo_04941,labeled,Romeo
ddc_dzo_04917,labeled,Romeo
ddc_dzo_09267,labeled,Romeo
ddc_dzo_04928,labeled,Romeo
ddc_dzo_04922,labeled,Romeo
ddc_dzo_04930,labeled,Namgay
ddc_dzo_04919,labeled,Namgay
ddc_dzo_04939,labeled,Romeo
ddc_dzo_04938,labeled,Namgay
ddc_dzo_04924,labeled,Thinley
ddc_dzo_04946,labeled,Romeo
ddc_dzo_04940,labeled,Romeo
ddc_dzo_04945,labeled,Dorji
ddc_dzo_04936,labeled,Romeo
ddc_dzo_04920,labeled,Romeo
ddc_dzo_04966,labeled,Romeo
ddc_dzo_04971,labeled,Romeo
ddc_dzo_04976,labeled,Romeo
ddc_dzo_04986,labeled,Romeo
ddc_dzo_04982,labeled,Romeo
ddc_dzo_04957,labeled,Thinley
ddc_dzo_04975,labeled,Thinley
ddc_dzo_04987,labeled,Dorji
ddc_dzo_04969,labeled,Romeo
ddc_dzo_04979,labeled,Dorji
ddc_dzo_04978,labeled,Dorji
ddc_dzo_04951,labeled,Romeo
ddc_dzo_04984,labeled,Thinley
ddc_dzo_04965,labeled,Thinley
ddc_dzo_04956,labeled,Dorji
ddc_dzo_04959,labeled,Romeo
ddc_dzo_04967,labeled,Thinley
ddc_dzo_04960,labeled,Romeo
ddc_dzo_05006,labeled,Romeo
ddc_dzo_05003,labeled,Romeo
ddc_dzo_05009,labeled,Romeo
ddc_dzo_04997,labeled,Romeo
ddc_dzo_04993,labeled,Romeo
ddc_dzo_05024,labeled,Romeo
ddc_dzo_05015,labeled,Namgay
ddc_dzo_05019,labeled,Romeo
ddc_dzo_05007,labeled,Romeo
ddc_dzo_05022,labeled,Romeo
ddc_dzo_04995,labeled,Thinley
ddc_dzo_04999,labeled,Thinley
ddc_dzo_05008,labeled,Thinley
ddc_dzo_05023,labeled,Romeo
ddc_dzo_04990,labeled,Romeo
ddc_dzo_05045,labeled,Romeo
ddc_dzo_01769,labeled,Romeo
ddc_dzo_05035,labeled,Romeo
ddc_dzo_05030,labeled,Romeo
ddc_dzo_05034,labeled,Dorji
ddc_dzo_05053,labeled,Romeo
ddc_dzo_05061,labeled,Romeo
ddc_dzo_05025,labeled,Namgay
ddc_dzo_05047,labeled,Romeo
ddc_dzo_05051,labeled,Namgay
ddc_dzo_05046,labeled,Dorji
ddc_dzo_05037,labeled,Dorji
ddc_dzo_05040,labeled,Romeo
ddc_dzo_05028,labeled,Thinley
ddc_dzo_05049,labeled,Romeo
ddc_dzo_05043,labeled,Romeo
ddc_dzo_05029,labeled,Romeo
ddc_dzo_05036,labeled,Romeo
ddc_dzo_05093,labeled,Dorji
ddc_dzo_05079,labeled,Romeo
ddc_dzo_05074,labeled,Romeo
ddc_dzo_05088,labeled,Romeo
ddc_dzo_05096,labeled,Romeo
ddc_dzo_05072,labeled,Thinley
ddc_dzo_05068,labeled,Thinley
ddc_dzo_05065,labeled,Romeo
ddc_dzo_05078,labeled,Romeo
ddc_dzo_05083,labeled,Romeo
ddc_dzo_05090,labeled,Thinley
ddc_dzo_05097,labeled,Romeo
ddc_dzo_05086,labeled,Romeo
ddc_dzo_05100,labeled,Dorji
ddc_dzo_05066,labeled,Thinley
ddc_dzo_05080,labeled,Romeo
ddc_dzo_05104,labeled,Dorji
ddc_dzo_05113,labeled,Romeo
ddc_dzo_05128,labeled,Romeo
ddc_dzo_05131,labeled,Romeo
ddc_dzo_05105,labeled,Romeo
ddc_dzo_03450,labeled,Romeo
ddc_dzo_05116,labeled,Romeo
ddc_dzo_05108,labeled,Thinley
ddc_dzo_05110,labeled,Dorji
ddc_dzo_05586,labeled,Thinley
ddc_dzo_05103,labeled,Thinley
ddc_dzo_05133,labeled,Thinley
ddc_dzo_05126,labeled,Romeo
ddc_dzo_05118,labeled,Romeo
ddc_dzo_05169,labeled,Dorji
ddc_dzo_05151,labeled,Dorji
ddc_dzo_05161,labeled,Romeo
ddc_dzo_05165,labeled,Romeo
ddc_dzo_05162,labeled,Romeo
ddc_dzo_05149,labeled,Namgay
ddc_dzo_05156,labeled,Namgay
ddc_dzo_05146,labeled,Dorji
ddc_dzo_05170,labeled,Romeo
ddc_dzo_05150,labeled,Romeo
ddc_dzo_05140,labeled,Thinley
ddc_dzo_05160,labeled,Thinley
ddc_dzo_05158,labeled,Thinley
ddc_dzo_05143,labeled,Thinley
ddc_dzo_05141,labeled,Thinley
ddc_dzo_05148,labeled,Thinley
ddc_dzo_05155,labeled,Romeo
ddc_dzo_05138,labeled,Yigzin
ddc_dzo_05186,labeled,Romeo
ddc_dzo_05187,labeled,Romeo
ddc_dzo_05173,labeled,Romeo
ddc_dzo_05175,labeled,Dorji
ddc_dzo_05190,labeled,Romeo
ddc_dzo_05195,labeled,Romeo
ddc_dzo_05199,labeled,Romeo
ddc_dzo_05200,labeled,Romeo
ddc_dzo_05176,labeled,Thinley
ddc_dzo_05204,labeled,Romeo
ddc_dzo_05182,labeled,Thinley
ddc_dzo_05198,labeled,Romeo
ddc_dzo_05191,labeled,Romeo
ddc_dzo_05174,labeled,Romeo
ddc_dzo_02555,labeled,Romeo
ddc_dzo_05208,labeled,Thinley
ddc_dzo_05216,labeled,Thinley
ddc_dzo_05230,labeled,Romeo
ddc_dzo_05234,labeled,Namgay
ddc_dzo_04465,labeled,Namgay
ddc_dzo_05219,labeled,Romeo
ddc_dzo_05232,labeled,Namgay
ddc_dzo_05209,labeled,Namgay
ddc_dzo_05239,labeled,Romeo
ddc_dzo_05229,labeled,Romeo
ddc_dzo_05236,labeled,Thinley
ddc_dzo_05227,labeled,Namgay
ddc_dzo_05233,labeled,Romeo
ddc_dzo_05224,labeled,Romeo
ddc_dzo_08059,labeled,Romeo
ddc_dzo_05254,labeled,Romeo
ddc_dzo_05252,labeled,Romeo
ddc_dzo_05269,labeled,Romeo
ddc_dzo_05263,labeled,Namgay
ddc_dzo_05267,labeled,Romeo
ddc_dzo_05258,labeled,Thinley
ddc_dzo_05256,labeled,Thinley
ddc_dzo_05251,labeled,Thinley
ddc_dzo_05242,labeled,Romeo
ddc_dzo_05246,labeled,Thinley
ddc_dzo_05259,labeled,Romeo
ddc_dzo_05273,labeled,Romeo
ddc_dzo_05245,labeled,Romeo
ddc_dzo_09681,labeled,Romeo
ddc_dzo_05278,labeled,Thinley
ddc_dzo_05297,labeled,Romeo
ddc_dzo_05310,labeled,Romeo
ddc_dzo_05285,labeled,Romeo
ddc_dzo_05279,labeled,Romeo
ddc_dzo_05312,labeled,Thinley
ddc_dzo_05300,labeled,Thinley
ddc_dzo_05281,labeled,Dorji
ddc_dzo_05290,labeled,Romeo
ddc_dzo_05294,labeled,Romeo
ddc_dzo_05287,labeled,Romeo
ddc_dzo_05304,labeled,Romeo
ddc_dzo_05286,labeled,Romeo
ddc_dzo_05292,labeled,Thinley
ddc_dzo_05295,labeled,Thinley
ddc_dzo_05289,labeled,Romeo
ddc_dzo_05996,labeled,Romeo
ddc_dzo_05321,labeled,Thinley
ddc_dzo_05338,labeled,Romeo
ddc_dzo_05350,labeled,Namgay
ddc_dzo_05330,labeled,Thinley
ddc_dzo_05318,labeled,Dorji
ddc_dzo_05329,labeled,Namgay
ddc_dzo_05348,labeled,Thinley
ddc_dzo_05343,labeled,Romeo
ddc_dzo_05336,labeled,Dorji
ddc_dzo_05332,labeled,Namgay
ddc_dzo_05315,labeled,Thinley
ddc_dzo_05314,labeled,Dorji
ddc_dzo_05320,labeled,Romeo
ddc_dzo_05326,labeled,Romeo
ddc_dzo_05340,labeled,Romeo
ddc_dzo_02411,labeled,Romeo
ddc_dzo_05371,labeled,Romeo
ddc_dzo_05355,labeled,Romeo
ddc_dzo_05372,labeled,Romeo
ddc_dzo_05358,labeled,Romeo
ddc_dzo_05368,labeled,Thinley
ddc_dzo_05375,labeled,Romeo
ddc_dzo_05385,labeled,Thinley
ddc_dzo_05374,labeled,Romeo
ddc_dzo_05353,labeled,Romeo
ddc_dzo_05387,labeled,Romeo
ddc_dzo_05381,labeled,Thinley
ddc_dzo_05373,labeled,Romeo
ddc_dzo_05359,labeled,Romeo
ddc_dzo_05376,labeled,Romeo
ddc_dzo_05362,labeled,Romeo
ddc_dzo_05410,labeled,Romeo
ddc_dzo_05416,labeled,Namgay
ddc_dzo_05426,labeled,Romeo
ddc_dzo_05404,labeled,Dorji
ddc_dzo_05400,labeled,Thinley
ddc_dzo_05403,labeled,Romeo
ddc_dzo_05396,labeled,Romeo
ddc_dzo_05401,labeled,Romeo
ddc_dzo_05423,labeled,Thinley
ddc_dzo_05424,labeled,Thinley
ddc_dzo_05407,labeled,Romeo
ddc_dzo_05414,labeled,Dorji
ddc_dzo_05418,labeled,Romeo
ddc_dzo_05443,labeled,Romeo
ddc_dzo_05428,labeled,Romeo
ddc_dzo_05441,labeled,Romeo
ddc_dzo_05455,labeled,Dorji
ddc_dzo_05434,labeled,Dorji
ddc_dzo_05432,labeled,Namgay
ddc_dzo_05457,labeled,Romeo
ddc_dzo_05461,labeled,Romeo
ddc_dzo_05437,labeled,Romeo
ddc_dzo_05440,labeled,Romeo
ddc_dzo_05444,labeled,Romeo
ddc_dzo_05447,labeled,Thinley
ddc_dzo_05462,labeled,Thinley
ddc_dzo_05446,labeled,Thinley
ddc_dzo_05445,labeled,Dorji
ddc_dzo_05494,labeled,Romeo
ddc_dzo_02768,labeled,Romeo
ddc_dzo_05484,labeled,Romeo
ddc_dzo_05496,labeled,Romeo
ddc_dzo_05503,labeled,Romeo
ddc_dzo_05475,labeled,Dorji
ddc_dzo_05497,labeled,Romeo
ddc_dzo_05474,labeled,Romeo
ddc_dzo_05499,labeled,Thinley
ddc_dzo_05482,labeled,Thinley
ddc_dzo_05500,labeled,Romeo
ddc_dzo_05492,labeled,Thinley
ddc_dzo_05467,labeled,Thinley
ddc_dzo_05498,labeled,Romeo
ddc_dzo_05471,labeled,Romeo
ddc_dzo_01009,labeled,Romeo
ddc_dzo_05527,labeled,Romeo
ddc_dzo_05541,labeled,Romeo
ddc_dzo_05515,labeled,Dorji
ddc_dzo_05538,labeled,Romeo
ddc_dzo_05540,labeled,Romeo
ddc_dzo_05528,labeled,Romeo
ddc_dzo_05539,labeled,Thinley
ddc_dzo_05534,labeled,Romeo
ddc_dzo_05530,labeled,Thinley
ddc_dzo_05511,labeled,Thinley
ddc_dzo_05537,labeled,Romeo
ddc_dzo_05561,labeled,Romeo
ddc_dzo_05574,labeled,Romeo
ddc_dzo_05554,labeled,Romeo
ddc_dzo_05558,labeled,Namgay
ddc_dzo_05584,labeled,Romeo
ddc_dzo_05569,labeled,Romeo
ddc_dzo_05579,labeled,Romeo
ddc_dzo_05583,labeled,Romeo
ddc_dzo_05562,labeled,Thinley
ddc_dzo_05582,labeled,Dorji
ddc_dzo_05552,labeled,Dorji
ddc_dzo_05576,labeled,Romeo
ddc_dzo_05547,labeled,Romeo
ddc_dzo_05560,labeled,Thinley
ddc_dzo_05548,labeled,Romeo
ddc_dzo_05575,labeled,Romeo
ddc_dzo_04875,labeled,Romeo
ddc_dzo_05609,labeled,Romeo
ddc_dzo_05587,labeled,Romeo
ddc_dzo_05617,labeled,Romeo
ddc_dzo_05597,labeled,Romeo
ddc_dzo_05618,labeled,Romeo
ddc_dzo_05615,labeled,Romeo
ddc_dzo_05605,labeled,Thinley
ddc_dzo_05600,labeled,Thinley
ddc_dzo_05589,labeled,Romeo
ddc_dzo_05622,labeled,Romeo
ddc_dzo_05613,labeled,Romeo
ddc_dzo_05625,labeled,Thinley
ddc_dzo_05606,labeled,Dorji
ddc_dzo_05607,labeled,Thinley
ddc_dzo_05610,labeled,Dorji
ddc_dzo_05620,labeled,Thinley
ddc_dzo_05614,labeled,Romeo
ddc_dzo_05630,labeled,Romeo
ddc_dzo_05663,labeled,Romeo
ddc_dzo_05659,labeled,Romeo
ddc_dzo_05651,labeled,Romeo
ddc_dzo_05627,labeled,Romeo
ddc_dzo_05644,labeled,Dorji
ddc_dzo_05648,labeled,Dorji
ddc_dzo_05645,labeled,Romeo
ddc_dzo_05662,labeled,Romeo
ddc_dzo_05654,labeled,Romeo
ddc_dzo_05638,labeled,Romeo
ddc_dzo_05643,labeled,Thinley
ddc_dzo_05634,labeled,Romeo
ddc_dzo_05640,labeled,Romeo
ddc_dzo_05642,labeled,Romeo
ddc_dzo_05674,labeled,Dorji
ddc_dzo_05685,labeled,Romeo
ddc_dzo_05676,labeled,Romeo
ddc_dzo_05682,labeled,Romeo
ddc_dzo_05696,labeled,Romeo
ddc_dzo_05695,labeled,Romeo
ddc_dzo_05694,labeled,Romeo
ddc_dzo_05669,labeled,Thinley
ddc_dzo_05698,labeled,Thinley
ddc_dzo_05686,labeled,Romeo
ddc_dzo_05670,labeled,Thinley
ddc_dzo_05665,labeled,Thinley
ddc_dzo_05683,labeled,Dorji
ddc_dzo_05700,labeled,Romeo
ddc_dzo_05699,labeled,Romeo
ddc_dzo_05718,labeled,Romeo
ddc_dzo_02240,labeled,Romeo
ddc_dzo_05717,labeled,Romeo
ddc_dzo_05737,labeled,Thinley
ddc_dzo_05741,labeled,Dorji
ddc_dzo_05704,labeled,Romeo
ddc_dzo_05729,labeled,Romeo
ddc_dzo_05705,labeled,Romeo
ddc_dzo_05738,labeled,Thinley
ddc_dzo_05732,labeled,Romeo
ddc_dzo_05735,labeled,Romeo
ddc_dzo_05733,labeled,Romeo
ddc_dzo_05722,labeled,Romeo
ddc_dzo_05708,labeled,Romeo
ddc_dzo_05727,labeled,Thinley
ddc_dzo_05724,labeled,Thinley
ddc_dzo_05756,labeled,Romeo
ddc_dzo_05761,labeled,Romeo
ddc_dzo_05697,labeled,Romeo
ddc_dzo_05771,labeled,Thinley
ddc_dzo_05744,labeled,Romeo
ddc_dzo_05758,labeled,Romeo
ddc_dzo_05753,labeled,Thinley
ddc_dzo_05759,labeled,Romeo
ddc_dzo_05743,labeled,Romeo
ddc_dzo_05757,labeled,Romeo
ddc_dzo_05766,labeled,Romeo
ddc_dzo_05747,labeled,Romeo
ddc_dzo_05769,labeled,Thinley
ddc_dzo_05777,labeled,Romeo
ddc_dzo_05762,labeled,Namgay
ddc_dzo_05755,labeled,Romeo
ddc_dzo_05749,labeled,Romeo
ddc_dzo_05803,labeled,Dorji
ddc_dzo_05893,labeled,Romeo
ddc_dzo_05812,labeled,Romeo
ddc_dzo_05801,labeled,Romeo
ddc_dzo_05778,labeled,Romeo
ddc_dzo_05798,labeled,Romeo
ddc_dzo_05796,labeled,Thinley
ddc_dzo_05786,labeled,Romeo
ddc_dzo_05802,labeled,Romeo
ddc_dzo_05791,labeled,Romeo
ddc_dzo_05813,labeled,Romeo
ddc_dzo_05789,labeled,Dorji
ddc_dzo_05782,labeled,Thinley
ddc_dzo_05784,labeled,Thinley
ddc_dzo_05779,labeled,Romeo
ddc_dzo_05781,labeled,Dorji
ddc_dzo_05806,labeled,Romeo
ddc_dzo_05795,labeled,Romeo
ddc_dzo_07117,labeled,Romeo
ddc_dzo_05833,labeled,Romeo
ddc_dzo_05825,labeled,Romeo
ddc_dzo_05834,labeled,Romeo
ddc_dzo_05836,labeled,Namgay
ddc_dzo_05830,labeled,Dorji
ddc_dzo_05824,labeled,Dorji
ddc_dzo_05847,labeled,Thinley
ddc_dzo_05827,labeled,Romeo
ddc_dzo_05850,labeled,Romeo
ddc_dzo_05837,labeled,Romeo
ddc_dzo_05852,labeled,Namgay
ddc_dzo_05835,labeled,Romeo
ddc_dzo_05829,labeled,Romeo
ddc_dzo_05839,labeled,Romeo
ddc_dzo_05870,labeled,Romeo
ddc_dzo_05864,labeled,Romeo
ddc_dzo_05884,labeled,Romeo
ddc_dzo_05882,labeled,Thinley
ddc_dzo_05876,labeled,Romeo
ddc_dzo_05855,labeled,Romeo
ddc_dzo_05889,labeled,Dorji
ddc_dzo_05891,labeled,Thinley
ddc_dzo_05888,labeled,Romeo
ddc_dzo_05857,labeled,Namgay
ddc_dzo_05887,labeled,Thinley
ddc_dzo_05858,labeled,Thinley
ddc_dzo_05861,labeled,Dorji
ddc_dzo_05854,labeled,Romeo
ddc_dzo_05868,labeled,Romeo
ddc_dzo_05880,labeled,Romeo
ddc_dzo_05875,labeled,Romeo
ddc_dzo_05902,labeled,Dorji
ddc_dzo_05899,labeled,Thinley
ddc_dzo_05906,labeled,Romeo
ddc_dzo_05894,labeled,Romeo
ddc_dzo_05900,labeled,Romeo
ddc_dzo_05912,labeled,Thinley
ddc_dzo_05910,labeled,Namgay
ddc_dzo_05908,labeled,Namgay
ddc_dzo_05897,labeled,Thinley
ddc_dzo_05921,labeled,Romeo
ddc_dzo_05909,labeled,Romeo
ddc_dzo_05926,labeled,Thinley
ddc_dzo_05896,labeled,Dorji
ddc_dzo_05904,labeled,Romeo
ddc_dzo_05930,labeled,Romeo
ddc_dzo_05898,labeled,Romeo
ddc_dzo_05920,labeled,Romeo
ddc_dzo_05966,labeled,Romeo
ddc_dzo_05950,labeled,Romeo
ddc_dzo_05936,labeled,Romeo
ddc_dzo_05958,labeled,Romeo
ddc_dzo_05932,labeled,Romeo
ddc_dzo_05945,labeled,Romeo
ddc_dzo_05947,labeled,Namgay
ddc_dzo_05955,labeled,Romeo
ddc_dzo_05937,labeled,Dorji
ddc_dzo_05949,labeled,Thinley
ddc_dzo_05943,labeled,Thinley
ddc_dzo_05941,labeled,Thinley
ddc_dzo_05938,labeled,Romeo
ddc_dzo_05946,labeled,Dorji
ddc_dzo_05952,labeled,Thinley
ddc_dzo_05962,labeled,Romeo
ddc_dzo_05969,labeled,Dorji
ddc_dzo_05957,labeled,Romeo
ddc_dzo_05961,labeled,Romeo
ddc_dzo_05935,labeled,Romeo
ddc_dzo_06002,labeled,Romeo
ddc_dzo_05923,labeled,Romeo
ddc_dzo_06005,labeled,Romeo
ddc_dzo_05984,labeled,Romeo
ddc_dzo_06003,labeled,Romeo
ddc_dzo_05997,labeled,Romeo
ddc_dzo_05973,labeled,Namgay
ddc_dzo_05976,labeled,Romeo
ddc_dzo_05971,labeled,Romeo
ddc_dzo_05990,labeled,Romeo
ddc_dzo_06006,labeled,Namgay
ddc_dzo_05991,labeled,Thinley
ddc_dzo_05989,labeled,Thinley
ddc_dzo_05986,labeled,Thinley
ddc_dzo_05272,labeled,Romeo
ddc_dzo_06041,labeled,Romeo
ddc_dzo_06025,labeled,Romeo
ddc_dzo_06022,labeled,Romeo
ddc_dzo_06033,labeled,Romeo
ddc_dzo_06011,labeled,Romeo
ddc_dzo_06021,labeled,Romeo
ddc_dzo_06028,labeled,Romeo
ddc_dzo_06026,labeled,Thinley
ddc_dzo_06014,labeled,Dorji
ddc_dzo_06032,labeled,Romeo
ddc_dzo_06010,labeled,Romeo
ddc_dzo_06036,labeled,Romeo
ddc_dzo_06042,labeled,Romeo
ddc_dzo_06030,labeled,Romeo
ddc_dzo_06054,labeled,Romeo
ddc_dzo_09098,labeled,Romeo
ddc_dzo_06067,labeled,Romeo
ddc_dzo_06049,labeled,Thinley
ddc_dzo_06057,labeled,Romeo
ddc_dzo_06076,labeled,Dorji
ddc_dzo_06066,labeled,Dorji
ddc_dzo_06079,labeled,Romeo
ddc_dzo_06073,labeled,Romeo
ddc_dzo_06064,labeled,Romeo
ddc_dzo_06069,labeled,Romeo
ddc_dzo_06061,labeled,Dorji
ddc_dzo_06045,labeled,Thinley
ddc_dzo_06088,labeled,Romeo
ddc_dzo_06123,labeled,Romeo
ddc_dzo_06087,labeled,Dorji
ddc_dzo_06101,labeled,Romeo
ddc_dzo_06124,labeled,Thinley
ddc_dzo_06113,labeled,Romeo
ddc_dzo_06103,labeled,Namgay
ddc_dzo_06100,labeled,Dorji
ddc_dzo_06112,labeled,Thinley
ddc_dzo_06089,labeled,Thinley
ddc_dzo_06118,labeled,Thinley
ddc_dzo_06105,labeled,Romeo
ddc_dzo_06107,labeled,Thinley
ddc_dzo_06099,labeled,Thinley
ddc_dzo_06098,labeled,Thinley
ddc_dzo_06093,labeled,Romeo
ddc_dzo_06114,labeled,Romeo
ddc_dzo_06095,labeled,Romeo
ddc_dzo_06097,labeled,Romeo
ddc_dzo_06109,labeled,Romeo
ddc_dzo_00228,labeled,Romeo
ddc_dzo_06142,labeled,Romeo
ddc_dzo_06131,labeled,Romeo
ddc_dzo_07174,labeled,Romeo
ddc_dzo_06144,labeled,Romeo
ddc_dzo_06139,labeled,Thinley
ddc_dzo_06133,labeled,Dorji
ddc_dzo_06148,labeled,Romeo
ddc_dzo_06128,labeled,Dorji
ddc_dzo_06146,labeled,Thinley
ddc_dzo_06150,labeled,Thinley
ddc_dzo_06126,labeled,Yigzin
ddc_dzo_06145,labeled,Romeo
ddc_dzo_06159,labeled,Dorji
ddc_dzo_09976,labeled,Romeo
ddc_dzo_08706,labeled,Romeo
ddc_dzo_06155,labeled,Thinley
ddc_dzo_06153,labeled,Romeo
ddc_dzo_06158,labeled,Romeo
ddc_dzo_06171,labeled,Romeo
ddc_dzo_06168,labeled,Thinley
ddc_dzo_06169,labeled,Romeo
ddc_dzo_06165,labeled,Romeo
ddc_dzo_06175,labeled,Thinley
ddc_dzo_06170,labeled,Romeo
ddc_dzo_06154,labeled,Romeo
ddc_dzo_06180,labeled,Romeo
ddc_dzo_05933,labeled,Romeo
ddc_dzo_06189,labeled,Romeo
ddc_dzo_06197,labeled,Thinley
ddc_dzo_06195,labeled,Romeo
ddc_dzo_06192,labeled,Romeo
ddc_dzo_06207,labeled,Dorji
ddc_dzo_06190,labeled,Romeo
ddc_dzo_06184,labeled,Romeo
ddc_dzo_06205,labeled,Thinley
ddc_dzo_06206,labeled,Namgay
ddc_dzo_06201,labeled,Thinley
ddc_dzo_06188,labeled,Dorji
ddc_dzo_06203,labeled,Thinley
ddc_dzo_06199,labeled,Romeo
ddc_dzo_02626,labeled,Romeo
ddc_dzo_06229,labeled,Romeo
ddc_dzo_06232,labeled,Romeo
ddc_dzo_06235,labeled,Romeo
ddc_dzo_06221,labeled,Romeo
ddc_dzo_06210,labeled,Thinley
ddc_dzo_06211,labeled,Dorji
ddc_dzo_07175,labeled,Dorji
ddc_dzo_06215,labeled,Romeo
ddc_dzo_06220,labeled,Romeo
ddc_dzo_06226,labeled,Romeo
ddc_dzo_06233,labeled,Romeo
ddc_dzo_06225,labeled,Romeo
ddc_dzo_06212,labeled,Romeo
ddc_dzo_06237,labeled,Romeo
ddc_dzo_06243,labeled,Romeo
ddc_dzo_06255,labeled,Romeo
ddc_dzo_06256,labeled,Romeo
ddc_dzo_06244,labeled,Romeo
ddc_dzo_06251,labeled,Dorji
ddc_dzo_06252,labeled,Romeo
ddc_dzo_06247,labeled,Romeo
ddc_dzo_06248,labeled,Romeo
ddc_dzo_06260,labeled,Thinley
ddc_dzo_06245,labeled,Dorji
ddc_dzo_06240,labeled,Thinley
ddc_dzo_06262,labeled,Thinley
ddc_dzo_06242,labeled,Romeo
ddc_dzo_06249,labeled,Romeo
ddc_dzo_06238,labeled,Romeo
ddc_dzo_06269,labeled,Romeo
ddc_dzo_06272,labeled,Romeo
ddc_dzo_06274,labeled,Romeo
ddc_dzo_06289,labeled,Romeo
ddc_dzo_06275,labeled,Nima
ddc_dzo_06268,labeled,Dorji
ddc_dzo_06273,labeled,Romeo
ddc_dzo_06284,labeled,Romeo
ddc_dzo_06288,labeled,Romeo
ddc_dzo_06286,labeled,Thinley
ddc_dzo_06287,labeled,Dorji
ddc_dzo_06281,labeled,Dorji
ddc_dzo_06277,labeled,Romeo
ddc_dzo_06290,labeled,Romeo
ddc_dzo_06282,labeled,Romeo
ddc_dzo_06001,labeled,Romeo
ddc_dzo_07320,labeled,Thinley
ddc_dzo_06302,labeled,Romeo
ddc_dzo_06311,labeled,Romeo
ddc_dzo_06299,labeled,Namgay
ddc_dzo_06297,labeled,Thinley
ddc_dzo_06296,labeled,Romeo
ddc_dzo_06315,labeled,Romeo
ddc_dzo_06321,labeled,Romeo
ddc_dzo_06306,labeled,Thinley
ddc_dzo_06319,labeled,Romeo
ddc_dzo_06308,labeled,Romeo
ddc_dzo_06307,labeled,Romeo
ddc_dzo_06320,labeled,Romeo
ddc_dzo_06317,labeled,Romeo
ddc_dzo_06318,labeled,Romeo
ddc_dzo_06322,labeled,Romeo
ddc_dzo_06314,labeled,Romeo
ddc_dzo_06340,labeled,Romeo
ddc_dzo_00546,labeled,Romeo
ddc_dzo_06335,labeled,Romeo
ddc_dzo_06338,labeled,Romeo
ddc_dzo_06349,labeled,Romeo
ddc_dzo_06331,labeled,Romeo
ddc_dzo_06337,labeled,Romeo
ddc_dzo_06350,labeled,Romeo
ddc_dzo_06339,labeled,Romeo
ddc_dzo_06343,labeled,Romeo
ddc_dzo_06334,labeled,Romeo
ddc_dzo_06333,labeled,Romeo
ddc_dzo_06326,labeled,Romeo
ddc_dzo_06325,labeled,Romeo
ddc_dzo_06332,labeled,Romeo
ddc_dzo_06347,labeled,Romeo
ddc_dzo_06354,labeled,Romeo
ddc_dzo_02584,labeled,Romeo
ddc_dzo_06374,labeled,Romeo
ddc_dzo_06380,labeled,Romeo
ddc_dzo_06367,labeled,Romeo
ddc_dzo_06370,labeled,Romeo
ddc_dzo_06369,labeled,Romeo
ddc_dzo_06362,labeled,Romeo
ddc_dzo_06377,labeled,Thinley
ddc_dzo_06376,labeled,Nima
ddc_dzo_06360,labeled,Romeo
ddc_dzo_06353,labeled,Romeo
ddc_dzo_06359,labeled,Romeo
ddc_dzo_06385,labeled,Romeo
ddc_dzo_06409,labeled,Namgay
ddc_dzo_01032,labeled,Namgay
ddc_dzo_06383,labeled,Thinley
ddc_dzo_06391,labeled,Thinley
ddc_dzo_06404,labeled,Romeo
ddc_dzo_06390,labeled,Thinley
ddc_dzo_06401,labeled,Thinley
ddc_dzo_06382,labeled,Romeo
ddc_dzo_06402,labeled,Romeo
ddc_dzo_06403,labeled,Dorji
ddc_dzo_06405,labeled,Dorji
ddc_dzo_06394,labeled,Romeo
ddc_dzo_06407,labeled,Romeo
ddc_dzo_06397,labeled,Romeo
ddc_dzo_04754,labeled,Namgay
ddc_dzo_06433,labeled,Romeo
ddc_dzo_06412,labeled,Romeo
ddc_dzo_06416,labeled,Romeo
ddc_dzo_06438,labeled,Romeo
ddc_dzo_06430,labeled,Romeo
ddc_dzo_06440,labeled,Romeo
ddc_dzo_06415,labeled,Dorji
ddc_dzo_06413,labeled,Romeo
ddc_dzo_06432,labeled,Romeo
ddc_dzo_06426,labeled,Thinley
ddc_dzo_06437,labeled,Thinley
ddc_dzo_06424,labeled,Romeo
ddc_dzo_06434,labeled,Romeo
ddc_dzo_06452,labeled,Romeo
ddc_dzo_06465,labeled,Romeo
ddc_dzo_06460,labeled,Romeo
ddc_dzo_02307,labeled,Romeo
ddc_dzo_06450,labeled,Romeo
ddc_dzo_06457,labeled,Romeo
ddc_dzo_06468,labeled,Romeo
ddc_dzo_06463,labeled,Thinley
ddc_dzo_06466,labeled,Dorji
ddc_dzo_06451,labeled,Romeo
ddc_dzo_06446,labeled,Romeo
ddc_dzo_06464,labeled,Romeo
ddc_dzo_06445,labeled,Namgay
ddc_dzo_06461,labeled,Thinley
ddc_dzo_06447,labeled,Romeo
ddc_dzo_06458,labeled,Romeo
ddc_dzo_06454,labeled,Romeo
ddc_dzo_06476,labeled,Romeo
ddc_dzo_06491,labeled,Romeo
ddc_dzo_06482,labeled,Romeo
ddc_dzo_06497,labeled,Romeo
ddc_dzo_06494,labeled,Romeo
ddc_dzo_06481,labeled,Thinley
ddc_dzo_06487,labeled,Romeo
ddc_dzo_06490,labeled,Romeo
ddc_dzo_06474,labeled,Dorji
ddc_dzo_06475,labeled,Thinley
ddc_dzo_06492,labeled,Thinley
ddc_dzo_06493,labeled,Romeo
ddc_dzo_06472,labeled,Thinley
ddc_dzo_06478,labeled,Romeo
ddc_dzo_06470,labeled,Romeo
ddc_dzo_06517,labeled,Romeo
ddc_dzo_09000,labeled,Romeo
ddc_dzo_06519,labeled,Romeo
ddc_dzo_06515,labeled,Romeo
ddc_dzo_06524,labeled,Romeo
ddc_dzo_06516,labeled,Dorji
ddc_dzo_06512,labeled,Romeo
ddc_dzo_06514,labeled,Thinley
ddc_dzo_06499,labeled,Thinley
ddc_dzo_06501,labeled,Romeo
ddc_dzo_06500,labeled,Romeo
ddc_dzo_06521,labeled,Romeo
ddc_dzo_06503,labeled,Romeo
ddc_dzo_05680,labeled,Romeo
ddc_dzo_06528,labeled,Romeo
ddc_dzo_06549,labeled,Romeo
ddc_dzo_06548,labeled,Romeo
ddc_dzo_06547,labeled,Thinley
ddc_dzo_06532,labeled,Thinley
ddc_dzo_06536,labeled,Romeo
ddc_dzo_06527,labeled,Dorji
ddc_dzo_06544,labeled,Namgay
ddc_dzo_06545,labeled,Thinley
ddc_dzo_06550,labeled,Thinley
ddc_dzo_06537,labeled,Yigzin
ddc_dzo_03685,labeled,Romeo
ddc_dzo_04018,labeled,Romeo
ddc_dzo_06564,labeled,Thinley
ddc_dzo_06563,labeled,Romeo
ddc_dzo_06558,labeled,Romeo
ddc_dzo_06566,labeled,Romeo
ddc_dzo_06562,labeled,Romeo
ddc_dzo_06576,labeled,Thinley
ddc_dzo_06556,labeled,Romeo
ddc_dzo_06575,labeled,Romeo
ddc_dzo_06569,labeled,Romeo
ddc_dzo_05194,labeled,Romeo
ddc_dzo_06591,labeled,Romeo
ddc_dzo_06587,labeled,Romeo
ddc_dzo_06605,labeled,Dorji
ddc_dzo_06592,labeled,Thinley
ddc_dzo_06589,labeled,Thinley
ddc_dzo_06606,labeled,Romeo
ddc_dzo_06607,labeled,Romeo
ddc_dzo_06586,labeled,Dorji
ddc_dzo_06585,labeled,Nima
ddc_dzo_06608,labeled,Thinley
ddc_dzo_06598,labeled,Romeo
ddc_dzo_00018,labeled,Romeo
ddc_dzo_06610,labeled,Romeo
ddc_dzo_06612,labeled,Romeo
ddc_dzo_06618,labeled,Romeo
ddc_dzo_06629,labeled,Thinley
ddc_dzo_06620,labeled,Romeo
ddc_dzo_06622,labeled,Thinley
ddc_dzo_06634,labeled,Thinley
ddc_dzo_06627,labeled,Romeo
ddc_dzo_06613,labeled,Dorji
ddc_dzo_06619,labeled,Thinley
ddc_dzo_06617,labeled,Romeo
ddc_dzo_06621,labeled,Thinley
ddc_dzo_06624,labeled,Romeo
ddc_dzo_06625,labeled,Romeo
ddc_dzo_02914,labeled,Romeo
ddc_dzo_01328,labeled,Romeo
ddc_dzo_06652,labeled,Romeo
ddc_dzo_06650,labeled,Romeo
ddc_dzo_06643,labeled,Romeo
ddc_dzo_06642,labeled,Thinley
ddc_dzo_06663,labeled,Romeo
ddc_dzo_06651,labeled,Romeo
ddc_dzo_06658,labeled,Romeo
ddc_dzo_06654,labeled,Romeo
ddc_dzo_06656,labeled,Romeo
ddc_dzo_06641,labeled,Romeo
ddc_dzo_06646,labeled,Romeo
ddc_dzo_06648,labeled,Romeo
ddc_dzo_06644,labeled,Romeo
ddc_dzo_03290,labeled,Romeo
ddc_dzo_05033,labeled,Romeo
ddc_dzo_06670,labeled,Thinley
ddc_dzo_06676,labeled,Romeo
ddc_dzo_06686,labeled,Romeo
ddc_dzo_06679,labeled,Thinley
ddc_dzo_06682,labeled,Dorji
ddc_dzo_06681,labeled,Namgay
ddc_dzo_06691,labeled,Dorji
ddc_dzo_06680,labeled,Dorji
ddc_dzo_06685,labeled,Dorji
ddc_dzo_06688,labeled,Romeo
ddc_dzo_06690,labeled,Thinley
ddc_dzo_07212,labeled,Romeo
ddc_dzo_01456,labeled,Romeo
ddc_dzo_06700,labeled,Romeo
ddc_dzo_06694,labeled,Romeo
ddc_dzo_06698,labeled,Romeo
ddc_dzo_06708,labeled,Romeo
ddc_dzo_06717,labeled,Romeo
ddc_dzo_06701,labeled,Romeo
ddc_dzo_06716,labeled,Romeo
ddc_dzo_06695,labeled,Romeo
ddc_dzo_06696,labeled,Thinley
ddc_dzo_06707,labeled,Dorji
ddc_dzo_06703,labeled,Romeo
ddc_dzo_06702,labeled,Thinley
ddc_dzo_06705,labeled,Romeo
ddc_dzo_06693,labeled,Romeo
ddc_dzo_04847,labeled,Romeo
ddc_dzo_06740,labeled,Romeo
ddc_dzo_06724,labeled,Romeo
ddc_dzo_06733,labeled,Romeo
ddc_dzo_06728,labeled,Romeo
ddc_dzo_06731,labeled,Thinley
ddc_dzo_06725,labeled,Romeo
ddc_dzo_06739,labeled,Dorji
ddc_dzo_06736,labeled,Dorji
ddc_dzo_06745,labeled,Thinley
ddc_dzo_06744,labeled,Thinley
ddc_dzo_06742,labeled,Thinley
ddc_dzo_06719,labeled,Romeo
ddc_dzo_03850,labeled,Dorji
ddc_dzo_06760,labeled,Romeo
ddc_dzo_04055,labeled,Romeo
ddc_dzo_06758,labeled,Romeo
ddc_dzo_06751,labeled,Romeo
ddc_dzo_06749,labeled,Romeo
ddc_dzo_06761,labeled,Romeo
ddc_dzo_06747,labeled,Romeo
ddc_dzo_06763,labeled,Namgay
ddc_dzo_06772,labeled,Dorji
ddc_dzo_06769,labeled,Dorji
ddc_dzo_06748,labeled,Romeo
ddc_dzo_06756,labeled,Namgay
ddc_dzo_06750,labeled,Romeo
ddc_dzo_06754,labeled,Romeo
ddc_dzo_06759,labeled,Romeo
ddc_dzo_04363,labeled,Romeo
ddc_dzo_06784,labeled,Romeo
ddc_dzo_06780,labeled,Romeo
ddc_dzo_06778,labeled,Romeo
ddc_dzo_06797,labeled,Thinley
ddc_dzo_06781,labeled,Romeo
ddc_dzo_06783,labeled,Romeo
ddc_dzo_06795,labeled,Romeo
ddc_dzo_06800,labeled,Romeo
ddc_dzo_06776,labeled,Romeo
ddc_dzo_06796,labeled,Nima
ddc_dzo_06790,labeled,Thinley
ddc_dzo_06791,labeled,Romeo
ddc_dzo_06788,labeled,Thinley
ddc_dzo_09169,labeled,Romeo
ddc_dzo_06813,labeled,Romeo
ddc_dzo_06807,labeled,Romeo
ddc_dzo_06808,labeled,Romeo
ddc_dzo_06809,labeled,Dorji
ddc_dzo_06820,labeled,Romeo
ddc_dzo_06814,labeled,Dorji
ddc_dzo_06812,labeled,Romeo
ddc_dzo_06819,labeled,Thinley
ddc_dzo_06824,labeled,Dorji
ddc_dzo_06817,labeled,Thinley
ddc_dzo_06804,labeled,Romeo
ddc_dzo_06815,labeled,Romeo
ddc_dzo_06840,labeled,Romeo
ddc_dzo_06831,labeled,Romeo
ddc_dzo_08429,labeled,Romeo
ddc_dzo_06829,labeled,Romeo
ddc_dzo_06849,labeled,Romeo
ddc_dzo_06828,labeled,Romeo
ddc_dzo_06842,labeled,Romeo
ddc_dzo_06841,labeled,Romeo
ddc_dzo_06851,labeled,Romeo
ddc_dzo_06830,labeled,Thinley
ddc_dzo_07318,labeled,Thinley
ddc_dzo_06853,labeled,Romeo
ddc_dzo_06847,labeled,Romeo
ddc_dzo_06874,labeled,Romeo
ddc_dzo_06859,labeled,Romeo
ddc_dzo_06870,labeled,Romeo
ddc_dzo_06875,labeled,Romeo
ddc_dzo_06871,labeled,Romeo
ddc_dzo_06867,labeled,Romeo
ddc_dzo_06877,labeled,Namgay
ddc_dzo_06865,labeled,Dorji
ddc_dzo_06861,labeled,Dorji
ddc_dzo_05907,labeled,Romeo
ddc_dzo_07321,labeled,Dorji
ddc_dzo_06860,labeled,Thinley
ddc_dzo_06880,labeled,Dorji
ddc_dzo_06872,labeled,Dorji
ddc_dzo_06879,labeled,Romeo
ddc_dzo_04810,labeled,Romeo
ddc_dzo_06899,labeled,Thinley
ddc_dzo_06908,labeled,Romeo
ddc_dzo_06898,labeled,Namgay
ddc_dzo_06909,labeled,Romeo
ddc_dzo_06896,labeled,Romeo
ddc_dzo_06891,labeled,Thinley
ddc_dzo_06906,labeled,Romeo
ddc_dzo_06893,labeled,Romeo
ddc_dzo_06885,labeled,Thinley
ddc_dzo_06894,labeled,Romeo
ddc_dzo_06902,labeled,Romeo
ddc_dzo_06892,labeled,Romeo
ddc_dzo_06915,labeled,Romeo
ddc_dzo_06923,labeled,Romeo
ddc_dzo_06917,labeled,Romeo
ddc_dzo_06927,labeled,Romeo
ddc_dzo_06931,labeled,Romeo
ddc_dzo_03066,labeled,Romeo
ddc_dzo_06929,labeled,Namgay
ddc_dzo_06934,labeled,Dorji
ddc_dzo_06913,labeled,Romeo
ddc_dzo_06936,labeled,Thinley
ddc_dzo_06911,labeled,Romeo
ddc_dzo_08159,labeled,Namgay
ddc_dzo_06945,labeled,Romeo
ddc_dzo_02092,labeled,Romeo
ddc_dzo_06942,labeled,Romeo
ddc_dzo_06947,labeled,Romeo
ddc_dzo_06964,labeled,Dorji
ddc_dzo_06952,labeled,Romeo
ddc_dzo_06946,labeled,Romeo
ddc_dzo_06960,labeled,Romeo
ddc_dzo_06956,labeled,Romeo
ddc_dzo_06949,labeled,Thinley
ddc_dzo_06938,labeled,Dorji
ddc_dzo_06953,labeled,Thinley
ddc_dzo_01865,labeled,Romeo
ddc_dzo_06991,labeled,Romeo
ddc_dzo_06986,labeled,Romeo
ddc_dzo_06990,labeled,Romeo
ddc_dzo_06969,labeled,Romeo
ddc_dzo_06965,labeled,Namgay
ddc_dzo_06974,labeled,Romeo
ddc_dzo_06975,labeled,Romeo
ddc_dzo_06970,labeled,Thinley
ddc_dzo_06979,labeled,Dorji
ddc_dzo_06987,labeled,Romeo
ddc_dzo_06983,labeled,Romeo
ddc_dzo_05054,labeled,Romeo
ddc_dzo_06995,labeled,Romeo
ddc_dzo_07007,labeled,Romeo
ddc_dzo_07003,labeled,Romeo
ddc_dzo_07016,labeled,Romeo
ddc_dzo_07010,labeled,Romeo
ddc_dzo_07017,labeled,Romeo
ddc_dzo_06993,labeled,Romeo
ddc_dzo_07012,labeled,Dorji
ddc_dzo_06998,labeled,Romeo
ddc_dzo_07009,labeled,Romeo
ddc_dzo_06992,labeled,Romeo
ddc_dzo_07004,labeled,Romeo
ddc_dzo_07040,labeled,Romeo
ddc_dzo_01945,labeled,Romeo
ddc_dzo_09330,labeled,Romeo
ddc_dzo_07021,labeled,Romeo
ddc_dzo_07034,labeled,Romeo
ddc_dzo_07038,labeled,Thinley
ddc_dzo_07026,labeled,Romeo
ddc_dzo_07035,labeled,Dorji
ddc_dzo_07045,labeled,Dorji
ddc_dzo_07025,labeled,Romeo
ddc_dzo_07041,labeled,Namgay
ddc_dzo_07044,labeled,Dorji
ddc_dzo_07027,labeled,Romeo
ddc_dzo_04211,labeled,Romeo
ddc_dzo_07069,labeled,Romeo
ddc_dzo_07073,labeled,Romeo
ddc_dzo_07066,labeled,Romeo
ddc_dzo_07078,labeled,Romeo
ddc_dzo_07072,labeled,Thinley
ddc_dzo_07070,labeled,Romeo
ddc_dzo_07053,labeled,Romeo
ddc_dzo_07061,labeled,Romeo
ddc_dzo_07064,labeled,Romeo
ddc_dzo_07076,labeled,Romeo
ddc_dzo_07071,labeled,Dorji
ddc_dzo_07075,labeled,Romeo
ddc_dzo_07063,labeled,Romeo
ddc_dzo_07089,labeled,Romeo
ddc_dzo_07087,labeled,Romeo
ddc_dzo_07080,labeled,Romeo
ddc_dzo_07084,labeled,Thinley
ddc_dzo_07105,labeled,Namgay
ddc_dzo_07100,labeled,Dorji
ddc_dzo_07107,labeled,Thinley
ddc_dzo_07083,labeled,Thinley
ddc_dzo_07095,labeled,Dorji
ddc_dzo_07090,labeled,Dorji
ddc_dzo_07082,labeled,Romeo
ddc_dzo_07099,labeled,Romeo
ddc_dzo_07127,labeled,Romeo
ddc_dzo_07132,labeled,Romeo
ddc_dzo_07137,labeled,Romeo
ddc_dzo_07114,labeled,Romeo
ddc_dzo_07129,labeled,Dorji
ddc_dzo_07128,labeled,Dorji
ddc_dzo_07123,labeled,Dorji
ddc_dzo_07121,labeled,Romeo
ddc_dzo_07126,labeled,Romeo
ddc_dzo_07118,labeled,Romeo
ddc_dzo_07115,labeled,Dorji
ddc_dzo_07113,labeled,Romeo
ddc_dzo_07119,labeled,Romeo
ddc_dzo_07130,labeled,Romeo
ddc_dzo_07133,labeled,Romeo
ddc_dzo_07136,labeled,Romeo
ddc_dzo_07158,labeled,Thinley
ddc_dzo_07157,labeled,Romeo
ddc_dzo_07160,labeled,Romeo
ddc_dzo_07156,labeled,Romeo
ddc_dzo_07148,labeled,Romeo
ddc_dzo_07140,labeled,Romeo
ddc_dzo_07151,labeled,Dorji
ddc_dzo_07164,labeled,Romeo
ddc_dzo_07159,labeled,Dorji
ddc_dzo_07161,labeled,Romeo
ddc_dzo_07146,labeled,Thinley
ddc_dzo_07163,labeled,Dorji
ddc_dzo_07141,labeled,Romeo
ddc_dzo_07150,labeled,Romeo
ddc_dzo_07171,labeled,Romeo
ddc_dzo_07184,labeled,Romeo
ddc_dzo_07198,labeled,Romeo
ddc_dzo_07186,labeled,Romeo
ddc_dzo_07207,labeled,Romeo
ddc_dzo_07197,labeled,Romeo
ddc_dzo_07204,labeled,Namgay
ddc_dzo_07203,labeled,Dorji
ddc_dzo_07188,labeled,Romeo
ddc_dzo_07176,labeled,Thinley
ddc_dzo_07191,labeled,Namgay
ddc_dzo_07190,labeled,Thinley
ddc_dzo_07185,labeled,Thinley
ddc_dzo_07177,labeled,Dorji
ddc_dzo_07205,labeled,Romeo
ddc_dzo_07178,labeled,Romeo
ddc_dzo_07208,labeled,Romeo
ddc_dzo_07224,labeled,Romeo
ddc_dzo_07217,labeled,Romeo
ddc_dzo_07239,labeled,Romeo
ddc_dzo_07248,labeled,Namgay
ddc_dzo_07223,labeled,Thinley
ddc_dzo_07246,labeled,Romeo
ddc_dzo_07233,labeled,Dorji
ddc_dzo_07230,labeled,Romeo
ddc_dzo_07234,labeled,Romeo
ddc_dzo_07249,labeled,Romeo
ddc_dzo_07242,labeled,Romeo
ddc_dzo_07247,labeled,Romeo
ddc_dzo_07261,labeled,Dorji
ddc_dzo_07270,labeled,Romeo
ddc_dzo_07279,labeled,Namgay
ddc_dzo_07273,labeled,Thinley
ddc_dzo_07278,labeled,Romeo
ddc_dzo_07256,labeled,Dorji
ddc_dzo_07267,labeled,Romeo
ddc_dzo_07280,labeled,Thinley
ddc_dzo_07265,labeled,Romeo
ddc_dzo_07262,labeled,Romeo
ddc_dzo_07251,labeled,Romeo
ddc_dzo_07275,labeled,Romeo
ddc_dzo_07268,labeled,Thinley
ddc_dzo_07255,labeled,Nima
ddc_dzo_07263,labeled,Romeo
ddc_dzo_07254,labeled,Romeo
ddc_dzo_07277,labeled,Romeo
ddc_dzo_07294,labeled,Romeo
ddc_dzo_05406,labeled,Thinley
ddc_dzo_07306,labeled,Romeo
ddc_dzo_07287,labeled,Romeo
ddc_dzo_07291,labeled,Romeo
ddc_dzo_07286,labeled,Romeo
ddc_dzo_07301,labeled,Romeo
ddc_dzo_07303,labeled,Thinley
ddc_dzo_07298,labeled,Romeo
ddc_dzo_07314,labeled,Namgay
ddc_dzo_07289,labeled,Romeo
ddc_dzo_07304,labeled,Thinley
ddc_dzo_07292,labeled,Thinley
ddc_dzo_07308,labeled,Romeo
ddc_dzo_07296,labeled,Romeo
ddc_dzo_07309,labeled,Romeo
ddc_dzo_07302,labeled,Romeo
ddc_dzo_07355,labeled,Dorji
ddc_dzo_07339,labeled,Romeo
ddc_dzo_07329,labeled,Romeo
ddc_dzo_07344,labeled,Romeo
ddc_dzo_07352,labeled,Romeo
ddc_dzo_07338,labeled,Thinley
ddc_dzo_07337,labeled,Namgay
ddc_dzo_07670,labeled,Dorji
ddc_dzo_07346,labeled,Romeo
ddc_dzo_07348,labeled,Romeo
ddc_dzo_07328,labeled,Romeo
ddc_dzo_07333,labeled,Romeo
ddc_dzo_07322,labeled,Romeo
ddc_dzo_07349,labeled,Dorji
ddc_dzo_07343,labeled,Thinley
ddc_dzo_07351,labeled,Romeo
ddc_dzo_07385,labeled,Romeo
ddc_dzo_07383,labeled,Romeo
ddc_dzo_07378,labeled,Romeo
ddc_dzo_03394,labeled,Romeo
ddc_dzo_07389,labeled,Thinley
ddc_dzo_07361,labeled,Thinley
ddc_dzo_07359,labeled,Romeo
ddc_dzo_07363,labeled,Romeo
ddc_dzo_07379,labeled,Romeo
ddc_dzo_07368,labeled,Thinley
ddc_dzo_07373,labeled,Thinley
ddc_dzo_07358,labeled,Romeo
ddc_dzo_07360,labeled,Romeo
ddc_dzo_00688,labeled,Romeo
ddc_dzo_07414,labeled,Romeo
ddc_dzo_07420,labeled,Romeo
ddc_dzo_07422,labeled,Romeo
ddc_dzo_07417,labeled,Romeo
ddc_dzo_07424,labeled,Romeo
ddc_dzo_07405,labeled,Romeo
ddc_dzo_07403,labeled,Romeo
ddc_dzo_07411,labeled,Romeo
ddc_dzo_07404,labeled,Romeo
ddc_dzo_07392,labeled,Dorji
ddc_dzo_07390,labeled,Dorji
ddc_dzo_07415,labeled,Romeo
ddc_dzo_07421,labeled,Romeo
ddc_dzo_07419,labeled,Romeo
ddc_dzo_07408,labeled,Romeo
ddc_dzo_07410,labeled,Romeo
ddc_dzo_08825,labeled,Romeo
ddc_dzo_07427,labeled,Romeo
ddc_dzo_07447,labeled,Romeo
ddc_dzo_07453,labeled,Dorji
ddc_dzo_07436,labeled,Dorji
ddc_dzo_07448,labeled,Dorji
ddc_dzo_07432,labeled,Romeo
ddc_dzo_07437,labeled,Romeo
ddc_dzo_07449,labeled,Romeo
ddc_dzo_07446,labeled,Romeo
ddc_dzo_07457,labeled,Romeo
ddc_dzo_07435,labeled,Romeo
ddc_dzo_07425,labeled,Romeo
ddc_dzo_07426,labeled,Romeo
ddc_dzo_07428,labeled,Romeo
ddc_dzo_07450,labeled,Romeo
ddc_dzo_07485,labeled,Romeo
ddc_dzo_07488,labeled,Romeo
ddc_dzo_07470,labeled,Romeo
ddc_dzo_07472,labeled,Romeo
ddc_dzo_07480,labeled,Romeo
ddc_dzo_07479,labeled,Dorji
ddc_dzo_07476,labeled,Romeo
ddc_dzo_07477,labeled,Romeo
ddc_dzo_07474,labeled,Romeo
ddc_dzo_07487,labeled,Romeo
ddc_dzo_07465,labeled,Romeo
ddc_dzo_07462,labeled,Romeo
ddc_dzo_07473,labeled,Romeo
ddc_dzo_07484,labeled,Romeo
ddc_dzo_07478,labeled,Romeo
ddc_dzo_07469,labeled,Romeo
ddc_dzo_02541,labeled,Romeo
ddc_dzo_07523,labeled,Romeo
ddc_dzo_07528,labeled,Thinley
ddc_dzo_07520,labeled,Romeo
ddc_dzo_07499,labeled,Romeo
ddc_dzo_07507,labeled,Romeo
ddc_dzo_07496,labeled,Romeo
ddc_dzo_07521,labeled,Romeo
ddc_dzo_07502,labeled,Romeo
ddc_dzo_07514,labeled,Romeo
ddc_dzo_07515,labeled,Thinley
ddc_dzo_07501,labeled,Dorji
ddc_dzo_07519,labeled,Thinley
ddc_dzo_07495,labeled,Thinley
ddc_dzo_07503,labeled,Thinley
ddc_dzo_07504,labeled,Romeo
ddc_dzo_07517,labeled,Romeo
ddc_dzo_07556,labeled,Romeo
ddc_dzo_07551,labeled,Romeo
ddc_dzo_07561,labeled,Romeo
ddc_dzo_07539,labeled,Romeo
ddc_dzo_07559,labeled,Romeo
ddc_dzo_07544,labeled,Romeo
ddc_dzo_07552,labeled,Romeo
ddc_dzo_07540,labeled,Romeo
ddc_dzo_05677,labeled,Thinley
ddc_dzo_07530,labeled,Thinley
ddc_dzo_07545,labeled,Romeo
ddc_dzo_07535,labeled,Romeo
ddc_dzo_07538,labeled,Romeo
ddc_dzo_07537,labeled,Romeo
ddc_dzo_07534,labeled,Romeo
ddc_dzo_09272,labeled,Romeo
ddc_dzo_07579,labeled,Romeo
ddc_dzo_07587,labeled,Romeo
ddc_dzo_07567,labeled,Dorji
ddc_dzo_07583,labeled,Romeo
ddc_dzo_07565,labeled,Yigzin
ddc_dzo_07595,labeled,Romeo
ddc_dzo_07580,labeled,Romeo
ddc_dzo_07572,labeled,Romeo
ddc_dzo_07570,labeled,Romeo
ddc_dzo_07581,labeled,Romeo
ddc_dzo_07585,labeled,Romeo
ddc_dzo_07569,labeled,Thinley
ddc_dzo_07582,labeled,Romeo
ddc_dzo_07566,labeled,Romeo
ddc_dzo_09733,labeled,Romeo
ddc_dzo_07611,labeled,Romeo
ddc_dzo_07614,labeled,Romeo
ddc_dzo_07606,labeled,Romeo
ddc_dzo_07599,labeled,Romeo
ddc_dzo_07613,labeled,Romeo
ddc_dzo_07600,labeled,Dorji
ddc_dzo_07604,labeled,Romeo
ddc_dzo_07631,labeled,Romeo
ddc_dzo_07601,labeled,Dorji
ddc_dzo_07626,labeled,Thinley
ddc_dzo_07610,labeled,Romeo
ddc_dzo_07608,labeled,Romeo
ddc_dzo_07612,labeled,Romeo
ddc_dzo_07615,labeled,Romeo
ddc_dzo_07669,labeled,Romeo
ddc_dzo_07661,labeled,Romeo
ddc_dzo_07650,labeled,Romeo
ddc_dzo_07653,labeled,Romeo
ddc_dzo_07655,labeled,Romeo
ddc_dzo_07658,labeled,Thinley
ddc_dzo_07665,labeled,Romeo
ddc_dzo_07666,labeled,Thinley
ddc_dzo_07664,labeled,Romeo
ddc_dzo_07649,labeled,Romeo
ddc_dzo_07647,labeled,Romeo
ddc_dzo_07637,labeled,Thinley
ddc_dzo_07656,labeled,Thinley
ddc_dzo_07643,labeled,Yigzin
ddc_dzo_07651,labeled,Romeo
ddc_dzo_07642,labeled,Romeo
ddc_dzo_07668,labeled,Thinley
ddc_dzo_07634,labeled,Romeo
ddc_dzo_07700,labeled,Romeo
ddc_dzo_07686,labeled,Romeo
ddc_dzo_07671,labeled,Romeo
ddc_dzo_07699,labeled,Romeo
ddc_dzo_07703,labeled,Romeo
ddc_dzo_07673,labeled,Romeo
ddc_dzo_07682,labeled,Romeo
ddc_dzo_07701,labeled,Romeo
ddc_dzo_07677,labeled,Romeo
ddc_dzo_07690,labeled,Namgay
ddc_dzo_07674,labeled,Romeo
ddc_dzo_07681,labeled,Thinley
ddc_dzo_07685,labeled,Romeo
ddc_dzo_07721,labeled,Dorji
ddc_dzo_06398,labeled,Romeo
ddc_dzo_07707,labeled,Romeo
ddc_dzo_07736,labeled,Romeo
ddc_dzo_07737,labeled,Romeo
ddc_dzo_07717,labeled,Dorji
ddc_dzo_07739,labeled,Namgay
ddc_dzo_07714,labeled,Thinley
ddc_dzo_07709,labeled,Romeo
ddc_dzo_07720,labeled,Dorji
ddc_dzo_07719,labeled,Dorji
ddc_dzo_07706,labeled,Romeo
ddc_dzo_07724,labeled,Romeo
ddc_dzo_07723,labeled,Romeo
ddc_dzo_07735,labeled,Romeo
ddc_dzo_07759,labeled,Romeo
ddc_dzo_07756,labeled,Romeo
ddc_dzo_07763,labeled,Romeo
ddc_dzo_07749,labeled,Romeo
ddc_dzo_07771,labeled,Romeo
ddc_dzo_06647,labeled,Romeo
ddc_dzo_07752,labeled,Romeo
ddc_dzo_07773,labeled,Thinley
ddc_dzo_07770,labeled,Romeo
ddc_dzo_07757,labeled,Dorji
ddc_dzo_07753,labeled,Thinley
ddc_dzo_07755,labeled,Thinley
ddc_dzo_07748,labeled,Dorji
ddc_dzo_07768,labeled,Romeo
ddc_dzo_07745,labeled,Romeo
ddc_dzo_07743,labeled,Romeo
ddc_dzo_07777,labeled,Romeo
ddc_dzo_07790,labeled,Romeo
ddc_dzo_07805,labeled,Thinley
ddc_dzo_07793,labeled,Romeo
ddc_dzo_07774,labeled,Romeo
ddc_dzo_07782,labeled,Thinley
ddc_dzo_07784,labeled,Thinley
ddc_dzo_07786,labeled,Romeo
ddc_dzo_07798,labeled,Namgay
ddc_dzo_07795,labeled,Romeo
ddc_dzo_07778,labeled,Romeo
ddc_dzo_07804,labeled,Thinley
ddc_dzo_07800,labeled,Romeo
ddc_dzo_07792,labeled,Thinley
ddc_dzo_07783,labeled,Thinley
ddc_dzo_07806,labeled,Thinley
ddc_dzo_07803,labeled,Romeo
ddc_dzo_07817,labeled,Romeo
ddc_dzo_00256,labeled,Romeo
ddc_dzo_07813,labeled,Romeo
ddc_dzo_07814,labeled,Romeo
ddc_dzo_07836,labeled,Romeo
ddc_dzo_07828,labeled,Romeo
ddc_dzo_07835,labeled,Namgay
ddc_dzo_07830,labeled,Romeo
ddc_dzo_07831,labeled,Romeo
ddc_dzo_07821,labeled,Thinley
ddc_dzo_07825,labeled,Dorji
ddc_dzo_07824,labeled,Nima
ddc_dzo_07833,labeled,Thinley
ddc_dzo_07818,labeled,Romeo
ddc_dzo_07809,labeled,Romeo
ddc_dzo_07839,labeled,Romeo
ddc_dzo_07810,labeled,Romeo
ddc_dzo_07859,labeled,Romeo
ddc_dzo_07880,labeled,Romeo
ddc_dzo_07871,labeled,Romeo
ddc_dzo_07877,labeled,Romeo
ddc_dzo_07866,labeled,Romeo
ddc_dzo_07862,labeled,Romeo
ddc_dzo_07849,labeled,Romeo
ddc_dzo_07863,labeled,Romeo
ddc_dzo_07864,labeled,Thinley
ddc_dzo_07872,labeled,Romeo
ddc_dzo_07857,labeled,Dorji
ddc_dzo_07870,labeled,Romeo
ddc_dzo_07873,labeled,Romeo
ddc_dzo_07846,labeled,Namgay
ddc_dzo_07858,labeled,Romeo
ddc_dzo_07869,labeled,Romeo
ddc_dzo_00724,labeled,Romeo
ddc_dzo_07890,labeled,Romeo
ddc_dzo_07894,labeled,Romeo
ddc_dzo_07882,labeled,Namgay
ddc_dzo_07888,labeled,Romeo
ddc_dzo_07886,labeled,Romeo
ddc_dzo_07883,labeled,Thinley
ddc_dzo_07896,labeled,Dorji
ddc_dzo_07900,labeled,Romeo
ddc_dzo_07892,labeled,Romeo
ddc_dzo_07898,labeled,Romeo
ddc_dzo_07908,labeled,Nima
ddc_dzo_07884,labeled,Thinley
ddc_dzo_07893,labeled,Dorji
ddc_dzo_07906,labeled,Thinley
ddc_dzo_07910,labeled,Romeo
ddc_dzo_07902,labeled,Romeo
ddc_dzo_07901,labeled,Romeo
ddc_dzo_07370,labeled,Romeo
ddc_dzo_07936,labeled,Romeo
ddc_dzo_07938,labeled,Thinley
ddc_dzo_07941,labeled,Namgay
ddc_dzo_07949,labeled,Dorji
ddc_dzo_07916,labeled,Romeo
ddc_dzo_07945,labeled,Romeo
ddc_dzo_07931,labeled,Thinley
ddc_dzo_07943,labeled,Thinley
ddc_dzo_07918,labeled,Thinley
ddc_dzo_07981,labeled,Romeo
ddc_dzo_07956,labeled,Romeo
ddc_dzo_09923,labeled,Romeo
ddc_dzo_07952,labeled,Romeo
ddc_dzo_07970,labeled,Romeo
ddc_dzo_07982,labeled,Romeo
ddc_dzo_07960,labeled,Romeo
ddc_dzo_07959,labeled,Romeo
ddc_dzo_07966,labeled,Romeo
ddc_dzo_07965,labeled,Romeo
ddc_dzo_07961,labeled,Dorji
ddc_dzo_07973,labeled,Romeo
ddc_dzo_07974,labeled,Romeo
ddc_dzo_07957,labeled,Dorji
ddc_dzo_07958,labeled,Romeo
ddc_dzo_07978,labeled,Romeo
ddc_dzo_07980,labeled,Romeo
ddc_dzo_07977,labeled,Romeo
ddc_dzo_07999,labeled,Romeo
ddc_dzo_07992,labeled,Dorji
ddc_dzo_02552,labeled,Romeo
ddc_dzo_08013,labeled,Romeo
ddc_dzo_08006,labeled,Romeo
ddc_dzo_07987,labeled,Romeo
ddc_dzo_08018,labeled,Romeo
ddc_dzo_08016,labeled,Dorji
ddc_dzo_08010,labeled,Romeo
ddc_dzo_08002,labeled,Romeo
ddc_dzo_07989,labeled,Romeo
ddc_dzo_08008,labeled,Romeo
ddc_dzo_07996,labeled,Romeo
ddc_dzo_08011,labeled,Romeo
ddc_dzo_08014,labeled,Romeo
ddc_dzo_08004,labeled,Romeo
ddc_dzo_07991,labeled,Romeo
ddc_dzo_08040,labeled,Dorji
ddc_dzo_07459,labeled,Romeo
ddc_dzo_08025,labeled,Romeo
ddc_dzo_08047,labeled,Dorji
ddc_dzo_08026,labeled,Romeo
ddc_dzo_08037,labeled,Romeo
ddc_dzo_08024,labeled,Thinley
ddc_dzo_08053,labeled,Thinley
ddc_dzo_08022,labeled,Romeo
ddc_dzo_08031,labeled,Romeo
ddc_dzo_08029,labeled,Romeo
ddc_dzo_08032,labeled,Romeo
ddc_dzo_08041,labeled,Dorji
ddc_dzo_08021,labeled,Romeo
ddc_dzo_08050,labeled,Romeo
ddc_dzo_08034,labeled,Romeo
ddc_dzo_08045,labeled,Romeo
ddc_dzo_08046,labeled,Romeo
ddc_dzo_08028,labeled,Romeo
ddc_dzo_08000,labeled,Romeo
ddc_dzo_01144,labeled,Romeo
ddc_dzo_08061,labeled,Romeo
ddc_dzo_08088,labeled,Romeo
ddc_dzo_08058,labeled,Romeo
ddc_dzo_08075,labeled,Thinley
ddc_dzo_08056,labeled,Romeo
ddc_dzo_08080,labeled,Namgay
ddc_dzo_08085,labeled,Romeo
ddc_dzo_08077,labeled,Romeo
ddc_dzo_08084,labeled,Romeo
ddc_dzo_08086,labeled,Romeo
ddc_dzo_08065,labeled,Romeo
ddc_dzo_08087,labeled,Namgay
ddc_dzo_08060,labeled,Romeo
ddc_dzo_08079,labeled,Thinley
ddc_dzo_08066,labeled,Romeo
ddc_dzo_08072,labeled,Romeo
ddc_dzo_08089,labeled,Romeo
ddc_dzo_08093,labeled,Romeo
ddc_dzo_01102,labeled,Romeo
ddc_dzo_08106,labeled,Romeo
ddc_dzo_08116,labeled,Romeo
ddc_dzo_08109,labeled,Thinley
ddc_dzo_08120,labeled,Thinley
ddc_dzo_08098,labeled,Thinley
ddc_dzo_08108,labeled,Romeo
ddc_dzo_08123,labeled,Romeo
ddc_dzo_08105,labeled,Romeo
ddc_dzo_08110,labeled,Romeo
ddc_dzo_08115,labeled,Romeo
ddc_dzo_08100,labeled,Dorji
ddc_dzo_08112,labeled,Romeo
ddc_dzo_08200,labeled,Romeo
ddc_dzo_08101,labeled,Romeo
ddc_dzo_08138,labeled,Romeo
ddc_dzo_09871,labeled,Romeo
ddc_dzo_08155,labeled,Romeo
ddc_dzo_08149,labeled,Romeo
ddc_dzo_08150,labeled,Romeo
ddc_dzo_08145,labeled,Thinley
ddc_dzo_08129,labeled,Romeo
ddc_dzo_08158,labeled,Namgay
ddc_dzo_08148,labeled,Namgay
ddc_dzo_08140,labeled,Romeo
ddc_dzo_08139,labeled,Thinley
ddc_dzo_08128,labeled,Thinley
ddc_dzo_08125,labeled,Thinley
ddc_dzo_08160,labeled,Dorji
ddc_dzo_08142,labeled,Romeo
ddc_dzo_08153,labeled,Romeo
ddc_dzo_08135,labeled,Romeo
ddc_dzo_08143,labeled,Romeo
ddc_dzo_08180,labeled,Romeo
ddc_dzo_08190,labeled,Romeo
ddc_dzo_08197,labeled,Romeo
ddc_dzo_08185,labeled,Romeo
ddc_dzo_08177,labeled,Romeo
ddc_dzo_08199,labeled,Romeo
ddc_dzo_08181,labeled,Romeo
ddc_dzo_08167,labeled,Romeo
ddc_dzo_08164,labeled,Romeo
ddc_dzo_08194,labeled,Romeo
ddc_dzo_08188,labeled,Romeo
ddc_dzo_08192,labeled,Romeo
ddc_dzo_08163,labeled,Romeo
ddc_dzo_08165,labeled,Romeo
ddc_dzo_09285,labeled,Thinley
ddc_dzo_08182,labeled,Romeo
ddc_dzo_08175,labeled,Romeo
ddc_dzo_08179,labeled,Romeo
ddc_dzo_08202,labeled,Romeo
ddc_dzo_05268,labeled,Romeo
ddc_dzo_08208,labeled,Romeo
ddc_dzo_08203,labeled,Romeo
ddc_dzo_08220,labeled,Romeo
ddc_dzo_08221,labeled,Romeo
ddc_dzo_08240,labeled,Namgay
ddc_dzo_08218,labeled,Thinley
ddc_dzo_08229,labeled,Namgay
ddc_dzo_08227,labeled,Romeo
ddc_dzo_08234,labeled,Nima
ddc_dzo_08224,labeled,Romeo
ddc_dzo_08213,labeled,Thinley
ddc_dzo_08238,labeled,Thinley
ddc_dzo_08222,labeled,Dorji
ddc_dzo_08233,labeled,Romeo
ddc_dzo_08241,labeled,Romeo
ddc_dzo_08276,labeled,Romeo
ddc_dzo_08267,labeled,Romeo
ddc_dzo_08278,labeled,Romeo
ddc_dzo_08243,labeled,Romeo
ddc_dzo_08279,labeled,Romeo
ddc_dzo_08256,labeled,Romeo
ddc_dzo_08248,labeled,Romeo
ddc_dzo_08255,labeled,Namgay
ddc_dzo_08251,labeled,Romeo
ddc_dzo_08247,labeled,Thinley
ddc_dzo_08260,labeled,Romeo
ddc_dzo_08262,labeled,Romeo
ddc_dzo_08257,labeled,Romeo
ddc_dzo_08258,labeled,Thinley
ddc_dzo_08270,labeled,Dorji
ddc_dzo_08259,labeled,Dorji
ddc_dzo_08252,labeled,Thinley
ddc_dzo_08271,labeled,Romeo
ddc_dzo_08273,labeled,Romeo
ddc_dzo_08281,labeled,Romeo
ddc_dzo_08311,labeled,Romeo
ddc_dzo_08295,labeled,Romeo
ddc_dzo_08310,labeled,Romeo
ddc_dzo_08308,labeled,Romeo
ddc_dzo_08289,labeled,Romeo
ddc_dzo_08313,labeled,Romeo
ddc_dzo_08283,labeled,Romeo
ddc_dzo_08291,labeled,Romeo
ddc_dzo_08290,labeled,Romeo
ddc_dzo_08284,labeled,Romeo
ddc_dzo_08303,labeled,Romeo
ddc_dzo_08301,labeled,Romeo
ddc_dzo_08294,labeled,Thinley
ddc_dzo_08315,labeled,Dorji
ddc_dzo_08309,labeled,Romeo
ddc_dzo_08292,labeled,Romeo
ddc_dzo_08300,labeled,Romeo
ddc_dzo_08345,labeled,Romeo
ddc_dzo_08351,labeled,Romeo
ddc_dzo_08325,labeled,Romeo
ddc_dzo_08320,labeled,Romeo
ddc_dzo_08352,labeled,Thinley
ddc_dzo_09621,labeled,Thinley
ddc_dzo_08343,labeled,Romeo
ddc_dzo_08336,labeled,Romeo
ddc_dzo_08319,labeled,Romeo
ddc_dzo_08344,labeled,Thinley
ddc_dzo_08338,labeled,Romeo
ddc_dzo_08333,labeled,Romeo
ddc_dzo_08339,labeled,Thinley
ddc_dzo_08316,labeled,Romeo
ddc_dzo_08329,labeled,Romeo
ddc_dzo_02835,labeled,Romeo
ddc_dzo_08372,labeled,Romeo
ddc_dzo_08390,labeled,Romeo
ddc_dzo_08377,labeled,Romeo
ddc_dzo_08358,labeled,Romeo
ddc_dzo_08371,labeled,Romeo
ddc_dzo_08363,labeled,Romeo
ddc_dzo_08355,labeled,Romeo
ddc_dzo_08365,labeled,Romeo
ddc_dzo_08391,labeled,Thinley
ddc_dzo_08385,labeled,Romeo
ddc_dzo_08387,labeled,Romeo
ddc_dzo_08380,labeled,Namgay
ddc_dzo_08376,labeled,Thinley
ddc_dzo_08370,labeled,Dorji
ddc_dzo_08389,labeled,Romeo
ddc_dzo_08388,labeled,Romeo
ddc_dzo_08383,labeled,Romeo
ddc_dzo_08374,labeled,Romeo
ddc_dzo_08417,labeled,Romeo
ddc_dzo_08413,labeled,Romeo
ddc_dzo_08430,labeled,Romeo
ddc_dzo_08428,labeled,Romeo
ddc_dzo_08402,labeled,Romeo
ddc_dzo_08408,labeled,Romeo
ddc_dzo_08409,labeled,Romeo
ddc_dzo_08424,labeled,Romeo
ddc_dzo_08414,labeled,Dorji
ddc_dzo_08420,labeled,Thinley
ddc_dzo_08395,labeled,Romeo
ddc_dzo_08425,labeled,Romeo
ddc_dzo_08396,labeled,Thinley
ddc_dzo_08406,labeled,Thinley
ddc_dzo_08392,labeled,Romeo
ddc_dzo_08426,labeled,Romeo
ddc_dzo_08394,labeled,Romeo
ddc_dzo_08393,labeled,Romeo
ddc_dzo_08412,labeled,Romeo
ddc_dzo_08461,labeled,Romeo
ddc_dzo_03636,labeled,Romeo
ddc_dzo_08452,labeled,Romeo
ddc_dzo_08438,labeled,Romeo
ddc_dzo_08435,labeled,Romeo
ddc_dzo_08437,labeled,Romeo
ddc_dzo_08447,labeled,Romeo
ddc_dzo_08449,labeled,Romeo
ddc_dzo_08441,labeled,Thinley
ddc_dzo_08443,labeled,Romeo
ddc_dzo_08440,labeled,Thinley
ddc_dzo_08433,labeled,Romeo
ddc_dzo_08448,labeled,Romeo
ddc_dzo_08460,labeled,Romeo
ddc_dzo_08450,labeled,Romeo
ddc_dzo_08497,labeled,Romeo
ddc_dzo_08484,labeled,Dorji
ddc_dzo_08501,labeled,Romeo
ddc_dzo_08482,labeled,Thinley
ddc_dzo_08500,labeled,Dorji
ddc_dzo_08476,labeled,Dorji
ddc_dzo_08489,labeled,Dorji
ddc_dzo_08494,labeled,Dorji
ddc_dzo_08503,labeled,Romeo
ddc_dzo_08496,labeled,Romeo
ddc_dzo_08480,labeled,Nima
ddc_dzo_08479,labeled,Romeo
ddc_dzo_08474,labeled,Romeo
ddc_dzo_08473,labeled,Romeo
ddc_dzo_08524,labeled,Romeo
ddc_dzo_08527,labeled,Romeo
ddc_dzo_08538,labeled,Romeo
ddc_dzo_08523,labeled,Thinley
ddc_dzo_08530,labeled,Romeo
ddc_dzo_08534,labeled,Thinley
ddc_dzo_08540,labeled,Romeo
ddc_dzo_08518,labeled,Romeo
ddc_dzo_08514,labeled,Romeo
ddc_dzo_08535,labeled,Dorji
ddc_dzo_08537,labeled,Thinley
ddc_dzo_08512,labeled,Romeo
ddc_dzo_08545,labeled,Romeo
ddc_dzo_08542,labeled,Romeo
ddc_dzo_08536,labeled,Thinley
ddc_dzo_08539,labeled,Romeo
ddc_dzo_08557,labeled,Romeo
ddc_dzo_08549,labeled,Romeo
ddc_dzo_08566,labeled,Romeo
ddc_dzo_03151,labeled,Romeo
ddc_dzo_08577,labeled,Romeo
ddc_dzo_08551,labeled,Romeo
ddc_dzo_08567,labeled,Romeo
ddc_dzo_08578,labeled,Thinley
ddc_dzo_08560,labeled,Romeo
ddc_dzo_08582,labeled,Romeo
ddc_dzo_08583,labeled,Romeo
ddc_dzo_08575,labeled,Romeo
ddc_dzo_08570,labeled,Romeo
ddc_dzo_08547,labeled,Romeo
ddc_dzo_08569,labeled,Romeo
ddc_dzo_08576,labeled,Romeo
ddc_dzo_08581,labeled,Romeo
ddc_dzo_08550,labeled,Romeo
ddc_dzo_08614,labeled,Romeo
ddc_dzo_08618,labeled,Romeo
ddc_dzo_08595,labeled,Thinley
ddc_dzo_08586,labeled,Romeo
ddc_dzo_08607,labeled,Romeo
ddc_dzo_08599,labeled,Romeo
ddc_dzo_08604,labeled,Dorji
ddc_dzo_08590,labeled,Romeo
ddc_dzo_08623,labeled,Romeo
ddc_dzo_08615,labeled,Namgay
ddc_dzo_08606,labeled,Thinley
ddc_dzo_08611,labeled,Romeo
ddc_dzo_08588,labeled,Romeo
ddc_dzo_08585,labeled,Thinley
ddc_dzo_08610,labeled,Romeo
ddc_dzo_08662,labeled,Romeo
ddc_dzo_08647,labeled,Romeo
ddc_dzo_07718,labeled,Thinley
ddc_dzo_08626,labeled,Romeo
ddc_dzo_08653,labeled,Romeo
ddc_dzo_08641,labeled,Romeo
ddc_dzo_08638,labeled,Namgay
ddc_dzo_08633,labeled,Thinley
ddc_dzo_08652,labeled,Romeo
ddc_dzo_08649,labeled,Romeo
ddc_dzo_08657,labeled,Dorji
ddc_dzo_08634,labeled,Romeo
ddc_dzo_08627,labeled,Romeo
ddc_dzo_08650,labeled,Romeo
ddc_dzo_08663,labeled,Romeo
ddc_dzo_08659,labeled,Dorji
ddc_dzo_08646,labeled,Thinley
ddc_dzo_08636,labeled,Romeo
ddc_dzo_00614,labeled,Romeo
ddc_dzo_08680,labeled,Romeo
ddc_dzo_08679,labeled,Romeo
ddc_dzo_08677,labeled,Romeo
ddc_dzo_08682,labeled,Romeo
ddc_dzo_08664,labeled,Romeo
ddc_dzo_08684,labeled,Thinley
ddc_dzo_08678,labeled,Dorji
ddc_dzo_08686,labeled,Dorji
ddc_dzo_08672,labeled,Romeo
ddc_dzo_08670,labeled,Dorji
ddc_dzo_08668,labeled,Romeo
ddc_dzo_08675,labeled,Romeo
ddc_dzo_08666,labeled,Romeo
ddc_dzo_08692,labeled,Romeo
ddc_dzo_08667,labeled,Romeo
ddc_dzo_08734,labeled,Romeo
ddc_dzo_08727,labeled,Romeo
ddc_dzo_08726,labeled,Romeo
ddc_dzo_04703,labeled,Romeo
ddc_dzo_08709,labeled,Romeo
ddc_dzo_08729,labeled,Romeo
ddc_dzo_08741,labeled,Romeo
ddc_dzo_08716,labeled,Romeo
ddc_dzo_08704,labeled,Romeo
ddc_dzo_08725,labeled,Romeo
ddc_dzo_08736,labeled,Romeo
ddc_dzo_08735,labeled,Romeo
ddc_dzo_08732,labeled,Thinley
ddc_dzo_08720,labeled,Romeo
ddc_dzo_08740,labeled,Romeo
ddc_dzo_08719,labeled,Romeo
ddc_dzo_08717,labeled,Romeo
ddc_dzo_08730,labeled,Romeo
ddc_dzo_08760,labeled,Romeo
ddc_dzo_08766,labeled,Romeo
ddc_dzo_08752,labeled,Romeo
ddc_dzo_08776,labeled,Romeo
ddc_dzo_08764,labeled,Thinley
ddc_dzo_08744,labeled,Romeo
ddc_dzo_08743,labeled,Romeo
ddc_dzo_08761,labeled,Romeo
ddc_dzo_08768,labeled,Romeo
ddc_dzo_08759,labeled,Dorji
ddc_dzo_08748,labeled,Romeo
ddc_dzo_08780,labeled,Thinley
ddc_dzo_08749,labeled,Thinley
ddc_dzo_08769,labeled,Romeo
ddc_dzo_08746,labeled,Romeo
ddc_dzo_08818,labeled,Romeo
ddc_dzo_08802,labeled,Romeo
ddc_dzo_08781,labeled,Romeo
ddc_dzo_08793,labeled,Romeo
ddc_dzo_08806,labeled,Namgay
ddc_dzo_08814,labeled,Thinley
ddc_dzo_08790,labeled,Romeo
ddc_dzo_08819,labeled,Romeo
ddc_dzo_08815,labeled,Romeo
ddc_dzo_08789,labeled,Romeo
ddc_dzo_08798,labeled,Romeo
ddc_dzo_08803,labeled,Romeo
ddc_dzo_08817,labeled,Romeo
ddc_dzo_08811,labeled,Romeo
ddc_dzo_08857,labeled,Romeo
ddc_dzo_08829,labeled,Romeo
ddc_dzo_08839,labeled,Thinley
ddc_dzo_08823,labeled,Romeo
ddc_dzo_08827,labeled,Romeo
ddc_dzo_08838,labeled,Romeo
ddc_dzo_08840,labeled,Dorji
ddc_dzo_08834,labeled,Dorji
ddc_dzo_08836,labeled,Romeo
ddc_dzo_08847,labeled,Romeo
ddc_dzo_08843,labeled,Romeo
ddc_dzo_08851,labeled,Thinley
ddc_dzo_08841,labeled,Thinley
ddc_dzo_08845,labeled,Romeo
ddc_dzo_08835,labeled,Romeo
ddc_dzo_08855,labeled,Romeo
ddc_dzo_08873,labeled,Romeo
ddc_dzo_08883,labeled,Romeo
ddc_dzo_06667,labeled,Romeo
ddc_dzo_08866,labeled,Romeo
ddc_dzo_08894,labeled,Romeo
ddc_dzo_08892,labeled,Romeo
ddc_dzo_08863,labeled,Romeo
ddc_dzo_08895,labeled,Romeo
ddc_dzo_08861,labeled,Dorji
ddc_dzo_08874,labeled,Romeo
ddc_dzo_08884,labeled,Thinley
ddc_dzo_08860,labeled,Romeo
ddc_dzo_08893,labeled,Namgay
ddc_dzo_08890,labeled,Romeo
ddc_dzo_08880,labeled,Romeo
ddc_dzo_08868,labeled,Romeo
ddc_dzo_08901,labeled,Dorji
ddc_dzo_08359,labeled,Romeo
ddc_dzo_08917,labeled,Romeo
ddc_dzo_08902,labeled,Romeo
ddc_dzo_08907,labeled,Romeo
ddc_dzo_08910,labeled,Thinley
ddc_dzo_08906,labeled,Namgay
ddc_dzo_08921,labeled,Romeo
ddc_dzo_08936,labeled,Namgay
ddc_dzo_08927,labeled,Romeo
ddc_dzo_08925,labeled,Romeo
ddc_dzo_08908,labeled,Dorji
ddc_dzo_08931,labeled,Romeo
ddc_dzo_08903,labeled,Romeo
ddc_dzo_08929,labeled,Romeo
ddc_dzo_08922,labeled,Romeo
ddc_dzo_08938,labeled,Romeo
ddc_dzo_03110,labeled,Romeo
ddc_dzo_08977,labeled,Romeo
ddc_dzo_08943,labeled,Romeo
ddc_dzo_08942,labeled,Romeo
ddc_dzo_08951,labeled,Romeo
ddc_dzo_08973,labeled,Romeo
ddc_dzo_08963,labeled,Thinley
ddc_dzo_08959,labeled,Romeo
ddc_dzo_08939,labeled,Thinley
ddc_dzo_08947,labeled,Romeo
ddc_dzo_08970,labeled,Romeo
ddc_dzo_08956,labeled,Romeo
ddc_dzo_08976,labeled,Romeo
ddc_dzo_08972,labeled,Romeo
ddc_dzo_08944,labeled,Romeo
ddc_dzo_08950,labeled,Romeo
ddc_dzo_08957,labeled,Romeo
ddc_dzo_08982,labeled,Romeo
ddc_dzo_08990,labeled,Romeo
ddc_dzo_08998,labeled,Romeo
ddc_dzo_09004,labeled,Romeo
ddc_dzo_08980,labeled,Romeo
ddc_dzo_08997,labeled,Thinley
ddc_dzo_08996,labeled,Romeo
ddc_dzo_08985,labeled,Romeo
ddc_dzo_09010,labeled,Romeo
ddc_dzo_09006,labeled,Dorji
ddc_dzo_09009,labeled,Romeo
ddc_dzo_09005,labeled,Romeo
ddc_dzo_09012,labeled,Romeo
ddc_dzo_09015,labeled,Romeo
ddc_dzo_09002,labeled,Dorji
ddc_dzo_08979,labeled,Romeo
ddc_dzo_09001,labeled,Romeo
ddc_dzo_09377,labeled,Romeo
ddc_dzo_09025,labeled,Thinley
ddc_dzo_09046,labeled,Romeo
ddc_dzo_09034,labeled,Romeo
ddc_dzo_09017,labeled,Romeo
ddc_dzo_09026,labeled,Romeo
ddc_dzo_09038,labeled,Dorji
ddc_dzo_09021,labeled,Dorji
ddc_dzo_09043,labeled,Thinley
ddc_dzo_09029,labeled,Romeo
ddc_dzo_09045,labeled,Nima
ddc_dzo_09037,labeled,Romeo
ddc_dzo_09055,labeled,Thinley
ddc_dzo_09042,labeled,Romeo
ddc_dzo_09031,labeled,Romeo
ddc_dzo_09022,labeled,Romeo
ddc_dzo_09032,labeled,Romeo
ddc_dzo_05885,labeled,Romeo
ddc_dzo_09094,labeled,Romeo
ddc_dzo_09062,labeled,Romeo
ddc_dzo_09071,labeled,Romeo
ddc_dzo_09080,labeled,Romeo
ddc_dzo_09067,labeled,Romeo
ddc_dzo_09087,labeled,Romeo
ddc_dzo_09091,labeled,Romeo
ddc_dzo_09085,labeled,Thinley
ddc_dzo_09058,labeled,Romeo
ddc_dzo_09063,labeled,Romeo
ddc_dzo_09074,labeled,Romeo
ddc_dzo_09081,labeled,Dorji
ddc_dzo_09066,labeled,Romeo
ddc_dzo_09088,labeled,Romeo
ddc_dzo_09078,labeled,Romeo
ddc_dzo_09095,labeled,Romeo
ddc_dzo_09069,labeled,Romeo
ddc_dzo_09112,labeled,Romeo
ddc_dzo_01687,labeled,Romeo
ddc_dzo_02057,labeled,Romeo
ddc_dzo_09100,labeled,Romeo
ddc_dzo_09111,labeled,Romeo
ddc_dzo_09096,labeled,Romeo
ddc_dzo_09116,labeled,Namgay
ddc_dzo_09113,labeled,Thinley
ddc_dzo_09126,labeled,Romeo
ddc_dzo_09115,labeled,Thinley
ddc_dzo_09097,labeled,Romeo
ddc_dzo_09105,labeled,Thinley
ddc_dzo_09102,labeled,Romeo
ddc_dzo_09117,labeled,Namgay
ddc_dzo_09110,labeled,Thinley
ddc_dzo_09109,labeled,Romeo
ddc_dzo_09106,labeled,Romeo
ddc_dzo_09118,labeled,Romeo
ddc_dzo_09099,labeled,Romeo
ddc_dzo_09155,labeled,Romeo
ddc_dzo_09151,labeled,Dorji
ddc_dzo_09134,labeled,Romeo
ddc_dzo_09145,labeled,Thinley
ddc_dzo_09161,labeled,Romeo
ddc_dzo_09168,labeled,Namgay
ddc_dzo_09157,labeled,Romeo
ddc_dzo_09160,labeled,Thinley
ddc_dzo_09135,labeled,Romeo
ddc_dzo_09138,labeled,Romeo
ddc_dzo_09148,labeled,Romeo
ddc_dzo_09147,labeled,Thinley
ddc_dzo_09167,labeled,Thinley
ddc_dzo_09171,labeled,Dorji
ddc_dzo_09158,labeled,Romeo
ddc_dzo_09136,labeled,Romeo
ddc_dzo_09156,labeled,Yigzin
ddc_dzo_09139,labeled,Romeo
ddc_dzo_09206,labeled,Dorji
ddc_dzo_09181,labeled,Romeo
ddc_dzo_09175,labeled,Dorji
ddc_dzo_09183,labeled,Romeo
ddc_dzo_09176,labeled,Thinley
ddc_dzo_09197,labeled,Romeo
ddc_dzo_09188,labeled,Romeo
ddc_dzo_09196,labeled,Dorji
ddc_dzo_09202,labeled,Dorji
ddc_dzo_09191,labeled,Romeo
ddc_dzo_09195,labeled,Romeo
ddc_dzo_09194,labeled,Romeo
ddc_dzo_09187,labeled,Romeo
ddc_dzo_09203,labeled,Thinley
ddc_dzo_09189,labeled,Romeo
ddc_dzo_09208,labeled,Dorji
ddc_dzo_09174,labeled,Romeo
ddc_dzo_09199,labeled,Romeo
ddc_dzo_09201,labeled,Romeo
ddc_dzo_09236,labeled,Romeo
ddc_dzo_06122,labeled,Romeo
ddc_dzo_09210,labeled,Romeo
ddc_dzo_09225,labeled,Romeo
ddc_dzo_09229,labeled,Romeo
ddc_dzo_09223,labeled,Thinley
ddc_dzo_09220,labeled,Thinley
ddc_dzo_09235,labeled,Thinley
ddc_dzo_09239,labeled,Thinley
ddc_dzo_09215,labeled,Thinley
ddc_dzo_09230,labeled,Romeo
ddc_dzo_09224,labeled,Romeo
ddc_dzo_09213,labeled,Romeo
ddc_dzo_09243,labeled,Romeo
ddc_dzo_09280,labeled,Romeo
ddc_dzo_03613,labeled,Romeo
ddc_dzo_09259,labeled,Romeo
ddc_dzo_09266,labeled,Romeo
ddc_dzo_09249,labeled,Namgay
ddc_dzo_09268,labeled,Romeo
ddc_dzo_09264,labeled,Dorji
ddc_dzo_09258,labeled,Romeo
ddc_dzo_09262,labeled,Romeo
ddc_dzo_09263,labeled,Romeo
ddc_dzo_09255,labeled,Romeo
ddc_dzo_09250,labeled,Dorji
ddc_dzo_09274,labeled,Nima
ddc_dzo_09286,labeled,Romeo
ddc_dzo_09294,labeled,Romeo
ddc_dzo_09304,labeled,Romeo
ddc_dzo_09283,labeled,Romeo
ddc_dzo_09293,labeled,Romeo
ddc_dzo_09321,labeled,Namgay
ddc_dzo_09317,labeled,Romeo
ddc_dzo_09311,labeled,Romeo
ddc_dzo_09291,labeled,Romeo
ddc_dzo_09319,labeled,Namgay
ddc_dzo_09297,labeled,Romeo
ddc_dzo_09310,labeled,Romeo
ddc_dzo_09302,labeled,Romeo
ddc_dzo_09320,labeled,Romeo
ddc_dzo_09313,labeled,Thinley
ddc_dzo_09289,labeled,Dorji
ddc_dzo_09309,labeled,Dorji
ddc_dzo_09300,labeled,Dorji
ddc_dzo_09318,labeled,Romeo
ddc_dzo_09345,labeled,Romeo
ddc_dzo_09343,labeled,Romeo
ddc_dzo_09352,labeled,Romeo
ddc_dzo_09338,labeled,Romeo
ddc_dzo_07192,labeled,Dorji
ddc_dzo_09328,labeled,Romeo
ddc_dzo_09332,labeled,Romeo
ddc_dzo_09355,labeled,Romeo
ddc_dzo_09349,labeled,Romeo
ddc_dzo_09342,labeled,Thinley
ddc_dzo_09329,labeled,Romeo
ddc_dzo_09339,labeled,Namgay
ddc_dzo_09354,labeled,Namgay
ddc_dzo_09353,labeled,Dorji
ddc_dzo_09335,labeled,Thinley
ddc_dzo_09327,labeled,Romeo
ddc_dzo_09348,labeled,Thinley
ddc_dzo_09362,labeled,Dorji
ddc_dzo_09361,labeled,Romeo
ddc_dzo_09372,labeled,Namgay
ddc_dzo_09371,labeled,Romeo
ddc_dzo_09364,labeled,Romeo
ddc_dzo_09368,labeled,Romeo
ddc_dzo_09360,labeled,Thinley
ddc_dzo_09385,labeled,Namgay
ddc_dzo_09365,labeled,Romeo
ddc_dzo_09383,labeled,Romeo
ddc_dzo_09376,labeled,Romeo
ddc_dzo_09384,labeled,Romeo
ddc_dzo_09393,labeled,Dorji
ddc_dzo_09390,labeled,Thinley
ddc_dzo_09375,labeled,Dorji
ddc_dzo_09381,labeled,Dorji
ddc_dzo_09394,labeled,Romeo
ddc_dzo_09373,labeled,Thinley
ddc_dzo_09417,labeled,Dorji
ddc_dzo_08030,labeled,Romeo
ddc_dzo_09404,labeled,Thinley
ddc_dzo_09405,labeled,Romeo
ddc_dzo_09402,labeled,Romeo
ddc_dzo_09435,labeled,Romeo
ddc_dzo_09410,labeled,Dorji
ddc_dzo_09429,labeled,Namgay
ddc_dzo_09398,labeled,Thinley
ddc_dzo_09407,labeled,Romeo
ddc_dzo_09400,labeled,Dorji
ddc_dzo_09427,labeled,Dorji
ddc_dzo_09403,labeled,Thinley
ddc_dzo_09425,labeled,Romeo
ddc_dzo_09399,labeled,Romeo
ddc_dzo_01507,labeled,Romeo
ddc_dzo_09460,labeled,Romeo
ddc_dzo_09467,labeled,Romeo
ddc_dzo_09465,labeled,Namgay
ddc_dzo_09469,labeled,Namgay
ddc_dzo_09451,labeled,Romeo
ddc_dzo_09444,labeled,Romeo
ddc_dzo_09474,labeled,Thinley
ddc_dzo_09470,labeled,Romeo
ddc_dzo_09445,labeled,Romeo
ddc_dzo_09448,labeled,Romeo
ddc_dzo_09466,labeled,Romeo
ddc_dzo_09457,labeled,Romeo
ddc_dzo_09477,labeled,Thinley
ddc_dzo_09471,labeled,Dorji
ddc_dzo_09472,labeled,Romeo
ddc_dzo_09442,labeled,Romeo
ddc_dzo_09500,labeled,Romeo
ddc_dzo_09485,labeled,Romeo
ddc_dzo_09499,labeled,Romeo
ddc_dzo_09480,labeled,Romeo
ddc_dzo_09484,labeled,Romeo
ddc_dzo_09491,labeled,Dorji
ddc_dzo_09492,labeled,Romeo
ddc_dzo_09511,labeled,Thinley
ddc_dzo_09504,labeled,Romeo
ddc_dzo_09486,labeled,Thinley
ddc_dzo_09503,labeled,Thinley
ddc_dzo_09509,labeled,Romeo
ddc_dzo_09495,labeled,Thinley
ddc_dzo_09487,labeled,Thinley
ddc_dzo_09489,labeled,Thinley
ddc_dzo_09493,labeled,Romeo
ddc_dzo_09510,labeled,Romeo
ddc_dzo_09532,labeled,Thinley
ddc_dzo_09533,labeled,Romeo
ddc_dzo_09526,labeled,Romeo
ddc_dzo_09518,labeled,Namgay
ddc_dzo_09549,labeled,Romeo
ddc_dzo_09544,labeled,Thinley
ddc_dzo_09519,labeled,Thinley
ddc_dzo_09539,labeled,Namgay
ddc_dzo_09517,labeled,Romeo
ddc_dzo_09542,labeled,Thinley
ddc_dzo_09551,labeled,Romeo
ddc_dzo_09525,labeled,Romeo
ddc_dzo_09522,labeled,Dorji
ddc_dzo_09543,labeled,Romeo
ddc_dzo_09537,labeled,Romeo
ddc_dzo_09527,labeled,Dorji
ddc_dzo_09547,labeled,Namgay
ddc_dzo_09550,labeled,Dorji
ddc_dzo_09538,labeled,Romeo
ddc_dzo_09529,labeled,Romeo
ddc_dzo_09593,labeled,Dorji
ddc_dzo_02909,labeled,Romeo
ddc_dzo_09572,labeled,Romeo
ddc_dzo_09595,labeled,Romeo
ddc_dzo_09582,labeled,Romeo
ddc_dzo_09575,labeled,Romeo
ddc_dzo_09580,labeled,Thinley
ddc_dzo_09561,labeled,Thinley
ddc_dzo_09564,labeled,Romeo
ddc_dzo_09571,labeled,Romeo
ddc_dzo_09560,labeled,Romeo
ddc_dzo_09583,labeled,Romeo
ddc_dzo_09568,labeled,Thinley
ddc_dzo_09557,labeled,Dorji
ddc_dzo_09581,labeled,Thinley
ddc_dzo_09563,labeled,Romeo
ddc_dzo_09588,labeled,Romeo
ddc_dzo_09577,labeled,Romeo
ddc_dzo_09630,labeled,Romeo
ddc_dzo_09623,labeled,Thinley
ddc_dzo_09605,labeled,Romeo
ddc_dzo_09633,labeled,Romeo
ddc_dzo_09626,labeled,Romeo
ddc_dzo_09618,labeled,Romeo
ddc_dzo_09629,labeled,Thinley
ddc_dzo_09597,labeled,Romeo
ddc_dzo_09634,labeled,Dorji
ddc_dzo_09598,labeled,Romeo
ddc_dzo_09601,labeled,Romeo
ddc_dzo_09622,labeled,Romeo
ddc_dzo_09614,labeled,Thinley
ddc_dzo_09627,labeled,Namgay
ddc_dzo_09619,labeled,Thinley
ddc_dzo_09643,labeled,Romeo
ddc_dzo_09674,labeled,Thinley
ddc_dzo_09675,labeled,Romeo
ddc_dzo_09658,labeled,Romeo
ddc_dzo_09641,labeled,Romeo
ddc_dzo_09654,labeled,Romeo
ddc_dzo_09653,labeled,Namgay
ddc_dzo_09666,labeled,Romeo
ddc_dzo_09661,labeled,Romeo
ddc_dzo_09671,labeled,Romeo
ddc_dzo_09646,labeled,Thinley
ddc_dzo_09647,labeled,Romeo
ddc_dzo_09670,labeled,Dorji
ddc_dzo_09636,labeled,Dorji
ddc_dzo_09665,labeled,Thinley
ddc_dzo_09639,labeled,Romeo
ddc_dzo_09645,labeled,Thinley
ddc_dzo_09664,labeled,Romeo
ddc_dzo_09677,labeled,Romeo
ddc_dzo_09686,labeled,Romeo
ddc_dzo_09695,labeled,Romeo
ddc_dzo_09706,labeled,Romeo
ddc_dzo_09704,labeled,Namgay
ddc_dzo_09709,labeled,Romeo
ddc_dzo_09712,labeled,Thinley
ddc_dzo_09707,labeled,Romeo
ddc_dzo_09696,labeled,Namgay
ddc_dzo_09701,labeled,Romeo
ddc_dzo_09680,labeled,Romeo
ddc_dzo_09697,labeled,Thinley
ddc_dzo_09688,labeled,Thinley
ddc_dzo_09715,labeled,Thinley
ddc_dzo_09739,labeled,Romeo
ddc_dzo_09734,labeled,Romeo
ddc_dzo_04908,labeled,Thinley
ddc_dzo_08068,labeled,Romeo
ddc_dzo_09724,labeled,Romeo
ddc_dzo_09744,labeled,Thinley
ddc_dzo_09728,labeled,Romeo
ddc_dzo_09751,labeled,Dorji
ddc_dzo_09718,labeled,Romeo
ddc_dzo_09750,labeled,Romeo
ddc_dzo_09731,labeled,Romeo
ddc_dzo_09725,labeled,Thinley
ddc_dzo_09735,labeled,Thinley
ddc_dzo_09745,labeled,Romeo
ddc_dzo_09743,labeled,Romeo
ddc_dzo_09732,labeled,Romeo
ddc_dzo_08786,labeled,Thinley
ddc_dzo_09754,labeled,Thinley
ddc_dzo_09778,labeled,Thinley
ddc_dzo_09782,labeled,Romeo
ddc_dzo_09781,labeled,Romeo
ddc_dzo_09753,labeled,Thinley
ddc_dzo_09775,labeled,Thinley
ddc_dzo_09769,labeled,Thinley
ddc_dzo_09791,labeled,Romeo
ddc_dzo_09771,labeled,Romeo
ddc_dzo_09762,labeled,Romeo
ddc_dzo_09757,labeled,Romeo
ddc_dzo_09772,labeled,Thinley
ddc_dzo_09783,labeled,Dorji
ddc_dzo_09779,labeled,Thinley
ddc_dzo_09790,labeled,Dorji
ddc_dzo_09830,labeled,Romeo
ddc_dzo_09803,labeled,Romeo
ddc_dzo_09823,labeled,Romeo
ddc_dzo_09825,labeled,Thinley
ddc_dzo_09805,labeled,Romeo
ddc_dzo_09806,labeled,Romeo
ddc_dzo_09801,labeled,Thinley
ddc_dzo_09814,labeled,Romeo
ddc_dzo_09810,labeled,Romeo
ddc_dzo_09831,labeled,Romeo
ddc_dzo_09827,labeled,Romeo
ddc_dzo_09832,labeled,Romeo
ddc_dzo_09820,labeled,Thinley
ddc_dzo_09813,labeled,Romeo
ddc_dzo_09802,labeled,Romeo
ddc_dzo_09800,labeled,Dorji
ddc_dzo_09817,labeled,Romeo
ddc_dzo_09799,labeled,Romeo
ddc_dzo_09870,labeled,Romeo
ddc_dzo_05502,labeled,Thinley
ddc_dzo_09852,labeled,Romeo
ddc_dzo_09840,labeled,Romeo
ddc_dzo_09854,labeled,Thinley
ddc_dzo_09834,labeled,Romeo
ddc_dzo_09844,labeled,Romeo
ddc_dzo_09850,labeled,Dorji
ddc_dzo_09843,labeled,Thinley
ddc_dzo_09848,labeled,Romeo
ddc_dzo_09861,labeled,Thinley
ddc_dzo_09845,labeled,Romeo
ddc_dzo_09864,labeled,Thinley
ddc_dzo_09857,labeled,Thinley
ddc_dzo_09835,labeled,Romeo
ddc_dzo_09888,labeled,Romeo
ddc_dzo_09904,labeled,Romeo
ddc_dzo_09874,labeled,Romeo
ddc_dzo_09900,labeled,Romeo
ddc_dzo_09892,labeled,Romeo
ddc_dzo_09878,labeled,Romeo
ddc_dzo_09877,labeled,Romeo
ddc_dzo_09909,labeled,Romeo
ddc_dzo_09872,labeled,Thinley
ddc_dzo_09898,labeled,Romeo
ddc_dzo_09902,labeled,Thinley
ddc_dzo_09899,labeled,Thinley
ddc_dzo_09906,labeled,Romeo
ddc_dzo_09895,labeled,Romeo
ddc_dzo_09912,labeled,Romeo
ddc_dzo_09941,labeled,Romeo
ddc_dzo_09924,labeled,Romeo
ddc_dzo_04153,labeled,Dorji
ddc_dzo_05797,labeled,Romeo
ddc_dzo_09948,labeled,Romeo
ddc_dzo_09943,labeled,Romeo
ddc_dzo_09934,labeled,Romeo
ddc_dzo_09913,labeled,Dorji
ddc_dzo_09950,labeled,Romeo
ddc_dzo_09945,labeled,Dorji
ddc_dzo_09916,labeled,Romeo
ddc_dzo_09911,labeled,Thinley
ddc_dzo_09938,labeled,Thinley
ddc_dzo_09927,labeled,Dorji
ddc_dzo_09940,labeled,Dorji
ddc_dzo_09914,labeled,Thinley
ddc_dzo_09917,labeled,Romeo
ddc_dzo_09949,labeled,Romeo
ddc_dzo_09973,labeled,Romeo
ddc_dzo_09988,labeled,Thinley
ddc_dzo_09971,labeled,Romeo
ddc_dzo_09959,labeled,Romeo
ddc_dzo_09983,labeled,Namgay
ddc_dzo_09980,labeled,Romeo
ddc_dzo_09972,labeled,Romeo
ddc_dzo_09970,labeled,Romeo
ddc_dzo_09987,labeled,Thinley
ddc_dzo_09966,labeled,Romeo
ddc_dzo_09984,labeled,Thinley
ddc_dzo_09958,labeled,Dorji
ddc_dzo_09969,labeled,Namgay
ddc_dzo_09962,labeled,Thinley
ddc_dzo_09981,labeled,Thinley
ddc_dzo_09978,labeled,Romeo
ddc_dzo_09965,labeled,Romeo
ddc_dzo_09997,labeled,Romeo
ddc_dzo_09989,labeled,Dorji
ddc_dzo_09993,labeled,Thinley
ddc_dzo_09994,labeled,Romeo
ddc_dzo_00010,labeled,Romeo
ddc_dzo_01105,labeled,Romeo
ddc_dzo_08640,labeled,Romeo
ddc_dzo_06657,labeled,Romeo
ddc_dzo_05152,labeled,Romeo
ddc_dzo_00787,labeled,Dorji
ddc_dzo_00427,labeled,Romeo
ddc_dzo_04998,labeled,Romeo
ddc_dzo_00369,labeled,Romeo
ddc_dzo_01900,labeled,Romeo
ddc_dzo_06951,labeled,Romeo
ddc_dzo_01439,labeled,Romeo
ddc_dzo_07059,labeled,Romeo
ddc_dzo_01642,labeled,Romeo
ddc_dzo_00700,labeled,Romeo
ddc_dzo_01570,labeled,Romeo
ddc_dzo_03665,labeled,Thinley
ddc_dzo_06228,labeled,Romeo
ddc_dzo_06775,labeled,Romeo
ddc_dzo_07353,labeled,Romeo
ddc_dzo_05248,labeled,Dorji
ddc_dzo_04724,labeled,Romeo
ddc_dzo_04602,labeled,Romeo
ddc_dzo_03402,labeled,Romeo
ddc_dzo_03501,labeled,Romeo
ddc_dzo_05038,labeled,Romeo
ddc_dzo_04014,labeled,Romeo
ddc_dzo_05121,labeled,Romeo
ddc_dzo_00736,labeled,Romeo
ddc_dzo_03970,labeled,Romeo
ddc_dzo_02628,labeled,Romeo
ddc_dzo_05983,labeled,Romeo
ddc_dzo_09209,labeled,Romeo
ddc_dzo_05115,labeled,Romeo
ddc_dzo_02751,labeled,Romeo
ddc_dzo_08017,labeled,Romeo
ddc_dzo_04157,labeled,Thinley
ddc_dzo_08459,labeled,Romeo
ddc_dzo_01613,labeled,Romeo
ddc_dzo_00012,labeled,Romeo
ddc_dzo_02018,labeled,Romeo
ddc_dzo_09809,labeled,Romeo
ddc_dzo_02317,labeled,Romeo
ddc_dzo_03824,labeled,Romeo
ddc_dzo_09855,labeled,Dorji
ddc_dzo_06655,labeled,Thinley
ddc_dzo_03720,labeled,Romeo
ddc_dzo_04540,labeled,Thinley
ddc_dzo_00374,labeled,Romeo
ddc_dzo_03244,labeled,Romeo
ddc_dzo_09648,labeled,Romeo
ddc_dzo_04679,labeled,Romeo
ddc_dzo_04127,labeled,Romeo
ddc_dzo_01096,labeled,Romeo
ddc_dzo_08117,labeled,Romeo
ddc_dzo_07796,labeled,Romeo
ddc_dzo_01067,labeled,Romeo
ddc_dzo_03550,labeled,Romeo
ddc_dzo_07852,labeled,Romeo
ddc_dzo_05992,labeled,Romeo
ddc_dzo_08920,labeled,Romeo
ddc_dzo_00071,labeled,Romeo
ddc_dzo_02716,labeled,Romeo
ddc_dzo_07553,labeled,Romeo
ddc_dzo_08307,labeled,Romeo
ddc_dzo_05518,labeled,Romeo
ddc_dzo_06540,labeled,Romeo
ddc_dzo_02533,labeled,Romeo
ddc_dzo_06198,labeled,Romeo
ddc_dzo_06459,labeled,Romeo
ddc_dzo_06978,labeled,Romeo
ddc_dzo_09566,labeled,Romeo
ddc_dzo_06157,labeled,Romeo
ddc_dzo_06821,labeled,Romeo
ddc_dzo_08265,labeled,Romeo
ddc_dzo_06816,labeled,Romeo
ddc_dzo_03732,labeled,Romeo
ddc_dzo_04237,labeled,Romeo
ddc_dzo_01137,labeled,Romeo
ddc_dzo_09851,labeled,Romeo
ddc_dzo_02026,labeled,Romeo
ddc_dzo_02852,labeled,Romeo
ddc_dzo_04309,labeled,Romeo
ddc_dzo_02666,labeled,Romeo
ddc_dzo_04114,labeled,Romeo
ddc_dzo_01348,labeled,Romeo
ddc_dzo_05363,labeled,Romeo
ddc_dzo_04097,labeled,Romeo
ddc_dzo_08642,labeled,Romeo
ddc_dzo_06616,labeled,Romeo
ddc_dzo_06327,labeled,Romeo
ddc_dzo_03368,labeled,Romeo
ddc_dzo_06420,labeled,Romeo
ddc_dzo_02531,labeled,Romeo
ddc_dzo_01845,labeled,Romeo
ddc_dzo_01111,labeled,Romeo
ddc_dzo_05303,labeled,Romeo
ddc_dzo_06495,labeled,Romeo
ddc_dzo_03400,labeled,Romeo
ddc_dzo_01275,labeled,Romeo
ddc_dzo_07019,labeled,Romeo
ddc_dzo_08327,labeled,Romeo
ddc_dzo_02254,labeled,Romeo
ddc_dzo_06151,labeled,Romeo
ddc_dzo_08703,labeled,Dorji
ddc_dzo_02735,labeled,Thinley
ddc_dzo_00983,labeled,Romeo
ddc_dzo_02600,labeled,Dorji
ddc_dzo_03256,labeled,Romeo
ddc_dzo_00735,labeled,Romeo
ddc_dzo_01027,labeled,Romeo
ddc_dzo_01157,labeled,Dorji
ddc_dzo_03190,labeled,Romeo
ddc_dzo_04252,labeled,Romeo
ddc_dzo_06224,labeled,Romeo
ddc_dzo_05592,labeled,Romeo
ddc_dzo_06735,labeled,Romeo
ddc_dzo_06833,labeled,Romeo
ddc_dzo_02487,labeled,Romeo
ddc_dzo_09232,labeled,Romeo
ddc_dzo_09019,labeled,Romeo
ddc_dzo_08960,labeled,Romeo
ddc_dzo_01159,labeled,Romeo
ddc_dzo_08293,labeled,Romeo
ddc_dzo_02941,labeled,Romeo
ddc_dzo_07316,labeled,Dorji
ddc_dzo_06770,labeled,Thinley
ddc_dzo_05553,labeled,Romeo
ddc_dzo_09124,labeled,Romeo
ddc_dzo_02211,labeled,Romeo
ddc_dzo_07903,labeled,Thinley
ddc_dzo_09915,labeled,Thinley
ddc_dzo_07693,labeled,Romeo
ddc_dzo_04614,labeled,Romeo
ddc_dzo_03499,labeled,Romeo
ddc_dzo_09367,labeled,Thinley
ddc_dzo_07092,labeled,Romeo
ddc_dzo_08007,labeled,Romeo
ddc_dzo_05073,labeled,Romeo
ddc_dzo_08643,labeled,Romeo
ddc_dzo_09222,labeled,Thinley
ddc_dzo_04769,labeled,Romeo
ddc_dzo_01243,labeled,Thinley
ddc_dzo_01887,labeled,Romeo
ddc_dzo_04748,labeled,Romeo
ddc_dzo_00878,labeled,Romeo
ddc_dzo_01334,labeled,Romeo
ddc_dzo_04825,labeled,Romeo
ddc_dzo_01435,labeled,Dorji
ddc_dzo_02006,labeled,Romeo
ddc_dzo_05032,labeled,Romeo
ddc_dzo_08130,labeled,Romeo
ddc_dzo_01789,labeled,Dorji
ddc_dzo_00168,labeled,Romeo
ddc_dzo_09092,labeled,Romeo
ddc_dzo_08897,labeled,Romeo
ddc_dzo_09351,labeled,Romeo
ddc_dzo_05526,labeled,Romeo
ddc_dzo_02472,labeled,Romeo
ddc_dzo_01614,labeled,Romeo
ddc_dzo_07497,labeled,Romeo
ddc_dzo_03841,labeled,Romeo
ddc_dzo_09296,labeled,Dorji
ddc_dzo_02322,labeled,Romeo
ddc_dzo_00615,labeled,Romeo
ddc_dzo_07837,labeled,Dorji
ddc_dzo_01962,labeled,Romeo
ddc_dzo_07586,labeled,Romeo
ddc_dzo_08896,labeled,Romeo
ddc_dzo_04510,labeled,Romeo
ddc_dzo_01531,labeled,Romeo
ddc_dzo_09777,labeled,Romeo
ddc_dzo_05301,labeled,Dorji
ddc_dzo_06505,labeled,Romeo
ddc_dzo_06597,labeled,Romeo
ddc_dzo_04297,labeled,Romeo
ddc_dzo_00110,labeled,Romeo
ddc_dzo_05650,labeled,Romeo
ddc_dzo_04035,labeled,Romeo
ddc_dzo_08968,labeled,Romeo
ddc_dzo_06623,labeled,Dorji
ddc_dzo_06181,labeled,Romeo
ddc_dzo_06764,labeled,Romeo
ddc_dzo_04569,labeled,Romeo
ddc_dzo_08239,labeled,Romeo
ddc_dzo_08601,labeled,Romeo
ddc_dzo_09422,labeled,Romeo
ddc_dzo_02432,labeled,Romeo
ddc_dzo_09114,labeled,Romeo
ddc_dzo_08174,labeled,Romeo
ddc_dzo_03078,labeled,Romeo
ddc_dzo_09528,labeled,Romeo
ddc_dzo_08302,labeled,Romeo
ddc_dzo_02445,labeled,Romeo
ddc_dzo_00850,labeled,Romeo
ddc_dzo_02602,labeled,Romeo
ddc_dzo_08204,labeled,Romeo
ddc_dzo_02947,labeled,Romeo
ddc_dzo_04604,labeled,Romeo
ddc_dzo_00899,labeled,Romeo
ddc_dzo_09279,labeled,Romeo
ddc_dzo_01177,labeled,Romeo
ddc_dzo_05412,labeled,Thinley
ddc_dzo_09334,labeled,Romeo
ddc_dzo_08168,labeled,Romeo
ddc_dzo_06941,labeled,Romeo
ddc_dzo_09083,labeled,Romeo
ddc_dzo_06976,labeled,Romeo
ddc_dzo_05814,labeled,Romeo
ddc_dzo_03269,labeled,Romeo
ddc_dzo_07285,labeled,Romeo
ddc_dzo_00272,labeled,Romeo
ddc_dzo_01909,labeled,Romeo
ddc_dzo_00095,labeled,Romeo
ddc_dzo_01762,labeled,Romeo
ddc_dzo_07149,labeled,Romeo
ddc_dzo_03135,labeled,Romeo
ddc_dzo_04023,labeled,Romeo
ddc_dzo_02535,labeled,Romeo
ddc_dzo_09132,labeled,Romeo
ddc_dzo_05823,labeled,Romeo
ddc_dzo_00437,labeled,Romeo
ddc_dzo_06143,labeled,Romeo
ddc_dzo_06706,labeled,Romeo
ddc_dzo_06864,labeled,Romeo
ddc_dzo_03842,labeled,Romeo
ddc_dzo_06058,labeled,Romeo
ddc_dzo_00564,labeled,Romeo
ddc_dzo_07617,labeled,Romeo
ddc_dzo_07605,labeled,Romeo
ddc_dzo_09975,labeled,Thinley
ddc_dzo_00747,labeled,Romeo
ddc_dzo_08495,labeled,Romeo
ddc_dzo_02980,labeled,Thinley
ddc_dzo_00441,labeled,Romeo
ddc_dzo_08865,labeled,Romeo
ddc_dzo_08552,labeled,Romeo
ddc_dzo_09184,labeled,Romeo
ddc_dzo_05215,labeled,Romeo
ddc_dzo_00650,labeled,Thinley
ddc_dzo_08969,labeled,Romeo
ddc_dzo_09129,labeled,Romeo
ddc_dzo_09822,labeled,Romeo
ddc_dzo_03138,labeled,Romeo
ddc_dzo_06479,labeled,Romeo
ddc_dzo_00655,labeled,Romeo
ddc_dzo_01508,labeled,Romeo
ddc_dzo_02673,labeled,Romeo
ddc_dzo_01174,labeled,Romeo
ddc_dzo_09786,labeled,Romeo
ddc_dzo_04774,labeled,Romeo
ddc_dzo_06773,labeled,Romeo
ddc_dzo_03252,labeled,Romeo
ddc_dzo_04952,labeled,Romeo
ddc_dzo_03033,labeled,Dorji
ddc_dzo_02110,labeled,Romeo
ddc_dzo_03323,labeled,Romeo
ddc_dzo_02273,labeled,Romeo
ddc_dzo_07110,labeled,Romeo
ddc_dzo_04259,labeled,Romeo
ddc_dzo_08813,labeled,Romeo
ddc_dzo_06364,labeled,Romeo
ddc_dzo_01780,labeled,Romeo
ddc_dzo_06765,labeled,Romeo
ddc_dzo_04837,labeled,Romeo
ddc_dzo_04447,labeled,Romeo
ddc_dzo_07274,labeled,Romeo
ddc_dzo_08699,labeled,Romeo
ddc_dzo_02129,labeled,Thinley
ddc_dzo_06441,labeled,Romeo
ddc_dzo_02468,labeled,Romeo
ddc_dzo_04310,labeled,Romeo
ddc_dzo_09631,labeled,Romeo
ddc_dzo_07438,labeled,Romeo
ddc_dzo_00291,labeled,Romeo
ddc_dzo_08632,labeled,Romeo
ddc_dzo_04630,labeled,Romeo
ddc_dzo_08733,labeled,Romeo
ddc_dzo_04623,labeled,Romeo
ddc_dzo_03117,labeled,Thinley
ddc_dzo_04332,labeled,Romeo
ddc_dzo_01109,labeled,Romeo
ddc_dzo_07317,labeled,Romeo
ddc_dzo_03047,labeled,Romeo
ddc_dzo_07195,labeled,Romeo
ddc_dzo_01892,labeled,Romeo
ddc_dzo_06711,labeled,Romeo
ddc_dzo_08774,labeled,Romeo
ddc_dzo_00192,labeled,Romeo
ddc_dzo_08949,labeled,Romeo
ddc_dzo_00638,labeled,Romeo
ddc_dzo_07732,labeled,Romeo
ddc_dzo_09860,labeled,Romeo
ddc_dzo_09516,labeled,Romeo
ddc_dzo_03203,labeled,Dorji
ddc_dzo_08477,labeled,Romeo
ddc_dzo_00527,labeled,Romeo
ddc_dzo_06324,labeled,Romeo
ddc_dzo_06671,labeled,Romeo
ddc_dzo_04102,labeled,Romeo
ddc_dzo_09920,labeled,Romeo
ddc_dzo_01672,labeled,Romeo
ddc_dzo_00706,labeled,Romeo
ddc_dzo_03887,labeled,Romeo
ddc_dzo_07206,labeled,Romeo
ddc_dzo_05691,labeled,Romeo
ddc_dzo_06120,labeled,Romeo
ddc_dzo_07413,labeled,Romeo
ddc_dzo_07555,labeled,Romeo
ddc_dzo_00119,labeled,Romeo
ddc_dzo_02891,labeled,Romeo
ddc_dzo_02519,labeled,Romeo
ddc_dzo_03100,labeled,Romeo
ddc_dzo_00968,labeled,Romeo
ddc_dzo_02976,labeled,Romeo
ddc_dzo_05220,labeled,Romeo
ddc_dzo_00193,labeled,Romeo
ddc_dzo_03288,labeled,Dorji
ddc_dzo_03829,labeled,Romeo
ddc_dzo_09278,labeled,Romeo
ddc_dzo_00866,labeled,Romeo
ddc_dzo_08323,labeled,Romeo
ddc_dzo_01553,labeled,Romeo
ddc_dzo_03356,labeled,Romeo
ddc_dzo_03090,labeled,Romeo
ddc_dzo_07990,labeled,Romeo
ddc_dzo_09075,labeled,Romeo
ddc_dzo_01952,labeled,Romeo
ddc_dzo_06177,labeled,Romeo
ddc_dzo_09305,labeled,Romeo
ddc_dzo_09419,labeled,Romeo
ddc_dzo_04950,labeled,Romeo
ddc_dzo_02177,labeled,Dorji
ddc_dzo_00438,labeled,Romeo
ddc_dzo_01810,labeled,Romeo
ddc_dzo_08993,labeled,Romeo
ddc_dzo_09676,labeled,Romeo
ddc_dzo_05075,labeled,Romeo
ddc_dzo_02415,labeled,Romeo
ddc_dzo_09922,labeled,Romeo
ddc_dzo_09388,labeled,Dorji
ddc_dzo_01459,labeled,Romeo
ddc_dzo_08035,labeled,Romeo
ddc_dzo_01976,labeled,Romeo
ddc_dzo_08698,labeled,Romeo
ddc_dzo_03042,labeled,Romeo
ddc_dzo_00544,labeled,Romeo
ddc_dzo_06323,labeled,Romeo
ddc_dzo_07887,labeled,Romeo
ddc_dzo_04988,labeled,Romeo
ddc_dzo_02060,labeled,Romeo
ddc_dzo_07235,labeled,Dorji
ddc_dzo_04787,labeled,Thinley
ddc_dzo_00843,labeled,Thinley
ddc_dzo_08635,labeled,Thinley
ddc_dzo_01080,labeled,Dorji
ddc_dzo_09520,labeled,Thinley
ddc_dzo_08113,labeled,Thinley
ddc_dzo_02710,labeled,Thinley
ddc_dzo_03462,labeled,Dorji
ddc_dzo_02578,labeled,Thinley
ddc_dzo_03944,labeled,Thinley
ddc_dzo_06379,labeled,Thinley
ddc_dzo_07334,labeled,Thinley
ddc_dzo_07000,labeled,Namgay
ddc_dzo_09244,labeled,Namgay
ddc_dzo_04587,labeled,Namgay
ddc_dzo_07387,labeled,Namgay
ddc_dzo_07103,labeled,Namgay
ddc_dzo_05370,labeled,Namgay
ddc_dzo_08398,labeled,Dorji
ddc_dzo_04850,labeled,Namgay
ddc_dzo_06981,labeled,Namgay
ddc_dzo_01057,labeled,Namgay
ddc_dzo_07077,labeled,Namgay
ddc_dzo_01572,labeled,Dorji
ddc_dzo_03933,labeled,Namgay
ddc_dzo_01388,labeled,Namgay
ddc_dzo_04270,labeled,Namgay
ddc_dzo_06659,labeled,Namgay
ddc_dzo_07253,labeled,Namgay
ddc_dzo_05099,labeled,Namgay
ddc_dzo_04815,labeled,Thinley
ddc_dzo_01342,labeled,Thinley
ddc_dzo_07571,labeled,Thinley
ddc_dzo_06009,labeled,Thinley
ddc_dzo_03332,labeled,Thinley
ddc_dzo_08186,labeled,Thinley
ddc_dzo_09576,labeled,Thinley
ddc_dzo_08573,labeled,Thinley
ddc_dzo_06092,labeled,Thinley
ddc_dzo_01300,labeled,Thinley
ddc_dzo_04558,labeled,Thinley
ddc_dzo_09192,labeled,Thinley
ddc_dzo_08722,labeled,Thinley
ddc_dzo_05328,labeled,Thinley
ddc_dzo_04133,labeled,Thinley
ddc_dzo_00973,labeled,Thinley
ddc_dzo_07139,labeled,Thinley
ddc_dzo_01712,labeled,Thinley
ddc_dzo_09838,labeled,Dorji
ddc_dzo_09714,labeled,Thinley
ddc_dzo_05713,labeled,Thinley
ddc_dzo_01608,labeled,Dorji
ddc_dzo_05765,labeled,Romeo
ddc_dzo_03498,labeled,Romeo
ddc_dzo_04968,labeled,Romeo
ddc_dzo_03016,labeled,Romeo
ddc_dzo_07968,labeled,Romeo
ddc_dzo_02932,labeled,Romeo
ddc_dzo_08508,labeled,Romeo
ddc_dzo_03130,labeled,Romeo
ddc_dzo_08368,labeled,Romeo
ddc_dzo_05636,labeled,Romeo
ddc_dzo_03717,labeled,Romeo
ddc_dzo_03455,labeled,Romeo
ddc_dzo_00452,labeled,Romeo
ddc_dzo_06063,labeled,Romeo
ddc_dzo_00694,labeled,Romeo
ddc_dzo_08400,labeled,Romeo
ddc_dzo_09458,labeled,Romeo
ddc_dzo_05590,labeled,Romeo
ddc_dzo_05408,labeled,Romeo
ddc_dzo_09306,labeled,Romeo
ddc_dzo_07259,labeled,Romeo
ddc_dzo_08966,labeled,Romeo
ddc_dzo_07210,labeled,Romeo
ddc_dzo_03546,labeled,Romeo
ddc_dzo_02133,labeled,Romeo
ddc_dzo_05811,labeled,Romeo
ddc_dzo_04883,labeled,Romeo
ddc_dzo_05210,labeled,Romeo
ddc_dzo_05479,labeled,Romeo
ddc_dzo_02510,labeled,Romeo
ddc_dzo_01246,labeled,Romeo
ddc_dzo_04527,labeled,Romeo
ddc_dzo_08078,labeled,Romeo
ddc_dzo_02249,labeled,Romeo
ddc_dzo_03755,labeled,Romeo
ddc_dzo_04949,labeled,Romeo
ddc_dzo_08126,labeled,Romeo
ddc_dzo_01943,labeled,Romeo
ddc_dzo_06421,labeled,Romeo
ddc_dzo_09727,labeled,Romeo
ddc_dzo_05157,labeled,Romeo
ddc_dzo_09617,labeled,Romeo
ddc_dzo_04411,labeled,Romeo
ddc_dzo_07386,labeled,Romeo
ddc_dzo_09205,labeled,Romeo
ddc_dzo_00362,labeled,Romeo
ddc_dzo_04148,labeled,Romeo
ddc_dzo_05776,labeled,Romeo
ddc_dzo_01999,labeled,Romeo
ddc_dzo_09153,labeled,Romeo
ddc_dzo_03417,labeled,Romeo
ddc_dzo_09562,labeled,Romeo
ddc_dzo_04416,labeled,Romeo
ddc_dzo_00197,labeled,Romeo
ddc_dzo_04455,labeled,Romeo
ddc_dzo_08994,labeled,Romeo
ddc_dzo_09513,labeled,Romeo
ddc_dzo_07591,labeled,Romeo
ddc_dzo_02244,labeled,Romeo
ddc_dzo_08328,labeled,Romeo
ddc_dzo_04342,labeled,Romeo
ddc_dzo_07481,labeled,Romeo
ddc_dzo_07713,labeled,Romeo
ddc_dzo_00961,labeled,Romeo
ddc_dzo_07955,labeled,Romeo
ddc_dzo_00099,labeled,Romeo
ddc_dzo_05745,labeled,Romeo
ddc_dzo_08543,labeled,Romeo
ddc_dzo_06886,labeled,Romeo
ddc_dzo_09061,labeled,Romeo
ddc_dzo_00776,labeled,Romeo
ddc_dzo_07475,labeled,Romeo
ddc_dzo_00494,labeled,Romeo
ddc_dzo_02305,labeled,Romeo
ddc_dzo_04394,labeled,Romeo
ddc_dzo_08353,labeled,Romeo
ddc_dzo_05832,labeled,Romeo
ddc_dzo_02091,labeled,Romeo
ddc_dzo_07116,labeled,Romeo
ddc_dzo_07597,labeled,Romeo
ddc_dzo_05431,labeled,Romeo
ddc_dzo_06328,labeled,Romeo
ddc_dzo_07645,labeled,Romeo
ddc_dzo_01661,labeled,Romeo
ddc_dzo_01513,labeled,Romeo
ddc_dzo_09740,labeled,Romeo
ddc_dzo_06789,labeled,Romeo
ddc_dzo_05193,labeled,Romeo
ddc_dzo_03524,labeled,Romeo
ddc_dzo_01812,labeled,Romeo
ddc_dzo_03724,labeled,Romeo
ddc_dzo_04777,labeled,Romeo
ddc_dzo_03184,labeled,Romeo
ddc_dzo_08872,labeled,Romeo
ddc_dzo_03373,labeled,Romeo
ddc_dzo_08783,labeled,Romeo
ddc_dzo_04031,labeled,Romeo
ddc_dzo_06590,labeled,Romeo
ddc_dzo_01479,labeled,Romeo
ddc_dzo_03932,labeled,Romeo
ddc_dzo_03235,labeled,Romeo
ddc_dzo_06611,labeled,Romeo
ddc_dzo_08305,labeled,Romeo
ddc_dzo_01197,labeled,Romeo
ddc_dzo_04681,labeled,Romeo
ddc_dzo_01167,labeled,Romeo
ddc_dzo_00161,labeled,Romeo
ddc_dzo_08556,labeled,Romeo
ddc_dzo_02964,labeled,Romeo
ddc_dzo_02781,labeled,Romeo
ddc_dzo_01332,labeled,Romeo
ddc_dzo_05264,labeled,Romeo
ddc_dzo_03242,labeled,Romeo
ddc_dzo_03674,labeled,Romeo
ddc_dzo_03002,labeled,Romeo
ddc_dzo_05710,labeled,Romeo
ddc_dzo_00279,labeled,Romeo
ddc_dzo_06462,labeled,Romeo
ddc_dzo_02342,labeled,Romeo
ddc_dzo_03530,labeled,Romeo
ddc_dzo_06827,labeled,Romeo
ddc_dzo_01646,labeled,Romeo
ddc_dzo_02882,labeled,Romeo
ddc_dzo_09918,labeled,Romeo
ddc_dzo_09284,labeled,Romeo
ddc_dzo_01272,labeled,Romeo
ddc_dzo_07853,labeled,Romeo
ddc_dzo_00721,labeled,Romeo
ddc_dzo_03826,labeled,Romeo
ddc_dzo_04371,labeled,Romeo
ddc_dzo_02459,labeled,Romeo
ddc_dzo_01755,labeled,Romeo
ddc_dzo_05293,labeled,Romeo
ddc_dzo_08246,labeled,Romeo
ddc_dzo_02260,labeled,Romeo
ddc_dzo_06395,labeled,Romeo
ddc_dzo_04248,labeled,Romeo
ddc_dzo_05915,labeled,Romeo
ddc_dzo_00135,labeled,Romeo
ddc_dzo_03133,labeled,Romeo
ddc_dzo_05881,labeled,Romeo
ddc_dzo_09125,labeled,Romeo
ddc_dzo_01863,labeled,Romeo
ddc_dzo_09963,labeled,Romeo
ddc_dzo_02112,labeled,Romeo
ddc_dzo_04697,labeled,Romeo
ddc_dzo_07536,labeled,Romeo
ddc_dzo_01910,labeled,Romeo
ddc_dzo_09849,labeled,Romeo
ddc_dzo_04085,labeled,Romeo
ddc_dzo_03610,labeled,Romeo
ddc_dzo_03098,labeled,Romeo
ddc_dzo_00398,labeled,Romeo
ddc_dzo_08948,labeled,Romeo
ddc_dzo_08629,labeled,Romeo
ddc_dzo_00938,labeled,Romeo
ddc_dzo_07708,labeled,Romeo
ddc_dzo_08096,labeled,Romeo
ddc_dzo_09794,labeled,Romeo
ddc_dzo_09473,labeled,Romeo
ddc_dzo_08244,labeled,Romeo
ddc_dzo_04467,labeled,Romeo
ddc_dzo_00553,labeled,Romeo
ddc_dzo_03214,labeled,Romeo
ddc_dzo_06930,labeled,Romeo
ddc_dzo_01518,labeled,Romeo
ddc_dzo_07015,labeled,Romeo
ddc_dzo_04136,labeled,Romeo
ddc_dzo_08930,labeled,Romeo
ddc_dzo_04004,labeled,Romeo
ddc_dzo_03389,labeled,Romeo
ddc_dzo_07241,labeled,Romeo
ddc_dzo_00037,labeled,Romeo
ddc_dzo_08382,labeled,Romeo
ddc_dzo_01392,labeled,Romeo
ddc_dzo_08772,labeled,Romeo
ddc_dzo_05235,labeled,Romeo
ddc_dzo_01277,labeled,Romeo
ddc_dzo_06083,labeled,Romeo
ddc_dzo_01396,labeled,Romeo
ddc_dzo_08978,labeled,Romeo
ddc_dzo_03989,labeled,Romeo
ddc_dzo_04110,labeled,Romeo
ddc_dzo_07046,labeled,Romeo
ddc_dzo_00179,labeled,Romeo
ddc_dzo_08603,labeled,Thinley
ddc_dzo_08992,labeled,Romeo
ddc_dzo_04498,labeled,Romeo
ddc_dzo_01023,labeled,Romeo
ddc_dzo_07418,labeled,Romeo
ddc_dzo_04219,labeled,Romeo
ddc_dzo_08091,labeled,Romeo
ddc_dzo_03961,labeled,Romeo
ddc_dzo_07747,labeled,Romeo
ddc_dzo_09612,labeled,Romeo
ddc_dzo_06884,labeled,Romeo
ddc_dzo_08326,labeled,Romeo
ddc_dzo_01954,labeled,Romeo
ddc_dzo_06699,labeled,Romeo
ddc_dzo_08187,labeled,Romeo
ddc_dzo_00947,labeled,Romeo
ddc_dzo_05347,labeled,Romeo
ddc_dzo_08605,labeled,Romeo
ddc_dzo_03286,labeled,Romeo
ddc_dzo_03828,labeled,Romeo
ddc_dzo_02747,labeled,Romeo
ddc_dzo_04838,labeled,Romeo
ddc_dzo_05298,labeled,Romeo
ddc_dzo_04996,labeled,Romeo
ddc_dzo_02174,labeled,Romeo
ddc_dzo_01532,labeled,Romeo
ddc_dzo_06473,labeled,Romeo
ddc_dzo_08742,labeled,Romeo
ddc_dzo_01228,labeled,Thinley
ddc_dzo_08127,labeled,Romeo
ddc_dzo_04640,labeled,Romeo
ddc_dzo_02805,labeled,Thinley
ddc_dzo_05939,labeled,Romeo
ddc_dzo_09387,labeled,Thinley
ddc_dzo_07271,labeled,Romeo
ddc_dzo_01899,labeled,Romeo
ddc_dzo_05369,labeled,Thinley
ddc_dzo_00972,labeled,Romeo
ddc_dzo_04891,labeled,Romeo
ddc_dzo_04729,labeled,Romeo
ddc_dzo_04538,labeled,Thinley
ddc_dzo_05466,labeled,Thinley
ddc_dzo_06222,labeled,Romeo
ddc_dzo_08541,labeled,Romeo
ddc_dzo_07914,labeled,Romeo
ddc_dzo_00068,labeled,Romeo
ddc_dzo_05517,labeled,Thinley
ddc_dzo_05774,labeled,Romeo
ddc_dzo_09737,labeled,Romeo
ddc_dzo_00857,labeled,Romeo
ddc_dzo_00743,labeled,Romeo
ddc_dzo_02039,labeled,Thinley
ddc_dzo_04301,labeled,Romeo
ddc_dzo_03280,labeled,Romeo
ddc_dzo_07742,labeled,Romeo
ddc_dzo_06570,labeled,Thinley
ddc_dzo_09615,labeled,Thinley
ddc_dzo_04913,labeled,Romeo
ddc_dzo_03007,labeled,Thinley
ddc_dzo_05988,labeled,Romeo
ddc_dzo_07575,labeled,Romeo
ddc_dzo_05052,labeled,Romeo
ddc_dzo_09323,labeled,Romeo
ddc_dzo_09961,labeled,Romeo
ddc_dzo_07506,labeled,Romeo
ddc_dzo_02753,labeled,Romeo
ddc_dzo_04808,labeled,Romeo
ddc_dzo_06660,labeled,Romeo
ddc_dzo_00525,labeled,Romeo
ddc_dzo_03564,labeled,Romeo
ddc_dzo_07801,labeled,Romeo
ddc_dzo_07986,labeled,Romeo
ddc_dzo_09315,labeled,Romeo
ddc_dzo_04359,labeled,Romeo
ddc_dzo_02683,labeled,Romeo
ddc_dzo_05283,labeled,Romeo
ddc_dzo_09796,labeled,Romeo
ddc_dzo_05731,labeled,Romeo
ddc_dzo_02561,labeled,Romeo
ddc_dzo_02159,labeled,Romeo
ddc_dzo_09689,labeled,Romeo
ddc_dzo_04618,labeled,Romeo
ddc_dzo_01028,labeled,Romeo
ddc_dzo_06714,labeled,Romeo
ddc_dzo_00617,labeled,Romeo
ddc_dzo_01844,labeled,Romeo
ddc_dzo_00823,labeled,Romeo
ddc_dzo_09889,labeled,Romeo
ddc_dzo_01795,labeled,Romeo
ddc_dzo_04571,labeled,Romeo
ddc_dzo_01119,labeled,Romeo
ddc_dzo_07819,labeled,Romeo
ddc_dzo_07684,labeled,Romeo
ddc_dzo_06732,labeled,Romeo
ddc_dzo_02396,labeled,Romeo
ddc_dzo_06108,labeled,Romeo
ddc_dzo_08340,labeled,Romeo
ddc_dzo_03001,labeled,Romeo
ddc_dzo_00786,labeled,Romeo
ddc_dzo_05942,labeled,Romeo
ddc_dzo_00352,labeled,Romeo
ddc_dzo_09589,labeled,Romeo
ddc_dzo_07440,labeled,Romeo
ddc_dzo_04163,labeled,Romeo
ddc_dzo_07687,labeled,Romeo
ddc_dzo_00214,labeled,Romeo
ddc_dzo_00322,labeled,Romeo
ddc_dzo_08042,labeled,Romeo
ddc_dzo_06850,labeled,Romeo
ddc_dzo_03208,labeled,Romeo
ddc_dzo_04876,labeled,Romeo
ddc_dzo_00702,labeled,Romeo
ddc_dzo_05487,labeled,Romeo
ddc_dzo_08519,labeled,Romeo
ddc_dzo_08436,labeled,Romeo
ddc_dzo_04072,labeled,Romeo
ddc_dzo_08911,labeled,Romeo
ddc_dzo_04597,labeled,Romeo
ddc_dzo_04398,labeled,Romeo
ddc_dzo_00132,labeled,Romeo
ddc_dzo_07466,labeled,Romeo
ddc_dzo_05631,labeled,Romeo
ddc_dzo_01870,labeled,Romeo
ddc_dzo_05319,labeled,Romeo
ddc_dzo_00916,labeled,Romeo
ddc_dzo_00666,labeled,Romeo
ddc_dzo_03493,labeled,Romeo
ddc_dzo_06449,labeled,Romeo
ddc_dzo_00054,labeled,Romeo
ddc_dzo_04268,labeled,Romeo
ddc_dzo_02795,labeled,Romeo
ddc_dzo_09921,labeled,Romeo
ddc_dzo_00273,labeled,Romeo
ddc_dzo_03381,labeled,Romeo
ddc_dzo_07758,labeled,Thinley
ddc_dzo_07933,labeled,Romeo
ddc_dzo_00235,labeled,Romeo
ddc_dzo_00868,labeled,Romeo
ddc_dzo_07299,labeled,Romeo
ddc_dzo_04935,labeled,Romeo
ddc_dzo_03229,labeled,Romeo
ddc_dzo_07907,labeled,Romeo
ddc_dzo_06762,labeled,Romeo
ddc_dzo_09833,labeled,Romeo
ddc_dzo_06603,labeled,Romeo
ddc_dzo_00482,labeled,Romeo
ddc_dzo_05599,labeled,Thinley
ddc_dzo_07101,labeled,Romeo
ddc_dzo_01175,labeled,Romeo
ddc_dzo_08427,labeled,Thinley
ddc_dzo_05826,labeled,Thinley
ddc_dzo_03834,labeled,Thinley
ddc_dzo_04166,labeled,Thinley
ddc_dzo_01402,labeled,Thinley
ddc_dzo_03948,labeled,Thinley
ddc_dzo_06378,labeled,Thinley
ddc_dzo_06425,labeled,Thinley
ddc_dzo_00948,labeled,Thinley
ddc_dzo_04561,labeled,Thinley
ddc_dzo_03719,labeled,Thinley
ddc_dzo_07266,labeled,Thinley
ddc_dzo_04192,labeled,Thinley
ddc_dzo_03827,labeled,Thinley
ddc_dzo_02449,labeled,Thinley
ddc_dzo_08118,labeled,Thinley
ddc_dzo_05127,labeled,Thinley
ddc_dzo_08995,labeled,Thinley
ddc_dzo_01329,labeled,Thinley
ddc_dzo_04519,labeled,Thinley
ddc_dzo_06966,labeled,Thinley
ddc_dzo_09685,labeled,Thinley
ddc_dzo_09606,labeled,Thinley
ddc_dzo_07635,labeled,Thinley
ddc_dzo_06439,labeled,Thinley
ddc_dzo_06672,labeled,Namgay
ddc_dzo_06082,labeled,Namgay
ddc_dzo_05506,labeled,Namgay
ddc_dzo_04360,labeled,Namgay
ddc_dzo_03690,labeled,Namgay
ddc_dzo_09041,labeled,Namgay
ddc_dzo_03419,labeled,Thinley
ddc_dzo_00635,labeled,Thinley
ddc_dzo_03168,labeled,Thinley
ddc_dzo_01978,labeled,Thinley
ddc_dzo_08697,labeled,Thinley
ddc_dzo_09298,labeled,Thinley
ddc_dzo_09170,labeled,Thinley
ddc_dzo_07509,labeled,Thinley
ddc_dzo_05740,labeled,Thinley
ddc_dzo_09507,labeled,Thinley
ddc_dzo_03885,labeled,Thinley
ddc_dzo_05427,labeled,Thinley
ddc_dzo_06785,labeled,Thinley
ddc_dzo_09887,labeled,Thinley
ddc_dzo_01637,labeled,Thinley
ddc_dzo_07412,labeled,Thinley
ddc_dzo_05164,labeled,Thinley
ddc_dzo_05253,labeled,Thinley
ddc_dzo_04423,labeled,Thinley
ddc_dzo_09270,labeled,Thinley
ddc_dzo_02051,labeled,Thinley
ddc_dzo_07326,labeled,Dorji
ddc_dzo_08228,labeled,Thinley
ddc_dzo_09770,labeled,Dorji
ddc_dzo_06134,labeled,Thinley
ddc_dzo_02658,labeled,Thinley
ddc_dzo_05076,labeled,Dorji
ddc_dzo_05472,labeled,Dorji
ddc_dzo_06866,labeled,Thinley
ddc_dzo_03123,labeled,Thinley
ddc_dzo_01299,labeled,Dorji
ddc_dzo_02893,labeled,Dorji
ddc_dzo_07524,labeled,Dorji
ddc_dzo_03014,labeled,Dorji
ddc_dzo_03387,labeled,Dorji
ddc_dzo_03984,labeled,Dorji
ddc_dzo_08616,labeled,Thinley
ddc_dzo_00935,labeled,Thinley
ddc_dzo_01749,labeled,Dorji
ddc_dzo_05804,labeled,Thinley
ddc_dzo_04373,labeled,Dorji
ddc_dzo_09437,labeled,Dorji
ddc_dzo_09530,labeled,Dorji
ddc_dzo_05867,labeled,Dorji
ddc_dzo_08630,labeled,Dorji
ddc_dzo_00394,labeled,Dorji
ddc_dzo_00794,labeled,Dorji
ddc_dzo_05623,labeled,Dorji
ddc_dzo_06400,labeled,Dorji
ddc_dzo_01787,labeled,Dorji
ddc_dzo_08183,labeled,Dorji
ddc_dzo_06766,labeled,Dorji
ddc_dzo_07815,labeled,Dorji
ddc_dzo_04713,labeled,Dorji
ddc_dzo_03619,labeled,Dorji
ddc_dzo_09748,labeled,Dorji
ddc_dzo_08713,labeled,Thinley
ddc_dzo_00996,labeled,Thinley
ddc_dzo_00503,labeled,Thinley
ddc_dzo_06720,labeled,Thinley
ddc_dzo_08916,labeled,Thinley
ddc_dzo_04845,labeled,Dorji
ddc_dzo_08071,labeled,Dorji
ddc_dzo_01918,labeled,Dorji
ddc_dzo_08350,labeled,Dorji
ddc_dzo_00556,labeled,Dorji
ddc_dzo_08445,labeled,Dorji
ddc_dzo_04803,labeled,Dorji
ddc_dzo_09433,labeled,Dorji
ddc_dzo_06496,labeled,Dorji
ddc_dzo_09212,labeled,Dorji
ddc_dzo_02925,labeled,Dorji
ddc_dzo_03127,labeled,Dorji
ddc_dzo_02357,labeled,Dorji
ddc_dzo_05760,labeled,Dorji
ddc_dzo_04985,labeled,Dorji
ddc_dzo_02632,labeled,Dorji
ddc_dzo_09152,labeled,Dorji
ddc_dzo_00457,labeled,Dorji
ddc_dzo_01363,labeled,Dorji
ddc_dzo_00016,labeled,Dorji
ddc_dzo_06943,labeled,Dorji
ddc_dzo_00774,labeled,Dorji
ddc_dzo_05550,labeled,Dorji
ddc_dzo_09204,labeled,Dorji
ddc_dzo_01282,labeled,Dorji
ddc_dzo_01490,labeled,Dorji
ddc_dzo_01422,labeled,Thinley
ddc_dzo_00335,labeled,Thinley
ddc_dzo_05977,labeled,Thinley
ddc_dzo_08762,labeled,Dorji
ddc_dzo_05202,labeled,Dorji
ddc_dzo_05154,labeled,Dorji
ddc_dzo_05357,labeled,Dorji
ddc_dzo_07068,labeled,Nima
ddc_dzo_04441,labeled,Thinley
ddc_dzo_03862,labeled,Nima
ddc_dzo_08571,labeled,Nima
ddc_dzo_05026,labeled,Nima
ddc_dzo_04195,labeled,Thinley
ddc_dzo_02327,labeled,Nima
ddc_dzo_01151,labeled,Dorji
ddc_dzo_08124,labeled,Thinley
ddc_dzo_04459,labeled,Nima
ddc_dzo_05928,labeled,Nima
ddc_dzo_01265,labeled,Nima
ddc_dzo_06530,labeled,Nima
ddc_dzo_04756,labeled,Nima
ddc_dzo_07865,labeled,Dorji
ddc_dzo_05799,labeled,Thinley
ddc_dzo_06164,labeled,Dorji
ddc_dzo_01231,labeled,Nima
ddc_dzo_03669,labeled,Thinley
ddc_dzo_09826,labeled,Nima
ddc_dzo_06265,labeled,Nima
ddc_dzo_09054,labeled,Nima
ddc_dzo_06553,labeled,Nima
ddc_dzo_03059,labeled,Nima
ddc_dzo_04207,labeled,Nima
ddc_dzo_04323,labeled,Dorji
ddc_dzo_05728,labeled,Dorji
ddc_dzo_02035,labeled,Dorji
ddc_dzo_07014,labeled,Thinley
ddc_dzo_08201,labeled,Dorji
ddc_dzo_07584,labeled,Thinley
ddc_dzo_08411,labeled,Thinley
ddc_dzo_09452,labeled,Thinley
ddc_dzo_06316,labeled,Thinley
ddc_dzo_09990,labeled,Thinley
ddc_dzo_09650,labeled,Thinley
ddc_dzo_04283,labeled,Thinley
ddc_dzo_01535,labeled,Thinley
ddc_dzo_07788,labeled,Thinley
ddc_dzo_03785,labeled,Thinley
ddc_dzo_08362,labeled,Thinley
ddc_dzo_06962,labeled,Thinley
ddc_dzo_06794,labeled,Thinley
ddc_dzo_01651,labeled,Thinley
ddc_dzo_01871,labeled,Thinley
ddc_dzo_08491,labeled,Thinley
ddc_dzo_07710,labeled,Thinley
ddc_dzo_05067,labeled,Thinley
ddc_dzo_02409,labeled,Thinley
ddc_dzo_08015,labeled,Thinley
ddc_dzo_07602,labeled,Thinley
ddc_dzo_03798,labeled,Thinley
ddc_dzo_03869,labeled,Thinley
ddc_dzo_03955,labeled,Thinley
ddc_dzo_01483,labeled,Romeo
ddc_dzo_00202,labeled,Romeo
ddc_dzo_01000,labeled,Romeo
ddc_dzo_03038,labeled,Thinley
ddc_dzo_05968,labeled,Romeo
ddc_dzo_06897,labeled,Romeo
ddc_dzo_07028,labeled,Romeo
ddc_dzo_01085,labeled,Romeo
ddc_dzo_01736,labeled,Romeo
ddc_dzo_00793,labeled,Romeo
ddc_dzo_04608,labeled,Romeo
ddc_dzo_01362,labeled,Romeo
ddc_dzo_00316,labeled,Romeo
ddc_dzo_02922,labeled,Romeo
ddc_dzo_02075,labeled,Romeo
ddc_dzo_06926,labeled,Romeo
ddc_dzo_04755,labeled,Romeo
ddc_dzo_00429,labeled,Romeo
ddc_dzo_09483,labeled,Romeo
ddc_dzo_09065,labeled,Romeo
ddc_dzo_05978,labeled,Romeo
ddc_dzo_04314,labeled,Romeo
ddc_dzo_05616,labeled,Romeo
ddc_dzo_09426,labeled,Romeo
ddc_dzo_07971,labeled,Romeo
ddc_dzo_03584,labeled,Romeo
ddc_dzo_06357,labeled,Romeo
ddc_dzo_00087,labeled,Romeo
ddc_dzo_02855,labeled,Romeo
ddc_dzo_05217,labeled,Romeo
ddc_dzo_03351,labeled,Romeo
ddc_dzo_09459,labeled,Dorji
ddc_dzo_00998,labeled,Dorji
ddc_dzo_00893,labeled,Romeo
ddc_dzo_08458,labeled,Romeo
ddc_dzo_00676,labeled,Romeo
ddc_dzo_08568,labeled,Thinley
ddc_dzo_09935,labeled,Romeo
ddc_dzo_09269,labeled,Romeo
ddc_dzo_02790,labeled,Romeo
ddc_dzo_03946,labeled,Thinley
ddc_dzo_09432,labeled,Dorji
ddc_dzo_06035,labeled,Romeo
ddc_dzo_01695,labeled,Romeo
ddc_dzo_04374,labeled,Romeo
ddc_dzo_07659,labeled,Romeo
ddc_dzo_03270,labeled,Romeo
ddc_dzo_09668,labeled,Romeo
ddc_dzo_08881,labeled,Romeo
ddc_dzo_03484,labeled,Romeo
ddc_dzo_06712,labeled,Romeo
ddc_dzo_09942,labeled,Romeo
ddc_dzo_00035,labeled,Romeo
ddc_dzo_02175,labeled,Romeo
ddc_dzo_08946,labeled,Romeo
ddc_dzo_08718,labeled,Romeo
ddc_dzo_00285,labeled,Romeo
ddc_dzo_01514,labeled,Romeo
ddc_dzo_00448,labeled,Romeo
ddc_dzo_04491,labeled,Thinley
ddc_dzo_02775,labeled,Romeo
ddc_dzo_07779,labeled,Thinley
ddc_dzo_06546,labeled,Romeo
ddc_dzo_06024,labeled,Romeo
ddc_dzo_09837,labeled,Romeo
ddc_dzo_03758,labeled,Romeo
ddc_dzo_02562,labeled,Romeo
ddc_dzo_03801,labeled,Romeo
ddc_dzo_05453,labeled,Thinley
ddc_dzo_02189,labeled,Romeo
ddc_dzo_04859,labeled,Romeo
ddc_dzo_06568,labeled,Romeo
ddc_dzo_09552,labeled,Romeo
ddc_dzo_02227,labeled,Romeo
ddc_dzo_07380,labeled,Romeo
ddc_dzo_05667,labeled,Romeo
ddc_dzo_04651,labeled,Romeo
ddc_dzo_06344,labeled,Romeo
ddc_dzo_02585,labeled,Romeo
ddc_dzo_01623,labeled,Romeo
ddc_dzo_07897,labeled,Romeo
ddc_dzo_00856,labeled,Romeo
ddc_dzo_07807,labeled,Romeo
ddc_dzo_08690,labeled,Romeo
ddc_dzo_00519,labeled,Romeo
ddc_dzo_08012,labeled,Romeo
ddc_dzo_01670,labeled,Romeo
ddc_dzo_03995,labeled,Romeo
ddc_dzo_07431,labeled,Romeo
ddc_dzo_01098,labeled,Romeo
ddc_dzo_07577,labeled,Romeo
ddc_dzo_03474,labeled,Romeo
ddc_dzo_04559,labeled,Romeo
ddc_dzo_04246,labeled,Romeo
ddc_dzo_05838,labeled,Romeo
ddc_dzo_09397,labeled,Romeo
ddc_dzo_04486,labeled,Romeo
ddc_dzo_06074,labeled,Romeo
ddc_dzo_07236,labeled,Romeo
ddc_dzo_02982,labeled,Romeo
ddc_dzo_03977,labeled,Romeo
ddc_dzo_04783,labeled,Romeo
ddc_dzo_05859,labeled,Romeo
ddc_dzo_06602,labeled,Romeo
ddc_dzo_06632,labeled,Romeo
ddc_dzo_02608,labeled,Romeo
ddc_dzo_05922,labeled,Romeo
ddc_dzo_05398,labeled,Romeo
ddc_dzo_01578,labeled,Romeo
ddc_dzo_01905,labeled,Romeo
ddc_dzo_05337,labeled,Romeo
ddc_dzo_03673,labeled,Romeo
ddc_dzo_00024,labeled,Romeo
ddc_dzo_03846,labeled,Thinley
ddc_dzo_00065,labeled,Romeo
ddc_dzo_06640,labeled,Romeo
ddc_dzo_05262,labeled,Romeo
ddc_dzo_09863,labeled,Romeo
ddc_dzo_03174,labeled,Romeo
ddc_dzo_02788,labeled,Romeo
ddc_dzo_09760,labeled,Romeo
ddc_dzo_04964,labeled,Romeo
ddc_dzo_06187,labeled,Romeo
ddc_dzo_02831,labeled,Romeo
ddc_dzo_03557,labeled,Romeo
ddc_dzo_02752,labeled,Romeo
ddc_dzo_05490,labeled,Romeo
ddc_dzo_04895,labeled,Romeo
ddc_dzo_08705,labeled,Romeo
ddc_dzo_06843,labeled,Romeo
ddc_dzo_08038,labeled,Romeo
ddc_dzo_07167,labeled,Romeo
ddc_dzo_05438,labeled,Romeo
ddc_dzo_06571,labeled,Romeo
ddc_dzo_01873,labeled,Romeo
ddc_dzo_05384,labeled,Romeo
ddc_dzo_03195,labeled,Romeo
ddc_dzo_03163,labeled,Romeo
ddc_dzo_09885,labeled,Thinley
ddc_dzo_05308,labeled,Thinley
ddc_dzo_08230,labeled,Thinley
ddc_dzo_01399,labeled,Thinley
ddc_dzo_07946,labeled,Thinley
ddc_dzo_03249,labeled,Thinley
ddc_dzo_04661,labeled,Thinley
ddc_dzo_09178,labeled,Thinley
ddc_dzo_05504,labeled,Dorji
ddc_dzo_05594,labeled,Dorji
ddc_dzo_01722,labeled,Dorji
ddc_dzo_04422,labeled,Dorji
ddc_dzo_07560,labeled,Thinley
ddc_dzo_07822,labeled,Dorji
ddc_dzo_00870,labeled,Thinley
ddc_dzo_09287,labeled,Thinley
ddc_dzo_08688,labeled,Dorji
ddc_dzo_09104,labeled,Thinley
ddc_dzo_02944,labeled,Dorji
ddc_dzo_08102,labeled,Thinley
ddc_dzo_03210,labeled,Thinley
ddc_dzo_04560,labeled,Dorji
ddc_dzo_09265,labeled,Thinley
ddc_dzo_02316,labeled,Dorji
ddc_dzo_00294,labeled,Thinley
ddc_dzo_09449,labeled,Thinley
ddc_dzo_09346,labeled,Dorji
ddc_dzo_02299,labeled,Thinley
ddc_dzo_02567,labeled,Thinley
ddc_dzo_08791,labeled,Dorji
ddc_dzo_01958,labeled,Thinley
ddc_dzo_07327,labeled,Dorji
ddc_dzo_06511,labeled,Dorji
ddc_dzo_06218,labeled,Dorji
ddc_dzo_03746,labeled,Thinley
ddc_dzo_00812,labeled,Thinley
ddc_dzo_02382,labeled,Thinley
ddc_dzo_06666,labeled,Dorji
ddc_dzo_02080,labeled,Thinley
ddc_dzo_02696,labeled,Thinley
ddc_dzo_02066,labeled,Dorji
ddc_dzo_01820,labeled,Dorji
ddc_dzo_00582,labeled,Romeo
ddc_dzo_01258,labeled,Romeo
ddc_dzo_08625,labeled,Thinley
ddc_dzo_04161,labeled,Thinley
ddc_dzo_05056,labeled,Thinley
ddc_dzo_09651,labeled,Thinley
ddc_dzo_09774,labeled,Romeo
ddc_dzo_09475,labeled,Romeo
ddc_dzo_07842,labeled,Romeo
ddc_dzo_03695,labeled,Dorji
ddc_dzo_02514,labeled,Romeo
ddc_dzo_00757,labeled,Romeo
ddc_dzo_04160,labeled,Romeo
ddc_dzo_02337,labeled,Romeo
ddc_dzo_07761,labeled,Romeo
ddc_dzo_07067,labeled,Romeo
ddc_dzo_07307,labeled,Romeo
ddc_dzo_00247,labeled,Romeo
ddc_dzo_08723,labeled,Romeo
ddc_dzo_07022,labeled,Romeo
ddc_dzo_09908,labeled,Romeo
ddc_dzo_07023,labeled,Romeo
ddc_dzo_07975,labeled,Romeo
ddc_dzo_01074,labeled,Romeo
ddc_dzo_02803,labeled,Thinley
ddc_dzo_06261,labeled,Romeo
ddc_dzo_09439,labeled,Thinley
ddc_dzo_00444,labeled,Thinley
ddc_dzo_01153,labeled,Romeo
ddc_dzo_07525,labeled,Thinley
ddc_dzo_01927,labeled,Romeo
ddc_dzo_04554,labeled,Romeo
ddc_dzo_02090,labeled,Thinley
ddc_dzo_06160,labeled,Thinley
ddc_dzo_05243,labeled,Romeo
ddc_dzo_08364,labeled,Romeo
ddc_dzo_02845,labeled,Romeo
ddc_dzo_08176,labeled,Romeo
ddc_dzo_04053,labeled,Romeo
ddc_dzo_00418,labeled,Romeo
ddc_dzo_07616,labeled,Romeo
ddc_dzo_09331,labeled,Romeo
ddc_dzo_05327,labeled,Romeo
ddc_dzo_02838,labeled,Romeo
ddc_dzo_09051,labeled,Thinley
ddc_dzo_00765,labeled,Romeo
ddc_dzo_07915,labeled,Romeo
ddc_dzo_00267,labeled,Thinley
ddc_dzo_00579,labeled,Romeo
ddc_dzo_08878,labeled,Romeo
ddc_dzo_06834,labeled,Thinley
ddc_dzo_09692,labeled,Romeo
ddc_dzo_07979,labeled,Romeo
ddc_dzo_00988,labeled,Romeo
ddc_dzo_08572,labeled,Romeo
ddc_dzo_02534,labeled,Thinley
ddc_dzo_01683,labeled,Thinley
ddc_dzo_00086,labeled,Thinley
ddc_dzo_03177,labeled,Romeo
ddc_dzo_01491,labeled,Romeo
ddc_dzo_02302,labeled,Romeo
ddc_dzo_06873,labeled,Romeo
ddc_dzo_07526,labeled,Romeo
ddc_dzo_03615,labeled,Romeo
ddc_dzo_03567,labeled,Romeo
ddc_dzo_05794,labeled,Romeo
ddc_dzo_04093,labeled,Romeo
ddc_dzo_07851,labeled,Romeo
ddc_dzo_08826,labeled,Romeo
ddc_dzo_01751,labeled,Romeo
ddc_dzo_07619,labeled,Romeo
ddc_dzo_04963,labeled,Romeo
ddc_dzo_03392,labeled,Romeo
ddc_dzo_04586,labeled,Romeo
ddc_dzo_08023,labeled,Romeo
ddc_dzo_02343,labeled,Romeo
ddc_dzo_02779,labeled,Romeo
ddc_dzo_06351,labeled,Romeo
ddc_dzo_08415,labeled,Romeo
ddc_dzo_08708,labeled,Romeo
ddc_dzo_02015,labeled,Romeo
ddc_dzo_02622,labeled,Romeo
ddc_dzo_07697,labeled,Romeo
ddc_dzo_06639,labeled,Romeo
ddc_dzo_00388,labeled,Romeo
ddc_dzo_00314,labeled,Romeo
ddc_dzo_00210,labeled,Romeo
ddc_dzo_09545,labeled,Romeo
ddc_dzo_00476,labeled,Romeo
ddc_dzo_05585,labeled,Romeo
ddc_dzo_08083,labeled,Romeo
ddc_dzo_04202,labeled,Romeo
ddc_dzo_04401,labeled,Romeo
ddc_dzo_05871,labeled,Romeo
ddc_dzo_01732,labeled,Romeo
ddc_dzo_05593,labeled,Romeo
ddc_dzo_04711,labeled,Romeo
ddc_dzo_04790,labeled,Romeo
ddc_dzo_05221,labeled,Romeo
ddc_dzo_00798,labeled,Romeo
ddc_dzo_00505,labeled,Romeo
ddc_dzo_07052,labeled,Romeo
ddc_dzo_01719,labeled,Romeo
ddc_dzo_03279,labeled,Romeo
ddc_dzo_07407,labeled,Romeo
ddc_dzo_01850,labeled,Thinley
ddc_dzo_04992,labeled,Thinley
ddc_dzo_06301,labeled,Thinley
ddc_dzo_04150,labeled,Romeo
ddc_dzo_08844,labeled,Romeo
ddc_dzo_02569,labeled,Romeo
ddc_dzo_02455,labeled,Romeo
ddc_dzo_07823,labeled,Romeo
ddc_dzo_04245,labeled,Romeo
ddc_dzo_09716,labeled,Romeo
ddc_dzo_06729,labeled,Romeo
ddc_dzo_08335,labeled,Romeo
ddc_dzo_05000,labeled,Romeo
ddc_dzo_08170,labeled,Romeo
ddc_dzo_04849,labeled,Romeo
ddc_dzo_04934,labeled,Romeo
ddc_dzo_05960,labeled,Romeo
ddc_dzo_02420,labeled,Romeo
ddc_dzo_03437,labeled,Romeo
ddc_dzo_06912,labeled,Romeo
ddc_dzo_04511,labeled,Romeo
ddc_dzo_06202,labeled,Romeo
ddc_dzo_01218,labeled,Romeo
ddc_dzo_07125,labeled,Romeo
ddc_dzo_07049,labeled,Romeo
ddc_dzo_06535,labeled,Romeo
ddc_dzo_02141,labeled,Romeo
ddc_dzo_03587,labeled,Romeo
ddc_dzo_05354,labeled,Romeo
ddc_dzo_03148,labeled,Romeo
ddc_dzo_04450,labeled,Romeo
ddc_dzo_02243,labeled,Romeo
ddc_dzo_05059,labeled,Romeo
ddc_dzo_03500,labeled,Romeo
ddc_dzo_02717,labeled,Romeo
ddc_dzo_04585,labeled,Romeo
ddc_dzo_02731,labeled,Romeo
ddc_dzo_09819,labeled,Romeo
ddc_dzo_08934,labeled,Romeo
ddc_dzo_08132,labeled,Romeo
ddc_dzo_07932,labeled,Romeo
ddc_dzo_09591,labeled,Romeo
ddc_dzo_09867,labeled,Romeo
ddc_dzo_00930,labeled,Romeo
ddc_dzo_03015,labeled,Romeo
ddc_dzo_06444,labeled,Romeo
ddc_dzo_07290,labeled,Romeo
ddc_dzo_00178,labeled,Romeo
ddc_dzo_09883,labeled,Thinley
ddc_dzo_07397,labeled,Thinley
ddc_dzo_06147,labeled,Thinley
ddc_dzo_01589,labeled,Romeo
ddc_dzo_03006,labeled,Romeo
ddc_dzo_06522,labeled,Romeo
ddc_dzo_08689,labeled,Romeo
ddc_dzo_06996,labeled,Romeo
ddc_dzo_08314,labeled,Romeo
ddc_dzo_02827,labeled,Romeo
ddc_dzo_03271,labeled,Romeo
ddc_dzo_03606,labeled,Romeo
ddc_dzo_06677,labeled,Romeo
ddc_dzo_07985,labeled,Romeo
ddc_dzo_02504,labeled,Romeo
ddc_dzo_05277,labeled,Romeo
ddc_dzo_09967,labeled,Romeo
ddc_dzo_01698,labeled,Romeo
ddc_dzo_07330,labeled,Romeo
ddc_dzo_06270,labeled,Romeo
ddc_dzo_03411,labeled,Romeo
ddc_dzo_07994,labeled,Romeo
ddc_dzo_01274,labeled,Romeo
ddc_dzo_06704,labeled,Romeo
ddc_dzo_03716,labeled,Romeo
ddc_dzo_09011,labeled,Romeo
ddc_dzo_03526,labeled,Romeo
ddc_dzo_02408,labeled,Romeo
ddc_dzo_03341,labeled,Romeo
ddc_dzo_09596,labeled,Romeo
ddc_dzo_02667,labeled,Romeo
ddc_dzo_05929,labeled,Romeo
ddc_dzo_01778,labeled,Romeo
ddc_dzo_00474,labeled,Romeo
ddc_dzo_08515,labeled,Romeo
ddc_dzo_01355,labeled,Romeo
ddc_dzo_00165,labeled,Romeo
ddc_dzo_05844,labeled,Romeo
ddc_dzo_08156,labeled,Romeo
ddc_dzo_05780,labeled,Romeo
ddc_dzo_03780,labeled,Romeo
ddc_dzo_09193,labeled,Romeo
ddc_dzo_02665,labeled,Romeo
ddc_dzo_04227,labeled,Romeo
ddc_dzo_04903,labeled,Romeo
ddc_dzo_05486,labeled,Romeo
ddc_dzo_02434,labeled,Romeo
ddc_dzo_03223,labeled,Romeo
ddc_dzo_02774,labeled,Romeo
ddc_dzo_01929,labeled,Romeo
ddc_dzo_03283,labeled,Romeo
ddc_dzo_09662,labeled,Romeo
ddc_dzo_09316,labeled,Romeo
ddc_dzo_02920,labeled,Romeo
ddc_dzo_05142,labeled,Romeo
ddc_dzo_06907,labeled,Romeo
ddc_dzo_01533,labeled,Romeo
ddc_dzo_07439,labeled,Romeo
ddc_dzo_04278,labeled,Romeo
ddc_dzo_03762,labeled,Romeo
ddc_dzo_08683,labeled,Romeo
ddc_dzo_01805,labeled,Romeo
ddc_dzo_08407,labeled,Romeo
ddc_dzo_04556,labeled,Romeo
ddc_dzo_09340,labeled,Romeo
ddc_dzo_00830,labeled,Romeo
ddc_dzo_08242,labeled,Romeo
ddc_dzo_03057,labeled,Romeo
ddc_dzo_06295,labeled,Romeo
ddc_dzo_03255,labeled,Romeo
ddc_dzo_08587,labeled,Romeo
ddc_dzo_05770,labeled,Romeo
ddc_dzo_07826,labeled,Romeo
ddc_dzo_01464,labeled,Romeo
ddc_dzo_09780,labeled,Romeo
ddc_dzo_04064,labeled,Romeo
ddc_dzo_01993,labeled,Romeo
ddc_dzo_08432,labeled,Romeo
ddc_dzo_01774,labeled,Romeo
ddc_dzo_07689,labeled,Romeo
ddc_dzo_00127,labeled,Romeo
ddc_dzo_02081,labeled,Romeo
ddc_dzo_01043,labeled,Romeo
ddc_dzo_01173,labeled,Romeo
ddc_dzo_07030,labeled,Romeo
ddc_dzo_01468,labeled,Romeo
ddc_dzo_00903,labeled,Romeo
ddc_dzo_03914,labeled,Romeo
ddc_dzo_06029,labeled,Romeo
ddc_dzo_00521,labeled,Romeo
ddc_dzo_01847,labeled,Romeo
ddc_dzo_02507,labeled,Romeo
ddc_dzo_06111,labeled,Romeo
ddc_dzo_04044,labeled,Romeo
ddc_dzo_07377,labeled,Namgay
ddc_dzo_00255,labeled,Romeo
ddc_dzo_08891,labeled,Romeo
ddc_dzo_03652,labeled,Romeo
ddc_dzo_08767,labeled,Namgay
ddc_dzo_07867,labeled,Romeo
ddc_dzo_04709,labeled,Romeo
ddc_dzo_02119,labeled,Namgay
ddc_dzo_01555,labeled,Romeo
ddc_dzo_07300,labeled,Romeo
ddc_dzo_02866,labeled,Romeo
ddc_dzo_07202,labeled,Namgay
ddc_dzo_01883,labeled,Namgay
ddc_dzo_03317,labeled,Romeo
ddc_dzo_09798,labeled,Romeo
ddc_dzo_04857,labeled,Romeo
ddc_dzo_04137,labeled,Romeo
ddc_dzo_07905,labeled,Romeo
ddc_dzo_00586,labeled,Romeo
ddc_dzo_04962,labeled,Romeo
ddc_dzo_09711,labeled,Namgay
ddc_dzo_04683,labeled,Romeo
ddc_dzo_04098,labeled,Romeo
ddc_dzo_08223,labeled,Namgay
ddc_dzo_08909,labeled,Romeo
ddc_dzo_01517,labeled,Romeo
ddc_dzo_00665,labeled,Romeo
ddc_dzo_09089,labeled,Namgay
ddc_dzo_03107,labeled,Romeo
ddc_dzo_01448,labeled,Romeo
ddc_dzo_05544,labeled,Romeo
ddc_dzo_09995,labeled,Namgay
ddc_dzo_01115,labeled,Romeo
ddc_dzo_09290,labeled,Romeo
ddc_dzo_02953,labeled,Romeo
ddc_dzo_03966,labeled,Romeo
ddc_dzo_07218,labeled,Romeo
ddc_dzo_07492,labeled,Romeo
ddc_dzo_03805,labeled,Romeo
ddc_dzo_08049,labeled,Romeo
ddc_dzo_06914,labeled,Namgay
ddc_dzo_01567,labeled,Romeo
ddc_dzo_04322,labeled,Romeo
ddc_dzo_02745,labeled,Romeo
ddc_dzo_08317,labeled,Romeo
ddc_dzo_00358,labeled,Romeo
ddc_dzo_04350,labeled,Namgay
ddc_dzo_05137,labeled,Namgay
ddc_dzo_05109,labeled,Namgay
ddc_dzo_08401,labeled,Namgay
ddc_dzo_09720,labeled,Namgay
ddc_dzo_09392,labeled,Namgay
ddc_dzo_06633,labeled,Namgay
ddc_dzo_00148,labeled,Namgay
ddc_dzo_05124,labeled,Namgay
ddc_dzo_06361,labeled,Namgay
ddc_dzo_04807,labeled,Romeo
ddc_dzo_06239,labeled,Romeo
ddc_dzo_01240,labeled,Romeo
ddc_dzo_03506,labeled,Romeo
ddc_dzo_01148,labeled,Romeo
ddc_dzo_08967,labeled,Romeo
ddc_dzo_09020,labeled,Romeo
ddc_dzo_05565,labeled,Romeo
ddc_dzo_04848,labeled,Romeo
ddc_dzo_04379,labeled,Romeo
ddc_dzo_07641,labeled,Romeo
ddc_dzo_04183,labeled,Romeo
ddc_dzo_01010,labeled,Romeo
ddc_dzo_09497,labeled,Romeo
ddc_dzo_04176,labeled,Romeo
ddc_dzo_07913,labeled,Romeo
ddc_dzo_03741,labeled,Romeo
ddc_dzo_01961,labeled,Romeo
ddc_dzo_06878,labeled,Romeo
ddc_dzo_04325,labeled,Romeo
ddc_dzo_01089,labeled,Romeo
ddc_dzo_02532,labeled,Romeo
ddc_dzo_05963,labeled,Romeo
ddc_dzo_09957,labeled,Romeo
ddc_dzo_02440,labeled,Namgay
ddc_dzo_07546,labeled,Romeo
ddc_dzo_09553,labeled,Romeo
ddc_dzo_08602,labeled,Romeo
ddc_dzo_03643,labeled,Namgay
ddc_dzo_04324,labeled,Romeo
ddc_dzo_00690,labeled,Romeo
ddc_dzo_05715,labeled,Romeo
ddc_dzo_01857,labeled,Romeo
ddc_dzo_06236,labeled,Romeo
ddc_dzo_07516,labeled,Romeo
ddc_dzo_08628,labeled,Romeo
ddc_dzo_07154,labeled,Romeo
ddc_dzo_02469,labeled,Namgay
ddc_dzo_09476,labeled,Romeo
ddc_dzo_06419,labeled,Namgay
ddc_dzo_05203,labeled,Namgay
ddc_dzo_02005,labeled,Romeo
ddc_dzo_01721,labeled,Romeo
ddc_dzo_07325,labeled,Romeo
ddc_dzo_02403,labeled,Romeo
ddc_dzo_01316,labeled,Romeo
ddc_dzo_04931,labeled,Namgay
ddc_dzo_03577,labeled,Namgay
ddc_dzo_06832,labeled,Romeo
ddc_dzo_03543,labeled,Romeo
ddc_dzo_03378,labeled,Namgay
ddc_dzo_03620,labeled,Namgay
ddc_dzo_07058,labeled,Romeo
ddc_dzo_05840,labeled,Namgay
ddc_dzo_09047,labeled,Romeo
ddc_dzo_00720,labeled,Romeo
ddc_dzo_01062,labeled,Romeo
ddc_dzo_08924,labeled,Romeo
ddc_dzo_05507,labeled,Namgay
ddc_dzo_09044,labeled,Thinley
ddc_dzo_05302,labeled,Thinley
ddc_dzo_00865,labeled,Thinley
ddc_dzo_05094,labeled,Thinley
ddc_dzo_08455,labeled,Thinley
ddc_dzo_03449,labeled,Thinley
ddc_dzo_00795,labeled,Thinley
ddc_dzo_05953,labeled,Thinley
ddc_dzo_02383,labeled,Thinley
ddc_dzo_06939,labeled,Thinley
ddc_dzo_05409,labeled,Thinley
ddc_dzo_00076,labeled,Thinley
ddc_dzo_08285,labeled,Thinley
ddc_dzo_03217,labeled,Thinley
ddc_dzo_06125,labeled,Thinley
ddc_dzo_02082,labeled,Thinley
ddc_dzo_07283,labeled,Namgay
ddc_dzo_07396,labeled,Namgay
ddc_dzo_03660,labeled,Thinley
ddc_dzo_08249,labeled,Namgay
ddc_dzo_06628,labeled,Namgay
ddc_dzo_00932,labeled,Thinley
ddc_dzo_00832,labeled,Thinley
ddc_dzo_08386,labeled,Thinley
ddc_dzo_00176,labeled,Thinley
ddc_dzo_04632,labeled,Thinley
ddc_dzo_09896,labeled,Thinley
ddc_dzo_04509,labeled,Thinley
ddc_dzo_09684,labeled,Thinley
ddc_dzo_01190,labeled,Thinley
ddc_dzo_08941,labeled,Thinley
ddc_dzo_05873,labeled,Thinley
ddc_dzo_01128,labeled,Thinley
ddc_dzo_02981,labeled,Thinley
ddc_dzo_08516,labeled,Thinley
ddc_dzo_07829,labeled,Thinley
ddc_dzo_00940,labeled,Thinley
ddc_dzo_03691,labeled,Thinley
ddc_dzo_06037,labeled,Thinley
ddc_dzo_06567,labeled,Thinley
ddc_dzo_04668,labeled,Romeo
ddc_dzo_01206,labeled,Romeo
ddc_dzo_02111,labeled,Romeo
ddc_dzo_00520,labeled,Romeo
ddc_dzo_07097,labeled,Romeo
ddc_dzo_02840,labeled,Romeo
ddc_dzo_04162,labeled,Romeo
ddc_dzo_09238,labeled,Romeo
ddc_dzo_02198,labeled,Romeo
ddc_dzo_02059,labeled,Romeo
ddc_dzo_09060,labeled,Romeo
ddc_dzo_03432,labeled,Romeo
ddc_dzo_00576,labeled,Romeo
ddc_dzo_03945,labeled,Romeo
ddc_dzo_04419,labeled,Romeo
ddc_dzo_05807,labeled,Romeo
ddc_dzo_08191,labeled,Romeo
ddc_dzo_08559,labeled,Romeo
ddc_dzo_00225,labeled,Romeo
ddc_dzo_09628,labeled,Romeo
ddc_dzo_09944,labeled,Romeo
ddc_dzo_00488,labeled,Romeo
ddc_dzo_06477,labeled,Romeo
ddc_dzo_01474,labeled,Romeo
ddc_dzo_08082,labeled,Romeo
ddc_dzo_04443,labeled,Romeo
ddc_dzo_03340,labeled,Romeo
ddc_dzo_09565,labeled,Romeo
ddc_dzo_01689,labeled,Romeo
ddc_dzo_07222,labeled,Romeo
ddc_dzo_01458,labeled,Romeo
ddc_dzo_05772,labeled,Romeo
ddc_dzo_09418,labeled,Romeo
ddc_dzo_04764,labeled,Romeo
ddc_dzo_01563,labeled,Romeo
ddc_dzo_03795,labeled,Romeo
ddc_dzo_01693,labeled,Romeo
ddc_dzo_05218,labeled,Romeo
ddc_dzo_07921,labeled,Romeo
ddc_dzo_03585,labeled,Romeo
ddc_dzo_02335,labeled,Romeo
ddc_dzo_02505,labeled,Romeo
ddc_dzo_08837,labeled,Romeo
ddc_dzo_02564,labeled,Romeo
ddc_dzo_07799,labeled,Romeo
ddc_dzo_03114,labeled,Romeo
ddc_dzo_02625,labeled,Romeo
ddc_dzo_01557,labeled,Romeo
ddc_dzo_05673,labeled,Romeo
ddc_dzo_01735,labeled,Romeo
ddc_dzo_03603,labeled,Romeo
ddc_dzo_01833,labeled,Romeo
ddc_dzo_04699,labeled,Romeo
ddc_dzo_01832,labeled,Romeo
ddc_dzo_07443,labeled,Romeo
ddc_dzo_04844,labeled,Romeo
ddc_dzo_03307,labeled,Romeo
ddc_dzo_04925,labeled,Romeo
ddc_dzo_08356,labeled,Romeo
ddc_dzo_08737,labeled,Romeo
ddc_dzo_00257,labeled,Romeo
ddc_dzo_05612,labeled,Romeo
ddc_dzo_07715,labeled,Romeo
ddc_dzo_01291,labeled,Romeo
ddc_dzo_09324,labeled,Romeo
ddc_dzo_04914,labeled,Romeo
ddc_dzo_08499,labeled,Romeo
ddc_dzo_06673,labeled,Romeo
ddc_dzo_08054,labeled,Romeo
ddc_dzo_03934,labeled,Romeo
ddc_dzo_06467,labeled,Romeo
ddc_dzo_04958,labeled,Romeo
ddc_dzo_05092,labeled,Romeo
ddc_dzo_01615,labeled,Romeo
ddc_dzo_05344,labeled,Romeo
ddc_dzo_09251,labeled,Romeo
ddc_dzo_08875,labeled,Romeo
ddc_dzo_07648,labeled,Romeo
ddc_dzo_02871,labeled,Romeo
ddc_dzo_07272,labeled,Romeo
ddc_dzo_02287,labeled,Romeo
ddc_dzo_08298,labeled,Romeo
ddc_dzo_05919,labeled,Romeo
ddc_dzo_00678,labeled,Romeo
ddc_dzo_06596,labeled,Romeo
ddc_dzo_04749,labeled,Romeo
ddc_dzo_08787,labeled,Romeo
ddc_dzo_05120,labeled,Romeo
ddc_dzo_07878,labeled,Romeo
ddc_dzo_07245,labeled,Romeo
ddc_dzo_02648,labeled,Romeo
ddc_dzo_01427,labeled,Romeo
ddc_dzo_09649,labeled,Romeo
ddc_dzo_06194,labeled,Romeo
ddc_dzo_00227,labeled,Romeo
ddc_dzo_06722,labeled,Romeo
ddc_dzo_01387,labeled,Romeo
ddc_dzo_01733,labeled,Thinley
ddc_dzo_08644,labeled,Thinley
ddc_dzo_06994,labeled,Thinley
ddc_dzo_06038,labeled,Thinley
ddc_dzo_00280,labeled,Dorji
ddc_dzo_05366,labeled,Dorji
ddc_dzo_00211,labeled,Dorji
ddc_dzo_09624,labeled,Thinley
ddc_dzo_07179,labeled,Dorji
ddc_dzo_05626,labeled,Dorji
ddc_dzo_08770,labeled,Dorji
ddc_dzo_05211,labeled,Dorji
ddc_dzo_01048,labeled,Thinley
ddc_dzo_07468,labeled,Dorji
ddc_dzo_03124,labeled,Thinley
ddc_dzo_08104,labeled,Thinley
ddc_dzo_08961,labeled,Namgay
ddc_dzo_03617,labeled,Thinley
ddc_dzo_08416,labeled,Dorji
ddc_dzo_06579,labeled,Dorji
ddc_dzo_05965,labeled,Thinley
ddc_dzo_05265,labeled,Thinley
ddc_dzo_06166,labeled,Dorji
ddc_dzo_08913,labeled,Thinley
ddc_dzo_04271,labeled,Thinley
ddc_dzo_04902,labeled,Thinley
ddc_dzo_05545,labeled,Thinley
ddc_dzo_01181,labeled,Thinley
ddc_dzo_07730,labeled,Romeo
ddc_dzo_00194,labeled,Romeo
ddc_dzo_05352,labeled,Romeo
ddc_dzo_05693,labeled,Romeo
ddc_dzo_03327,labeled,Romeo
ddc_dzo_00159,labeled,Romeo
ddc_dzo_05632,labeled,Romeo
ddc_dzo_09379,labeled,Romeo
ddc_dzo_01008,labeled,Romeo
ddc_dzo_03465,labeled,Romeo
ddc_dzo_07766,labeled,Romeo
ddc_dzo_03206,labeled,Romeo
ddc_dzo_00405,labeled,Romeo
ddc_dzo_07623,labeled,Romeo
ddc_dzo_03847,labeled,Romeo
ddc_dzo_07341,labeled,Romeo
ddc_dzo_06782,labeled,Romeo
ddc_dzo_05449,labeled,Romeo
ddc_dzo_09108,labeled,Romeo
ddc_dzo_09307,labeled,Romeo
ddc_dzo_07531,labeled,Romeo
ddc_dzo_03363,labeled,Romeo
ddc_dzo_04027,labeled,Romeo
ddc_dzo_07760,labeled,Romeo
ddc_dzo_03894,labeled,Romeo
ddc_dzo_09501,labeled,Romeo
ddc_dzo_04203,labeled,Romeo
ddc_dzo_06713,labeled,Romeo
ddc_dzo_05331,labeled,Romeo
ddc_dzo_02677,labeled,Romeo
ddc_dzo_03723,labeled,Romeo
ddc_dzo_09925,labeled,Romeo
ddc_dzo_09411,labeled,Namgay
ddc_dzo_06485,labeled,Thinley
ddc_dzo_00351,labeled,Thinley
ddc_dzo_09536,labeled,Thinley
ddc_dzo_03494,labeled,Thinley
ddc_dzo_06989,labeled,Thinley
ddc_dzo_04589,labeled,Thinley
ddc_dzo_05012,labeled,Thinley
ddc_dzo_09998,labeled,Thinley
ddc_dzo_06857,labeled,Thinley
ddc_dzo_06283,labeled,Thinley
ddc_dzo_08361,labeled,Dorji
ddc_dzo_06889,labeled,Dorji
ddc_dzo_09891,labeled,Dorji
ddc_dzo_04524,labeled,Dorji
ddc_dzo_00307,labeled,Dorji
ddc_dzo_00108,labeled,Dorji
ddc_dzo_05144,labeled,Dorji
ddc_dzo_09380,labeled,Dorji
ddc_dzo_01295,labeled,Dorji
ddc_dzo_09640,labeled,Dorji
ddc_dzo_06802,labeled,Dorji
ddc_dzo_00642,labeled,Namgay
ddc_dzo_02589,labeled,Namgay
ddc_dzo_05879,labeled,Namgay
ddc_dzo_01995,labeled,Namgay
ddc_dzo_02724,labeled,Namgay
ddc_dzo_07142,labeled,Namgay
ddc_dzo_02846,labeled,Namgay
ddc_dzo_03362,labeled,Namgay
ddc_dzo_06863,labeled,Namgay
ddc_dzo_04333,labeled,Namgay
ddc_dzo_00034,labeled,Namgay
ddc_dzo_05436,labeled,Namgay
ddc_dzo_06381,labeled,Namgay
ddc_dzo_02116,labeled,Namgay
ddc_dzo_03692,labeled,Namgay
ddc_dzo_01925,labeled,Namgay
ddc_dzo_09719,labeled,Namgay
ddc_dzo_02993,labeled,Namgay
ddc_dzo_07962,labeled,Namgay
ddc_dzo_07357,labeled,Namgay
ddc_dzo_09974,labeled,Namgay
ddc_dzo_07513,labeled,Namgay
ddc_dzo_09447,labeled,Namgay
ddc_dzo_06399,labeled,Namgay
ddc_dzo_01170,labeled,Namgay
ddc_dzo_01312,labeled,Namgay
ddc_dzo_02170,labeled,Namgay
ddc_dzo_09502,labeled,Namgay
ddc_dzo_07646,labeled,Namgay
ddc_dzo_09350,labeled,Namgay
ddc_dzo_06427,labeled,Namgay
ddc_dzo_07032,labeled,Namgay
ddc_dzo_02899,labeled,Namgay
ddc_dzo_09227,labeled,Namgay
ddc_dzo_09555,labeled,Namgay
ddc_dzo_08520,labeled,Dorji
ddc_dzo_00809,labeled,Dorji
ddc_dzo_09101,labeled,Dorji
ddc_dzo_05598,labeled,Dorji
ddc_dzo_06538,labeled,Thinley
ddc_dzo_05480,labeled,Dorji
ddc_dzo_05848,labeled,Dorji
ddc_dzo_05306,labeled,Dorji
ddc_dzo_01781,labeled,Dorji
ddc_dzo_06140,labeled,Dorji
ddc_dzo_05816,labeled,Thinley
ddc_dzo_06631,labeled,Thinley
ddc_dzo_07109,labeled,Thinley
ddc_dzo_03967,labeled,Thinley
ddc_dzo_01194,labeled,Thinley
ddc_dzo_05998,labeled,Thinley
ddc_dzo_00442,labeled,Thinley
ddc_dzo_08701,labeled,Thinley
ddc_dzo_07416,labeled,Thinley
ddc_dzo_02010,labeled,Thinley
ddc_dzo_06967,labeled,Thinley
ddc_dzo_03187,labeled,Thinley
ddc_dzo_04980,labeled,Thinley
ddc_dzo_07808,labeled,Thinley
ddc_dzo_06196,labeled,Thinley
ddc_dzo_09842,labeled,Thinley
ddc_dzo_09119,labeled,Thinley
ddc_dzo_00366,labeled,Thinley
ddc_dzo_01583,labeled,Thinley
ddc_dzo_05671,labeled,Thinley
ddc_dzo_04296,labeled,Thinley
ddc_dzo_09787,labeled,Thinley
ddc_dzo_03523,labeled,Thinley
ddc_dzo_03621,labeled,Thinley
ddc_dzo_09140,labeled,Thinley
ddc_dzo_04694,labeled,Thinley
ddc_dzo_04101,labeled,Thinley
ddc_dzo_01092,labeled,Thinley
ddc_dzo_01047,labeled,Dorji
ddc_dzo_06336,labeled,Thinley
ddc_dzo_02151,labeled,Thinley
ddc_dzo_06757,labeled,Thinley
ddc_dzo_05602,labeled,Thinley
ddc_dzo_06008,labeled,Thinley
ddc_dzo_07382,labeled,Thinley
ddc_dzo_06053,labeled,Thinley
ddc_dzo_09359,labeled,Thinley
ddc_dzo_08565,labeled,Dorji
ddc_dzo_02226,labeled,Dorji
ddc_dzo_05890,labeled,Dorji
ddc_dzo_09481,labeled,Dorji
ddc_dzo_03251,labeled,Dorji
ddc_dzo_07911,labeled,Dorji
ddc_dzo_07196,labeled,Dorji
ddc_dzo_01294,labeled,Dorji
ddc_dzo_00806,labeled,Dorji
ddc_dzo_02301,labeled,Dorji
ddc_dzo_04762,labeled,Dorji
ddc_dzo_00684,labeled,Dorji
ddc_dzo_08637,labeled,Dorji
ddc_dzo_08665,labeled,Dorji
ddc_dzo_04158,labeled,Dorji
ddc_dzo_07679,labeled,Dorji
ddc_dzo_01765,labeled,Dorji
ddc_dzo_07850,labeled,Dorji
ddc_dzo_01232,labeled,Dorji
ddc_dzo_07912,labeled,Dorji
ddc_dzo_04414,labeled,Dorji
ddc_dzo_03982,labeled,Dorji
ddc_dzo_08297,labeled,Dorji
ddc_dzo_06506,labeled,Dorji
ddc_dzo_09177,labeled,Dorji
ddc_dzo_09590,labeled,Dorji
ddc_dzo_08485,labeled,Dorji
ddc_dzo_08945,labeled,Dorji
ddc_dzo_08092,labeled,Dorji
ddc_dzo_08236,labeled,Dorji
ddc_dzo_08268,labeled,Dorji
ddc_dzo_08381,labeled,Dorji
ddc_dzo_00715,labeled,Dorji
ddc_dzo_00839,labeled,Dorji
ddc_dzo_02126,labeled,Dorji
ddc_dzo_09076,labeled,Dorji
ddc_dzo_07065,labeled,Dorji
ddc_dzo_04291,labeled,Dorji
ddc_dzo_02800,labeled,Dorji
ddc_dzo_09815,labeled,Dorji
ddc_dzo_04479,labeled,Dorji
ddc_dzo_03678,labeled,Dorji
ddc_dzo_09699,labeled,Dorji
ddc_dzo_04317,labeled,Dorji
ddc_dzo_04582,labeled,Dorji
ddc_dzo_01463,labeled,Dorji
ddc_dzo_01601,labeled,Dorji
ddc_dzo_02147,labeled,Dorji
ddc_dzo_02276,labeled,Dorji
ddc_dzo_00296,labeled,Dorji
ddc_dzo_05139,labeled,Dorji
ddc_dzo_01207,labeled,Dorji
ddc_dzo_02313,labeled,Dorji
ddc_dzo_03082,labeled,Dorji
ddc_dzo_09951,labeled,Dorji
ddc_dzo_09003,labeled,Dorji
ddc_dzo_03030,labeled,Thinley
ddc_dzo_02705,labeled,Thinley
ddc_dzo_04926,labeled,Thinley
ddc_dzo_07633,labeled,Thinley
ddc_dzo_05039,labeled,Thinley
ddc_dzo_03911,labeled,Thinley
ddc_dzo_08593,labeled,Thinley
ddc_dzo_02809,labeled,Thinley
ddc_dzo_00717,labeled,Thinley
ddc_dzo_00603,labeled,Thinley
ddc_dzo_04490,labeled,Thinley
ddc_dzo_07750,labeled,Thinley
ddc_dzo_00991,labeled,Thinley
ddc_dzo_04022,labeled,Thinley
ddc_dzo_02381,labeled,Thinley
ddc_dzo_03764,labeled,Thinley
ddc_dzo_02656,labeled,Thinley
ddc_dzo_04566,labeled,Thinley
ddc_dzo_00156,labeled,Thinley
ddc_dzo_02470,labeled,Thinley
ddc_dzo_09659,labeled,Thinley
ddc_dzo_06293,labeled,Thinley
ddc_dzo_05345,labeled,Thinley
ddc_dzo_00059,labeled,Thinley
ddc_dzo_03978,labeled,Thinley
ddc_dzo_07311,labeled,Thinley
ddc_dzo_01368,labeled,Thinley
ddc_dzo_05668,labeled,Thinley
ddc_dzo_00435,labeled,Thinley
ddc_dzo_02490,labeled,Thinley
ddc_dzo_05723,labeled,Thinley
ddc_dzo_09295,labeled,Thinley
ddc_dzo_03830,labeled,Thinley
ddc_dzo_03105,labeled,Thinley
ddc_dzo_00779,labeled,Thinley
ddc_dzo_09785,labeled,Thinley
ddc_dzo_05635,labeled,Thinley
ddc_dzo_05397,labeled,Thinley
ddc_dzo_09374,labeled,Thinley
ddc_dzo_08334,labeled,Thinley
ddc_dzo_01016,labeled,Thinley
ddc_dzo_05207,labeled,Thinley
ddc_dzo_04991,labeled,Thinley
ddc_dzo_00637,labeled,Thinley
ddc_dzo_00487,labeled,Thinley
ddc_dzo_04629,labeled,Thinley
ddc_dzo_00964,labeled,Thinley
ddc_dzo_07640,labeled,Thinley
ddc_dzo_03403,labeled,Thinley
ddc_dzo_05102,labeled,Thinley
ddc_dzo_03522,labeled,Thinley
ddc_dzo_06104,labeled,Thinley
ddc_dzo_02370,labeled,Thinley
ddc_dzo_03888,labeled,Thinley
ddc_dzo_01412,labeled,Romeo
ddc_dzo_08171,labeled,Romeo
ddc_dzo_07398,labeled,Romeo
ddc_dzo_09587,labeled,Romeo
ddc_dzo_09079,labeled,Romeo
ddc_dzo_00828,labeled,Romeo
ddc_dzo_00244,labeled,Romeo
ddc_dzo_00392,labeled,Romeo
ddc_dzo_03632,labeled,Romeo
ddc_dzo_01869,labeled,Romeo
ddc_dzo_02778,labeled,Romeo
ddc_dzo_01200,labeled,Romeo
ddc_dzo_03510,labeled,Romeo
ddc_dzo_03260,labeled,Romeo
ddc_dzo_03159,labeled,Romeo
ddc_dzo_03814,labeled,Romeo
ddc_dzo_02654,labeled,Romeo
ddc_dzo_00918,labeled,Romeo
ddc_dzo_00659,labeled,Romeo
ddc_dzo_03578,labeled,Romeo
ddc_dzo_09512,labeled,Romeo
ddc_dzo_00799,labeled,Romeo
ddc_dzo_05572,labeled,Romeo
ddc_dzo_03213,labeled,Romeo
ddc_dzo_04871,labeled,Romeo
ddc_dzo_08306,labeled,Romeo
ddc_dzo_00892,labeled,Romeo
ddc_dzo_02970,labeled,Romeo
ddc_dzo_04824,labeled,Romeo
ddc_dzo_09247,labeled,Romeo
ddc_dzo_04723,labeled,Romeo
ddc_dzo_08051,labeled,Romeo
ddc_dzo_07451,labeled,Romeo
ddc_dzo_06392,labeled,Romeo
ddc_dzo_05785,labeled,Romeo
ddc_dzo_08867,labeled,Romeo
ddc_dzo_00869,labeled,Romeo
ddc_dzo_00033,labeled,Romeo
ddc_dzo_07542,labeled,Romeo
ddc_dzo_06253,labeled,Romeo
ddc_dzo_09056,labeled,Romeo
ddc_dzo_08784,labeled,Romeo
ddc_dzo_01432,labeled,Romeo
ddc_dzo_05773,labeled,Romeo
ddc_dzo_02963,labeled,Romeo
ddc_dzo_06726,labeled,Romeo
ddc_dzo_01245,labeled,Romeo
ddc_dzo_05653,labeled,Romeo
ddc_dzo_02911,labeled,Romeo
ddc_dzo_08122,labeled,Romeo
ddc_dzo_00609,labeled,Romeo
ddc_dzo_07624,labeled,Romeo
ddc_dzo_05421,labeled,Romeo
ddc_dzo_09611,labeled,Romeo
ddc_dzo_00461,labeled,Romeo
ddc_dzo_03346,labeled,Romeo
ddc_dzo_02518,labeled,Romeo
ddc_dzo_05916,labeled,Romeo
ddc_dzo_07491,labeled,Romeo
ddc_dzo_05706,labeled,Romeo
ddc_dzo_06135,labeled,Romeo
ddc_dzo_07722,labeled,Romeo
ddc_dzo_07331,labeled,Romeo
ddc_dzo_08189,labeled,Romeo
ddc_dzo_04208,labeled,Romeo
ddc_dzo_07843,labeled,Romeo
ddc_dzo_01806,labeled,Romeo
ddc_dzo_02019,labeled,Romeo
ddc_dzo_01965,labeled,Romeo
ddc_dzo_06920,labeled,Romeo
ddc_dzo_01520,labeled,Romeo
ddc_dzo_02185,labeled,Romeo
ddc_dzo_08274,labeled,Romeo
ddc_dzo_05296,labeled,Romeo
ddc_dzo_01286,labeled,Romeo
ddc_dzo_06573,labeled,Romeo
ddc_dzo_09164,labeled,Romeo
ddc_dzo_00749,labeled,Romeo
ddc_dzo_08057,labeled,Romeo
ddc_dzo_04262,labeled,Romeo
ddc_dzo_00535,labeled,Romeo
ddc_dzo_00185,labeled,Romeo
ddc_dzo_09862,labeled,Romeo
ddc_dzo_08721,labeled,Romeo
ddc_dzo_06455,labeled,Romeo
ddc_dzo_07593,labeled,Romeo
ddc_dzo_04012,labeled,Romeo
ddc_dzo_04916,labeled,Romeo
ddc_dzo_08384,labeled,Romeo
ddc_dzo_04407,labeled,Romeo
ddc_dzo_03171,labeled,Romeo
ddc_dzo_08517,labeled,Romeo
ddc_dzo_02253,labeled,Romeo
ddc_dzo_01212,labeled,Romeo
ddc_dzo_09241,labeled,Romeo
ddc_dzo_01116,labeled,Romeo
ddc_dzo_04547,labeled,Romeo
ddc_dzo_09524,labeled,Romeo
ddc_dzo_02528,labeled,Romeo
ddc_dzo_02218,labeled,Romeo
ddc_dzo_00198,labeled,Romeo
ddc_dzo_06209,labeled,Romeo
ddc_dzo_05860,labeled,Romeo
ddc_dzo_09594,labeled,Romeo
ddc_dzo_02581,labeled,Romeo
ddc_dzo_07909,labeled,Romeo
ddc_dzo_06363,labeled,Romeo
ddc_dzo_01662,labeled,Romeo
ddc_dzo_02701,labeled,Romeo
ddc_dzo_07988,labeled,Romeo
ddc_dzo_03939,labeled,Romeo
ddc_dzo_00555,labeled,Romeo
ddc_dzo_08033,labeled,Romeo
ddc_dzo_00097,labeled,Romeo
ddc_dzo_09752,labeled,Romeo
ddc_dzo_01017,labeled,Romeo
ddc_dzo_09035,labeled,Romeo
ddc_dzo_01075,labeled,Romeo
ddc_dzo_02107,labeled,Romeo
ddc_dzo_02613,labeled,Romeo
ddc_dzo_05222,labeled,Romeo
ddc_dzo_07252,labeled,Romeo
ddc_dzo_03662,labeled,Romeo
ddc_dzo_05388,labeled,Romeo
ddc_dzo_06346,labeled,Romeo
ddc_dzo_05430,labeled,Romeo
ddc_dzo_00381,labeled,Romeo
ddc_dzo_04751,labeled,Romeo
ddc_dzo_01188,labeled,Romeo
ddc_dzo_09123,labeled,Romeo
ddc_dzo_08904,labeled,Romeo
ddc_dzo_01445,labeled,Romeo
ddc_dzo_05192,labeled,Romeo
ddc_dzo_02558,labeled,Romeo
ddc_dzo_06471,labeled,Romeo
ddc_dzo_06172,labeled,Romeo
ddc_dzo_00890,labeled,Romeo
ddc_dzo_01967,labeled,Romeo
ddc_dzo_05944,labeled,Romeo
ddc_dzo_02392,labeled,Romeo
ddc_dzo_08490,labeled,Romeo
ddc_dzo_07085,labeled,Romeo
ddc_dzo_06552,labeled,Romeo
ddc_dzo_02085,labeled,Romeo
ddc_dzo_08107,labeled,Romeo
ddc_dzo_00021,labeled,Romeo
ddc_dzo_01616,labeled,Romeo
ddc_dzo_01731,labeled,Romeo
ddc_dzo_06822,labeled,Romeo
ddc_dzo_02052,labeled,Romeo
ddc_dzo_03874,labeled,Romeo
ddc_dzo_08691,labeled,Romeo
ddc_dzo_07954,labeled,Romeo
ddc_dzo_02456,labeled,Romeo
ddc_dzo_05817,labeled,Romeo
ddc_dzo_04684,labeled,Romeo
ddc_dzo_02482,labeled,Romeo
ddc_dzo_05244,labeled,Yigzin
ddc_dzo_06077,labeled,Yigzin
ddc_dzo_01846,labeled,Yigzin
ddc_dzo_08852,labeled,Romeo
ddc_dzo_08403,labeled,Romeo
ddc_dzo_08133,labeled,Romeo
ddc_dzo_08757,labeled,Romeo
ddc_dzo_08454,labeled,Romeo
ddc_dzo_03435,labeled,Romeo
ddc_dzo_09182,labeled,Romeo
ddc_dzo_06300,labeled,Romeo
ddc_dzo_02034,labeled,Romeo
ddc_dzo_04549,labeled,Romeo
ddc_dzo_02854,labeled,Romeo
ddc_dzo_02332,labeled,Romeo
ddc_dzo_01881,labeled,Romeo
ddc_dzo_07510,labeled,Romeo
ddc_dzo_06027,labeled,Romeo
ddc_dzo_03125,labeled,Romeo
ddc_dzo_07727,labeled,Romeo
ddc_dzo_01209,labeled,Romeo
ddc_dzo_06013,labeled,Romeo
ddc_dzo_04691,labeled,Romeo
ddc_dzo_07250,labeled,Romeo
ddc_dzo_01343,labeled,Romeo
ddc_dzo_06259,labeled,Romeo
ddc_dzo_09146,labeled,Romeo
ddc_dzo_02692,labeled,Romeo
ddc_dzo_00120,labeled,Romeo
ddc_dzo_07751,labeled,Romeo
ddc_dzo_01158,labeled,Romeo
ddc_dzo_06091,labeled,Romeo
ddc_dzo_02655,labeled,Romeo
ddc_dzo_00816,labeled,Romeo
ddc_dzo_08710,labeled,Romeo
ddc_dzo_04887,labeled,Romeo
ddc_dzo_02502,labeled,Romeo
ddc_dzo_07860,labeled,Romeo
ddc_dzo_02906,labeled,Romeo
ddc_dzo_07550,labeled,Romeo
ddc_dzo_03025,labeled,Romeo
ddc_dzo_09059,labeled,Romeo
ddc_dzo_06329,labeled,Romeo
ddc_dzo_07402,labeled,Romeo
ddc_dzo_00489,labeled,Romeo
ddc_dzo_09456,labeled,Romeo
ddc_dzo_08693,labeled,Romeo
ddc_dzo_01912,labeled,Romeo
ddc_dzo_01648,labeled,Romeo
ddc_dzo_04785,labeled,Romeo
ddc_dzo_08217,labeled,Romeo
ddc_dzo_07657,labeled,Romeo
ddc_dzo_02430,labeled,Romeo
ddc_dzo_01677,labeled,Romeo
ddc_dzo_03747,labeled,Romeo
ddc_dzo_04534,labeled,Romeo
ddc_dzo_08513,labeled,Romeo
ddc_dzo_00713,labeled,Romeo
ddc_dzo_06372,labeled,Romeo
ddc_dzo_04452,labeled,Romeo
ddc_dzo_03591,labeled,Romeo
ddc_dzo_03659,labeled,Romeo
ddc_dzo_09406,labeled,Romeo
ddc_dzo_07124,labeled,Romeo
ddc_dzo_01400,labeled,Romeo
ddc_dzo_08965,labeled,Romeo
ddc_dzo_05571,labeled,Romeo
ddc_dzo_00879,labeled,Romeo
ddc_dzo_04272,labeled,Romeo
ddc_dzo_05341,labeled,Romeo
ddc_dzo_06869,labeled,Romeo
ddc_dzo_02948,labeled,Romeo
ddc_dzo_08584,labeled,Romeo
ddc_dzo_07312,labeled,Romeo
ddc_dzo_00242,labeled,Romeo
ddc_dzo_00250,labeled,Romeo
ddc_dzo_07490,labeled,Romeo
ddc_dzo_01711,labeled,Romeo
ddc_dzo_05184,labeled,Romeo
ddc_dzo_04613,labeled,Romeo
ddc_dzo_02404,labeled,Romeo
ddc_dzo_00190,labeled,Romeo
ddc_dzo_08745,labeled,Romeo
ddc_dzo_03084,labeled,Romeo
ddc_dzo_00299,labeled,Romeo
ddc_dzo_09030,labeled,Romeo
ddc_dzo_02709,labeled,Romeo
ddc_dzo_05050,labeled,Romeo
ddc_dzo_08563,labeled,Romeo
ddc_dzo_03866,labeled,Romeo
ddc_dzo_07791,labeled,Romeo
ddc_dzo_08005,labeled,Romeo
ddc_dzo_06428,labeled,Romeo
ddc_dzo_06882,labeled,Romeo
ddc_dzo_08991,labeled,Romeo
ddc_dzo_01322,labeled,Romeo
ddc_dzo_01259,labeled,Romeo
ddc_dzo_04091,labeled,Romeo
ddc_dzo_00329,labeled,Romeo
ddc_dzo_08062,labeled,Romeo
ddc_dzo_00740,labeled,Romeo
ddc_dzo_05415,labeled,Romeo
ddc_dzo_08360,labeled,Romeo
ddc_dzo_06186,labeled,Romeo
ddc_dzo_03179,labeled,Romeo
ddc_dzo_09159,labeled,Romeo
ddc_dzo_01451,labeled,Romeo
ddc_dzo_06933,labeled,Romeo
ddc_dzo_06577,labeled,Romeo
ddc_dzo_06518,labeled,Romeo
ddc_dzo_00146,labeled,Romeo
ddc_dzo_02886,labeled,Romeo
ddc_dzo_06219,labeled,Romeo
ddc_dzo_06119,labeled,Romeo
ddc_dzo_01821,labeled,Romeo
ddc_dzo_04205,labeled,Romeo
ddc_dzo_02348,labeled,Romeo
ddc_dzo_04590,labeled,Romeo
ddc_dzo_02168,labeled,Romeo
ddc_dzo_01582,labeled,Romeo
ddc_dzo_06999,labeled,Romeo
ddc_dzo_01997,labeled,Romeo
ddc_dzo_03433,labeled,Romeo
ddc_dzo_03790,labeled,Romeo
ddc_dzo_02212,labeled,Romeo
ddc_dzo_04955,labeled,Romeo
ddc_dzo_04671,labeled,Romeo
ddc_dzo_09746,labeled,Romeo
ddc_dzo_05788,labeled,Romeo
ddc_dzo_02598,labeled,Romeo
ddc_dzo_01358,labeled,Romeo
ddc_dzo_01669,labeled,Romeo
ddc_dzo_01449,labeled,Romeo
ddc_dzo_07576,labeled,Romeo
ddc_dzo_08856,labeled,Romeo
ddc_dzo_09763,labeled,Romeo
ddc_dzo_04174,labeled,Romeo
ddc_dzo_03018,labeled,Romeo
ddc_dzo_01750,labeled,Romeo
ddc_dzo_08157,labeled,Romeo
ddc_dzo_09084,labeled,Romeo
ddc_dzo_00219,labeled,Romeo
ddc_dzo_00341,labeled,Romeo
ddc_dzo_07983,labeled,Romeo
ddc_dzo_01911,labeled,Romeo
ddc_dzo_07216,labeled,Romeo
ddc_dzo_02727,labeled,Romeo
ddc_dzo_01489,labeled,Romeo
ddc_dzo_03416,labeled,Romeo
ddc_dzo_08349,labeled,Romeo
ddc_dzo_05940,labeled,Romeo
ddc_dzo_05520,labeled,Romeo
ddc_dzo_08592,labeled,Romeo
ddc_dzo_04377,labeled,Romeo
ddc_dzo_02128,labeled,Romeo
ddc_dzo_07454,labeled,Romeo
ddc_dzo_07356,labeled,Romeo
ddc_dzo_08546,labeled,Romeo
ddc_dzo_08253,labeled,Romeo
ddc_dzo_02303,labeled,Romeo
ddc_dzo_02160,labeled,Romeo
ddc_dzo_04944,labeled,Romeo
ddc_dzo_03952,labeled,Romeo
ddc_dzo_01123,labeled,Romeo
ddc_dzo_09829,labeled,Romeo
ddc_dzo_08809,labeled,Romeo
ddc_dzo_06312,labeled,Romeo
ddc_dzo_05658,labeled,Romeo
ddc_dzo_01088,labeled,Romeo
ddc_dzo_04639,labeled,Romeo
ddc_dzo_00696,labeled,Romeo
ddc_dzo_05604,labeled,Romeo
ddc_dzo_01544,labeled,Romeo
ddc_dzo_01227,labeled,Romeo
ddc_dzo_02474,labeled,Romeo
ddc_dzo_02113,labeled,Romeo
ddc_dzo_01409,labeled,Romeo
ddc_dzo_07182,labeled,Romeo
ddc_dzo_01051,labeled,Romeo
ddc_dzo_03238,labeled,Romeo
ddc_dzo_07618,labeled,Romeo
ddc_dzo_05361,labeled,Romeo
ddc_dzo_02859,labeled,Romeo
ddc_dzo_03304,labeled,Romeo
ddc_dzo_09672,labeled,Romeo
ddc_dzo_05865,labeled,Romeo
ddc_dzo_03940,labeled,Romeo
ddc_dzo_05903,labeled,Romeo
ddc_dzo_07511,labeled,Romeo
ddc_dzo_07104,labeled,Romeo
ddc_dzo_09928,labeled,Romeo
ddc_dzo_08421,labeled,Romeo
ddc_dzo_07467,labeled,Romeo
ddc_dzo_05071,labeled,Romeo
ddc_dzo_09322,labeled,Romeo
ddc_dzo_03760,labeled,Romeo
ddc_dzo_06342,labeled,Romeo
ddc_dzo_02023,labeled,Romeo
ddc_dzo_02530,labeled,Romeo
ddc_dzo_02621,labeled,Romeo
ddc_dzo_04747,labeled,Romeo
ddc_dzo_07429,labeled,Romeo
ddc_dzo_02389,labeled,Romeo
ddc_dzo_06684,labeled,Romeo
ddc_dzo_07827,labeled,Romeo
ddc_dzo_08488,labeled,Romeo
ddc_dzo_02568,labeled,Romeo
ddc_dzo_00251,labeled,Romeo
ddc_dzo_02100,labeled,Romeo
ddc_dzo_07144,labeled,Romeo
ddc_dzo_07548,labeled,Romeo
ddc_dzo_05481,labeled,Romeo
ddc_dzo_08055,labeled,Romeo
ddc_dzo_01658,labeled,Romeo
ddc_dzo_07297,labeled,Romeo
ddc_dzo_02837,labeled,Romeo
ddc_dzo_02580,labeled,Romeo
ddc_dzo_01147,labeled,Romeo
ddc_dzo_02418,labeled,Romeo
ddc_dzo_02207,labeled,Romeo
ddc_dzo_04298,labeled,Romeo
ddc_dzo_08885,labeled,Romeo
ddc_dzo_06280,labeled,Romeo
ddc_dzo_03721,labeled,Romeo
ddc_dzo_08905,labeled,Romeo
ddc_dzo_02759,labeled,Romeo
ddc_dzo_01505,labeled,Romeo
ddc_dzo_09122,labeled,Romeo
ddc_dzo_02063,labeled,Romeo
ddc_dzo_07031,labeled,Romeo
ddc_dzo_08048,labeled,Romeo
ddc_dzo_02983,labeled,Romeo
ddc_dzo_07639,labeled,Romeo
ddc_dzo_09040,labeled,Romeo
ddc_dzo_01287,labeled,Romeo
ddc_dzo_02913,labeled,Romeo
ddc_dzo_01565,labeled,Romeo
ddc_dzo_00184,labeled,Romeo
ddc_dzo_07393,labeled,Romeo
ddc_dzo_01131,labeled,Romeo
ddc_dzo_02361,labeled,Romeo
ddc_dzo_03275,labeled,Romeo
ddc_dzo_02268,labeled,Romeo
ddc_dzo_07702,labeled,Romeo
ddc_dzo_06304,labeled,Romeo
ddc_dzo_06156,labeled,Romeo
ddc_dzo_02890,labeled,Romeo
ddc_dzo_08974,labeled,Romeo
ddc_dzo_09901,labeled,Romeo
ddc_dzo_09558,labeled,Romeo
ddc_dzo_05070,labeled,Romeo
ddc_dzo_03715,labeled,Romeo
ddc_dzo_04446,labeled,Romeo
ddc_dzo_01210,labeled,Romeo
ddc_dzo_03883,labeled,Romeo
ddc_dzo_09811,labeled,Romeo
ddc_dzo_04901,labeled,Romeo
ddc_dzo_02841,labeled,Romeo
ddc_dzo_08052,labeled,Romeo
ddc_dzo_08510,labeled,Romeo
ddc_dzo_03461,labeled,Romeo
ddc_dzo_07055,labeled,Romeo
ddc_dzo_02241,labeled,Romeo
ddc_dzo_00436,labeled,Romeo
ddc_dzo_08354,labeled,Romeo
ddc_dzo_06406,labeled,Romeo
ddc_dzo_00359,labeled,Romeo
ddc_dzo_07173,labeled,Romeo
ddc_dzo_00117,labeled,Romeo
ddc_dzo_08431,labeled,Romeo
ddc_dzo_07940,labeled,Romeo
ddc_dzo_07726,labeled,Romeo
ddc_dzo_08141,labeled,Romeo
ddc_dzo_00208,labeled,Romeo
ddc_dzo_00011,unlabeled,Unknown
ddc_dzo_00017,unlabeled,Unknown
ddc_dzo_00026,unlabeled,Unknown
ddc_dzo_00002,unlabeled,Unknown
ddc_dzo_00025,unlabeled,Unknown
ddc_dzo_00038,unlabeled,Unknown
ddc_dzo_00031,unlabeled,Unknown
ddc_dzo_00044,unlabeled,Unknown
ddc_dzo_00040,unlabeled,Unknown
ddc_dzo_00036,unlabeled,Unknown
ddc_dzo_00050,unlabeled,Unknown
ddc_dzo_00052,unlabeled,Unknown
ddc_dzo_00047,unlabeled,Unknown
ddc_dzo_00058,unlabeled,Unknown
ddc_dzo_00079,unlabeled,Unknown
ddc_dzo_00077,unlabeled,Unknown
ddc_dzo_00081,unlabeled,Unknown
ddc_dzo_00093,unlabeled,Unknown
ddc_dzo_00109,unlabeled,Unknown
ddc_dzo_00114,unlabeled,Unknown
ddc_dzo_00125,unlabeled,Unknown
ddc_dzo_00118,unlabeled,Unknown
ddc_dzo_00116,unlabeled,Unknown
ddc_dzo_00129,unlabeled,Unknown
ddc_dzo_00157,unlabeled,Unknown
ddc_dzo_00149,unlabeled,Unknown
ddc_dzo_00140,unlabeled,Unknown
ddc_dzo_00151,unlabeled,Unknown
ddc_dzo_00139,unlabeled,Unknown
ddc_dzo_00182,unlabeled,Unknown
ddc_dzo_00186,unlabeled,Unknown
ddc_dzo_00174,unlabeled,Unknown
ddc_dzo_00209,unlabeled,Unknown
ddc_dzo_00200,unlabeled,Unknown
ddc_dzo_00238,unlabeled,Unknown
ddc_dzo_00245,unlabeled,Unknown
ddc_dzo_00240,unlabeled,Unknown
ddc_dzo_00260,unlabeled,Unknown
ddc_dzo_00275,unlabeled,Unknown
ddc_dzo_00284,unlabeled,Unknown
ddc_dzo_00293,unlabeled,Unknown
ddc_dzo_00321,unlabeled,Unknown
ddc_dzo_00312,unlabeled,Unknown
ddc_dzo_00318,unlabeled,Unknown
ddc_dzo_00308,unlabeled,Unknown
ddc_dzo_00315,unlabeled,Unknown
ddc_dzo_00320,unlabeled,Unknown
ddc_dzo_00340,unlabeled,Unknown
ddc_dzo_00347,unlabeled,Unknown
ddc_dzo_00336,unlabeled,Unknown
ddc_dzo_00332,unlabeled,Unknown
ddc_dzo_00363,unlabeled,Unknown
ddc_dzo_00383,unlabeled,Unknown
ddc_dzo_00370,unlabeled,Unknown
ddc_dzo_00380,unlabeled,Unknown
ddc_dzo_00376,unlabeled,Unknown
ddc_dzo_00397,unlabeled,Unknown
ddc_dzo_00390,unlabeled,Unknown
ddc_dzo_00400,unlabeled,Unknown
ddc_dzo_00385,unlabeled,Unknown
ddc_dzo_00417,unlabeled,Unknown
ddc_dzo_00423,unlabeled,Unknown
ddc_dzo_00428,unlabeled,Unknown
ddc_dzo_00416,unlabeled,Unknown
ddc_dzo_00446,unlabeled,Unknown
ddc_dzo_00458,unlabeled,Unknown
ddc_dzo_00465,unlabeled,Unknown
ddc_dzo_00451,unlabeled,Unknown
ddc_dzo_00445,unlabeled,Unknown
ddc_dzo_00475,unlabeled,Unknown
ddc_dzo_00491,unlabeled,Unknown
ddc_dzo_00493,unlabeled,Unknown
ddc_dzo_00472,unlabeled,Unknown
ddc_dzo_00509,unlabeled,Unknown
ddc_dzo_00507,unlabeled,Unknown
ddc_dzo_00518,unlabeled,Unknown
ddc_dzo_00511,unlabeled,Unknown
ddc_dzo_00514,unlabeled,Unknown
ddc_dzo_00531,unlabeled,Unknown
ddc_dzo_00542,unlabeled,Unknown
ddc_dzo_00540,unlabeled,Unknown
ddc_dzo_00522,unlabeled,Unknown
ddc_dzo_00573,unlabeled,Unknown
ddc_dzo_00547,unlabeled,Unknown
ddc_dzo_00566,unlabeled,Unknown
ddc_dzo_00567,unlabeled,Unknown
ddc_dzo_00552,unlabeled,Unknown
ddc_dzo_00568,unlabeled,Unknown
ddc_dzo_00558,unlabeled,Unknown
ddc_dzo_00561,unlabeled,Unknown
ddc_dzo_00550,unlabeled,Unknown
ddc_dzo_00554,unlabeled,Unknown
ddc_dzo_00588,unlabeled,Unknown
ddc_dzo_00595,unlabeled,Unknown
ddc_dzo_00598,unlabeled,Unknown
ddc_dzo_00584,unlabeled,Unknown
ddc_dzo_00574,unlabeled,Unknown
ddc_dzo_00589,unlabeled,Unknown
ddc_dzo_00577,unlabeled,Unknown
ddc_dzo_00591,unlabeled,Unknown
ddc_dzo_00597,unlabeled,Unknown
ddc_dzo_00607,unlabeled,Unknown
ddc_dzo_00602,unlabeled,Unknown
ddc_dzo_00623,unlabeled,Unknown
ddc_dzo_00601,unlabeled,Unknown
ddc_dzo_00610,unlabeled,Unknown
ddc_dzo_00632,unlabeled,Unknown
ddc_dzo_00647,unlabeled,Unknown
ddc_dzo_00644,unlabeled,Unknown
ddc_dzo_00668,unlabeled,Unknown
ddc_dzo_00664,unlabeled,Unknown
ddc_dzo_00661,unlabeled,Unknown
ddc_dzo_00663,unlabeled,Unknown
ddc_dzo_00685,unlabeled,Unknown
ddc_dzo_00692,unlabeled,Unknown
ddc_dzo_00680,unlabeled,Unknown
ddc_dzo_00703,unlabeled,Unknown
ddc_dzo_00705,unlabeled,Unknown
ddc_dzo_00728,unlabeled,Unknown
ddc_dzo_00725,unlabeled,Unknown
ddc_dzo_00727,unlabeled,Unknown
ddc_dzo_00731,unlabeled,Unknown
ddc_dzo_00730,unlabeled,Unknown
ddc_dzo_00732,unlabeled,Unknown
ddc_dzo_00741,unlabeled,Unknown
ddc_dzo_00760,unlabeled,Unknown
ddc_dzo_00759,unlabeled,Unknown
ddc_dzo_00761,unlabeled,Unknown
ddc_dzo_00762,unlabeled,Unknown
ddc_dzo_00770,unlabeled,Unknown
ddc_dzo_00768,unlabeled,Unknown
ddc_dzo_00805,unlabeled,Unknown
ddc_dzo_00789,unlabeled,Unknown
ddc_dzo_00796,unlabeled,Unknown
ddc_dzo_00784,unlabeled,Unknown
ddc_dzo_00797,unlabeled,Unknown
ddc_dzo_00783,unlabeled,Unknown
ddc_dzo_00801,unlabeled,Unknown
ddc_dzo_00818,unlabeled,Unknown
ddc_dzo_00817,unlabeled,Unknown
ddc_dzo_00833,unlabeled,Unknown
ddc_dzo_00831,unlabeled,Unknown
ddc_dzo_00813,unlabeled,Unknown
ddc_dzo_00824,unlabeled,Unknown
ddc_dzo_00859,unlabeled,Unknown
ddc_dzo_00844,unlabeled,Unknown
ddc_dzo_00851,unlabeled,Unknown
ddc_dzo_00842,unlabeled,Unknown
ddc_dzo_00858,unlabeled,Unknown
ddc_dzo_00837,unlabeled,Unknown
ddc_dzo_00889,unlabeled,Unknown
ddc_dzo_00867,unlabeled,Unknown
ddc_dzo_00880,unlabeled,Unknown
ddc_dzo_00906,unlabeled,Unknown
ddc_dzo_00894,unlabeled,Unknown
ddc_dzo_00900,unlabeled,Unknown
ddc_dzo_00902,unlabeled,Unknown
ddc_dzo_00910,unlabeled,Unknown
ddc_dzo_00901,unlabeled,Unknown
ddc_dzo_00895,unlabeled,Unknown
ddc_dzo_00920,unlabeled,Unknown
ddc_dzo_00936,unlabeled,Unknown
ddc_dzo_00927,unlabeled,Unknown
ddc_dzo_00924,unlabeled,Unknown
ddc_dzo_00951,unlabeled,Unknown
ddc_dzo_00945,unlabeled,Unknown
ddc_dzo_00962,unlabeled,Unknown
ddc_dzo_00955,unlabeled,Unknown
ddc_dzo_00954,unlabeled,Unknown
ddc_dzo_00958,unlabeled,Unknown
ddc_dzo_00952,unlabeled,Unknown
ddc_dzo_00997,unlabeled,Unknown
ddc_dzo_00987,unlabeled,Unknown
ddc_dzo_00985,unlabeled,Unknown
ddc_dzo_00974,unlabeled,Unknown
ddc_dzo_01014,unlabeled,Unknown
ddc_dzo_01011,unlabeled,Unknown
ddc_dzo_01004,unlabeled,Unknown
ddc_dzo_01012,unlabeled,Unknown
ddc_dzo_01024,unlabeled,Unknown
ddc_dzo_01003,unlabeled,Unknown
ddc_dzo_01053,unlabeled,Unknown
ddc_dzo_01055,unlabeled,Unknown
ddc_dzo_01066,unlabeled,Unknown
ddc_dzo_01069,unlabeled,Unknown
ddc_dzo_01040,unlabeled,Unknown
ddc_dzo_01056,unlabeled,Unknown
ddc_dzo_01052,unlabeled,Unknown
ddc_dzo_01063,unlabeled,Unknown
ddc_dzo_01041,unlabeled,Unknown
ddc_dzo_01101,unlabeled,Unknown
ddc_dzo_01094,unlabeled,Unknown
ddc_dzo_01106,unlabeled,Unknown
ddc_dzo_01086,unlabeled,Unknown
ddc_dzo_01099,unlabeled,Unknown
ddc_dzo_01087,unlabeled,Unknown
ddc_dzo_01104,unlabeled,Unknown
ddc_dzo_01124,unlabeled,Unknown
ddc_dzo_01135,unlabeled,Unknown
ddc_dzo_01127,unlabeled,Unknown
ddc_dzo_01120,unlabeled,Unknown
ddc_dzo_01143,unlabeled,Unknown
ddc_dzo_01146,unlabeled,Unknown
ddc_dzo_01171,unlabeled,Unknown
ddc_dzo_01160,unlabeled,Unknown
ddc_dzo_01192,unlabeled,Unknown
ddc_dzo_01198,unlabeled,Unknown
ddc_dzo_01201,unlabeled,Unknown
ddc_dzo_01189,unlabeled,Unknown
ddc_dzo_01211,unlabeled,Unknown
ddc_dzo_01217,unlabeled,Unknown
ddc_dzo_01226,unlabeled,Unknown
ddc_dzo_01223,unlabeled,Unknown
ddc_dzo_01262,unlabeled,Unknown
ddc_dzo_01267,unlabeled,Unknown
ddc_dzo_01247,unlabeled,Unknown
ddc_dzo_01254,unlabeled,Unknown
ddc_dzo_01306,unlabeled,Unknown
ddc_dzo_01305,unlabeled,Unknown
ddc_dzo_01288,unlabeled,Unknown
ddc_dzo_01281,unlabeled,Unknown
ddc_dzo_01285,unlabeled,Unknown
ddc_dzo_01279,unlabeled,Unknown
ddc_dzo_01310,unlabeled,Unknown
ddc_dzo_01290,unlabeled,Unknown
ddc_dzo_01296,unlabeled,Unknown
ddc_dzo_01341,unlabeled,Unknown
ddc_dzo_01333,unlabeled,Unknown
ddc_dzo_01336,unlabeled,Unknown
ddc_dzo_01324,unlabeled,Unknown
ddc_dzo_01375,unlabeled,Unknown
ddc_dzo_01367,unlabeled,Unknown
ddc_dzo_01380,unlabeled,Unknown
ddc_dzo_01374,unlabeled,Unknown
ddc_dzo_01347,unlabeled,Unknown
ddc_dzo_01372,unlabeled,Unknown
ddc_dzo_01349,unlabeled,Unknown
ddc_dzo_01411,unlabeled,Unknown
ddc_dzo_01383,unlabeled,Unknown
ddc_dzo_01401,unlabeled,Unknown
ddc_dzo_01403,unlabeled,Unknown
ddc_dzo_01406,unlabeled,Unknown
ddc_dzo_01389,unlabeled,Unknown
ddc_dzo_01395,unlabeled,Unknown
ddc_dzo_01382,unlabeled,Unknown
ddc_dzo_01438,unlabeled,Unknown
ddc_dzo_01417,unlabeled,Unknown
ddc_dzo_01447,unlabeled,Unknown
ddc_dzo_01434,unlabeled,Unknown
ddc_dzo_01444,unlabeled,Unknown
ddc_dzo_01426,unlabeled,Unknown
ddc_dzo_01416,unlabeled,Unknown
ddc_dzo_01431,unlabeled,Unknown
ddc_dzo_01470,unlabeled,Unknown
ddc_dzo_01452,unlabeled,Unknown
ddc_dzo_01462,unlabeled,Unknown
ddc_dzo_01481,unlabeled,Unknown
ddc_dzo_01465,unlabeled,Unknown
ddc_dzo_01471,unlabeled,Unknown
ddc_dzo_01453,unlabeled,Unknown
ddc_dzo_01498,unlabeled,Unknown
ddc_dzo_01494,unlabeled,Unknown
ddc_dzo_01502,unlabeled,Unknown
ddc_dzo_01504,unlabeled,Unknown
ddc_dzo_01493,unlabeled,Unknown
ddc_dzo_01545,unlabeled,Unknown
ddc_dzo_01734,unlabeled,Unknown
ddc_dzo_01525,unlabeled,Unknown
ddc_dzo_01523,unlabeled,Unknown
ddc_dzo_01529,unlabeled,Unknown
ddc_dzo_01530,unlabeled,Unknown
ddc_dzo_01537,unlabeled,Unknown
ddc_dzo_01536,unlabeled,Unknown
ddc_dzo_01580,unlabeled,Unknown
ddc_dzo_01577,unlabeled,Unknown
ddc_dzo_01568,unlabeled,Unknown
ddc_dzo_01588,unlabeled,Unknown
ddc_dzo_01591,unlabeled,Unknown
ddc_dzo_01579,unlabeled,Unknown
ddc_dzo_01564,unlabeled,Unknown
ddc_dzo_01605,unlabeled,Unknown
ddc_dzo_01603,unlabeled,Unknown
ddc_dzo_01620,unlabeled,Unknown
ddc_dzo_01625,unlabeled,Unknown
ddc_dzo_01618,unlabeled,Unknown
ddc_dzo_01607,unlabeled,Unknown
ddc_dzo_01621,unlabeled,Unknown
ddc_dzo_01647,unlabeled,Unknown
ddc_dzo_01660,unlabeled,Unknown
ddc_dzo_01631,unlabeled,Unknown
ddc_dzo_01641,unlabeled,Unknown
ddc_dzo_01634,unlabeled,Unknown
ddc_dzo_01652,unlabeled,Unknown
ddc_dzo_01696,unlabeled,Unknown
ddc_dzo_01667,unlabeled,Unknown
ddc_dzo_01682,unlabeled,Unknown
ddc_dzo_01685,unlabeled,Unknown
ddc_dzo_01729,unlabeled,Unknown
ddc_dzo_01705,unlabeled,Unknown
ddc_dzo_01710,unlabeled,Unknown
ddc_dzo_01724,unlabeled,Unknown
ddc_dzo_01703,unlabeled,Unknown
ddc_dzo_01768,unlabeled,Unknown
ddc_dzo_01764,unlabeled,Unknown
ddc_dzo_01767,unlabeled,Unknown
ddc_dzo_01748,unlabeled,Unknown
ddc_dzo_01761,unlabeled,Unknown
ddc_dzo_01763,unlabeled,Unknown
ddc_dzo_01772,unlabeled,Unknown
ddc_dzo_01773,unlabeled,Unknown
ddc_dzo_01783,unlabeled,Unknown
ddc_dzo_01793,unlabeled,Unknown
ddc_dzo_01770,unlabeled,Unknown
ddc_dzo_01800,unlabeled,Unknown
ddc_dzo_01776,unlabeled,Unknown
ddc_dzo_01788,unlabeled,Unknown
ddc_dzo_01834,unlabeled,Unknown
ddc_dzo_01835,unlabeled,Unknown
ddc_dzo_01816,unlabeled,Unknown
ddc_dzo_01813,unlabeled,Unknown
ddc_dzo_01818,unlabeled,Unknown
ddc_dzo_01829,unlabeled,Unknown
ddc_dzo_01830,unlabeled,Unknown
ddc_dzo_01861,unlabeled,Unknown
ddc_dzo_01862,unlabeled,Unknown
ddc_dzo_01854,unlabeled,Unknown
ddc_dzo_01867,unlabeled,Unknown
ddc_dzo_01859,unlabeled,Unknown
ddc_dzo_01840,unlabeled,Unknown
ddc_dzo_01895,unlabeled,Unknown
ddc_dzo_01878,unlabeled,Unknown
ddc_dzo_01903,unlabeled,Unknown
ddc_dzo_01875,unlabeled,Unknown
ddc_dzo_01894,unlabeled,Unknown
ddc_dzo_01933,unlabeled,Unknown
ddc_dzo_01938,unlabeled,Unknown
ddc_dzo_01922,unlabeled,Unknown
ddc_dzo_01926,unlabeled,Unknown
ddc_dzo_01930,unlabeled,Unknown
ddc_dzo_01940,unlabeled,Unknown
ddc_dzo_01936,unlabeled,Unknown
ddc_dzo_01916,unlabeled,Unknown
ddc_dzo_01957,unlabeled,Unknown
ddc_dzo_01950,unlabeled,Unknown
ddc_dzo_01974,unlabeled,Unknown
ddc_dzo_01951,unlabeled,Unknown
ddc_dzo_01959,unlabeled,Unknown
ddc_dzo_01984,unlabeled,Unknown
ddc_dzo_01982,unlabeled,Unknown
ddc_dzo_01988,unlabeled,Unknown
ddc_dzo_01994,unlabeled,Unknown
ddc_dzo_01986,unlabeled,Unknown
ddc_dzo_02012,unlabeled,Unknown
ddc_dzo_02013,unlabeled,Unknown
ddc_dzo_02030,unlabeled,Unknown
ddc_dzo_02037,unlabeled,Unknown
ddc_dzo_02055,unlabeled,Unknown
ddc_dzo_02050,unlabeled,Unknown
ddc_dzo_02044,unlabeled,Unknown
ddc_dzo_02069,unlabeled,Unknown
ddc_dzo_02043,unlabeled,Unknown
ddc_dzo_02045,unlabeled,Unknown
ddc_dzo_02088,unlabeled,Unknown
ddc_dzo_02094,unlabeled,Unknown
ddc_dzo_02097,unlabeled,Unknown
ddc_dzo_02095,unlabeled,Unknown
ddc_dzo_02076,unlabeled,Unknown
ddc_dzo_02072,unlabeled,Unknown
ddc_dzo_02132,unlabeled,Unknown
ddc_dzo_02125,unlabeled,Unknown
ddc_dzo_02137,unlabeled,Unknown
ddc_dzo_02140,unlabeled,Unknown
ddc_dzo_02153,unlabeled,Unknown
ddc_dzo_02143,unlabeled,Unknown
ddc_dzo_02167,unlabeled,Unknown
ddc_dzo_02164,unlabeled,Unknown
ddc_dzo_02171,unlabeled,Unknown
ddc_dzo_02183,unlabeled,Unknown
ddc_dzo_02193,unlabeled,Unknown
ddc_dzo_02205,unlabeled,Unknown
ddc_dzo_02214,unlabeled,Unknown
ddc_dzo_02221,unlabeled,Unknown
ddc_dzo_02194,unlabeled,Unknown
ddc_dzo_02217,unlabeled,Unknown
ddc_dzo_02245,unlabeled,Unknown
ddc_dzo_02242,unlabeled,Unknown
ddc_dzo_02229,unlabeled,Unknown
ddc_dzo_02233,unlabeled,Unknown
ddc_dzo_02223,unlabeled,Unknown
ddc_dzo_02234,unlabeled,Unknown
ddc_dzo_02269,unlabeled,Unknown
ddc_dzo_02272,unlabeled,Unknown
ddc_dzo_02270,unlabeled,Unknown
ddc_dzo_02262,unlabeled,Unknown
ddc_dzo_02271,unlabeled,Unknown
ddc_dzo_02279,unlabeled,Unknown
ddc_dzo_02308,unlabeled,Unknown
ddc_dzo_02296,unlabeled,Unknown
ddc_dzo_02290,unlabeled,Unknown
ddc_dzo_02306,unlabeled,Unknown
ddc_dzo_02282,unlabeled,Unknown
ddc_dzo_02291,unlabeled,Unknown
ddc_dzo_02286,unlabeled,Unknown
ddc_dzo_02312,unlabeled,Unknown
ddc_dzo_02336,unlabeled,Unknown
ddc_dzo_02323,unlabeled,Unknown
ddc_dzo_02311,unlabeled,Unknown
ddc_dzo_02339,unlabeled,Unknown
ddc_dzo_02321,unlabeled,Unknown
ddc_dzo_02351,unlabeled,Unknown
ddc_dzo_02360,unlabeled,Unknown
ddc_dzo_02362,unlabeled,Unknown
ddc_dzo_02368,unlabeled,Unknown
ddc_dzo_02341,unlabeled,Unknown
ddc_dzo_02385,unlabeled,Unknown
ddc_dzo_02384,unlabeled,Unknown
ddc_dzo_02375,unlabeled,Unknown
ddc_dzo_02378,unlabeled,Unknown
ddc_dzo_02380,unlabeled,Unknown
ddc_dzo_02406,unlabeled,Unknown
ddc_dzo_02400,unlabeled,Unknown
ddc_dzo_02414,unlabeled,Unknown
ddc_dzo_02407,unlabeled,Unknown
ddc_dzo_02416,unlabeled,Unknown
ddc_dzo_02429,unlabeled,Unknown
ddc_dzo_02450,unlabeled,Unknown
ddc_dzo_02436,unlabeled,Unknown
ddc_dzo_02433,unlabeled,Unknown
ddc_dzo_02484,unlabeled,Unknown
ddc_dzo_02479,unlabeled,Unknown
ddc_dzo_02481,unlabeled,Unknown
ddc_dzo_02503,unlabeled,Unknown
ddc_dzo_02499,unlabeled,Unknown
ddc_dzo_02508,unlabeled,Unknown
ddc_dzo_02489,unlabeled,Unknown
ddc_dzo_02494,unlabeled,Unknown
ddc_dzo_02492,unlabeled,Unknown
ddc_dzo_02493,unlabeled,Unknown
ddc_dzo_02538,unlabeled,Unknown
ddc_dzo_02525,unlabeled,Unknown
ddc_dzo_02524,unlabeled,Unknown
ddc_dzo_02553,unlabeled,Unknown
ddc_dzo_02571,unlabeled,Unknown
ddc_dzo_02601,unlabeled,Unknown
ddc_dzo_02592,unlabeled,Unknown
ddc_dzo_02579,unlabeled,Unknown
ddc_dzo_02611,unlabeled,Unknown
ddc_dzo_02624,unlabeled,Unknown
ddc_dzo_02610,unlabeled,Unknown
ddc_dzo_02641,unlabeled,Unknown
ddc_dzo_02652,unlabeled,Unknown
ddc_dzo_02644,unlabeled,Unknown
ddc_dzo_02647,unlabeled,Unknown
ddc_dzo_02645,unlabeled,Unknown
ddc_dzo_02639,unlabeled,Unknown
ddc_dzo_02662,unlabeled,Unknown
ddc_dzo_02693,unlabeled,Unknown
ddc_dzo_02684,unlabeled,Unknown
ddc_dzo_02686,unlabeled,Unknown
ddc_dzo_02675,unlabeled,Unknown
ddc_dzo_02697,unlabeled,Unknown
ddc_dzo_02698,unlabeled,Unknown
ddc_dzo_02703,unlabeled,Unknown
ddc_dzo_02695,unlabeled,Unknown
ddc_dzo_02708,unlabeled,Unknown
ddc_dzo_02711,unlabeled,Unknown
ddc_dzo_02718,unlabeled,Unknown
ddc_dzo_02736,unlabeled,Unknown
ddc_dzo_02726,unlabeled,Unknown
ddc_dzo_02728,unlabeled,Unknown
ddc_dzo_02733,unlabeled,Unknown
ddc_dzo_02739,unlabeled,Unknown
ddc_dzo_02749,unlabeled,Unknown
ddc_dzo_02760,unlabeled,Unknown
ddc_dzo_02767,unlabeled,Unknown
ddc_dzo_02773,unlabeled,Unknown
ddc_dzo_02762,unlabeled,Unknown
ddc_dzo_02772,unlabeled,Unknown
ddc_dzo_02764,unlabeled,Unknown
ddc_dzo_02771,unlabeled,Unknown
ddc_dzo_02794,unlabeled,Unknown
ddc_dzo_02798,unlabeled,Unknown
ddc_dzo_02799,unlabeled,Unknown
ddc_dzo_02791,unlabeled,Unknown
ddc_dzo_02797,unlabeled,Unknown
ddc_dzo_02825,unlabeled,Unknown
ddc_dzo_02826,unlabeled,Unknown
ddc_dzo_02834,unlabeled,Unknown
ddc_dzo_03049,unlabeled,Unknown
ddc_dzo_02817,unlabeled,Unknown
ddc_dzo_02832,unlabeled,Unknown
ddc_dzo_02829,unlabeled,Unknown
ddc_dzo_02867,unlabeled,Unknown
ddc_dzo_02847,unlabeled,Unknown
ddc_dzo_02878,unlabeled,Unknown
ddc_dzo_02885,unlabeled,Unknown
ddc_dzo_02881,unlabeled,Unknown
ddc_dzo_02897,unlabeled,Unknown
ddc_dzo_02898,unlabeled,Unknown
ddc_dzo_02892,unlabeled,Unknown
ddc_dzo_02894,unlabeled,Unknown
ddc_dzo_02931,unlabeled,Unknown
ddc_dzo_02934,unlabeled,Unknown
ddc_dzo_02933,unlabeled,Unknown
ddc_dzo_02921,unlabeled,Unknown
ddc_dzo_02908,unlabeled,Unknown
ddc_dzo_02936,unlabeled,Unknown
ddc_dzo_02966,unlabeled,Unknown
ddc_dzo_02957,unlabeled,Unknown
ddc_dzo_02958,unlabeled,Unknown
ddc_dzo_02942,unlabeled,Unknown
ddc_dzo_02959,unlabeled,Unknown
ddc_dzo_02962,unlabeled,Unknown
ddc_dzo_02999,unlabeled,Unknown
ddc_dzo_02974,unlabeled,Unknown
ddc_dzo_02972,unlabeled,Unknown
ddc_dzo_03000,unlabeled,Unknown
ddc_dzo_03004,unlabeled,Unknown
ddc_dzo_02988,unlabeled,Unknown
ddc_dzo_02975,unlabeled,Unknown
ddc_dzo_03037,unlabeled,Unknown
ddc_dzo_03041,unlabeled,Unknown
ddc_dzo_03040,unlabeled,Unknown
ddc_dzo_03034,unlabeled,Unknown
ddc_dzo_03026,unlabeled,Unknown
ddc_dzo_03032,unlabeled,Unknown
ddc_dzo_03046,unlabeled,Unknown
ddc_dzo_03085,unlabeled,Unknown
ddc_dzo_03067,unlabeled,Unknown
ddc_dzo_03080,unlabeled,Unknown
ddc_dzo_03051,unlabeled,Unknown
ddc_dzo_03087,unlabeled,Unknown
ddc_dzo_03065,unlabeled,Unknown
ddc_dzo_03060,unlabeled,Unknown
ddc_dzo_03056,unlabeled,Unknown
ddc_dzo_03054,unlabeled,Unknown
ddc_dzo_03053,unlabeled,Unknown
ddc_dzo_03076,unlabeled,Unknown
ddc_dzo_03116,unlabeled,Unknown
ddc_dzo_03119,unlabeled,Unknown
ddc_dzo_03113,unlabeled,Unknown
ddc_dzo_03121,unlabeled,Unknown
ddc_dzo_03106,unlabeled,Unknown
ddc_dzo_03094,unlabeled,Unknown
ddc_dzo_03093,unlabeled,Unknown
ddc_dzo_03134,unlabeled,Unknown
ddc_dzo_03137,unlabeled,Unknown
ddc_dzo_03142,unlabeled,Unknown
ddc_dzo_03204,unlabeled,Unknown
ddc_dzo_03144,unlabeled,Unknown
ddc_dzo_03149,unlabeled,Unknown
ddc_dzo_03128,unlabeled,Unknown
ddc_dzo_03131,unlabeled,Unknown
ddc_dzo_03170,unlabeled,Unknown
ddc_dzo_03185,unlabeled,Unknown
ddc_dzo_03196,unlabeled,Unknown
ddc_dzo_03188,unlabeled,Unknown
ddc_dzo_03194,unlabeled,Unknown
ddc_dzo_03201,unlabeled,Unknown
ddc_dzo_03176,unlabeled,Unknown
ddc_dzo_03197,unlabeled,Unknown
ddc_dzo_03234,unlabeled,Unknown
ddc_dzo_03227,unlabeled,Unknown
ddc_dzo_03231,unlabeled,Unknown
ddc_dzo_03233,unlabeled,Unknown
ddc_dzo_03276,unlabeled,Unknown
ddc_dzo_03277,unlabeled,Unknown
ddc_dzo_03259,unlabeled,Unknown
ddc_dzo_03261,unlabeled,Unknown
ddc_dzo_03257,unlabeled,Unknown
ddc_dzo_03282,unlabeled,Unknown
ddc_dzo_03315,unlabeled,Unknown
ddc_dzo_03298,unlabeled,Unknown
ddc_dzo_03311,unlabeled,Unknown
ddc_dzo_03289,unlabeled,Unknown
ddc_dzo_03300,unlabeled,Unknown
ddc_dzo_03292,unlabeled,Unknown
ddc_dzo_03301,unlabeled,Unknown
ddc_dzo_03285,unlabeled,Unknown
ddc_dzo_03291,unlabeled,Unknown
ddc_dzo_03352,unlabeled,Unknown
ddc_dzo_03338,unlabeled,Unknown
ddc_dzo_03337,unlabeled,Unknown
ddc_dzo_03329,unlabeled,Unknown
ddc_dzo_03324,unlabeled,Unknown
ddc_dzo_03335,unlabeled,Unknown
ddc_dzo_03353,unlabeled,Unknown
ddc_dzo_03322,unlabeled,Unknown
ddc_dzo_03354,unlabeled,Unknown
ddc_dzo_03331,unlabeled,Unknown
ddc_dzo_03382,unlabeled,Unknown
ddc_dzo_03374,unlabeled,Unknown
ddc_dzo_03367,unlabeled,Unknown
ddc_dzo_03390,unlabeled,Unknown
ddc_dzo_03355,unlabeled,Unknown
ddc_dzo_03386,unlabeled,Unknown
ddc_dzo_03360,unlabeled,Unknown
ddc_dzo_03421,unlabeled,Unknown
ddc_dzo_03428,unlabeled,Unknown
ddc_dzo_03410,unlabeled,Unknown
ddc_dzo_03418,unlabeled,Unknown
ddc_dzo_03407,unlabeled,Unknown
ddc_dzo_03412,unlabeled,Unknown
ddc_dzo_03431,unlabeled,Unknown
ddc_dzo_03467,unlabeled,Unknown
ddc_dzo_03454,unlabeled,Unknown
ddc_dzo_03464,unlabeled,Unknown
ddc_dzo_03453,unlabeled,Unknown
ddc_dzo_03460,unlabeled,Unknown
ddc_dzo_03471,unlabeled,Unknown
ddc_dzo_03438,unlabeled,Unknown
ddc_dzo_03473,unlabeled,Unknown
ddc_dzo_03448,unlabeled,Unknown
ddc_dzo_03441,unlabeled,Unknown
ddc_dzo_03513,unlabeled,Unknown
ddc_dzo_03491,unlabeled,Unknown
ddc_dzo_03497,unlabeled,Unknown
ddc_dzo_03479,unlabeled,Unknown
ddc_dzo_03489,unlabeled,Unknown
ddc_dzo_03509,unlabeled,Unknown
ddc_dzo_03520,unlabeled,Unknown
ddc_dzo_03532,unlabeled,Unknown
ddc_dzo_03536,unlabeled,Unknown
ddc_dzo_03516,unlabeled,Unknown
ddc_dzo_03541,unlabeled,Unknown
ddc_dzo_03551,unlabeled,Unknown
ddc_dzo_03533,unlabeled,Unknown
ddc_dzo_03581,unlabeled,Unknown
ddc_dzo_03570,unlabeled,Unknown
ddc_dzo_03582,unlabeled,Unknown
ddc_dzo_03554,unlabeled,Unknown
ddc_dzo_03586,unlabeled,Unknown
ddc_dzo_03574,unlabeled,Unknown
ddc_dzo_03589,unlabeled,Unknown
ddc_dzo_03595,unlabeled,Unknown
ddc_dzo_03624,unlabeled,Unknown
ddc_dzo_03596,unlabeled,Unknown
ddc_dzo_03626,unlabeled,Unknown
ddc_dzo_03598,unlabeled,Unknown
ddc_dzo_03594,unlabeled,Unknown
ddc_dzo_03622,unlabeled,Unknown
ddc_dzo_03645,unlabeled,Unknown
ddc_dzo_03656,unlabeled,Unknown
ddc_dzo_03663,unlabeled,Unknown
ddc_dzo_03666,unlabeled,Unknown
ddc_dzo_03634,unlabeled,Unknown
ddc_dzo_03638,unlabeled,Unknown
ddc_dzo_03705,unlabeled,Unknown
ddc_dzo_03702,unlabeled,Unknown
ddc_dzo_03699,unlabeled,Unknown
ddc_dzo_03693,unlabeled,Unknown
ddc_dzo_03698,unlabeled,Unknown
ddc_dzo_03688,unlabeled,Unknown
ddc_dzo_03682,unlabeled,Unknown
ddc_dzo_03700,unlabeled,Unknown
ddc_dzo_03683,unlabeled,Unknown
ddc_dzo_03710,unlabeled,Unknown
ddc_dzo_03734,unlabeled,Unknown
ddc_dzo_03713,unlabeled,Unknown
ddc_dzo_03736,unlabeled,Unknown
ddc_dzo_03728,unlabeled,Unknown
ddc_dzo_03718,unlabeled,Unknown
ddc_dzo_03730,unlabeled,Unknown
ddc_dzo_03722,unlabeled,Unknown
ddc_dzo_03768,unlabeled,Unknown
ddc_dzo_03778,unlabeled,Unknown
ddc_dzo_03759,unlabeled,Unknown
ddc_dzo_03786,unlabeled,Unknown
ddc_dzo_03779,unlabeled,Unknown
ddc_dzo_03766,unlabeled,Unknown
ddc_dzo_03782,unlabeled,Unknown
ddc_dzo_03763,unlabeled,Unknown
ddc_dzo_03756,unlabeled,Unknown
ddc_dzo_03757,unlabeled,Unknown
ddc_dzo_03809,unlabeled,Unknown
ddc_dzo_03797,unlabeled,Unknown
ddc_dzo_03815,unlabeled,Unknown
ddc_dzo_03810,unlabeled,Unknown
ddc_dzo_03808,unlabeled,Unknown
ddc_dzo_03853,unlabeled,Unknown
ddc_dzo_03849,unlabeled,Unknown
ddc_dzo_03861,unlabeled,Unknown
ddc_dzo_03835,unlabeled,Unknown
ddc_dzo_03844,unlabeled,Unknown
ddc_dzo_03837,unlabeled,Unknown
ddc_dzo_03899,unlabeled,Unknown
ddc_dzo_03868,unlabeled,Unknown
ddc_dzo_03867,unlabeled,Unknown
ddc_dzo_03886,unlabeled,Unknown
ddc_dzo_03900,unlabeled,Unknown
ddc_dzo_03903,unlabeled,Unknown
ddc_dzo_03879,unlabeled,Unknown
ddc_dzo_03882,unlabeled,Unknown
ddc_dzo_03930,unlabeled,Unknown
ddc_dzo_03906,unlabeled,Unknown
ddc_dzo_03931,unlabeled,Unknown
ddc_dzo_03909,unlabeled,Unknown
ddc_dzo_03904,unlabeled,Unknown
ddc_dzo_03922,unlabeled,Unknown
ddc_dzo_03918,unlabeled,Unknown
ddc_dzo_03936,unlabeled,Unknown
ddc_dzo_03924,unlabeled,Unknown
ddc_dzo_03937,unlabeled,Unknown
ddc_dzo_03905,unlabeled,Unknown
ddc_dzo_03976,unlabeled,Unknown
ddc_dzo_03975,unlabeled,Unknown
ddc_dzo_03953,unlabeled,Unknown
ddc_dzo_03971,unlabeled,Unknown
ddc_dzo_03964,unlabeled,Unknown
ddc_dzo_03949,unlabeled,Unknown
ddc_dzo_04001,unlabeled,Unknown
ddc_dzo_03985,unlabeled,Unknown
ddc_dzo_04007,unlabeled,Unknown
ddc_dzo_04011,unlabeled,Unknown
ddc_dzo_03992,unlabeled,Unknown
ddc_dzo_04021,unlabeled,Unknown
ddc_dzo_04010,unlabeled,Unknown
ddc_dzo_03993,unlabeled,Unknown
ddc_dzo_04002,unlabeled,Unknown
ddc_dzo_04046,unlabeled,Unknown
ddc_dzo_04037,unlabeled,Unknown
ddc_dzo_04058,unlabeled,Unknown
ddc_dzo_04042,unlabeled,Unknown
ddc_dzo_04052,unlabeled,Unknown
ddc_dzo_04029,unlabeled,Unknown
ddc_dzo_04036,unlabeled,Unknown
ddc_dzo_04050,unlabeled,Unknown
ddc_dzo_04040,unlabeled,Unknown
ddc_dzo_04048,unlabeled,Unknown
ddc_dzo_04030,unlabeled,Unknown
ddc_dzo_04099,unlabeled,Unknown
ddc_dzo_04083,unlabeled,Unknown
ddc_dzo_04071,unlabeled,Unknown
ddc_dzo_04090,unlabeled,Unknown
ddc_dzo_04065,unlabeled,Unknown
ddc_dzo_04078,unlabeled,Unknown
ddc_dzo_04096,unlabeled,Unknown
ddc_dzo_04068,unlabeled,Unknown
ddc_dzo_04063,unlabeled,Unknown
ddc_dzo_04081,unlabeled,Unknown
ddc_dzo_04131,unlabeled,Unknown
ddc_dzo_04104,unlabeled,Unknown
ddc_dzo_04124,unlabeled,Unknown
ddc_dzo_04126,unlabeled,Unknown
ddc_dzo_04128,unlabeled,Unknown
ddc_dzo_04112,unlabeled,Unknown
ddc_dzo_04113,unlabeled,Unknown
ddc_dzo_04111,unlabeled,Unknown
ddc_dzo_04105,unlabeled,Unknown
ddc_dzo_04118,unlabeled,Unknown
ddc_dzo_04159,unlabeled,Unknown
ddc_dzo_04172,unlabeled,Unknown
ddc_dzo_04170,unlabeled,Unknown
ddc_dzo_04171,unlabeled,Unknown
ddc_dzo_04169,unlabeled,Unknown
ddc_dzo_04146,unlabeled,Unknown
ddc_dzo_04173,unlabeled,Unknown
ddc_dzo_04193,unlabeled,Unknown
ddc_dzo_04181,unlabeled,Unknown
ddc_dzo_04197,unlabeled,Unknown
ddc_dzo_04200,unlabeled,Unknown
ddc_dzo_04188,unlabeled,Unknown
ddc_dzo_04209,unlabeled,Unknown
ddc_dzo_04213,unlabeled,Unknown
ddc_dzo_04220,unlabeled,Unknown
ddc_dzo_04225,unlabeled,Unknown
ddc_dzo_04230,unlabeled,Unknown
ddc_dzo_04234,unlabeled,Unknown
ddc_dzo_04251,unlabeled,Unknown
ddc_dzo_04240,unlabeled,Unknown
ddc_dzo_04242,unlabeled,Unknown
ddc_dzo_04223,unlabeled,Unknown
ddc_dzo_04238,unlabeled,Unknown
ddc_dzo_04226,unlabeled,Unknown
ddc_dzo_04286,unlabeled,Unknown
ddc_dzo_04288,unlabeled,Unknown
ddc_dzo_04261,unlabeled,Unknown
ddc_dzo_04367,unlabeled,Unknown
ddc_dzo_04269,unlabeled,Unknown
ddc_dzo_04274,unlabeled,Unknown
ddc_dzo_04294,unlabeled,Unknown
ddc_dzo_04304,unlabeled,Unknown
ddc_dzo_04315,unlabeled,Unknown
ddc_dzo_04299,unlabeled,Unknown
ddc_dzo_04329,unlabeled,Unknown
ddc_dzo_04331,unlabeled,Unknown
ddc_dzo_04366,unlabeled,Unknown
ddc_dzo_04351,unlabeled,Unknown
ddc_dzo_04346,unlabeled,Unknown
ddc_dzo_04338,unlabeled,Unknown
ddc_dzo_04368,unlabeled,Unknown
ddc_dzo_04397,unlabeled,Unknown
ddc_dzo_04392,unlabeled,Unknown
ddc_dzo_04403,unlabeled,Unknown
ddc_dzo_04400,unlabeled,Unknown
ddc_dzo_04372,unlabeled,Unknown
ddc_dzo_04405,unlabeled,Unknown
ddc_dzo_04378,unlabeled,Unknown
ddc_dzo_04440,unlabeled,Unknown
ddc_dzo_04410,unlabeled,Unknown
ddc_dzo_04429,unlabeled,Unknown
ddc_dzo_04409,unlabeled,Unknown
ddc_dzo_04412,unlabeled,Unknown
ddc_dzo_04427,unlabeled,Unknown
ddc_dzo_04442,unlabeled,Unknown
ddc_dzo_04432,unlabeled,Unknown
ddc_dzo_04448,unlabeled,Unknown
ddc_dzo_04461,unlabeled,Unknown
ddc_dzo_04485,unlabeled,Unknown
ddc_dzo_04471,unlabeled,Unknown
ddc_dzo_04464,unlabeled,Unknown
ddc_dzo_04466,unlabeled,Unknown
ddc_dzo_04463,unlabeled,Unknown
ddc_dzo_04468,unlabeled,Unknown
ddc_dzo_04475,unlabeled,Unknown
ddc_dzo_04449,unlabeled,Unknown
ddc_dzo_04516,unlabeled,Unknown
ddc_dzo_04500,unlabeled,Unknown
ddc_dzo_04525,unlabeled,Unknown
ddc_dzo_04507,unlabeled,Unknown
ddc_dzo_04502,unlabeled,Unknown
ddc_dzo_04517,unlabeled,Unknown
ddc_dzo_04493,unlabeled,Unknown
ddc_dzo_04506,unlabeled,Unknown
ddc_dzo_04520,unlabeled,Unknown
ddc_dzo_04518,unlabeled,Unknown
ddc_dzo_04494,unlabeled,Unknown
ddc_dzo_04528,unlabeled,Unknown
ddc_dzo_04536,unlabeled,Unknown
ddc_dzo_04550,unlabeled,Unknown
ddc_dzo_04541,unlabeled,Unknown
ddc_dzo_04564,unlabeled,Unknown
ddc_dzo_04555,unlabeled,Unknown
ddc_dzo_04595,unlabeled,Unknown
ddc_dzo_04579,unlabeled,Unknown
ddc_dzo_04583,unlabeled,Unknown
ddc_dzo_04598,unlabeled,Unknown
ddc_dzo_04605,unlabeled,Unknown
ddc_dzo_04592,unlabeled,Unknown
ddc_dzo_04645,unlabeled,Unknown
ddc_dzo_04636,unlabeled,Unknown
ddc_dzo_04625,unlabeled,Unknown
ddc_dzo_04641,unlabeled,Unknown
ddc_dzo_04664,unlabeled,Unknown
ddc_dzo_04665,unlabeled,Unknown
ddc_dzo_04678,unlabeled,Unknown
ddc_dzo_04657,unlabeled,Unknown
ddc_dzo_04680,unlabeled,Unknown
ddc_dzo_04676,unlabeled,Unknown
ddc_dzo_04672,unlabeled,Unknown
ddc_dzo_04686,unlabeled,Unknown
ddc_dzo_04655,unlabeled,Unknown
ddc_dzo_04701,unlabeled,Unknown
ddc_dzo_04706,unlabeled,Unknown
ddc_dzo_04715,unlabeled,Unknown
ddc_dzo_04718,unlabeled,Unknown
ddc_dzo_04717,unlabeled,Unknown
ddc_dzo_04708,unlabeled,Unknown
ddc_dzo_04689,unlabeled,Unknown
ddc_dzo_04696,unlabeled,Unknown
ddc_dzo_04760,unlabeled,Unknown
ddc_dzo_04733,unlabeled,Unknown
ddc_dzo_04745,unlabeled,Unknown
ddc_dzo_04738,unlabeled,Unknown
ddc_dzo_04730,unlabeled,Unknown
ddc_dzo_04781,unlabeled,Unknown
ddc_dzo_04795,unlabeled,Unknown
ddc_dzo_04770,unlabeled,Unknown
ddc_dzo_04784,unlabeled,Unknown
ddc_dzo_04799,unlabeled,Unknown
ddc_dzo_05542,unlabeled,Unknown
ddc_dzo_04766,unlabeled,Unknown
ddc_dzo_04778,unlabeled,Unknown
ddc_dzo_04786,unlabeled,Unknown
ddc_dzo_04826,unlabeled,Unknown
ddc_dzo_04818,unlabeled,Unknown
ddc_dzo_04816,unlabeled,Unknown
ddc_dzo_04829,unlabeled,Unknown
ddc_dzo_04828,unlabeled,Unknown
ddc_dzo_04820,unlabeled,Unknown
ddc_dzo_04827,unlabeled,Unknown
ddc_dzo_04802,unlabeled,Unknown
ddc_dzo_04839,unlabeled,Unknown
ddc_dzo_04861,unlabeled,Unknown
ddc_dzo_04868,unlabeled,Unknown
ddc_dzo_04855,unlabeled,Unknown
ddc_dzo_04869,unlabeled,Unknown
ddc_dzo_04851,unlabeled,Unknown
ddc_dzo_04863,unlabeled,Unknown
ddc_dzo_04878,unlabeled,Unknown
ddc_dzo_04890,unlabeled,Unknown
ddc_dzo_04881,unlabeled,Unknown
ddc_dzo_04900,unlabeled,Unknown
ddc_dzo_04911,unlabeled,Unknown
ddc_dzo_04904,unlabeled,Unknown
ddc_dzo_04885,unlabeled,Unknown
ddc_dzo_04882,unlabeled,Unknown
ddc_dzo_04948,unlabeled,Unknown
ddc_dzo_04927,unlabeled,Unknown
ddc_dzo_04943,unlabeled,Unknown
ddc_dzo_04947,unlabeled,Unknown
ddc_dzo_04937,unlabeled,Unknown
ddc_dzo_04942,unlabeled,Unknown
ddc_dzo_04918,unlabeled,Unknown
ddc_dzo_04981,unlabeled,Unknown
ddc_dzo_04961,unlabeled,Unknown
ddc_dzo_04977,unlabeled,Unknown
ddc_dzo_04972,unlabeled,Unknown
ddc_dzo_04954,unlabeled,Unknown
ddc_dzo_05013,unlabeled,Unknown
ddc_dzo_05001,unlabeled,Unknown
ddc_dzo_05021,unlabeled,Unknown
ddc_dzo_05005,unlabeled,Unknown
ddc_dzo_05016,unlabeled,Unknown
ddc_dzo_04989,unlabeled,Unknown
ddc_dzo_05011,unlabeled,Unknown
ddc_dzo_05018,unlabeled,Unknown
ddc_dzo_05017,unlabeled,Unknown
ddc_dzo_05060,unlabeled,Unknown
ddc_dzo_05062,unlabeled,Unknown
ddc_dzo_05044,unlabeled,Unknown
ddc_dzo_05041,unlabeled,Unknown
ddc_dzo_05027,unlabeled,Unknown
ddc_dzo_05058,unlabeled,Unknown
ddc_dzo_05091,unlabeled,Unknown
ddc_dzo_05081,unlabeled,Unknown
ddc_dzo_05089,unlabeled,Unknown
ddc_dzo_05098,unlabeled,Unknown
ddc_dzo_05087,unlabeled,Unknown
ddc_dzo_05069,unlabeled,Unknown
ddc_dzo_05095,unlabeled,Unknown
ddc_dzo_05129,unlabeled,Unknown
ddc_dzo_05112,unlabeled,Unknown
ddc_dzo_05135,unlabeled,Unknown
ddc_dzo_05117,unlabeled,Unknown
ddc_dzo_05106,unlabeled,Unknown
ddc_dzo_05114,unlabeled,Unknown
ddc_dzo_05130,unlabeled,Unknown
ddc_dzo_05119,unlabeled,Unknown
ddc_dzo_05101,unlabeled,Unknown
ddc_dzo_05166,unlabeled,Unknown
ddc_dzo_05168,unlabeled,Unknown
ddc_dzo_05159,unlabeled,Unknown
ddc_dzo_05167,unlabeled,Unknown
ddc_dzo_05153,unlabeled,Unknown
ddc_dzo_05177,unlabeled,Unknown
ddc_dzo_05181,unlabeled,Unknown
ddc_dzo_05201,unlabeled,Unknown
ddc_dzo_05205,unlabeled,Unknown
ddc_dzo_05189,unlabeled,Unknown
ddc_dzo_05180,unlabeled,Unknown
ddc_dzo_05197,unlabeled,Unknown
ddc_dzo_05185,unlabeled,Unknown
ddc_dzo_05178,unlabeled,Unknown
ddc_dzo_05223,unlabeled,Unknown
ddc_dzo_05226,unlabeled,Unknown
ddc_dzo_05214,unlabeled,Unknown
ddc_dzo_05238,unlabeled,Unknown
ddc_dzo_05228,unlabeled,Unknown
ddc_dzo_05237,unlabeled,Unknown
ddc_dzo_05225,unlabeled,Unknown
ddc_dzo_05241,unlabeled,Unknown
ddc_dzo_05247,unlabeled,Unknown
ddc_dzo_05255,unlabeled,Unknown
ddc_dzo_05250,unlabeled,Unknown
ddc_dzo_05275,unlabeled,Unknown
ddc_dzo_05270,unlabeled,Unknown
ddc_dzo_05261,unlabeled,Unknown
ddc_dzo_05249,unlabeled,Unknown
ddc_dzo_05276,unlabeled,Unknown
ddc_dzo_05291,unlabeled,Unknown
ddc_dzo_05280,unlabeled,Unknown
ddc_dzo_05284,unlabeled,Unknown
ddc_dzo_05311,unlabeled,Unknown
ddc_dzo_05307,unlabeled,Unknown
ddc_dzo_05333,unlabeled,Unknown
ddc_dzo_05322,unlabeled,Unknown
ddc_dzo_05334,unlabeled,Unknown
ddc_dzo_05313,unlabeled,Unknown
ddc_dzo_05325,unlabeled,Unknown
ddc_dzo_05324,unlabeled,Unknown
ddc_dzo_05339,unlabeled,Unknown
ddc_dzo_05342,unlabeled,Unknown
ddc_dzo_05365,unlabeled,Unknown
ddc_dzo_05379,unlabeled,Unknown
ddc_dzo_05389,unlabeled,Unknown
ddc_dzo_05364,unlabeled,Unknown
ddc_dzo_05351,unlabeled,Unknown
ddc_dzo_05380,unlabeled,Unknown
ddc_dzo_05386,unlabeled,Unknown
ddc_dzo_05383,unlabeled,Unknown
ddc_dzo_05382,unlabeled,Unknown
ddc_dzo_05405,unlabeled,Unknown
ddc_dzo_05392,unlabeled,Unknown
ddc_dzo_05393,unlabeled,Unknown
ddc_dzo_05417,unlabeled,Unknown
ddc_dzo_05394,unlabeled,Unknown
ddc_dzo_05413,unlabeled,Unknown
ddc_dzo_05395,unlabeled,Unknown
ddc_dzo_05411,unlabeled,Unknown
ddc_dzo_05425,unlabeled,Unknown
ddc_dzo_05459,unlabeled,Unknown
ddc_dzo_05451,unlabeled,Unknown
ddc_dzo_05456,unlabeled,Unknown
ddc_dzo_05465,unlabeled,Unknown
ddc_dzo_05433,unlabeled,Unknown
ddc_dzo_05454,unlabeled,Unknown
ddc_dzo_05439,unlabeled,Unknown
ddc_dzo_05460,unlabeled,Unknown
ddc_dzo_05463,unlabeled,Unknown
ddc_dzo_05477,unlabeled,Unknown
ddc_dzo_05488,unlabeled,Unknown
ddc_dzo_05478,unlabeled,Unknown
ddc_dzo_05469,unlabeled,Unknown
ddc_dzo_05470,unlabeled,Unknown
ddc_dzo_05476,unlabeled,Unknown
ddc_dzo_05483,unlabeled,Unknown
ddc_dzo_05468,unlabeled,Unknown
ddc_dzo_05510,unlabeled,Unknown
ddc_dzo_05535,unlabeled,Unknown
ddc_dzo_05514,unlabeled,Unknown
ddc_dzo_05516,unlabeled,Unknown
ddc_dzo_05512,unlabeled,Unknown
ddc_dzo_05508,unlabeled,Unknown
ddc_dzo_05529,unlabeled,Unknown
ddc_dzo_05531,unlabeled,Unknown
ddc_dzo_05523,unlabeled,Unknown
ddc_dzo_05525,unlabeled,Unknown
ddc_dzo_05533,unlabeled,Unknown
ddc_dzo_05522,unlabeled,Unknown
ddc_dzo_05577,unlabeled,Unknown
ddc_dzo_05546,unlabeled,Unknown
ddc_dzo_05557,unlabeled,Unknown
ddc_dzo_05549,unlabeled,Unknown
ddc_dzo_05568,unlabeled,Unknown
ddc_dzo_05564,unlabeled,Unknown
ddc_dzo_05580,unlabeled,Unknown
ddc_dzo_05563,unlabeled,Unknown
ddc_dzo_05573,unlabeled,Unknown
ddc_dzo_05588,unlabeled,Unknown
ddc_dzo_05591,unlabeled,Unknown
ddc_dzo_05624,unlabeled,Unknown
ddc_dzo_05619,unlabeled,Unknown
ddc_dzo_05601,unlabeled,Unknown
ddc_dzo_05596,unlabeled,Unknown
ddc_dzo_05652,unlabeled,Unknown
ddc_dzo_05641,unlabeled,Unknown
ddc_dzo_05656,unlabeled,Unknown
ddc_dzo_05628,unlabeled,Unknown
ddc_dzo_05647,unlabeled,Unknown
ddc_dzo_05660,unlabeled,Unknown
ddc_dzo_05646,unlabeled,Unknown
ddc_dzo_05661,unlabeled,Unknown
ddc_dzo_05655,unlabeled,Unknown
ddc_dzo_05681,unlabeled,Unknown
ddc_dzo_05687,unlabeled,Unknown
ddc_dzo_05666,unlabeled,Unknown
ddc_dzo_05672,unlabeled,Unknown
ddc_dzo_05688,unlabeled,Unknown
ddc_dzo_05701,unlabeled,Unknown
ddc_dzo_05684,unlabeled,Unknown
ddc_dzo_05689,unlabeled,Unknown
ddc_dzo_05690,unlabeled,Unknown
ddc_dzo_05711,unlabeled,Unknown
ddc_dzo_05736,unlabeled,Unknown
ddc_dzo_05714,unlabeled,Unknown
ddc_dzo_05721,unlabeled,Unknown
ddc_dzo_05712,unlabeled,Unknown
ddc_dzo_05716,unlabeled,Unknown
ddc_dzo_05739,unlabeled,Unknown
ddc_dzo_05730,unlabeled,Unknown
ddc_dzo_05751,unlabeled,Unknown
ddc_dzo_05750,unlabeled,Unknown
ddc_dzo_05752,unlabeled,Unknown
ddc_dzo_05754,unlabeled,Unknown
ddc_dzo_05746,unlabeled,Unknown
ddc_dzo_05742,unlabeled,Unknown
ddc_dzo_05793,unlabeled,Unknown
ddc_dzo_05805,unlabeled,Unknown
ddc_dzo_05787,unlabeled,Unknown
ddc_dzo_05790,unlabeled,Unknown
ddc_dzo_05800,unlabeled,Unknown
ddc_dzo_05818,unlabeled,Unknown
ddc_dzo_05819,unlabeled,Unknown
ddc_dzo_05820,unlabeled,Unknown
ddc_dzo_05828,unlabeled,Unknown
ddc_dzo_05831,unlabeled,Unknown
ddc_dzo_05822,unlabeled,Unknown
ddc_dzo_05843,unlabeled,Unknown
ddc_dzo_05845,unlabeled,Unknown
ddc_dzo_05877,unlabeled,Unknown
ddc_dzo_05863,unlabeled,Unknown
ddc_dzo_05883,unlabeled,Unknown
ddc_dzo_05886,unlabeled,Unknown
ddc_dzo_05856,unlabeled,Unknown
ddc_dzo_05862,unlabeled,Unknown
ddc_dzo_05872,unlabeled,Unknown
ddc_dzo_06085,unlabeled,Unknown
ddc_dzo_05917,unlabeled,Unknown
ddc_dzo_05927,unlabeled,Unknown
ddc_dzo_05905,unlabeled,Unknown
ddc_dzo_05931,unlabeled,Unknown
ddc_dzo_05924,unlabeled,Unknown
ddc_dzo_05895,unlabeled,Unknown
ddc_dzo_05959,unlabeled,Unknown
ddc_dzo_05956,unlabeled,Unknown
ddc_dzo_05934,unlabeled,Unknown
ddc_dzo_05981,unlabeled,Unknown
ddc_dzo_05975,unlabeled,Unknown
ddc_dzo_05985,unlabeled,Unknown
ddc_dzo_06004,unlabeled,Unknown
ddc_dzo_05970,unlabeled,Unknown
ddc_dzo_05987,unlabeled,Unknown
ddc_dzo_05974,unlabeled,Unknown
ddc_dzo_05979,unlabeled,Unknown
ddc_dzo_05982,unlabeled,Unknown
ddc_dzo_05999,unlabeled,Unknown
ddc_dzo_06017,unlabeled,Unknown
ddc_dzo_06023,unlabeled,Unknown
ddc_dzo_06015,unlabeled,Unknown
ddc_dzo_06043,unlabeled,Unknown
ddc_dzo_06034,unlabeled,Unknown
ddc_dzo_06018,unlabeled,Unknown
ddc_dzo_06012,unlabeled,Unknown
ddc_dzo_06044,unlabeled,Unknown
ddc_dzo_06031,unlabeled,Unknown
ddc_dzo_06068,unlabeled,Unknown
ddc_dzo_06046,unlabeled,Unknown
ddc_dzo_06059,unlabeled,Unknown
ddc_dzo_06062,unlabeled,Unknown
ddc_dzo_06078,unlabeled,Unknown
ddc_dzo_06060,unlabeled,Unknown
ddc_dzo_06075,unlabeled,Unknown
ddc_dzo_06070,unlabeled,Unknown
ddc_dzo_06055,unlabeled,Unknown
ddc_dzo_06048,unlabeled,Unknown
ddc_dzo_06051,unlabeled,Unknown
ddc_dzo_06121,unlabeled,Unknown
ddc_dzo_06090,unlabeled,Unknown
ddc_dzo_06086,unlabeled,Unknown
ddc_dzo_06117,unlabeled,Unknown
ddc_dzo_06110,unlabeled,Unknown
ddc_dzo_06137,unlabeled,Unknown
ddc_dzo_06129,unlabeled,Unknown
ddc_dzo_06130,unlabeled,Unknown
ddc_dzo_06127,unlabeled,Unknown
ddc_dzo_06138,unlabeled,Unknown
ddc_dzo_06132,unlabeled,Unknown
ddc_dzo_06167,unlabeled,Unknown
ddc_dzo_06163,unlabeled,Unknown
ddc_dzo_06173,unlabeled,Unknown
ddc_dzo_06178,unlabeled,Unknown
ddc_dzo_06179,unlabeled,Unknown
ddc_dzo_06193,unlabeled,Unknown
ddc_dzo_06208,unlabeled,Unknown
ddc_dzo_06200,unlabeled,Unknown
ddc_dzo_06191,unlabeled,Unknown
ddc_dzo_06183,unlabeled,Unknown
ddc_dzo_06217,unlabeled,Unknown
ddc_dzo_06214,unlabeled,Unknown
ddc_dzo_06230,unlabeled,Unknown
ddc_dzo_06227,unlabeled,Unknown
ddc_dzo_06223,unlabeled,Unknown
ddc_dzo_06254,unlabeled,Unknown
ddc_dzo_06257,unlabeled,Unknown
ddc_dzo_06266,unlabeled,Unknown
ddc_dzo_06264,unlabeled,Unknown
ddc_dzo_06291,unlabeled,Unknown
ddc_dzo_06276,unlabeled,Unknown
ddc_dzo_06292,unlabeled,Unknown
ddc_dzo_06271,unlabeled,Unknown
ddc_dzo_06310,unlabeled,Unknown
ddc_dzo_06305,unlabeled,Unknown
ddc_dzo_06352,unlabeled,Unknown
ddc_dzo_06330,unlabeled,Unknown
ddc_dzo_06341,unlabeled,Unknown
ddc_dzo_06373,unlabeled,Unknown
ddc_dzo_06358,unlabeled,Unknown
ddc_dzo_06368,unlabeled,Unknown
ddc_dzo_06375,unlabeled,Unknown
ddc_dzo_06365,unlabeled,Unknown
ddc_dzo_06356,unlabeled,Unknown
ddc_dzo_06387,unlabeled,Unknown
ddc_dzo_06408,unlabeled,Unknown
ddc_dzo_06386,unlabeled,Unknown
ddc_dzo_06389,unlabeled,Unknown
ddc_dzo_06423,unlabeled,Unknown
ddc_dzo_06429,unlabeled,Unknown
ddc_dzo_06411,unlabeled,Unknown
ddc_dzo_06422,unlabeled,Unknown
ddc_dzo_06431,unlabeled,Unknown
ddc_dzo_06414,unlabeled,Unknown
ddc_dzo_06448,unlabeled,Unknown
ddc_dzo_06443,unlabeled,Unknown
ddc_dzo_06486,unlabeled,Unknown
ddc_dzo_06484,unlabeled,Unknown
ddc_dzo_06469,unlabeled,Unknown
ddc_dzo_06480,unlabeled,Unknown
ddc_dzo_06507,unlabeled,Unknown
ddc_dzo_06523,unlabeled,Unknown
ddc_dzo_06498,unlabeled,Unknown
ddc_dzo_06502,unlabeled,Unknown
ddc_dzo_06504,unlabeled,Unknown
ddc_dzo_06520,unlabeled,Unknown
ddc_dzo_06526,unlabeled,Unknown
ddc_dzo_06551,unlabeled,Unknown
ddc_dzo_06529,unlabeled,Unknown
ddc_dzo_06531,unlabeled,Unknown
ddc_dzo_06525,unlabeled,Unknown
ddc_dzo_06541,unlabeled,Unknown
ddc_dzo_06539,unlabeled,Unknown
ddc_dzo_06560,unlabeled,Unknown
ddc_dzo_06578,unlabeled,Unknown
ddc_dzo_06574,unlabeled,Unknown
ddc_dzo_06580,unlabeled,Unknown
ddc_dzo_06572,unlabeled,Unknown
ddc_dzo_06581,unlabeled,Unknown
ddc_dzo_06559,unlabeled,Unknown
ddc_dzo_06565,unlabeled,Unknown
ddc_dzo_06583,unlabeled,Unknown
ddc_dzo_06599,unlabeled,Unknown
ddc_dzo_06601,unlabeled,Unknown
ddc_dzo_06593,unlabeled,Unknown
ddc_dzo_06600,unlabeled,Unknown
ddc_dzo_06588,unlabeled,Unknown
ddc_dzo_06609,unlabeled,Unknown
ddc_dzo_06626,unlabeled,Unknown
ddc_dzo_06635,unlabeled,Unknown
ddc_dzo_06637,unlabeled,Unknown
ddc_dzo_06630,unlabeled,Unknown
ddc_dzo_06649,unlabeled,Unknown
ddc_dzo_06645,unlabeled,Unknown
ddc_dzo_06664,unlabeled,Unknown
ddc_dzo_06661,unlabeled,Unknown
ddc_dzo_06669,unlabeled,Unknown
ddc_dzo_06689,unlabeled,Unknown
ddc_dzo_06668,unlabeled,Unknown
ddc_dzo_06675,unlabeled,Unknown
ddc_dzo_06665,unlabeled,Unknown
ddc_dzo_06715,unlabeled,Unknown
ddc_dzo_06710,unlabeled,Unknown
ddc_dzo_06718,unlabeled,Unknown
ddc_dzo_06697,unlabeled,Unknown
ddc_dzo_06741,unlabeled,Unknown
ddc_dzo_06730,unlabeled,Unknown
ddc_dzo_06746,unlabeled,Unknown
ddc_dzo_06723,unlabeled,Unknown
ddc_dzo_06734,unlabeled,Unknown
ddc_dzo_06738,unlabeled,Unknown
ddc_dzo_06771,unlabeled,Unknown
ddc_dzo_06753,unlabeled,Unknown
ddc_dzo_06768,unlabeled,Unknown
ddc_dzo_06777,unlabeled,Unknown
ddc_dzo_06779,unlabeled,Unknown
ddc_dzo_06792,unlabeled,Unknown
ddc_dzo_06774,unlabeled,Unknown
ddc_dzo_06793,unlabeled,Unknown
ddc_dzo_06823,unlabeled,Unknown
ddc_dzo_06826,unlabeled,Unknown
ddc_dzo_06825,unlabeled,Unknown
ddc_dzo_06806,unlabeled,Unknown
ddc_dzo_06803,unlabeled,Unknown
ddc_dzo_06810,unlabeled,Unknown
ddc_dzo_06837,unlabeled,Unknown
ddc_dzo_06846,unlabeled,Unknown
ddc_dzo_06848,unlabeled,Unknown
ddc_dzo_06835,unlabeled,Unknown
ddc_dzo_06838,unlabeled,Unknown
ddc_dzo_06852,unlabeled,Unknown
ddc_dzo_06862,unlabeled,Unknown
ddc_dzo_06868,unlabeled,Unknown
ddc_dzo_06855,unlabeled,Unknown
ddc_dzo_06854,unlabeled,Unknown
ddc_dzo_06888,unlabeled,Unknown
ddc_dzo_06903,unlabeled,Unknown
ddc_dzo_06904,unlabeled,Unknown
ddc_dzo_06883,unlabeled,Unknown
ddc_dzo_06901,unlabeled,Unknown
ddc_dzo_06887,unlabeled,Unknown
ddc_dzo_06919,unlabeled,Unknown
ddc_dzo_06921,unlabeled,Unknown
ddc_dzo_07319,unlabeled,Unknown
ddc_dzo_06922,unlabeled,Unknown
ddc_dzo_06924,unlabeled,Unknown
ddc_dzo_06928,unlabeled,Unknown
ddc_dzo_06918,unlabeled,Unknown
ddc_dzo_06961,unlabeled,Unknown
ddc_dzo_06954,unlabeled,Unknown
ddc_dzo_06963,unlabeled,Unknown
ddc_dzo_06944,unlabeled,Unknown
ddc_dzo_06937,unlabeled,Unknown
ddc_dzo_06950,unlabeled,Unknown
ddc_dzo_06958,unlabeled,Unknown
ddc_dzo_06971,unlabeled,Unknown
ddc_dzo_06980,unlabeled,Unknown
ddc_dzo_07050,unlabeled,Unknown
ddc_dzo_06985,unlabeled,Unknown
ddc_dzo_06988,unlabeled,Unknown
ddc_dzo_06968,unlabeled,Unknown
ddc_dzo_06984,unlabeled,Unknown
ddc_dzo_06997,unlabeled,Unknown
ddc_dzo_07008,unlabeled,Unknown
ddc_dzo_07001,unlabeled,Unknown
ddc_dzo_07002,unlabeled,Unknown
ddc_dzo_07005,unlabeled,Unknown
ddc_dzo_07013,unlabeled,Unknown
ddc_dzo_07029,unlabeled,Unknown
ddc_dzo_07047,unlabeled,Unknown
ddc_dzo_07036,unlabeled,Unknown
ddc_dzo_07048,unlabeled,Unknown
ddc_dzo_07039,unlabeled,Unknown
ddc_dzo_07043,unlabeled,Unknown
ddc_dzo_07074,unlabeled,Unknown
ddc_dzo_07062,unlabeled,Unknown
ddc_dzo_07051,unlabeled,Unknown
ddc_dzo_07057,unlabeled,Unknown
ddc_dzo_07108,unlabeled,Unknown
ddc_dzo_07081,unlabeled,Unknown
ddc_dzo_07088,unlabeled,Unknown
ddc_dzo_07091,unlabeled,Unknown
ddc_dzo_07096,unlabeled,Unknown
ddc_dzo_07094,unlabeled,Unknown
ddc_dzo_07079,unlabeled,Unknown
ddc_dzo_07098,unlabeled,Unknown
ddc_dzo_07131,unlabeled,Unknown
ddc_dzo_07138,unlabeled,Unknown
ddc_dzo_07134,unlabeled,Unknown
ddc_dzo_07135,unlabeled,Unknown
ddc_dzo_07122,unlabeled,Unknown
ddc_dzo_07168,unlabeled,Unknown
ddc_dzo_07147,unlabeled,Unknown
ddc_dzo_07145,unlabeled,Unknown
ddc_dzo_07169,unlabeled,Unknown
ddc_dzo_07143,unlabeled,Unknown
ddc_dzo_07162,unlabeled,Unknown
ddc_dzo_07153,unlabeled,Unknown
ddc_dzo_07200,unlabeled,Unknown
ddc_dzo_07181,unlabeled,Unknown
ddc_dzo_07193,unlabeled,Unknown
ddc_dzo_07201,unlabeled,Unknown
ddc_dzo_07209,unlabeled,Unknown
ddc_dzo_07194,unlabeled,Unknown
ddc_dzo_07240,unlabeled,Unknown
ddc_dzo_07215,unlabeled,Unknown
ddc_dzo_07229,unlabeled,Unknown
ddc_dzo_07244,unlabeled,Unknown
ddc_dzo_07220,unlabeled,Unknown
ddc_dzo_07238,unlabeled,Unknown
ddc_dzo_07219,unlabeled,Unknown
ddc_dzo_07243,unlabeled,Unknown
ddc_dzo_07225,unlabeled,Unknown
ddc_dzo_07227,unlabeled,Unknown
ddc_dzo_07232,unlabeled,Unknown
ddc_dzo_07281,unlabeled,Unknown
ddc_dzo_07269,unlabeled,Unknown
ddc_dzo_07260,unlabeled,Unknown
ddc_dzo_07257,unlabeled,Unknown
ddc_dzo_07276,unlabeled,Unknown
ddc_dzo_07305,unlabeled,Unknown
ddc_dzo_07315,unlabeled,Unknown
ddc_dzo_07288,unlabeled,Unknown
ddc_dzo_07310,unlabeled,Unknown
ddc_dzo_07313,unlabeled,Unknown
ddc_dzo_07347,unlabeled,Unknown
ddc_dzo_07340,unlabeled,Unknown
ddc_dzo_07342,unlabeled,Unknown
ddc_dzo_07324,unlabeled,Unknown
ddc_dzo_07354,unlabeled,Unknown
ddc_dzo_07345,unlabeled,Unknown
ddc_dzo_07374,unlabeled,Unknown
ddc_dzo_07365,unlabeled,Unknown
ddc_dzo_07376,unlabeled,Unknown
ddc_dzo_07384,unlabeled,Unknown
ddc_dzo_07367,unlabeled,Unknown
ddc_dzo_07375,unlabeled,Unknown
ddc_dzo_07362,unlabeled,Unknown
ddc_dzo_07371,unlabeled,Unknown
ddc_dzo_07369,unlabeled,Unknown
ddc_dzo_07409,unlabeled,Unknown
ddc_dzo_07399,unlabeled,Unknown
ddc_dzo_07391,unlabeled,Unknown
ddc_dzo_07400,unlabeled,Unknown
ddc_dzo_07423,unlabeled,Unknown
ddc_dzo_07455,unlabeled,Unknown
ddc_dzo_07434,unlabeled,Unknown
ddc_dzo_07441,unlabeled,Unknown
ddc_dzo_07433,unlabeled,Unknown
ddc_dzo_07445,unlabeled,Unknown
ddc_dzo_07456,unlabeled,Unknown
ddc_dzo_07486,unlabeled,Unknown
ddc_dzo_07463,unlabeled,Unknown
ddc_dzo_07489,unlabeled,Unknown
ddc_dzo_07464,unlabeled,Unknown
ddc_dzo_07482,unlabeled,Unknown
ddc_dzo_07471,unlabeled,Unknown
ddc_dzo_07512,unlabeled,Unknown
ddc_dzo_07522,unlabeled,Unknown
ddc_dzo_07518,unlabeled,Unknown
ddc_dzo_07494,unlabeled,Unknown
ddc_dzo_07508,unlabeled,Unknown
ddc_dzo_07547,unlabeled,Unknown
ddc_dzo_07532,unlabeled,Unknown
ddc_dzo_07533,unlabeled,Unknown
ddc_dzo_07562,unlabeled,Unknown
ddc_dzo_07558,unlabeled,Unknown
ddc_dzo_07529,unlabeled,Unknown
ddc_dzo_07554,unlabeled,Unknown
ddc_dzo_07564,unlabeled,Unknown
ddc_dzo_07563,unlabeled,Unknown
ddc_dzo_07568,unlabeled,Unknown
ddc_dzo_07594,unlabeled,Unknown
ddc_dzo_07590,unlabeled,Unknown
ddc_dzo_07588,unlabeled,Unknown
ddc_dzo_07596,unlabeled,Unknown
ddc_dzo_07578,unlabeled,Unknown
ddc_dzo_07625,unlabeled,Unknown
ddc_dzo_07598,unlabeled,Unknown
ddc_dzo_07627,unlabeled,Unknown
ddc_dzo_07603,unlabeled,Unknown
ddc_dzo_07628,unlabeled,Unknown
ddc_dzo_07607,unlabeled,Unknown
ddc_dzo_07629,unlabeled,Unknown
ddc_dzo_07663,unlabeled,Unknown
ddc_dzo_07667,unlabeled,Unknown
ddc_dzo_07652,unlabeled,Unknown
ddc_dzo_07660,unlabeled,Unknown
ddc_dzo_07654,unlabeled,Unknown
ddc_dzo_07705,unlabeled,Unknown
ddc_dzo_07688,unlabeled,Unknown
ddc_dzo_07676,unlabeled,Unknown
ddc_dzo_07696,unlabeled,Unknown
ddc_dzo_07680,unlabeled,Unknown
ddc_dzo_07692,unlabeled,Unknown
ddc_dzo_07675,unlabeled,Unknown
ddc_dzo_07694,unlabeled,Unknown
ddc_dzo_07698,unlabeled,Unknown
ddc_dzo_07712,unlabeled,Unknown
ddc_dzo_07728,unlabeled,Unknown
ddc_dzo_07738,unlabeled,Unknown
ddc_dzo_07740,unlabeled,Unknown
ddc_dzo_07729,unlabeled,Unknown
ddc_dzo_07733,unlabeled,Unknown
ddc_dzo_07716,unlabeled,Unknown
ddc_dzo_07765,unlabeled,Unknown
ddc_dzo_07769,unlabeled,Unknown
ddc_dzo_07772,unlabeled,Unknown
ddc_dzo_07754,unlabeled,Unknown
ddc_dzo_07762,unlabeled,Unknown
ddc_dzo_07780,unlabeled,Unknown
ddc_dzo_07787,unlabeled,Unknown
ddc_dzo_07797,unlabeled,Unknown
ddc_dzo_07794,unlabeled,Unknown
ddc_dzo_07781,unlabeled,Unknown
ddc_dzo_07844,unlabeled,Unknown
ddc_dzo_07812,unlabeled,Unknown
ddc_dzo_07840,unlabeled,Unknown
ddc_dzo_07845,unlabeled,Unknown
ddc_dzo_07820,unlabeled,Unknown
ddc_dzo_07834,unlabeled,Unknown
ddc_dzo_07879,unlabeled,Unknown
ddc_dzo_07856,unlabeled,Unknown
ddc_dzo_07855,unlabeled,Unknown
ddc_dzo_07876,unlabeled,Unknown
ddc_dzo_07861,unlabeled,Unknown
ddc_dzo_07847,unlabeled,Unknown
ddc_dzo_07881,unlabeled,Unknown
ddc_dzo_07950,unlabeled,Unknown
ddc_dzo_07885,unlabeled,Unknown
ddc_dzo_07891,unlabeled,Unknown
ddc_dzo_07922,unlabeled,Unknown
ddc_dzo_07927,unlabeled,Unknown
ddc_dzo_07928,unlabeled,Unknown
ddc_dzo_07937,unlabeled,Unknown
ddc_dzo_07926,unlabeled,Unknown
ddc_dzo_07947,unlabeled,Unknown
ddc_dzo_07930,unlabeled,Unknown
ddc_dzo_07919,unlabeled,Unknown
ddc_dzo_07924,unlabeled,Unknown
ddc_dzo_07935,unlabeled,Unknown
ddc_dzo_07920,unlabeled,Unknown
ddc_dzo_07948,unlabeled,Unknown
ddc_dzo_07984,unlabeled,Unknown
ddc_dzo_07976,unlabeled,Unknown
ddc_dzo_07967,unlabeled,Unknown
ddc_dzo_07969,unlabeled,Unknown
ddc_dzo_07951,unlabeled,Unknown
ddc_dzo_08019,unlabeled,Unknown
ddc_dzo_08001,unlabeled,Unknown
ddc_dzo_08009,unlabeled,Unknown
ddc_dzo_07995,unlabeled,Unknown
ddc_dzo_07993,unlabeled,Unknown
ddc_dzo_08043,unlabeled,Unknown
ddc_dzo_08036,unlabeled,Unknown
ddc_dzo_08076,unlabeled,Unknown
ddc_dzo_08073,unlabeled,Unknown
ddc_dzo_08081,unlabeled,Unknown
ddc_dzo_08121,unlabeled,Unknown
ddc_dzo_08097,unlabeled,Unknown
ddc_dzo_08103,unlabeled,Unknown
ddc_dzo_08094,unlabeled,Unknown
ddc_dzo_08114,unlabeled,Unknown
ddc_dzo_08099,unlabeled,Unknown
ddc_dzo_08136,unlabeled,Unknown
ddc_dzo_08137,unlabeled,Unknown
ddc_dzo_08147,unlabeled,Unknown
ddc_dzo_08131,unlabeled,Unknown
ddc_dzo_08152,unlabeled,Unknown
ddc_dzo_08173,unlabeled,Unknown
ddc_dzo_08195,unlabeled,Unknown
ddc_dzo_08172,unlabeled,Unknown
ddc_dzo_08162,unlabeled,Unknown
ddc_dzo_08193,unlabeled,Unknown
ddc_dzo_08169,unlabeled,Unknown
ddc_dzo_08219,unlabeled,Unknown
ddc_dzo_08205,unlabeled,Unknown
ddc_dzo_08212,unlabeled,Unknown
ddc_dzo_08216,unlabeled,Unknown
ddc_dzo_08206,unlabeled,Unknown
ddc_dzo_08211,unlabeled,Unknown
ddc_dzo_08226,unlabeled,Unknown
ddc_dzo_08232,unlabeled,Unknown
ddc_dzo_08250,unlabeled,Unknown
ddc_dzo_08263,unlabeled,Unknown
ddc_dzo_08266,unlabeled,Unknown
ddc_dzo_08269,unlabeled,Unknown
ddc_dzo_08312,unlabeled,Unknown
ddc_dzo_08288,unlabeled,Unknown
ddc_dzo_08282,unlabeled,Unknown
ddc_dzo_08280,unlabeled,Unknown
ddc_dzo_08287,unlabeled,Unknown
ddc_dzo_08332,unlabeled,Unknown
ddc_dzo_08341,unlabeled,Unknown
ddc_dzo_08331,unlabeled,Unknown
ddc_dzo_08322,unlabeled,Unknown
ddc_dzo_08321,unlabeled,Unknown
ddc_dzo_08324,unlabeled,Unknown
ddc_dzo_08330,unlabeled,Unknown
ddc_dzo_08346,unlabeled,Unknown
ddc_dzo_08379,unlabeled,Unknown
ddc_dzo_08357,unlabeled,Unknown
ddc_dzo_08375,unlabeled,Unknown
ddc_dzo_08373,unlabeled,Unknown
ddc_dzo_08397,unlabeled,Unknown
ddc_dzo_08410,unlabeled,Unknown
ddc_dzo_08405,unlabeled,Unknown
ddc_dzo_08423,unlabeled,Unknown
ddc_dzo_08422,unlabeled,Unknown
ddc_dzo_08442,unlabeled,Unknown
ddc_dzo_08463,unlabeled,Unknown
ddc_dzo_08462,unlabeled,Unknown
ddc_dzo_08468,unlabeled,Unknown
ddc_dzo_08451,unlabeled,Unknown
ddc_dzo_08466,unlabeled,Unknown
ddc_dzo_08456,unlabeled,Unknown
ddc_dzo_08446,unlabeled,Unknown
ddc_dzo_08434,unlabeled,Unknown
ddc_dzo_08502,unlabeled,Unknown
ddc_dzo_08470,unlabeled,Unknown
ddc_dzo_08507,unlabeled,Unknown
ddc_dzo_08493,unlabeled,Unknown
ddc_dzo_08504,unlabeled,Unknown
ddc_dzo_08483,unlabeled,Unknown
ddc_dzo_08492,unlabeled,Unknown
ddc_dzo_08505,unlabeled,Unknown
ddc_dzo_08486,unlabeled,Unknown
ddc_dzo_08475,unlabeled,Unknown
ddc_dzo_08525,unlabeled,Unknown
ddc_dzo_08531,unlabeled,Unknown
ddc_dzo_08509,unlabeled,Unknown
ddc_dzo_08526,unlabeled,Unknown
ddc_dzo_08533,unlabeled,Unknown
ddc_dzo_08544,unlabeled,Unknown
ddc_dzo_08532,unlabeled,Unknown
ddc_dzo_08558,unlabeled,Unknown
ddc_dzo_08548,unlabeled,Unknown
ddc_dzo_08579,unlabeled,Unknown
ddc_dzo_08574,unlabeled,Unknown
ddc_dzo_08553,unlabeled,Unknown
ddc_dzo_08554,unlabeled,Unknown
ddc_dzo_08620,unlabeled,Unknown
ddc_dzo_08596,unlabeled,Unknown
ddc_dzo_08597,unlabeled,Unknown
ddc_dzo_08622,unlabeled,Unknown
ddc_dzo_08598,unlabeled,Unknown
ddc_dzo_08609,unlabeled,Unknown
ddc_dzo_08600,unlabeled,Unknown
ddc_dzo_08621,unlabeled,Unknown
ddc_dzo_08612,unlabeled,Unknown
ddc_dzo_08660,unlabeled,Unknown
ddc_dzo_08651,unlabeled,Unknown
ddc_dzo_08654,unlabeled,Unknown
ddc_dzo_08639,unlabeled,Unknown
ddc_dzo_08624,unlabeled,Unknown
ddc_dzo_08661,unlabeled,Unknown
ddc_dzo_08655,unlabeled,Unknown
ddc_dzo_08700,unlabeled,Unknown
ddc_dzo_08685,unlabeled,Unknown
ddc_dzo_08674,unlabeled,Unknown
ddc_dzo_08687,unlabeled,Unknown
ddc_dzo_08671,unlabeled,Unknown
ddc_dzo_08669,unlabeled,Unknown
ddc_dzo_08696,unlabeled,Unknown
ddc_dzo_08676,unlabeled,Unknown
ddc_dzo_08724,unlabeled,Unknown
ddc_dzo_08707,unlabeled,Unknown
ddc_dzo_08712,unlabeled,Unknown
ddc_dzo_08711,unlabeled,Unknown
ddc_dzo_08715,unlabeled,Unknown
ddc_dzo_08738,unlabeled,Unknown
ddc_dzo_08778,unlabeled,Unknown
ddc_dzo_08756,unlabeled,Unknown
ddc_dzo_08777,unlabeled,Unknown
ddc_dzo_08750,unlabeled,Unknown
ddc_dzo_08747,unlabeled,Unknown
ddc_dzo_08753,unlabeled,Unknown
ddc_dzo_08763,unlabeled,Unknown
ddc_dzo_08758,unlabeled,Unknown
ddc_dzo_08775,unlabeled,Unknown
ddc_dzo_08792,unlabeled,Unknown
ddc_dzo_08797,unlabeled,Unknown
ddc_dzo_08816,unlabeled,Unknown
ddc_dzo_08799,unlabeled,Unknown
ddc_dzo_08800,unlabeled,Unknown
ddc_dzo_08810,unlabeled,Unknown
ddc_dzo_08795,unlabeled,Unknown
ddc_dzo_08805,unlabeled,Unknown
ddc_dzo_08788,unlabeled,Unknown
ddc_dzo_08794,unlabeled,Unknown
ddc_dzo_08833,unlabeled,Unknown
ddc_dzo_08842,unlabeled,Unknown
ddc_dzo_08822,unlabeled,Unknown
ddc_dzo_08828,unlabeled,Unknown
ddc_dzo_08821,unlabeled,Unknown
ddc_dzo_08830,unlabeled,Unknown
ddc_dzo_08854,unlabeled,Unknown
ddc_dzo_08820,unlabeled,Unknown
ddc_dzo_08879,unlabeled,Unknown
ddc_dzo_08859,unlabeled,Unknown
ddc_dzo_08871,unlabeled,Unknown
ddc_dzo_08869,unlabeled,Unknown
ddc_dzo_08870,unlabeled,Unknown
ddc_dzo_08858,unlabeled,Unknown
ddc_dzo_08864,unlabeled,Unknown
ddc_dzo_08889,unlabeled,Unknown
ddc_dzo_08919,unlabeled,Unknown
ddc_dzo_08923,unlabeled,Unknown
ddc_dzo_08932,unlabeled,Unknown
ddc_dzo_08912,unlabeled,Unknown
ddc_dzo_08900,unlabeled,Unknown
ddc_dzo_08926,unlabeled,Unknown
ddc_dzo_08914,unlabeled,Unknown
ddc_dzo_08915,unlabeled,Unknown
ddc_dzo_08954,unlabeled,Unknown
ddc_dzo_08975,unlabeled,Unknown
ddc_dzo_08971,unlabeled,Unknown
ddc_dzo_08962,unlabeled,Unknown
ddc_dzo_08955,unlabeled,Unknown
ddc_dzo_08952,unlabeled,Unknown
ddc_dzo_09014,unlabeled,Unknown
ddc_dzo_08987,unlabeled,Unknown
ddc_dzo_08989,unlabeled,Unknown
ddc_dzo_09016,unlabeled,Unknown
ddc_dzo_08988,unlabeled,Unknown
ddc_dzo_08984,unlabeled,Unknown
ddc_dzo_08999,unlabeled,Unknown
ddc_dzo_09053,unlabeled,Unknown
ddc_dzo_09036,unlabeled,Unknown
ddc_dzo_09024,unlabeled,Unknown
ddc_dzo_09048,unlabeled,Unknown
ddc_dzo_09033,unlabeled,Unknown
ddc_dzo_09052,unlabeled,Unknown
ddc_dzo_09028,unlabeled,Unknown
ddc_dzo_09090,unlabeled,Unknown
ddc_dzo_09068,unlabeled,Unknown
ddc_dzo_09064,unlabeled,Unknown
ddc_dzo_09077,unlabeled,Unknown
ddc_dzo_09093,unlabeled,Unknown
ddc_dzo_09070,unlabeled,Unknown
ddc_dzo_09107,unlabeled,Unknown
ddc_dzo_09127,unlabeled,Unknown
ddc_dzo_09103,unlabeled,Unknown
ddc_dzo_09120,unlabeled,Unknown
ddc_dzo_09166,unlabeled,Unknown
ddc_dzo_09162,unlabeled,Unknown
ddc_dzo_09141,unlabeled,Unknown
ddc_dzo_09149,unlabeled,Unknown
ddc_dzo_09144,unlabeled,Unknown
ddc_dzo_09173,unlabeled,Unknown
ddc_dzo_09200,unlabeled,Unknown
ddc_dzo_09185,unlabeled,Unknown
ddc_dzo_09172,unlabeled,Unknown
ddc_dzo_09190,unlabeled,Unknown
ddc_dzo_09226,unlabeled,Unknown
ddc_dzo_09218,unlabeled,Unknown
ddc_dzo_09214,unlabeled,Unknown
ddc_dzo_09217,unlabeled,Unknown
ddc_dzo_09237,unlabeled,Unknown
ddc_dzo_09211,unlabeled,Unknown
ddc_dzo_09234,unlabeled,Unknown
ddc_dzo_09228,unlabeled,Unknown
ddc_dzo_09231,unlabeled,Unknown
ddc_dzo_09252,unlabeled,Unknown
ddc_dzo_09253,unlabeled,Unknown
ddc_dzo_09261,unlabeled,Unknown
ddc_dzo_09257,unlabeled,Unknown
ddc_dzo_09273,unlabeled,Unknown
ddc_dzo_09275,unlabeled,Unknown
ddc_dzo_09282,unlabeled,Unknown
ddc_dzo_09276,unlabeled,Unknown
ddc_dzo_09256,unlabeled,Unknown
ddc_dzo_09246,unlabeled,Unknown
ddc_dzo_09314,unlabeled,Unknown
ddc_dzo_09312,unlabeled,Unknown
ddc_dzo_09299,unlabeled,Unknown
ddc_dzo_09292,unlabeled,Unknown
ddc_dzo_09301,unlabeled,Unknown
ddc_dzo_09325,unlabeled,Unknown
ddc_dzo_09344,unlabeled,Unknown
ddc_dzo_09356,unlabeled,Unknown
ddc_dzo_09341,unlabeled,Unknown
ddc_dzo_09333,unlabeled,Unknown
ddc_dzo_09369,unlabeled,Unknown
ddc_dzo_09366,unlabeled,Unknown
ddc_dzo_09357,unlabeled,Unknown
ddc_dzo_09382,unlabeled,Unknown
ddc_dzo_09378,unlabeled,Unknown
ddc_dzo_09395,unlabeled,Unknown
ddc_dzo_09391,unlabeled,Unknown
ddc_dzo_09412,unlabeled,Unknown
ddc_dzo_09415,unlabeled,Unknown
ddc_dzo_09414,unlabeled,Unknown
ddc_dzo_09431,unlabeled,Unknown
ddc_dzo_09428,unlabeled,Unknown
ddc_dzo_09434,unlabeled,Unknown
ddc_dzo_09408,unlabeled,Unknown
ddc_dzo_09436,unlabeled,Unknown
ddc_dzo_09401,unlabeled,Unknown
ddc_dzo_09413,unlabeled,Unknown
ddc_dzo_09453,unlabeled,Unknown
ddc_dzo_09468,unlabeled,Unknown
ddc_dzo_09441,unlabeled,Unknown
ddc_dzo_09440,unlabeled,Unknown
ddc_dzo_09443,unlabeled,Unknown
ddc_dzo_09462,unlabeled,Unknown
ddc_dzo_09454,unlabeled,Unknown
ddc_dzo_09455,unlabeled,Unknown
ddc_dzo_09479,unlabeled,Unknown
ddc_dzo_09488,unlabeled,Unknown
ddc_dzo_09506,unlabeled,Unknown
ddc_dzo_09482,unlabeled,Unknown
ddc_dzo_09508,unlabeled,Unknown
ddc_dzo_09494,unlabeled,Unknown
ddc_dzo_09514,unlabeled,Unknown
ddc_dzo_09554,unlabeled,Unknown
ddc_dzo_09540,unlabeled,Unknown
ddc_dzo_09535,unlabeled,Unknown
ddc_dzo_09548,unlabeled,Unknown
ddc_dzo_09569,unlabeled,Unknown
ddc_dzo_09570,unlabeled,Unknown
ddc_dzo_09584,unlabeled,Unknown
ddc_dzo_09579,unlabeled,Unknown
ddc_dzo_09592,unlabeled,Unknown
ddc_dzo_09578,unlabeled,Unknown
ddc_dzo_09610,unlabeled,Unknown
ddc_dzo_09607,unlabeled,Unknown
ddc_dzo_09603,unlabeled,Unknown
ddc_dzo_09599,unlabeled,Unknown
ddc_dzo_09635,unlabeled,Unknown
ddc_dzo_09602,unlabeled,Unknown
ddc_dzo_09609,unlabeled,Unknown
ddc_dzo_09616,unlabeled,Unknown
ddc_dzo_09625,unlabeled,Unknown
ddc_dzo_09642,unlabeled,Unknown
ddc_dzo_09673,unlabeled,Unknown
ddc_dzo_09663,unlabeled,Unknown
ddc_dzo_09657,unlabeled,Unknown
ddc_dzo_09669,unlabeled,Unknown
ddc_dzo_09638,unlabeled,Unknown
ddc_dzo_09655,unlabeled,Unknown
ddc_dzo_09702,unlabeled,Unknown
ddc_dzo_09678,unlabeled,Unknown
ddc_dzo_09700,unlabeled,Unknown
ddc_dzo_09682,unlabeled,Unknown
ddc_dzo_09683,unlabeled,Unknown
ddc_dzo_09710,unlabeled,Unknown
ddc_dzo_09687,unlabeled,Unknown
ddc_dzo_09691,unlabeled,Unknown
ddc_dzo_09690,unlabeled,Unknown
ddc_dzo_09698,unlabeled,Unknown
ddc_dzo_09742,unlabeled,Unknown
ddc_dzo_09726,unlabeled,Unknown
ddc_dzo_09723,unlabeled,Unknown
ddc_dzo_09741,unlabeled,Unknown
ddc_dzo_09722,unlabeled,Unknown
ddc_dzo_09736,unlabeled,Unknown
ddc_dzo_09730,unlabeled,Unknown
ddc_dzo_09792,unlabeled,Unknown
ddc_dzo_09759,unlabeled,Unknown
ddc_dzo_09755,unlabeled,Unknown
ddc_dzo_09789,unlabeled,Unknown
ddc_dzo_09764,unlabeled,Unknown
ddc_dzo_09768,unlabeled,Unknown
ddc_dzo_09758,unlabeled,Unknown
ddc_dzo_09766,unlabeled,Unknown
ddc_dzo_09767,unlabeled,Unknown
ddc_dzo_09821,unlabeled,Unknown
ddc_dzo_09828,unlabeled,Unknown
ddc_dzo_09818,unlabeled,Unknown
ddc_dzo_09910,unlabeled,Unknown
ddc_dzo_09807,unlabeled,Unknown
ddc_dzo_09804,unlabeled,Unknown
ddc_dzo_09858,unlabeled,Unknown
ddc_dzo_09856,unlabeled,Unknown
ddc_dzo_09868,unlabeled,Unknown
ddc_dzo_09841,unlabeled,Unknown
ddc_dzo_09859,unlabeled,Unknown
ddc_dzo_09836,unlabeled,Unknown
ddc_dzo_09846,unlabeled,Unknown
ddc_dzo_09865,unlabeled,Unknown
ddc_dzo_09905,unlabeled,Unknown
ddc_dzo_09884,unlabeled,Unknown
ddc_dzo_09893,unlabeled,Unknown
ddc_dzo_09879,unlabeled,Unknown
ddc_dzo_09894,unlabeled,Unknown
ddc_dzo_09907,unlabeled,Unknown
ddc_dzo_09886,unlabeled,Unknown
ddc_dzo_09882,unlabeled,Unknown
ddc_dzo_09890,unlabeled,Unknown
ddc_dzo_09930,unlabeled,Unknown
ddc_dzo_09929,unlabeled,Unknown
ddc_dzo_09932,unlabeled,Unknown
ddc_dzo_09946,unlabeled,Unknown
ddc_dzo_09937,unlabeled,Unknown
ddc_dzo_09977,unlabeled,Unknown
ddc_dzo_09979,unlabeled,Unknown
ddc_dzo_09964,unlabeled,Unknown
ddc_dzo_09982,unlabeled,Unknown
ddc_dzo_09952,unlabeled,Unknown
ddc_dzo_09968,unlabeled,Unknown
ddc_dzo_09960,unlabeled,Unknown
ddc_dzo_03156,unlabeled,Unknown
ddc_dzo_06755,unlabeled,Unknown
ddc_dzo_05679,unlabeled,Unknown
ddc_dzo_01587,unlabeled,Unknown
ddc_dzo_07734,unlabeled,Unknown
ddc_dzo_03485,unlabeled,Unknown
ddc_dzo_09652,unlabeled,Unknown
ddc_dzo_08231,unlabeled,Unknown
ddc_dzo_06721,unlabeled,Unknown
ddc_dzo_04406,unlabeled,Unknown
ddc_dzo_09389,unlabeled,Unknown
ddc_dzo_09632,unlabeled,Unknown
ddc_dzo_03528,unlabeled,Unknown
ddc_dzo_04983,unlabeled,Unknown
ddc_dzo_04089,unlabeled,Unknown
ddc_dzo_02190,unlabeled,Unknown
ddc_dzo_07589,unlabeled,Unknown
ddc_dzo_09991,unlabeled,Unknown
ddc_dzo_09996,unlabeled,Unknown
ddc_dzo_04779,unlabeled,Unknown
ddc_dzo_08453,unlabeled,Unknown
ddc_dzo_00004,unlabeled,Unknown
ddc_dzo_09463,unlabeled,Unknown
ddc_dzo_09713,unlabeled,Unknown
ddc_dzo_09876,unlabeled,Unknown
ddc_dzo_00062,unlabeled,Unknown
ddc_dzo_04750,unlabeled,Unknown
ddc_dzo_06786,unlabeled,Unknown
ddc_dzo_07214,unlabeled,Unknown
ddc_dzo_01353,unlabeled,Unknown
ddc_dzo_04462,unlabeled,Unknown
ddc_dzo_08617,unlabeled,Unknown
ddc_dzo_02048,unlabeled,Unknown
ddc_dzo_07963,unlabeled,Unknown
ddc_dzo_01117,unlabeled,Unknown
ddc_dzo_00737,unlabeled,Unknown
ddc_dzo_07364,unlabeled,Unknown
ddc_dzo_08877,unlabeled,Unknown
ddc_dzo_05519,unlabeled,Unknown
ddc_dzo_09788,unlabeled,Unknown
ddc_dzo_07744,unlabeled,Unknown
ddc_dzo_08522,unlabeled,Unknown
ddc_dzo_02943,unlabeled,Unknown
ddc_dzo_04264,unlabeled,Unknown
ddc_dzo_09721,unlabeled,Unknown
ddc_dzo_09953,unlabeled,Unknown
ddc_dzo_03575,unlabeled,Unknown
ddc_dzo_00571,unlabeled,Unknown
ddc_dzo_00137,unlabeled,Unknown
ddc_dzo_04444,unlabeled,Unknown
ddc_dzo_02014,unlabeled,Unknown
ddc_dzo_01060,unlabeled,Unknown
ddc_dzo_09336,unlabeled,Unknown
ddc_dzo_08831,unlabeled,Unknown
ddc_dzo_08561,unlabeled,Unknown
ddc_dzo_08933,unlabeled,Unknown
ddc_dzo_06384,unlabeled,Unknown
ddc_dzo_09620,unlabeled,Unknown
ddc_dzo_00326,unlabeled,Unknown
ddc_dzo_02780,unlabeled,Unknown
ddc_dzo_05452,unlabeled,Unknown
ddc_dzo_06267,unlabeled,Unknown
ddc_dzo_07854,unlabeled,Unknown
ddc_dzo_04175,unlabeled,Unknown
ddc_dzo_01475,unlabeled,Unknown
ddc_dzo_07789,unlabeled,Unknown
ddc_dzo_03884,unlabeled,Unknown
ddc_dzo_03919,unlabeled,Unknown
ddc_dzo_01442,unlabeled,Unknown
ddc_dzo_07838,unlabeled,Unknown
ddc_dzo_05125,unlabeled,Unknown
ddc_dzo_06080,unlabeled,Unknown
ddc_dzo_03198,unlabeled,Unknown
ddc_dzo_09450,unlabeled,Unknown
ddc_dzo_03055,unlabeled,Unknown
ddc_dzo_03161,unlabeled,Unknown
ddc_dzo_01797,unlabeled,Unknown
ddc_dzo_09013,unlabeled,Unknown
ddc_dzo_07394,unlabeled,Unknown
ddc_dzo_04833,unlabeled,Unknown
ddc_dzo_01114,unlabeled,Unknown
ddc_dzo_07086,unlabeled,Unknown
ddc_dzo_06072,unlabeled,Unknown
ddc_dzo_07102,unlabeled,Unknown
ddc_dzo_02216,unlabeled,Unknown
ddc_dzo_09163,unlabeled,Unknown
ddc_dzo_05213,unlabeled,Unknown
ddc_dzo_04892,unlabeled,Unknown
ddc_dzo_07381,unlabeled,Unknown
ddc_dzo_04932,unlabeled,Unknown
ddc_dzo_07237,unlabeled,Unknown
ddc_dzo_06973,unlabeled,Unknown
ddc_dzo_09073,unlabeled,Unknown
ddc_dzo_06285,unlabeled,Unknown
ddc_dzo_01880,unlabeled,Unknown
ddc_dzo_09007,unlabeled,Unknown
ddc_dzo_09154,unlabeled,Unknown
ddc_dzo_02536,unlabeled,Unknown
ddc_dzo_08940,unlabeled,Unknown
ddc_dzo_02543,unlabeled,Unknown
ddc_dzo_04898,unlabeled,Unknown
ddc_dzo_03312,unlabeled,Unknown
ddc_dzo_03457,unlabeled,Unknown
ddc_dzo_00130,unlabeled,Unknown
ddc_dzo_08812,unlabeled,Unknown
ddc_dzo_01760,unlabeled,Unknown
ddc_dzo_08918,unlabeled,Unknown
ddc_dzo_01308,unlabeled,Unknown
ddc_dzo_07929,unlabeled,Unknown
ddc_dzo_07573,unlabeled,Unknown
ddc_dzo_03871,unlabeled,Unknown
ddc_dzo_05994,unlabeled,Unknown
ddc_dzo_08261,unlabeled,Unknown
ddc_dzo_07483,unlabeled,Unknown
ddc_dzo_05349,unlabeled,Unknown
ddc_dzo_00572,unlabeled,Unknown
ddc_dzo_01091,unlabeled,Unknown
ddc_dzo_04117,unlabeled,Unknown
ddc_dzo_03216,unlabeled,Unknown
ddc_dzo_00675,unlabeled,Unknown
ddc_dzo_00528,unlabeled,Unknown
ddc_dzo_07731,unlabeled,Unknown
ddc_dzo_04015,unlabeled,Unknown
ddc_dzo_03854,unlabeled,Unknown
ddc_dzo_04241,unlabeled,Unknown
ddc_dzo_01560,unlabeled,Unknown
ddc_dzo_06040,unlabeled,Unknown
ddc_dzo_05111,unlabeled,Unknown
ddc_dzo_09121,unlabeled,Unknown
ddc_dzo_03697,unlabeled,Unknown
ddc_dzo_03086,unlabeled,Unknown
ddc_dzo_09490,unlabeled,Unknown
ddc_dzo_06019,unlabeled,Unknown
ddc_dzo_07295,unlabeled,Unknown
ddc_dzo_00756,unlabeled,Unknown
ddc_dzo_09027,unlabeled,Unknown
ddc_dzo_03459,unlabeled,Unknown
ddc_dzo_04070,unlabeled,Unknown
ddc_dzo_03036,unlabeled,Unknown
ddc_dzo_04057,unlabeled,Unknown
ddc_dzo_04523,unlabeled,Unknown
ddc_dzo_01054,unlabeled,Unknown
ddc_dzo_05402,unlabeled,Unknown
ddc_dzo_00896,unlabeled,Unknown
ddc_dzo_03333,unlabeled,Unknown
ddc_dzo_06309,unlabeled,Unknown
ddc_dzo_05491,unlabeled,Unknown
ddc_dzo_09515,unlabeled,Unknown
ddc_dzo_07493,unlabeled,Unknown
ddc_dzo_06811,unlabeled,Unknown
ddc_dzo_07500,unlabeled,Unknown
ddc_dzo_02267,unlabeled,Unknown
ddc_dzo_07917,unlabeled,Unknown
ddc_dzo_04767,unlabeled,Unknown
ddc_dzo_05188,unlabeled,Unknown
ddc_dzo_00840,unlabeled,Unknown
ddc_dzo_05399,unlabeled,Unknown
ddc_dzo_04436,unlabeled,Unknown
ddc_dzo_08225,unlabeled,Unknown
ddc_dzo_03182,unlabeled,Unknown
ddc_dzo_07630,unlabeled,Unknown
ddc_dzo_04923,unlabeled,Unknown
ddc_dzo_00978,unlabeled,Unknown
ddc_dzo_07557,unlabeled,Unknown
ddc_dzo_02495,unlabeled,Unknown
ddc_dzo_05846,unlabeled,Unknown
ddc_dzo_05360,unlabeled,Unknown
ddc_dzo_04514,unlabeled,Unknown
ddc_dzo_03635,unlabeled,Unknown
ddc_dzo_01714,unlabeled,Unknown
ddc_dzo_09903,unlabeled,Unknown
ddc_dzo_06348,unlabeled,Unknown
ddc_dzo_00593,unlabeled,Unknown
ddc_dzo_04054,unlabeled,Unknown
ddc_dzo_04867,unlabeled,Unknown
ddc_dzo_05842,unlabeled,Unknown
ddc_dzo_08198,unlabeled,Unknown
ddc_dzo_08511,unlabeled,Unknown
ddc_dzo_04643,unlabeled,Unknown
ddc_dzo_05031,unlabeled,Unknown
ddc_dzo_09824,unlabeled,Unknown
ddc_dzo_09705,unlabeled,Unknown
ddc_dzo_01785,unlabeled,Unknown
ddc_dzo_05869,unlabeled,Unknown
ddc_dzo_07120,unlabeled,Unknown
ddc_dzo_02451,unlabeled,Unknown
ddc_dzo_04062,unlabeled,Unknown
ddc_dzo_02582,unlabeled,Unknown
ddc_dzo_02421,unlabeled,Unknown
ddc_dzo_04740,unlabeled,Unknown
ddc_dzo_07189,unlabeled,Unknown
ddc_dzo_06152,unlabeled,Unknown
ddc_dzo_06185,unlabeled,Unknown
ddc_dzo_06263,unlabeled,Unknown
ddc_dzo_05316,unlabeled,Unknown
ddc_dzo_05509,unlabeled,Unknown
ddc_dzo_09219,unlabeled,Unknown
ddc_dzo_04430,unlabeled,Unknown
ddc_dzo_05637,unlabeled,Unknown
ddc_dzo_05566,unlabeled,Unknown
ddc_dzo_08506,unlabeled,Unknown
ddc_dzo_00872,unlabeled,Unknown
ddc_dzo_00160,unlabeled,Unknown
ddc_dzo_05367,unlabeled,Unknown
ddc_dzo_03310,unlabeled,Unknown
ddc_dzo_06561,unlabeled,Unknown
ddc_dzo_04257,unlabeled,Unknown
ddc_dzo_03969,unlabeled,Unknown
ddc_dzo_01461,unlabeled,Unknown
ddc_dzo_04705,unlabeled,Unknown
ddc_dzo_02750,unlabeled,Unknown
ddc_dzo_02787,unlabeled,Unknown
ddc_dzo_05458,unlabeled,Unknown
ddc_dzo_09936,unlabeled,Unknown
ddc_dzo_06174,unlabeled,Unknown
ddc_dzo_04698,unlabeled,Unknown
ddc_dzo_09567,unlabeled,Unknown
ddc_dzo_06106,unlabeled,Unknown
ddc_dzo_00605,unlabeled,Unknown
ddc_dzo_07691,unlabeled,Unknown
ddc_dzo_01963,unlabeled,Unknown
ddc_dzo_02157,unlabeled,Unknown
ddc_dzo_05678,unlabeled,Unknown
ddc_dzo_01571,unlabeled,Unknown
ddc_dzo_08876,unlabeled,Unknown
ddc_dzo_07832,unlabeled,Unknown
ddc_dzo_03800,unlabeled,Unknown
ddc_dzo_02715,unlabeled,Unknown
ddc_dzo_08347,unlabeled,Unknown
ddc_dzo_08464,unlabeled,Unknown
ddc_dzo_03677,unlabeled,Unknown
ddc_dzo_04185,unlabeled,Unknown
ddc_dzo_06213,unlabeled,Unknown
ddc_dzo_02002,unlabeled,Unknown
ddc_dzo_02935,unlabeled,Unknown
ddc_dzo_02358,unlabeled,Unknown
ddc_dzo_06094,unlabeled,Unknown
ddc_dzo_01619,unlabeled,Unknown
ddc_dzo_04106,unlabeled,Unknown
ddc_dzo_04369,unlabeled,Unknown
ddc_dzo_01381,unlabeled,Unknown
ddc_dzo_03017,unlabeled,Unknown
ddc_dzo_04026,unlabeled,Unknown
ddc_dzo_06488,unlabeled,Unknown
ddc_dzo_04548,unlabeled,Unknown
ddc_dzo_03109,unlabeled,Unknown
ddc_dzo_00709,unlabeled,Unknown
ddc_dzo_04120,unlabeled,Unknown
ddc_dzo_08702,unlabeled,Unknown
ddc_dzo_08478,unlabeled,Unknown
ddc_dzo_05002,unlabeled,Unknown
ddc_dzo_00043,unlabeled,Unknown
ddc_dzo_06727,unlabeled,Unknown
ddc_dzo_06456,unlabeled,Unknown
ddc_dzo_08619,unlabeled,Unknown
ddc_dzo_02754,unlabeled,Unknown
ddc_dzo_07505,unlabeled,Unknown
ddc_dzo_03469,unlabeled,Unknown
ddc_dzo_05792,unlabeled,Unknown
ddc_dzo_04866,unlabeled,Unknown
ddc_dzo_03910,unlabeled,Unknown
ddc_dzo_04313,unlabeled,Unknown
ddc_dzo_03413,unlabeled,Unknown
ddc_dzo_06231,unlabeled,Unknown
ddc_dzo_06533,unlabeled,Unknown
ddc_dzo_08658,unlabeled,Unknown
ddc_dzo_02466,unlabeled,Unknown
ddc_dzo_02748,unlabeled,Unknown
ddc_dzo_08807,unlabeled,Unknown
ddc_dzo_00810,unlabeled,Unknown
ddc_dzo_01019,unlabeled,Unknown
ddc_dzo_02457,unlabeled,Unknown
ddc_dzo_09233,unlabeled,Unknown
ddc_dzo_06555,unlabeled,Unknown
ddc_dzo_03569,unlabeled,Unknown
ddc_dzo_08765,unlabeled,Unknown
ddc_dzo_02197,unlabeled,Unknown
ddc_dzo_02387,unlabeled,Unknown
ddc_dzo_02939,unlabeled,Unknown
ddc_dzo_03725,unlabeled,Unknown
ddc_dzo_07332,unlabeled,Unknown
ddc_dzo_04228,unlabeled,Unknown
ddc_dzo_02923,unlabeled,Unknown
ddc_dzo_04877,unlabeled,Unknown
ddc_dzo_09438,unlabeled,Unknown
ddc_dzo_05501,unlabeled,Unknown
ddc_dzo_09812,unlabeled,Unknown
ddc_dzo_03152,unlabeled,Unknown
ddc_dzo_02714,unlabeled,Unknown
ddc_dzo_00325,unlabeled,Unknown
ddc_dzo_06678,unlabeled,Unknown
ddc_dzo_03745,unlabeled,Unknown
ddc_dzo_02904,unlabeled,Unknown
ddc_dzo_05581,unlabeled,Unknown
ddc_dzo_08111,unlabeled,Unknown
ddc_dzo_06925,unlabeled,Unknown
ddc_dzo_09574,unlabeled,Unknown
ddc_dzo_00411,unlabeled,Unknown
ddc_dzo_02685,unlabeled,Unknown
ddc_dzo_07172,unlabeled,Unknown
ddc_dzo_04615,unlabeled,Unknown
ddc_dzo_09277,unlabeled,Unknown
ddc_dzo_05521,unlabeled,Unknown
ddc_dzo_00074,unlabeled,Unknown
ddc_dzo_00557,unlabeled,Unknown
ddc_dzo_09756,unlabeled,Unknown
ddc_dzo_00625,unlabeled,Unknown
ddc_dzo_09023,unlabeled,Unknown
ddc_dzo_00020,unlabeled,Unknown
ddc_dzo_09347,unlabeled,Unknown
ddc_dzo_09992,unlabeled,Unknown
ddc_dzo_03974,unlabeled,Unknown
ddc_dzo_08562,unlabeled,Unknown
ddc_dzo_01527,unlabeled,Unknown
ddc_dzo_06594,unlabeled,Unknown
ddc_dzo_05764,unlabeled,Unknown
ddc_dzo_06932,unlabeled,Unknown
ddc_dzo_06141,unlabeled,Unknown
ddc_dzo_05014,unlabeled,Unknown
ddc_dzo_05703,unlabeled,Unknown
ddc_dzo_07226,unlabeled,Unknown
ddc_dzo_06683,unlabeled,Unknown
ddc_dzo_07401,unlabeled,Unknown
ddc_dzo_03430,unlabeled,Unknown
ddc_dzo_05853,unlabeled,Unknown
ddc_dzo_08419,unlabeled,Unknown
ddc_dzo_02887,unlabeled,Unknown
ddc_dzo_00028,unlabeled,Unknown
ddc_dzo_07112,unlabeled,Unknown
ddc_dzo_04451,unlabeled,Unknown
ddc_dzo_08064,unlabeled,Unknown
ddc_dzo_09933,unlabeled,Unknown
ddc_dzo_06510,unlabeled,Unknown
ddc_dzo_01709,unlabeled,Unknown
ddc_dzo_01202,unlabeled,Unknown
ddc_dzo_03761,unlabeled,Unknown
ddc_dzo_08254,unlabeled,Unknown
ddc_dzo_00711,unlabeled,Unknown
ddc_dzo_07452,unlabeled,Unknown
ddc_dzo_00420,unlabeled,Unknown
ddc_dzo_02265,unlabeled,Unknown
ddc_dzo_04354,unlabeled,Unknown
ddc_dzo_00481,unlabeled,Unknown
ddc_dzo_00807,unlabeled,Unknown
ddc_dzo_00234,unlabeled,Unknown
ddc_dzo_03998,unlabeled,Unknown
ddc_dzo_06653,unlabeled,Unknown
ddc_dzo_00162,unlabeled,Unknown
ddc_dzo_04326,unlabeled,Unknown
ddc_dzo_02422,unlabeled,Unknown
ddc_dzo_05064,unlabeled,Unknown
ddc_dzo_07213,unlabeled,Unknown
ddc_dzo_02669,unlabeled,Unknown
ddc_dzo_01956,unlabeled,Unknown
ddc_dzo_04953,unlabeled,Unknown
ddc_dzo_06662,unlabeled,Unknown
ddc_dzo_01260,unlabeled,Unknown
ddc_dzo_02078,unlabeled,Unknown
ddc_dzo_01497,unlabeled,Unknown
ddc_dzo_09370,unlabeled,Unknown
ddc_dzo_01675,unlabeled,Unknown
ddc_dzo_03781,unlabeled,Unknown
ddc_dzo_06298,unlabeled,Unknown
ddc_dzo_01187,unlabeled,Unknown
ddc_dzo_03005,unlabeled,Unknown
ddc_dzo_00919,unlabeled,Unknown
ddc_dzo_02498,unlabeled,Unknown
ddc_dzo_07461,unlabeled,Unknown
ddc_dzo_07166,unlabeled,Unknown
ddc_dzo_01161,unlabeled,Unknown
ddc_dzo_08209,unlabeled,Unknown
ddc_dzo_09150,unlabeled,Unknown
ddc_dzo_05874,unlabeled,Unknown
ddc_dzo_00480,unlabeled,Unknown
ddc_dzo_05136,unlabeled,Unknown
ddc_dzo_07895,unlabeled,Unknown
ddc_dzo_08886,unlabeled,Unknown
ddc_dzo_01931,unlabeled,Unknown
ddc_dzo_02876,unlabeled,Unknown
ddc_dzo_02297,unlabeled,Unknown
ddc_dzo_03597,unlabeled,Unknown
ddc_dzo_07024,unlabeled,Unknown
ddc_dzo_08067,unlabeled,Unknown
ddc_dzo_01655,unlabeled,Unknown
ddc_dzo_09416,unlabeled,Unknown
ddc_dzo_05231,unlabeled,Unknown
ddc_dzo_02040,unlabeled,Unknown
ddc_dzo_01843,unlabeled,Unknown
ddc_dzo_09207,unlabeled,Unknown
ddc_dzo_00909,unlabeled,Unknown
ddc_dzo_06483,unlabeled,Unknown
ddc_dzo_09667,unlabeled,Unknown
ddc_dzo_06709,unlabeled,Unknown
ddc_dzo_08299,unlabeled,Unknown
ddc_dzo_07899,unlabeled,Unknown
ddc_dzo_08404,unlabeled,Unknown
ddc_dzo_04804,unlabeled,Unknown
ddc_dzo_03330,unlabeled,Unknown
ddc_dzo_00343,unlabeled,Unknown
ddc_dzo_01141,unlabeled,Unknown
ddc_dzo_00348,unlabeled,Unknown
ddc_dzo_08337,unlabeled,Unknown
ddc_dzo_06752,unlabeled,Unknown
ddc_dzo_08444,unlabeled,Unknown
ddc_dzo_02812,unlabeled,Unknown
ddc_dzo_09288,unlabeled,Unknown
ddc_dzo_02660,unlabeled,Unknown
ddc_dzo_03274,unlabeled,Unknown
ddc_dzo_04214,unlabeled,Unknown
ddc_dzo_04596,unlabeled,Unknown
ddc_dzo_03173,unlabeled,Unknown
ddc_dzo_07056,unlabeled,Unknown
ddc_dzo_07282,unlabeled,Unknown
ddc_dzo_03391,unlabeled,Unknown
ddc_dzo_05993,unlabeled,Unknown
ddc_dzo_05567,unlabeled,Unknown
ddc_dzo_08681,unlabeled,Unknown
ddc_dzo_04865,unlabeled,Unknown
ddc_dzo_06513,unlabeled,Unknown
ddc_dzo_01398,unlabeled,Unknown
ddc_dzo_03625,unlabeled,Unknown
ddc_dzo_05305,unlabeled,Unknown
ddc_dzo_06955,unlabeled,Unknown
ddc_dzo_00975,unlabeled,Unknown
ddc_dzo_00827,unlabeled,Unknown
ddc_dzo_09281,unlabeled,Unknown
ddc_dzo_08850,unlabeled,Unknown
ddc_dzo_00957,unlabeled,Unknown
ddc_dzo_09600,unlabeled,Unknown
ddc_dzo_07704,unlabeled,Unknown
ddc_dzo_05082,unlabeled,Unknown
ddc_dzo_09461,unlabeled,Unknown
ddc_dzo_05763,unlabeled,Unknown
ddc_dzo_07953,unlabeled,Unknown
ddc_dzo_07020,unlabeled,Unknown
ddc_dzo_00966,unlabeled,Unknown
ddc_dzo_06161,unlabeled,Unknown
ddc_dzo_06047,unlabeled,Unknown
ddc_dzo_01756,unlabeled,Unknown
ddc_dzo_03852,unlabeled,Unknown
ddc_dzo_03079,unlabeled,Unknown
ddc_dzo_09729,unlabeled,Unknown
ddc_dzo_08487,unlabeled,Unknown
ddc_dzo_01335,unlabeled,Unknown
ddc_dzo_06595,unlabeled,Unknown
ddc_dzo_02293,unlabeled,Unknown
ddc_dzo_07609,unlabeled,Unknown
ddc_dzo_02178,unlabeled,Unknown
ddc_dzo_02073,unlabeled,Unknown
ddc_dzo_04568,unlabeled,Unknown
ddc_dzo_00526,unlabeled,Unknown
ddc_dzo_03278,unlabeled,Unknown
ddc_dzo_04662,unlabeled,Unknown
ddc_dzo_01989,unlabeled,Unknown
ddc_dzo_02823,unlabeled,Unknown
ddc_dzo_01079,unlabeled,Unknown
ddc_dzo_03813,unlabeled,Unknown
ddc_dzo_03938,unlabeled,Unknown
ddc_dzo_01534,unlabeled,Unknown
ddc_dzo_02989,unlabeled,Unknown
ddc_dzo_09039,unlabeled,Unknown
ddc_dzo_00233,unlabeled,Unknown
ddc_dzo_09424,unlabeled,Unknown
ddc_dzo_05621,unlabeled,Unknown
ddc_dzo_07848,unlabeled,Unknown
ddc_dzo_08754,unlabeled,Unknown
ddc_dzo_08731,unlabeled,Unknown
ddc_dzo_05042,unlabeled,Unknown
ddc_dzo_01932,unlabeled,Unknown
ddc_dzo_08645,unlabeled,Unknown
ddc_dzo_01617,unlabeled,Unknown
ddc_dzo_02150,unlabeled,Unknown
ddc_dzo_09180,unlabeled,Unknown
ddc_dzo_06845,unlabeled,Unknown
ddc_dzo_00599,unlabeled,Unknown
ddc_dzo_09853,unlabeled,Unknown
ddc_dzo_02575,unlabeled,Unknown
ddc_dzo_04116,unlabeled,Unknown
ddc_dzo_00403,unlabeled,Unknown
ddc_dzo_06258,unlabeled,Unknown
ddc_dzo_06393,unlabeled,Unknown
ddc_dzo_07336,unlabeled,Unknown
ddc_dzo_07006,unlabeled,Unknown
ddc_dzo_00863,unlabeled,Unknown
ddc_dzo_03175,unlabeled,Unknown
ddc_dzo_06614,unlabeled,Unknown
ddc_dzo_04028,unlabeled,Unknown
ddc_dzo_09260,unlabeled,Unknown
ddc_dzo_00791,unlabeled,Unknown
ddc_dzo_07767,unlabeled,Unknown
ddc_dzo_07725,unlabeled,Unknown
ddc_dzo_00434,unlabeled,Unknown
ddc_dzo_08144,unlabeled,Unknown
ddc_dzo_02366,unlabeled,Unknown
ddc_dzo_03701,unlabeled,Unknown
ddc_dzo_05783,unlabeled,Unknown
ddc_dzo_07549,unlabeled,Unknown
ddc_dzo_03254,unlabeled,Unknown
ddc_dzo_09498,unlabeled,Unknown
ddc_dzo_04393,unlabeled,Unknown
ddc_dzo_00911,unlabeled,Unknown
ddc_dzo_01441,unlabeled,Unknown
ddc_dzo_09430,unlabeled,Unknown
ddc_dzo_06692,unlabeled,Unknown
ddc_dzo_03482,unlabeled,Unknown
ddc_dzo_06900,unlabeled,Unknown
ddc_dzo_05063,unlabeled,Unknown
ddc_dzo_06839,unlabeled,Unknown
ddc_dzo_06509,unlabeled,Unknown
ddc_dzo_09608,unlabeled,Unknown
ddc_dzo_04284,unlabeled,Unknown
ddc_dzo_04929,unlabeled,Unknown
ddc_dzo_04812,unlabeled,Unknown
ddc_dzo_06417,unlabeled,Unknown
ddc_dzo_05271,unlabeled,Unknown
ddc_dzo_07293,unlabeled,Unknown
ddc_dzo_07998,unlabeled,Unknown
ddc_dzo_08882,unlabeled,Unknown
ddc_dzo_03303,unlabeled,Unknown
ddc_dzo_05196,unlabeled,Unknown
ddc_dzo_05657,unlabeled,Unknown
ddc_dzo_04328,unlabeled,Unknown
ddc_dzo_01252,unlabeled,Unknown
ddc_dzo_09358,unlabeled,Unknown
ddc_dzo_01697,unlabeled,Unknown
ddc_dzo_06636,unlabeled,Unknown
ddc_dzo_03749,unlabeled,Unknown
ddc_dzo_04428,unlabeled,Unknown
ddc_dzo_00695,unlabeled,Unknown
ddc_dzo_03380,unlabeled,Unknown
ddc_dzo_07638,unlabeled,Unknown
ddc_dzo_05378,unlabeled,Unknown
ddc_dzo_02315,unlabeled,Unknown
ddc_dzo_01824,unlabeled,Unknown
ddc_dzo_05911,unlabeled,Unknown
ddc_dzo_07632,unlabeled,Unknown
ddc_dzo_03396,unlabeled,Unknown
ddc_dzo_03788,unlabeled,Unknown
ddc_dzo_07060,unlabeled,Unknown
ddc_dzo_04353,unlabeled,Unknown
ddc_dzo_06050,unlabeled,Unknown
ddc_dzo_04387,unlabeled,Unknown
ddc_dzo_03959,unlabeled,Unknown
ddc_dzo_06982,unlabeled,Unknown
ddc_dzo_05595,unlabeled,Unknown
ddc_dzo_00714,unlabeled,Unknown
ddc_dzo_02940,unlabeled,Unknown
ddc_dzo_07180,unlabeled,Unknown
ddc_dzo_04481,unlabeled,Unknown
ddc_dzo_00128,unlabeled,Unknown
ddc_dzo_07228,unlabeled,Unknown
ddc_dzo_06948,unlabeled,Unknown
ddc_dzo_01377,unlabeled,Unknown
ddc_dzo_05391,unlabeled,Unknown
ddc_dzo_04782,unlabeled,Unknown
ddc_dzo_04907,unlabeled,Unknown
ddc_dzo_00888,unlabeled,Unknown
ddc_dzo_02388,unlabeled,Unknown
ddc_dzo_01851,unlabeled,Unknown
ddc_dzo_00456,unlabeled,Unknown
ddc_dzo_07592,unlabeled,Unknown
ddc_dzo_00317,unlabeled,Unknown
ddc_dzo_06798,unlabeled,Unknown
ddc_dzo_07444,unlabeled,Unknown
ddc_dzo_05206,unlabeled,Unknown
ddc_dzo_05649,unlabeled,Unknown
ddc_dzo_04244,unlabeled,Unknown
ddc_dzo_03050,unlabeled,Unknown
ddc_dzo_09523,unlabeled,Unknown
ddc_dzo_01656,unlabeled,Unknown
ddc_dzo_04551,unlabeled,Unknown
ddc_dzo_05122,unlabeled,Unknown
ddc_dzo_08465,unlabeled,Unknown
ddc_dzo_04654,unlabeled,Unknown
ddc_dzo_09761,unlabeled,Unknown
ddc_dzo_09955,unlabeled,Unknown
ddc_dzo_03189,unlabeled,Unknown
ddc_dzo_04179,unlabeled,Unknown
ddc_dzo_09586,unlabeled,Unknown
ddc_dzo_03540,unlabeled,Unknown
ddc_dzo_09165,unlabeled,Unknown
ddc_dzo_02246,unlabeled,Unknown
ddc_dzo_08178,unlabeled,Unknown
ddc_dzo_06805,unlabeled,Unknown
ddc_dzo_03372,unlabeled,Unknown
ddc_dzo_08771,unlabeled,Unknown
ddc_dzo_03628,unlabeled,Unknown
ddc_dzo_03856,unlabeled,Unknown
ddc_dzo_08728,unlabeled,Unknown
ddc_dzo_08277,unlabeled,Unknown
ddc_dzo_04499,unlabeled,Unknown
ddc_dzo_09521,unlabeled,Unknown
ddc_dzo_09947,unlabeled,Unknown
ddc_dzo_00652,unlabeled,Unknown
ddc_dzo_07678,unlabeled,Unknown
ddc_dzo_08027,unlabeled,Unknown
ddc_dzo_05163,unlabeled,Unknown
ddc_dzo_00271,unlabeled,Unknown
ddc_dzo_00301,unlabeled,Unknown
ddc_dzo_07802,unlabeled,Unknown
ddc_dzo_00575,unlabeled,Unknown
ddc_dzo_08369,unlabeled,Unknown
ddc_dzo_03789,unlabeled,Unknown
ddc_dzo_05918,unlabeled,Unknown
ddc_dzo_09496,unlabeled,Unknown
ddc_dzo_08555,unlabeled,Unknown
ddc_dzo_04622,unlabeled,Unknown
ddc_dzo_06972,unlabeled,Unknown
ddc_dzo_00931,unlabeled,Unknown
ddc_dzo_05608,unlabeled,Unknown
ddc_dzo_05570,unlabeled,Unknown
ddc_dzo_02319,unlabeled,Unknown
ddc_dzo_08151,unlabeled,Unknown
ddc_dzo_00466,unlabeled,Unknown
ddc_dzo_04719,unlabeled,Unknown
ddc_dzo_05849,unlabeled,Unknown
ddc_dzo_05212,unlabeled,Unknown
ddc_dzo_00064,unlabeled,Unknown
ddc_dzo_09875,unlabeled,Unknown
ddc_dzo_08318,unlabeled,Unknown
ddc_dzo_09816,unlabeled,Unknown
ddc_dzo_09531,unlabeled,Unknown
ddc_dzo_05821,unlabeled,Unknown
ddc_dzo_05734,unlabeled,Unknown
ddc_dzo_04384,unlabeled,Unknown
ddc_dzo_08521,unlabeled,Unknown
ddc_dzo_04019,unlabeled,Unknown
ddc_dzo_02818,unlabeled,Unknown
ddc_dzo_00027,unlabeled,Unknown
ddc_dzo_07042,unlabeled,Unknown
ddc_dzo_04973,unlabeled,Unknown
ddc_dzo_05505,unlabeled,Unknown
ddc_dzo_06557,unlabeled,Unknown
ddc_dzo_00085,unlabeled,Unknown
ddc_dzo_03907,unlabeled,Unknown
ddc_dzo_01826,unlabeled,Unknown
ddc_dzo_05448,unlabeled,Unknown
ddc_dzo_09839,unlabeled,Unknown
ddc_dzo_00496,unlabeled,Unknown
ddc_dzo_06436,unlabeled,Unknown
ddc_dzo_05808,unlabeled,Unknown
ddc_dzo_04047,unlabeled,Unknown
ddc_dzo_08296,unlabeled,Unknown
ddc_dzo_08801,unlabeled,Unknown
ddc_dzo_04087,unlabeled,Unknown
ddc_dzo_07018,unlabeled,Unknown
ddc_dzo_03687,unlabeled,Unknown
ddc_dzo_03458,unlabeled,Unknown
ddc_dzo_04570,unlabeled,Unknown
ddc_dzo_01397,unlabeled,Unknown
ddc_dzo_02556,unlabeled,Unknown
ddc_dzo_03083,unlabeled,Unknown
ddc_dzo_08613,unlabeled,Unknown
ddc_dzo_07258,unlabeled,Unknown
ddc_dzo_05055,unlabeled,Unknown
ddc_dzo_06534,unlabeled,Unknown
ddc_dzo_02969,unlabeled,Unknown
ddc_dzo_06910,unlabeled,Unknown
ddc_dzo_03139,unlabeled,Unknown
ddc_dzo_03490,unlabeled,Unknown
ddc_dzo_02844,unlabeled,Unknown
ddc_dzo_00177,unlabeled,Unknown
ddc_dzo_05489,unlabeled,Unknown
ddc_dzo_02220,unlabeled,Unknown
ddc_dzo_09337,unlabeled,Unknown
ddc_dzo_05633,unlabeled,Unknown
ddc_dzo_02615,unlabeled,Unknown
ddc_dzo_09708,unlabeled,Unknown
ddc_dzo_01791,unlabeled,Unknown
ddc_dzo_05282,unlabeled,Unknown
ddc_dzo_00470,unlabeled,Unknown
ddc_dzo_08039,unlabeled,Unknown
ddc_dzo_01653,unlabeled,Unknown
ddc_dzo_05274,unlabeled,Unknown
ddc_dzo_03466,unlabeled,Unknown
ddc_dzo_03667,unlabeled,Unknown
ddc_dzo_05450,unlabeled,Unknown
ddc_dzo_06115,unlabeled,Unknown
ddc_dzo_09363,unlabeled,Unknown
ddc_dzo_03880,unlabeled,Unknown
ddc_dzo_00775,unlabeled,Unknown
ddc_dzo_01928,unlabeled,Unknown
ddc_dzo_08958,unlabeled,Unknown
ddc_dzo_03306,unlabeled,Unknown
ddc_dzo_09057,unlabeled,Unknown
ddc_dzo_08378,unlabeled,Unknown
ddc_dzo_07111,unlabeled,Unknown
ddc_dzo_04177,unlabeled,Unknown
ddc_dzo_01373,unlabeled,Unknown
ddc_dzo_05913,unlabeled,Unknown
ddc_dzo_00371,unlabeled,Unknown
ddc_dzo_06890,unlabeled,Unknown
ddc_dzo_06453,unlabeled,Unknown
ddc_dzo_01423,unlabeled,Unknown
ddc_dzo_01289,unlabeled,Unknown
ddc_dzo_01026,unlabeled,Unknown
ddc_dzo_07934,unlabeled,Unknown
ddc_dzo_08694,unlabeled,Unknown
ddc_dzo_02237,unlabeled,Unknown
ddc_dzo_02020,unlabeled,Unknown
ddc_dzo_04994,unlabeled,Unknown
ddc_dzo_05692,unlabeled,Unknown
ddc_dzo_02275,unlabeled,Unknown
ddc_dzo_01326,unlabeled,Unknown
ddc_dzo_02631,unlabeled,Unknown
ddc_dzo_09216,unlabeled,Unknown
ddc_dzo_04677,unlabeled,Unknown
ddc_dzo_08215,unlabeled,Unknown
ddc_dzo_08887,unlabeled,Unknown
ddc_dzo_04497,unlabeled,Unknown
ddc_dzo_06149,unlabeled,Unknown
ddc_dzo_09637,unlabeled,Unknown
ddc_dzo_04600,unlabeled,Unknown
ddc_dzo_09703,unlabeled,Unknown
ddc_dzo_00677,unlabeled,Unknown
ddc_dzo_05429,unlabeled,Unknown
ddc_dzo_09869,unlabeled,Unknown
ddc_dzo_06743,unlabeled,Unknown
ddc_dzo_00030,unlabeled,Unknown
ddc_dzo_04712,unlabeled,Unknown
ddc_dzo_05878,unlabeled,Unknown
ddc_dzo_04025,unlabeled,Unknown
ddc_dzo_09784,unlabeled,Unknown
ddc_dzo_09423,unlabeled,Unknown
ddc_dzo_03409,unlabeled,Unknown
ddc_dzo_01554,unlabeled,Unknown
ddc_dzo_09986,unlabeled,Unknown
ddc_dzo_09604,unlabeled,Unknown
ddc_dzo_07335,unlabeled,Unknown
ddc_dzo_07366,unlabeled,Unknown
ddc_dzo_04024,unlabeled,Unknown
ddc_dzo_06007,unlabeled,Unknown
ddc_dzo_08808,unlabeled,Unknown
ddc_dzo_01473,unlabeled,Unknown
ddc_dzo_05995,unlabeled,Unknown
ddc_dzo_05954,unlabeled,Unknown
ddc_dzo_01551,unlabeled,Unknown
ddc_dzo_05085,unlabeled,Unknown
ddc_dzo_06542,unlabeled,Unknown
ddc_dzo_09254,unlabeled,Unknown
ddc_dzo_05240,unlabeled,Unknown
ddc_dzo_09738,unlabeled,Unknown
ddc_dzo_00499,unlabeled,Unknown
ddc_dzo_04470,unlabeled,Unknown
ddc_dzo_07764,unlabeled,Unknown
ddc_dzo_08119,unlabeled,Unknown
ddc_dzo_00265,unlabeled,Unknown
ddc_dzo_07460,unlabeled,Unknown
ddc_dzo_03518,unlabeled,Unknown
ddc_dzo_06204,unlabeled,Unknown
ddc_dzo_04073,unlabeled,Unknown
ddc_dzo_00372,unlabeled,Unknown
ddc_dzo_04522,unlabeled,Unknown
ddc_dzo_04125,unlabeled,Unknown
ddc_dzo_09128,unlabeled,Unknown
ddc_dzo_03872,unlabeled,Unknown
ddc_dzo_05675,unlabeled,Unknown
ddc_dzo_03804,unlabeled,Unknown
ddc_dzo_07093,unlabeled,Unknown
ddc_dzo_09881,unlabeled,Unknown
ddc_dzo_01393,unlabeled,Unknown
ddc_dzo_05664,unlabeled,Unknown
ddc_dzo_06081,unlabeled,Unknown
ddc_dzo_06957,unlabeled,Unknown
ddc_dzo_01297,unlabeled,Unknown
ddc_dzo_04800,unlabeled,Unknown
ddc_dzo_04535,unlabeled,Unknown
ddc_dzo_02793,unlabeled,Unknown
ddc_dzo_02638,unlabeled,Unknown
ddc_dzo_04206,unlabeled,Unknown
ddc_dzo_00204,unlabeled,Unknown
ddc_dzo_04915,unlabeled,Unknown
ddc_dzo_08981,unlabeled,Unknown
ddc_dzo_04480,unlabeled,Unknown
ddc_dzo_02127,unlabeled,Unknown
ddc_dzo_05964,unlabeled,Unknown
ddc_dzo_05107,unlabeled,Unknown
ddc_dzo_03753,unlabeled,Unknown
ddc_dzo_02742,unlabeled,Unknown
ddc_dzo_03064,unlabeled,Unknown
ddc_dzo_03921,unlabeled,Unknown
ddc_dzo_00563,unlabeled,Unknown
ddc_dzo_04650,unlabeled,Unknown
ddc_dzo_08928,unlabeled,Unknown
ddc_dzo_02756,unlabeled,Unknown
ddc_dzo_03091,unlabeled,Unknown
ddc_dzo_07527,unlabeled,Unknown
ddc_dzo_08739,unlabeled,Unknown
ddc_dzo_08207,unlabeled,Unknown
ddc_dzo_07284,unlabeled,Unknown
ddc_dzo_01230,unlabeled,Unknown
ddc_dzo_08366,unlabeled,Unknown
ddc_dzo_09308,unlabeled,Unknown
ddc_dzo_01960,unlabeled,Unknown
ddc_dzo_05513,unlabeled,Unknown
ddc_dzo_03562,unlabeled,Unknown
ddc_dzo_07406,unlabeled,Unknown
ddc_dzo_01838,unlabeled,Unknown
ddc_dzo_07458,unlabeled,Unknown
ddc_dzo_01904,unlabeled,Unknown
ddc_dzo_01775,unlabeled,Unknown
ddc_dzo_04340,unlabeled,Unknown
ddc_dzo_07711,unlabeled,Unknown
ddc_dzo_03483,unlabeled,Unknown
ddc_dzo_07155,unlabeled,Unknown
ddc_dzo_01500,unlabeled,Unknown
ddc_dzo_04229,unlabeled,Unknown
ddc_dzo_00808,unlabeled,Unknown
ddc_dzo_01150,unlabeled,Unknown
ddc_dzo_06895,unlabeled,Unknown
ddc_dzo_05551,unlabeled,Unknown
ddc_dzo_07211,unlabeled,Unknown
ddc_dzo_00459,unlabeled,Unknown
ddc_dzo_01081,unlabeled,Unknown
ddc_dzo_06638,unlabeled,Unknown
ddc_dzo_07868,unlabeled,Unknown
ddc_dzo_03604,unlabeled,Unknown
ddc_dzo_06489,unlabeled,Unknown
ddc_dzo_02888,unlabeled,Unknown
ddc_dzo_05707,unlabeled,Unknown
ddc_dzo_01716,unlabeled,Unknown
ddc_dzo_08964,unlabeled,Unknown
ddc_dzo_08418,unlabeled,Unknown
ddc_dzo_01606,unlabeled,Unknown
ddc_dzo_02905,unlabeled,Unknown
ddc_dzo_05048,unlabeled,Unknown
ddc_dzo_07964,unlabeled,Unknown
ddc_dzo_02049,unlabeled,Unknown
ddc_dzo_08589,unlabeled,Unknown
ddc_dzo_01229,unlabeled,Unknown
ddc_dzo_00846,unlabeled,Unknown
ddc_dzo_02101,unlabeled,Unknown
ddc_dzo_07636,unlabeled,Unknown
ddc_dzo_08342,unlabeled,Unknown
ddc_dzo_05892,unlabeled,Unknown
ddc_dzo_03658,unlabeled,Unknown
ddc_dzo_03712,unlabeled,Unknown
ddc_dzo_03318,unlabeled,Unknown
ddc_dzo_04860,unlabeled,Unknown
ddc_dzo_05179,unlabeled,Unknown
ddc_dzo_08020,unlabeled,Unknown
ddc_dzo_02017,unlabeled,Unknown
ddc_dzo_03863,unlabeled,Unknown
ddc_dzo_03035,unlabeled,Unknown
ddc_dzo_03956,unlabeled,Unknown
ddc_dzo_05720,unlabeled,Unknown
ddc_dzo_06674,unlabeled,Unknown
ddc_dzo_01186,unlabeled,Unknown
ddc_dzo_03383,unlabeled,Unknown
ddc_dzo_08472,unlabeled,Unknown
ddc_dzo_08656,unlabeled,Unknown
ddc_dzo_06844,unlabeled,Unknown
ddc_dzo_03222,unlabeled,Unknown
ddc_dzo_09386,unlabeled,Unknown
ddc_dzo_00822,unlabeled,Unknown
ddc_dzo_08755,unlabeled,Unknown
ddc_dzo_06435,unlabeled,Unknown
ddc_dzo_05422,unlabeled,Unknown
ddc_dzo_09660,unlabeled,Unknown
ddc_dzo_09693,unlabeled,Unknown
ddc_dzo_04899,unlabeled,Unknown
ddc_dzo_02285,unlabeled,Unknown
ddc_dzo_09131,unlabeled,Unknown
ddc_dzo_08983,unlabeled,Unknown
ddc_dzo_06818,unlabeled,Unknown
ddc_dzo_02475,unlabeled,Unknown
ddc_dzo_05356,unlabeled,Unknown
ddc_dzo_06345,unlabeled,Unknown
ddc_dzo_03739,unlabeled,Unknown
ddc_dzo_05317,unlabeled,Unknown
ddc_dzo_01005,unlabeled,Unknown
ddc_dzo_04457,unlabeled,Unknown
ddc_dzo_03793,unlabeled,Unknown
ddc_dzo_03129,unlabeled,Unknown
ddc_dzo_03941,unlabeled,Unknown
ddc_dzo_01808,unlabeled,Unknown
ddc_dzo_08481,unlabeled,Unknown
ddc_dzo_05748,unlabeled,Unknown
ddc_dzo_04831,unlabeled,Unknown
ddc_dzo_06071,unlabeled,Unknown
ddc_dzo_05767,unlabeled,Unknown
ddc_dzo_02741,unlabeled,Unknown
ddc_dzo_04434,unlabeled,Unknown
ddc_dzo_02379,unlabeled,Unknown
ddc_dzo_00278,unlabeled,Unknown
ddc_dzo_08846,unlabeled,Unknown
ddc_dzo_09541,unlabeled,Unknown
ddc_dzo_04151,unlabeled,Unknown
ddc_dzo_08095,unlabeled,Unknown
ddc_dzo_01070,unlabeled,Unknown
ddc_dzo_02819,unlabeled,Unknown
ddc_dzo_07620,unlabeled,Unknown
ddc_dzo_05309,unlabeled,Unknown
ddc_dzo_00751,unlabeled,Unknown
ddc_dzo_05543,unlabeled,Unknown
ddc_dzo_09248,unlabeled,Unknown
ddc_dzo_05925,unlabeled,Unknown
ddc_dzo_05810,unlabeled,Unknown
ddc_dzo_05980,unlabeled,Unknown
ddc_dzo_06881,unlabeled,Unknown
ddc_dzo_01136,unlabeled,Unknown
ddc_dzo_03108,unlabeled,Unknown
ddc_dzo_08773,unlabeled,Unknown
ddc_dzo_04263,unlabeled,Unknown
ddc_dzo_04743,unlabeled,Unknown
ddc_dzo_02720,unlabeled,Unknown
ddc_dzo_08898,unlabeled,Unknown
ddc_dzo_09050,unlabeled,Unknown
ddc_dzo_06388,unlabeled,Unknown
ddc_dzo_02937,unlabeled,Unknown
ddc_dzo_00360,unlabeled,Unknown
ddc_dzo_07939,unlabeled,Unknown
ddc_dzo_03519,unlabeled,Unknown
ddc_dzo_08848,unlabeled,Unknown
ddc_dzo_07388,unlabeled,Unknown
ddc_dzo_06582,unlabeled,Unknown
ddc_dzo_00220,unlabeled,Unknown
ddc_dzo_09797,unlabeled,Unknown
ddc_dzo_00088,unlabeled,Unknown
ddc_dzo_06371,unlabeled,Unknown
ddc_dzo_02228,unlabeled,Unknown
ddc_dzo_06418,unlabeled,Unknown
ddc_dzo_05493,unlabeled,Unknown
ddc_dzo_04013,unlabeled,Unknown
ddc_dzo_00618,unlabeled,Unknown
ddc_dzo_09072,unlabeled,Unknown
ddc_dzo_08154,unlabeled,Unknown
ddc_dzo_01815,unlabeled,Unknown
ddc_dzo_03671,unlabeled,Unknown
ddc_dzo_05377,unlabeled,Unknown
ddc_dzo_03583,unlabeled,Unknown
ddc_dzo_03445,unlabeled,Unknown
ddc_dzo_01061,unlabeled,Unknown
ddc_dzo_09198,unlabeled,Unknown
ddc_dzo_01759,unlabeled,Unknown
ddc_dzo_00249,unlabeled,Unknown
ddc_dzo_07574,unlabeled,Unknown
ddc_dzo_07541,unlabeled,Unknown
ddc_dzo_00969,unlabeled,Unknown
ddc_dzo_01581,unlabeled,Unknown
ddc_dzo_00649,unlabeled,Unknown
ddc_dzo_07011,unlabeled,Unknown
ddc_dzo_09931,unlabeled,Unknown
ddc_dzo_03296,unlabeled,Unknown
ddc_dzo_03339,unlabeled,Unknown
ddc_dzo_05266,unlabeled,Unknown
ddc_dzo_07672,unlabeled,Unknown
ddc_dzo_04503,unlabeled,Unknown
ddc_dzo_07350,unlabeled,Unknown
ddc_dzo_02138,unlabeled,Unknown
ddc_dzo_08673,unlabeled,Unknown
ddc_dzo_00772,unlabeled,Unknown
ddc_dzo_04460,unlabeled,Unknown
ddc_dzo_07430,unlabeled,Unknown
ddc_dzo_09221,unlabeled,Unknown
ddc_dzo_09505,unlabeled,Unknown
ddc_dzo_03612,unlabeled,Unknown
ddc_dzo_05171,unlabeled,Unknown
ddc_dzo_06000,unlabeled,Unknown
ddc_dzo_07785,unlabeled,Unknown
ddc_dzo_01924,unlabeled,Unknown
ddc_dzo_00583,unlabeled,Unknown
ddc_dzo_05851,unlabeled,Unknown
ddc_dzo_05288,unlabeled,Unknown
ddc_dzo_08166,unlabeled,Unknown
ddc_dzo_07944,unlabeled,Unknown
ddc_dzo_07221,unlabeled,Unknown
ddc_dzo_09956,unlabeled,Unknown
ddc_dzo_05335,unlabeled,Unknown
ddc_dzo_05004,unlabeled,Unknown
ddc_dzo_03729,unlabeled,Unknown
ddc_dzo_02180,unlabeled,Unknown
ddc_dzo_08467,unlabeled,Unknown
ddc_dzo_00541,unlabeled,Unknown
ddc_dzo_01309,unlabeled,Unknown
ddc_dzo_05123,unlabeled,Unknown
ddc_dzo_06216,unlabeled,Unknown
ddc_dzo_03650,unlabeled,Unknown
ddc_dzo_04066,unlabeled,Unknown
ddc_dzo_08074,unlabeled,Unknown
ddc_dzo_05901,unlabeled,Unknown
ddc_dzo_06294,unlabeled,Unknown
ddc_dzo_06858,unlabeled,Unknown
ddc_dzo_06016,unlabeled,Unknown
ddc_dzo_07187,unlabeled,Unknown
ddc_dzo_07152,unlabeled,Unknown
ddc_dzo_04216,unlabeled,Unknown
ddc_dzo_07372,unlabeled,Unknown
ddc_dzo_02004,unlabeled,Unknown
ddc_dzo_08935,unlabeled,Unknown
ddc_dzo_02977,unlabeled,Unknown
ddc_dzo_08953,unlabeled,Unknown
ddc_dzo_00306,unlabeled,Unknown
ddc_dzo_00049,unlabeled,Unknown
ddc_dzo_04032,unlabeled,Unknown
ddc_dzo_08399,unlabeled,Unknown
ddc_dzo_09303,unlabeled,Unknown
ddc_dzo_06615,unlabeled,Unknown
ddc_dzo_03535,unlabeled,Unknown
ddc_dzo_04243,unlabeled,Unknown
ddc_dzo_03881,unlabeled,Unknown
ddc_dzo_08888,unlabeled,Unknown
ddc_dzo_04700,unlabeled,Unknown
ddc_dzo_07662,unlabeled,Unknown
ddc_dzo_07875,unlabeled,Unknown
ddc_dzo_08469,unlabeled,Unknown
ddc_dzo_09897,unlabeled,Unknown
ddc_dzo_05057,unlabeled,Unknown
ddc_dzo_06102,unlabeled,Unknown
ddc_dzo_05419,unlabeled,Unknown
ddc_dzo_05260,unlabeled,Unknown
ddc_dzo_01792,unlabeled,Unknown
ddc_dzo_01917,unlabeled,Unknown
ddc_dzo_07841,unlabeled,Unknown
ddc_dzo_05442,unlabeled,Unknown
ddc_dzo_09409,unlabeled,Unknown
ddc_dzo_04396,unlabeled,Unknown
ddc_dzo_08796,unlabeled,Unknown
ddc_dzo_05702,unlabeled,Unknown
ddc_dzo_04339,unlabeled,Unknown
ddc_dzo_01598,unlabeled,Unknown
ddc_dzo_03627,unlabeled,Unknown
ddc_dzo_04123,unlabeled,Unknown
ddc_dzo_01436,unlabeled,Unknown
ddc_dzo_03022,unlabeled,Unknown
ddc_dzo_08591,unlabeled,Unknown
ddc_dzo_02671,unlabeled,Unknown
ddc_dzo_08090,unlabeled,Unknown
ddc_dzo_01552,unlabeled,Unknown
ddc_dzo_04652,unlabeled,Unknown
ddc_dzo_04731,unlabeled,Unknown
ddc_dzo_01371,unlabeled,Unknown
ddc_dzo_02755,unlabeled,Unknown
ddc_dzo_02210,unlabeled,Unknown
ddc_dzo_00106,unlabeled,Unknown
ddc_dzo_08348,unlabeled,Unknown
ddc_dzo_01065,unlabeled,Unknown
ddc_dzo_05390,unlabeled,Unknown
ddc_dzo_07889,unlabeled,Unknown
ddc_dzo_01891,unlabeled,Unknown
ddc_dzo_03334,unlabeled,Unknown
ddc_dzo_04320,unlabeled,Unknown
ddc_dzo_02864,unlabeled,Unknown
ddc_dzo_05611,unlabeled,Unknown
ddc_dzo_09559,unlabeled,Unknown
ddc_dzo_03415,unlabeled,Unknown
ddc_dzo_05183,unlabeled,Unknown
ddc_dzo_07498,unlabeled,Unknown
ddc_dzo_03672,unlabeled,Unknown
ddc_dzo_01292,unlabeled,Unknown
ddc_dzo_05725,unlabeled,Unknown
ddc_dzo_04822,unlabeled,Unknown
ddc_dzo_02627,unlabeled,Unknown
ddc_dzo_06977,unlabeled,Unknown
ddc_dzo_09446,unlabeled,Unknown
ddc_dzo_05420,unlabeled,Unknown
ddc_dzo_08245,unlabeled,Unknown
ddc_dzo_09847,unlabeled,Unknown
ddc_dzo_02292,unlabeled,Unknown
ddc_dzo_05972,unlabeled,Unknown
ddc_dzo_02828,unlabeled,Unknown
ddc_dzo_01501,unlabeled,Unknown
ddc_dzo_02996,unlabeled,Unknown
ddc_dzo_04793,unlabeled,Unknown
ddc_dzo_06355,unlabeled,Unknown
ddc_dzo_00551,unlabeled,Unknown
ddc_dzo_05815,unlabeled,Unknown
ddc_dzo_03973,unlabeled,Unknown
ddc_dzo_02314,unlabeled,Unknown
ddc_dzo_00908,unlabeled,Unknown
ddc_dzo_08631,unlabeled,Unknown
ddc_dzo_09179,unlabeled,Unknown
ddc_dzo_09679,unlabeled,Unknown
ddc_dzo_04531,unlabeled,Unknown
ddc_dzo_08695,unlabeled,Unknown
ddc_dzo_07972,unlabeled,Unknown
ddc_dzo_07683,unlabeled,Unknown
ddc_dzo_09143,unlabeled,Unknown
ddc_dzo_03776,unlabeled,Unknown
ddc_dzo_04437,unlabeled,Unknown
ddc_dzo_09049,unlabeled,Unknown
ddc_dzo_01076,unlabeled,Unknown
ddc_dzo_05536,unlabeled,Unknown
ddc_dzo_01746,unlabeled,Unknown
ddc_dzo_08264,unlabeled,Unknown
ddc_dzo_04933,unlabeled,Unknown
ddc_dzo_01864,unlabeled,Unknown
ddc_dzo_03661,unlabeled,Unknown
ddc_dzo_02453,unlabeled,Unknown
ddc_dzo_09880,unlabeled,Unknown
ddc_dzo_03942,unlabeled,Unknown
ddc_dzo_07054,unlabeled,Unknown
ddc_dzo_01627,unlabeled,Unknown
ddc_dzo_08184,unlabeled,Unknown
ddc_dzo_06935,unlabeled,Unknown
ddc_dzo_08804,unlabeled,Unknown
ddc_dzo_06366,unlabeled,Unknown
ddc_dzo_00357,unlabeled,Unknown
ddc_dzo_02105,unlabeled,Unknown
ddc_dzo_00629,unlabeled,Unknown
ddc_dzo_06176,unlabeled,Unknown
ddc_dzo_03103,unlabeled,Unknown
ddc_dzo_05967,unlabeled,Unknown
ddc_dzo_01006,unlabeled,Unknown
ddc_dzo_02653,unlabeled,Unknown
ddc_dzo_09773,unlabeled,Unknown
ddc_dzo_09717,unlabeled,Unknown
ddc_dzo_07264,unlabeled,Unknown
ddc_dzo_09271,unlabeled,Unknown
ddc_dzo_04685,unlabeled,Unknown
ddc_dzo_08564,unlabeled,Unknown
ddc_dzo_08824,unlabeled,Unknown
ddc_dzo_08714,unlabeled,Unknown
ddc_dzo_00221,unlabeled,Unknown
ddc_dzo_07925,unlabeled,Unknown
ddc_dzo_04017,unlabeled,Unknown
ddc_dzo_06136,unlabeled,Unknown
ddc_dzo_01419,unlabeled,Unknown
ddc_dzo_02713,unlabeled,Unknown
ddc_dzo_06905,unlabeled,Unknown
ddc_dzo_02257,unlabeled,Unknown
ddc_dzo_06799,unlabeled,Unknown
ddc_dzo_04775,unlabeled,Unknown
ddc_dzo_08779,unlabeled,Unknown
ddc_dzo_05132,unlabeled,Unknown
ddc_dzo_08003,unlabeled,Unknown
ddc_dzo_03566,unlabeled,Unknown
ddc_dzo_05639,unlabeled,Unknown
ddc_dzo_03709,unlabeled,Unknown
ddc_dzo_07199,unlabeled,Unknown
ddc_dzo_00803,unlabeled,Unknown
ddc_dzo_02915,unlabeled,Unknown
ddc_dzo_00022,unlabeled,Unknown
ddc_dzo_08237,unlabeled,Unknown
ddc_dzo_09082,unlabeled,Unknown
ddc_dzo_06020,unlabeled,Unknown
ddc_dzo_04626,unlabeled,Unknown
ddc_dzo_01657,unlabeled,Unknown
ddc_dzo_09694,unlabeled,Unknown
ddc_dzo_07543,unlabeled,Unknown
ddc_dzo_05299,unlabeled,Unknown
ddc_dzo_00953,unlabeled,Unknown
ddc_dzo_06065,unlabeled,Unknown
ddc_dzo_01385,unlabeled,Unknown
ddc_dzo_09793,unlabeled,Unknown
ddc_dzo_06182,unlabeled,Unknown
ddc_dzo_09326,unlabeled,Unknown
ddc_dzo_01955,unlabeled,Unknown
ddc_dzo_07037,unlabeled,Unknown
ddc_dzo_00600,unlabeled,Unknown
ddc_dzo_03313,unlabeled,Unknown
ddc_dzo_05866,unlabeled,Unknown
ddc_dzo_01221,unlabeled,Unknown
ddc_dzo_05145,unlabeled,Unknown
ddc_dzo_01575,unlabeled,Unknown
ddc_dzo_08457,unlabeled,Unknown
ddc_dzo_00755,unlabeled,Unknown
ddc_dzo_05010,unlabeled,Unknown
ddc_dzo_01688,unlabeled,Unknown
ddc_dzo_09613,unlabeled,Unknown
ddc_dzo_08580,unlabeled,Unknown
ddc_dzo_03357,unlabeled,Unknown
ddc_dzo_08304,unlabeled,Unknown
ddc_dzo_03770,unlabeled,Unknown
ddc_dzo_05532,unlabeled,Unknown
ddc_dzo_00409,unlabeled,Unknown
ddc_dzo_01233,unlabeled,Unknown
ddc_dzo_04872,unlabeled,Unknown
ddc_dzo_02594,unlabeled,Unknown
ddc_dzo_06554,unlabeled,Unknown
ddc_dzo_06856,unlabeled,Unknown
ddc_dzo_08899,unlabeled,Unknown
ddc_dzo_01271,unlabeled,Unknown
ddc_dzo_09656,unlabeled,Unknown
ddc_dzo_00072,unlabeled,Unknown
ddc_dzo_04722,unlabeled,Unknown
ddc_dzo_08608,unlabeled,Unknown
ddc_dzo_02402,unlabeled,Unknown
ddc_dzo_01707,unlabeled,Unknown
ddc_dzo_07746,unlabeled,Unknown
ddc_dzo_05603,unlabeled,Unknown
ddc_dzo_09866,unlabeled,Unknown
ddc_dzo_02222,unlabeled,Unknown
ddc_dzo_09795,unlabeled,Unknown
ddc_dzo_06940,unlabeled,Unknown
ddc_dzo_07816,unlabeled,Unknown
ddc_dzo_06801,unlabeled,Unknown
ddc_dzo_05495,unlabeled,Unknown
ddc_dzo_08146,unlabeled,Unknown
ddc_dzo_01480,unlabeled,Unknown
ddc_dzo_00163,unlabeled,Unknown
ddc_dzo_09546,unlabeled,Unknown
ddc_dzo_05464,unlabeled,Unknown
ddc_dzo_03136,unlabeled,Unknown
ddc_dzo_02032,unlabeled,Unknown
ddc_dzo_05578,unlabeled,Unknown
ddc_dzo_06687,unlabeled,Unknown
ddc_dzo_03502,unlabeled,Unknown
ddc_dzo_00777,unlabeled,Unknown
ddc_dzo_05077,unlabeled,Unknown
ddc_dzo_04345,unlabeled,Unknown
ddc_dzo_06737,unlabeled,Unknown
ddc_dzo_04504,unlabeled,Unknown
ddc_dzo_07106,unlabeled,Unknown
ddc_dzo_03443,unlabeled,Unknown
ddc_dzo_03043,unlabeled,Unknown
ddc_dzo_02042,unlabeled,Unknown
ddc_dzo_02345,unlabeled,Unknown
ddc_dzo_00513,unlabeled,Unknown
ddc_dzo_09396,unlabeled,Unknown
ddc_dzo_04249,unlabeled,Unknown
ddc_dzo_06039,unlabeled,Unknown
ddc_dzo_09421,unlabeled,Unknown
ddc_dzo_02199,unlabeled,Unknown
ddc_dzo_04834,unlabeled,Unknown
ddc_dzo_03164,unlabeled,Unknown
ddc_dzo_03406,unlabeled,Unknown
ddc_dzo_00989,unlabeled,Unknown
ddc_dzo_09242,unlabeled,Unknown
ddc_dzo_06396,unlabeled,Unknown
ddc_dzo_04016,unlabeled,Unknown
ddc_dzo_04215,unlabeled,Unknown
ddc_dzo_02084,unlabeled,Unknown
ddc_dzo_04974,unlabeled,Unknown
ddc_dzo_02659,unlabeled,Unknown
ddc_dzo_08785,unlabeled,Unknown
ddc_dzo_02517,unlabeled,Unknown
ddc_dzo_06584,unlabeled,Unknown
ddc_dzo_08367,unlabeled,Unknown
ddc_dzo_01345,unlabeled,Unknown
ddc_dzo_03237,unlabeled,Unknown
ddc_dzo_05841,unlabeled,Unknown
ddc_dzo_08594,unlabeled,Unknown
ddc_dzo_00622,unlabeled,Unknown
ddc_dzo_09585,unlabeled,Unknown
ddc_dzo_01799,unlabeled,Unknown
ddc_dzo_06836,unlabeled,Unknown
ddc_dzo_07442,unlabeled,Unknown
ddc_dzo_01499,unlabeled,Unknown
ddc_dzo_01694,unlabeled,Unknown
ddc_dzo_02858,unlabeled,Unknown
ddc_dzo_06787,unlabeled,Unknown
ddc_dzo_00319,unlabeled,Unknown
ddc_dzo_06313,unlabeled,Unknown
ddc_dzo_00942,unlabeled,Unknown
ddc_dzo_01038,unlabeled,Unknown
ddc_dzo_05948,unlabeled,Unknown
ddc_dzo_05809,unlabeled,Unknown
ddc_dzo_06543,unlabeled,Unknown
ddc_dzo_06916,unlabeled,Unknown
ddc_dzo_08063,unlabeled,Unknown
ddc_dzo_01753,unlabeled,Unknown
ddc_dzo_02884,unlabeled,Unknown
ddc_dzo_05257,unlabeled,Unknown
ddc_dzo_02785,unlabeled,Unknown
ddc_dzo_06246,unlabeled,Unknown
ddc_dzo_04145,unlabeled,Unknown
ddc_dzo_08286,unlabeled,Unknown
ddc_dzo_04633,unlabeled,Unknown
ddc_dzo_02365,unlabeled,Unknown
ddc_dzo_02668,unlabeled,Unknown
ddc_dzo_03706,unlabeled,Unknown
ddc_dzo_05524,unlabeled,Unknown
ddc_dzo_02328,unlabeled,Unknown
ddc_dzo_00169,unlabeled,Unknown
ddc_dzo_08528,unlabeled,Unknown
ddc_dzo_06056,unlabeled,Unknown
ddc_dzo_08937,unlabeled,Unknown
ddc_dzo_03897,unlabeled,Unknown
ddc_dzo_05323,unlabeled,Unknown
ddc_dzo_06508,unlabeled,Unknown
ddc_dzo_07695,unlabeled,Unknown
ddc_dzo_00277,unlabeled,Unknown
ddc_dzo_00674,unlabeled,Unknown
ddc_dzo_07776,unlabeled,Unknown
ddc_dzo_03343,unlabeled,Unknown
ddc_dzo_09765,unlabeled,Unknown
ddc_dzo_08782,unlabeled,Unknown
ddc_dzo_07621,unlabeled,Unknown
ddc_dzo_09018,unlabeled,Unknown
ddc_dzo_09985,unlabeled,Unknown
ddc_dzo_08832,unlabeled,Unknown
ddc_dzo_02833,unlabeled,Unknown
ddc_dzo_03752,unlabeled,Unknown
ddc_dzo_05485,unlabeled,Unknown
ddc_dzo_07231,unlabeled,Unknown
ddc_dzo_04254,unlabeled,Unknown
ddc_dzo_06234,unlabeled,Unknown
ddc_dzo_09008,unlabeled,Unknown
ddc_dzo_06959,unlabeled,Unknown
ddc_dzo_07923,unlabeled,Unknown
ddc_dzo_09926,unlabeled,Unknown
ddc_dzo_03531,unlabeled,Unknown
ddc_dzo_06767,unlabeled,Unknown
ddc_dzo_04553,unlabeled,Unknown
ddc_dzo_05556,unlabeled,Unknown
ddc_dzo_03580,unlabeled,Unknown
ddc_dzo_04763,unlabeled,Unknown
ddc_dzo_03075,unlabeled,Unknown
ddc_dzo_09133,unlabeled,Unknown
ddc_dzo_09808,unlabeled,Unknown
ddc_dzo_00426,unlabeled,Unknown
ddc_dzo_06241,unlabeled,Unknown
ddc_dzo_05914,unlabeled,Unknown
ddc_dzo_01208,unlabeled,Unknown
ddc_dzo_04669,unlabeled,Unknown
ddc_dzo_07165,unlabeled,Unknown
ddc_dzo_02480,unlabeled,Unknown
ddc_dzo_06876,unlabeled,Unknown
ddc_dzo_07942,unlabeled,Unknown
ddc_dzo_06410,unlabeled,Unknown
ddc_dzo_05709,unlabeled,Unknown
ddc_dzo_07395,unlabeled,Unknown
ddc_dzo_03258,unlabeled,Unknown
ddc_dzo_03068,unlabeled,Unknown
ddc_dzo_01357,unlabeled,Unknown
ddc_dzo_07811,unlabeled,Unknown
ddc_dzo_04135,unlabeled,Unknown
ddc_dzo_01037,unlabeled,Unknown
ddc_dzo_03811,unlabeled,Unknown
ddc_dzo_04889,unlabeled,Unknown
ddc_dzo_01446,unlabeled,Unknown
ddc_dzo_07622,unlabeled,Unknown
ddc_dzo_09464,unlabeled,Unknown
