audio_id,speaker,cluster
ddc_dzo_04217,Romeo,11
ddc_dzo_00009,Romeo,11
ddc_dzo_00013,Romeo,11
ddc_dzo_00001,Romeo,11
ddc_dzo_00015,Romeo,11
ddc_dzo_00014,Romeo,11
ddc_dzo_00005,Romeo,11
ddc_dzo_00006,Romeo,11
ddc_dzo_00023,Romeo,11
ddc_dzo_00003,Romeo,11
ddc_dzo_00007,Dorji,12
ddc_dzo_00008,Thinley,8
ddc_dzo_01836,Namgay,10
ddc_dzo_00019,Romeo,11
ddc_dzo_08853,Romeo,11
ddc_dzo_00046,Romeo,11
ddc_dzo_00048,Romeo,11
ddc_dzo_00039,Romeo,11
ddc_dzo_00045,Romeo,11
ddc_dzo_00051,Romeo,11
ddc_dzo_00029,Dorji,12
ddc_dzo_00032,Romeo,11
ddc_dzo_00042,Romeo,11
ddc_dzo_00041,Dorji,12
ddc_dzo_00053,Romeo,11
ddc_dzo_09137,Romeo,11
ddc_dzo_00082,Romeo,11
ddc_dzo_00073,Thinley,8
ddc_dzo_00066,Romeo,11
ddc_dzo_00056,Romeo,-1
ddc_dzo_00069,Dorji,12
ddc_dzo_00063,Romeo,11
ddc_dzo_00075,Romeo,11
ddc_dzo_00083,Romeo,11
ddc_dzo_00061,Thinley,8
ddc_dzo_00070,Thinley,8
ddc_dzo_00057,Romeo,11
ddc_dzo_01034,Thinley,8
ddc_dzo_00078,Dorji,12
ddc_dzo_00080,Thinley,8
ddc_dzo_00067,Romeo,11
ddc_dzo_06116,Romeo,11
ddc_dzo_00100,Romeo,11
ddc_dzo_00094,Romeo,11
ddc_dzo_00101,Romeo,11
ddc_dzo_00107,Romeo,11
ddc_dzo_00098,Romeo,11
ddc_dzo_00089,Romeo,11
ddc_dzo_03225,Dorji,12
ddc_dzo_09420,Thinley,8
ddc_dzo_00091,Romeo,11
ddc_dzo_00111,Romeo,11
ddc_dzo_00090,Romeo,11
ddc_dzo_00096,Romeo,11
ddc_dzo_00102,Dorji,12
ddc_dzo_00092,Thinley,8
ddc_dzo_00103,Romeo,11
ddc_dzo_00084,Romeo,11
ddc_dzo_00105,Romeo,11
ddc_dzo_00138,Romeo,11
ddc_dzo_00123,Romeo,11
ddc_dzo_00121,Namgay,4
ddc_dzo_00131,Romeo,11
ddc_dzo_00113,Romeo,11
ddc_dzo_00112,Thinley,8
ddc_dzo_00124,Romeo,11
ddc_dzo_00136,Romeo,11
ddc_dzo_00122,Thinley,8
ddc_dzo_00115,Romeo,11
ddc_dzo_00126,Thinley,8
ddc_dzo_00133,Romeo,11
ddc_dzo_00134,Romeo,11
ddc_dzo_04727,Romeo,11
ddc_dzo_09873,Dorji,12
ddc_dzo_00144,Romeo,11
ddc_dzo_00147,Romeo,11
ddc_dzo_00154,Romeo,11
ddc_dzo_00158,Romeo,11
ddc_dzo_00145,Romeo,11
ddc_dzo_00153,Dorji,12
ddc_dzo_00143,Romeo,11
ddc_dzo_00155,Dorji,12
ddc_dzo_00164,Romeo,11
ddc_dzo_00150,Romeo,11
ddc_dzo_00142,Romeo,11
ddc_dzo_00141,Romeo,11
ddc_dzo_07644,Romeo,11
ddc_dzo_00180,Romeo,11
ddc_dzo_00188,Romeo,11
ddc_dzo_00172,Romeo,11
ddc_dzo_00187,Romeo,11
ddc_dzo_00181,Romeo,11
ddc_dzo_00175,Dorji,12
ddc_dzo_00167,Namgay,7
ddc_dzo_00170,Dorji,12
ddc_dzo_00171,Romeo,11
ddc_dzo_00189,Romeo,11
ddc_dzo_00183,Romeo,11
ddc_dzo_00173,Romeo,11
ddc_dzo_00191,Romeo,11
ddc_dzo_00166,Romeo,11
ddc_dzo_08529,Romeo,11
ddc_dzo_00216,Romeo,11
ddc_dzo_00218,Romeo,11
ddc_dzo_00199,Romeo,11
ddc_dzo_00203,Romeo,11
ddc_dzo_00205,Thinley,8
ddc_dzo_00207,Romeo,11
ddc_dzo_00217,Romeo,11
ddc_dzo_00196,Romeo,11
ddc_dzo_00215,Romeo,11
ddc_dzo_06084,Dorji,12
ddc_dzo_00212,Romeo,11
ddc_dzo_06096,Dorji,12
ddc_dzo_00201,Romeo,11
ddc_dzo_00206,Romeo,11
ddc_dzo_00213,Romeo,11
ddc_dzo_00195,Romeo,11
ddc_dzo_00230,Dorji,12
ddc_dzo_00239,Romeo,11
ddc_dzo_09086,Romeo,11
ddc_dzo_03775,Romeo,11
ddc_dzo_00229,Romeo,11
ddc_dzo_00226,Romeo,11
ddc_dzo_00243,Nima,-1
ddc_dzo_00236,Thinley,8
ddc_dzo_00224,Thinley,8
ddc_dzo_00232,Namgay,10
ddc_dzo_00237,Romeo,11
ddc_dzo_00246,Romeo,11
ddc_dzo_00231,Romeo,11
ddc_dzo_00223,Romeo,11
ddc_dzo_00241,Romeo,11
ddc_dzo_00222,Romeo,11
ddc_dzo_01378,Romeo,11
ddc_dzo_00253,Romeo,11
ddc_dzo_00248,Romeo,11
ddc_dzo_00274,Romeo,11
ddc_dzo_00266,Romeo,11
ddc_dzo_00252,Romeo,11
ddc_dzo_00268,Romeo,11
ddc_dzo_00264,Thinley,8
ddc_dzo_00254,Romeo,11
ddc_dzo_00269,Romeo,11
ddc_dzo_01035,Romeo,11
ddc_dzo_00261,Namgay,4
ddc_dzo_00263,Namgay,4
ddc_dzo_00262,Thinley,8
ddc_dzo_00258,Romeo,11
ddc_dzo_00270,Romeo,11
ddc_dzo_00259,Romeo,11
ddc_dzo_08862,Romeo,11
ddc_dzo_00286,Romeo,11
ddc_dzo_08849,Thinley,8
ddc_dzo_00290,Thinley,8
ddc_dzo_00297,Romeo,11
ddc_dzo_00288,Romeo,11
ddc_dzo_00298,Thinley,8
ddc_dzo_00295,Dorji,12
ddc_dzo_00302,Thinley,8
ddc_dzo_00292,Romeo,11
ddc_dzo_00282,Romeo,11
ddc_dzo_00283,Dorji,12
ddc_dzo_00276,Romeo,11
ddc_dzo_00289,Thinley,8
ddc_dzo_00281,Thinley,8
ddc_dzo_00300,Romeo,11
ddc_dzo_01823,Romeo,11
ddc_dzo_00331,Romeo,11
ddc_dzo_00305,Romeo,11
ddc_dzo_00328,Romeo,11
ddc_dzo_00303,Dorji,12
ddc_dzo_00313,Thinley,8
ddc_dzo_00327,Romeo,11
ddc_dzo_00309,Romeo,11
ddc_dzo_00304,Romeo,11
ddc_dzo_00310,Romeo,11
ddc_dzo_00323,Romeo,11
ddc_dzo_00330,Dorji,12
ddc_dzo_00311,Romeo,11
ddc_dzo_01169,Romeo,11
ddc_dzo_00338,Romeo,11
ddc_dzo_00353,Romeo,11
ddc_dzo_00345,Dorji,12
ddc_dzo_00356,Dorji,12
ddc_dzo_00349,Romeo,11
ddc_dzo_00334,Romeo,11
ddc_dzo_00355,Thinley,8
ddc_dzo_00354,Romeo,11
ddc_dzo_00337,Romeo,11
ddc_dzo_00346,Romeo,11
ddc_dzo_00350,Thinley,8
ddc_dzo_00333,Nima,5
ddc_dzo_00344,Romeo,11
ddc_dzo_00342,Romeo,11
ddc_dzo_09573,Romeo,11
ddc_dzo_00378,Romeo,11
ddc_dzo_00375,Romeo,11
ddc_dzo_00364,Romeo,11
ddc_dzo_00382,Romeo,11
ddc_dzo_00377,Romeo,11
ddc_dzo_00384,Namgay,7
ddc_dzo_00365,Thinley,8
ddc_dzo_00379,Thinley,8
ddc_dzo_00368,Dorji,12
ddc_dzo_00373,Romeo,-1
ddc_dzo_00361,Romeo,11
ddc_dzo_00367,Thinley,8
ddc_dzo_01645,Romeo,11
ddc_dzo_00395,Romeo,11
ddc_dzo_00407,Romeo,11
ddc_dzo_00387,Romeo,11
ddc_dzo_00399,Romeo,11
ddc_dzo_00401,Romeo,11
ddc_dzo_00439,Romeo,-1
ddc_dzo_00389,Thinley,8
ddc_dzo_00410,Dorji,12
ddc_dzo_00408,Dorji,12
ddc_dzo_00396,Dorji,12
ddc_dzo_00402,Dorji,12
ddc_dzo_00393,Dorji,12
ddc_dzo_00406,Romeo,-1
ddc_dzo_00391,Romeo,11
ddc_dzo_03077,Romeo,11
ddc_dzo_00421,Romeo,11
ddc_dzo_00415,Thinley,8
ddc_dzo_00425,Romeo,11
ddc_dzo_00413,Thinley,8
ddc_dzo_00432,Romeo,11
ddc_dzo_00430,Romeo,11
ddc_dzo_00422,Romeo,11
ddc_dzo_00424,Thinley,8
ddc_dzo_00412,Romeo,11
ddc_dzo_00433,Namgay,2
ddc_dzo_00431,Romeo,11
ddc_dzo_00419,Romeo,11
ddc_dzo_00414,Romeo,11
ddc_dzo_05134,Romeo,11
ddc_dzo_00449,Romeo,11
ddc_dzo_00460,Thinley,8
ddc_dzo_00450,Romeo,11
ddc_dzo_00463,Romeo,11
ddc_dzo_00455,Romeo,11
ddc_dzo_00453,Thinley,8
ddc_dzo_00440,Dorji,12
ddc_dzo_00447,Romeo,11
ddc_dzo_00464,Thinley,8
ddc_dzo_00443,Thinley,8
ddc_dzo_01036,Romeo,11
ddc_dzo_00462,Romeo,11
ddc_dzo_00454,Romeo,11
ddc_dzo_00479,Romeo,11
ddc_dzo_00486,Romeo,11
ddc_dzo_04020,Romeo,11
ddc_dzo_00471,Romeo,11
ddc_dzo_00477,Romeo,11
ddc_dzo_00478,Dorji,12
ddc_dzo_00468,Romeo,11
ddc_dzo_00469,Namgay,4
ddc_dzo_00473,Thinley,8
ddc_dzo_00467,Namgay,3
ddc_dzo_00485,Thinley,8
ddc_dzo_00492,Romeo,11
ddc_dzo_00484,Romeo,11
ddc_dzo_00483,Romeo,11
ddc_dzo_00970,Romeo,11
ddc_dzo_00498,Romeo,11
ddc_dzo_00504,Romeo,11
ddc_dzo_00515,Romeo,11
ddc_dzo_00517,Namgay,4
ddc_dzo_00500,Namgay,7
ddc_dzo_00497,Dorji,12
ddc_dzo_00510,Romeo,11
ddc_dzo_00508,Romeo,11
ddc_dzo_00516,Thinley,8
ddc_dzo_00512,Romeo,11
ddc_dzo_00502,Thinley,8
ddc_dzo_00506,Dorji,12
ddc_dzo_00501,Romeo,11
ddc_dzo_06250,Romeo,11
ddc_dzo_00524,Romeo,11
ddc_dzo_00529,Romeo,11
ddc_dzo_00537,Romeo,11
ddc_dzo_00538,Romeo,11
ddc_dzo_00539,Dorji,12
ddc_dzo_00532,Romeo,11
ddc_dzo_00545,Dorji,12
ddc_dzo_00543,Thinley,8
ddc_dzo_00534,Romeo,11
ddc_dzo_00530,Thinley,8
ddc_dzo_00523,Romeo,11
ddc_dzo_00536,Romeo,11
ddc_dzo_00533,Romeo,11
ddc_dzo_06604,Romeo,11
ddc_dzo_00570,Romeo,11
ddc_dzo_00562,Thinley,8
ddc_dzo_00548,Dorji,12
ddc_dzo_00560,Romeo,11
ddc_dzo_00569,Romeo,11
ddc_dzo_00559,Namgay,4
ddc_dzo_00549,Romeo,11
ddc_dzo_00565,Dorji,12
ddc_dzo_01304,Romeo,11
ddc_dzo_00594,Romeo,11
ddc_dzo_00585,Namgay,4
ddc_dzo_00590,Romeo,11
ddc_dzo_00581,Thinley,8
ddc_dzo_00587,Thinley,8
ddc_dzo_00596,Romeo,11
ddc_dzo_00592,Romeo,11
ddc_dzo_00578,Thinley,8
ddc_dzo_00580,Romeo,11
ddc_dzo_00624,Romeo,11
ddc_dzo_00619,Romeo,11
ddc_dzo_00612,Romeo,11
ddc_dzo_00621,Romeo,11
ddc_dzo_00604,Romeo,11
ddc_dzo_00627,Romeo,11
ddc_dzo_00606,Romeo,11
ddc_dzo_00611,Romeo,11
ddc_dzo_00626,Thinley,8
ddc_dzo_00608,Thinley,8
ddc_dzo_00616,Thinley,8
ddc_dzo_09776,Thinley,8
ddc_dzo_00613,Romeo,11
ddc_dzo_00620,Romeo,11
ddc_dzo_00630,Romeo,11
ddc_dzo_00636,Romeo,11
ddc_dzo_00634,Thinley,8
ddc_dzo_00631,Thinley,8
ddc_dzo_00645,Romeo,11
ddc_dzo_00643,Namgay,4
ddc_dzo_00628,Romeo,11
ddc_dzo_00641,Thinley,8
ddc_dzo_00651,Thinley,8
ddc_dzo_00648,Nima,5
ddc_dzo_00640,Thinley,8
ddc_dzo_00646,Romeo,11
ddc_dzo_00639,Romeo,11
ddc_dzo_00633,Romeo,11
ddc_dzo_01073,Romeo,11
ddc_dzo_00660,Romeo,11
ddc_dzo_00670,Romeo,11
ddc_dzo_00658,Romeo,11
ddc_dzo_00653,Romeo,11
ddc_dzo_00657,Romeo,11
ddc_dzo_00672,Romeo,11
ddc_dzo_00669,Romeo,11
ddc_dzo_00662,Romeo,11
ddc_dzo_00673,Romeo,11
ddc_dzo_00671,Romeo,11
ddc_dzo_00667,Dorji,12
ddc_dzo_00654,Romeo,11
ddc_dzo_00656,Romeo,11
ddc_dzo_09749,Romeo,11
ddc_dzo_08070,Romeo,11
ddc_dzo_00682,Romeo,11
ddc_dzo_00683,Romeo,11
ddc_dzo_00701,Romeo,11
ddc_dzo_00691,Romeo,11
ddc_dzo_00697,Romeo,11
ddc_dzo_00686,Romeo,11
ddc_dzo_00681,Romeo,11
ddc_dzo_00687,Dorji,12
ddc_dzo_00693,Thinley,8
ddc_dzo_00699,Romeo,11
ddc_dzo_00689,Romeo,11
ddc_dzo_00679,Romeo,11
ddc_dzo_00698,Romeo,11
ddc_dzo_03481,Romeo,11
ddc_dzo_00708,Romeo,11
ddc_dzo_00712,Romeo,11
ddc_dzo_00726,Romeo,11
ddc_dzo_00710,Romeo,11
ddc_dzo_00722,Romeo,11
ddc_dzo_00718,Namgay,4
ddc_dzo_00716,Romeo,11
ddc_dzo_00723,Romeo,11
ddc_dzo_04477,Dorji,12
ddc_dzo_00707,Romeo,11
ddc_dzo_00729,Romeo,11
ddc_dzo_00704,Romeo,11
ddc_dzo_00719,Romeo,11
ddc_dzo_00055,Romeo,11
ddc_dzo_02390,Romeo,11
ddc_dzo_00744,Romeo,11
ddc_dzo_00733,Romeo,11
ddc_dzo_00742,Romeo,11
ddc_dzo_00746,Romeo,11
ddc_dzo_00753,Romeo,11
ddc_dzo_00754,Romeo,11
ddc_dzo_00738,Romeo,11
ddc_dzo_00748,Romeo,11
ddc_dzo_00752,Romeo,11
ddc_dzo_00745,Romeo,11
ddc_dzo_00734,Romeo,11
ddc_dzo_00739,Romeo,11
ddc_dzo_07741,Romeo,11
ddc_dzo_00758,Romeo,11
ddc_dzo_00780,Romeo,11
ddc_dzo_00773,Namgay,0
ddc_dzo_00767,Romeo,11
ddc_dzo_00778,Romeo,11
ddc_dzo_00763,Thinley,8
ddc_dzo_00782,Romeo,11
ddc_dzo_00769,Romeo,11
ddc_dzo_00771,Romeo,11
ddc_dzo_00764,Thinley,8
ddc_dzo_00766,Romeo,-1
ddc_dzo_00781,Romeo,-1
ddc_dzo_02148,Romeo,11
ddc_dzo_04736,Thinley,8
ddc_dzo_08275,Romeo,11
ddc_dzo_09954,Thinley,8
ddc_dzo_04811,Thinley,-1
ddc_dzo_00790,Romeo,11
ddc_dzo_00792,Romeo,11
ddc_dzo_00804,Romeo,11
ddc_dzo_00785,Romeo,11
ddc_dzo_00802,Romeo,11
ddc_dzo_00800,Dorji,12
ddc_dzo_00788,Nima,6
ddc_dzo_08161,Romeo,11
ddc_dzo_00835,Romeo,11
ddc_dzo_00811,Romeo,11
ddc_dzo_00826,Romeo,11
ddc_dzo_00834,Dorji,12
ddc_dzo_00820,Thinley,8
ddc_dzo_00815,Romeo,11
ddc_dzo_00829,Thinley,8
ddc_dzo_00825,Romeo,11
ddc_dzo_00821,Romeo,11
ddc_dzo_00836,Romeo,11
ddc_dzo_00819,Romeo,11
ddc_dzo_00814,Romeo,-1
ddc_dzo_09534,Romeo,11
ddc_dzo_00862,Romeo,11
ddc_dzo_00847,Romeo,11
ddc_dzo_00838,Romeo,11
ddc_dzo_00854,Dorji,12
ddc_dzo_00845,Romeo,11
ddc_dzo_00849,Romeo,11
ddc_dzo_00860,Romeo,11
ddc_dzo_00848,Romeo,11
ddc_dzo_00855,Romeo,11
ddc_dzo_00861,Dorji,12
ddc_dzo_00841,Romeo,11
ddc_dzo_00852,Romeo,11
ddc_dzo_01318,Romeo,11
ddc_dzo_00881,Romeo,11
ddc_dzo_00971,Romeo,11
ddc_dzo_00883,Romeo,11
ddc_dzo_00876,Romeo,11
ddc_dzo_00873,Namgay,4
ddc_dzo_00886,Romeo,11
ddc_dzo_00871,Thinley,8
ddc_dzo_00874,Dorji,12
ddc_dzo_00887,Romeo,11
ddc_dzo_00884,Romeo,11
ddc_dzo_00877,Romeo,11
ddc_dzo_00864,Thinley,8
ddc_dzo_09186,Namgay,-1
ddc_dzo_00885,Romeo,11
ddc_dzo_00882,Romeo,11
ddc_dzo_04365,Romeo,11
ddc_dzo_00891,Thinley,8
ddc_dzo_00897,Romeo,11
ddc_dzo_00905,Thinley,8
ddc_dzo_00915,Romeo,11
ddc_dzo_00898,Thinley,8
ddc_dzo_00907,Thinley,8
ddc_dzo_00912,Dorji,12
ddc_dzo_00914,Thinley,8
ddc_dzo_00913,Romeo,11
ddc_dzo_00904,Romeo,11
ddc_dzo_00939,Romeo,11
ddc_dzo_00937,Romeo,11
ddc_dzo_00925,Romeo,11
ddc_dzo_09478,Thinley,8
ddc_dzo_00922,Romeo,11
ddc_dzo_00923,Thinley,8
ddc_dzo_00921,Romeo,11
ddc_dzo_00933,Romeo,11
ddc_dzo_00941,Romeo,11
ddc_dzo_00917,Dorji,12
ddc_dzo_00926,Thinley,8
ddc_dzo_05473,Thinley,8
ddc_dzo_05147,Thinley,8
ddc_dzo_00929,Romeo,11
ddc_dzo_00934,Romeo,11
ddc_dzo_00950,Romeo,11
ddc_dzo_00959,Dorji,12
ddc_dzo_09747,Romeo,11
ddc_dzo_00944,Romeo,11
ddc_dzo_00946,Romeo,11
ddc_dzo_00967,Romeo,11
ddc_dzo_00956,Romeo,11
ddc_dzo_00965,Namgay,4
ddc_dzo_00943,Romeo,11
ddc_dzo_00960,Dorji,12
ddc_dzo_00949,Romeo,11
ddc_dzo_00963,Romeo,11
ddc_dzo_00495,Romeo,11
ddc_dzo_00995,Romeo,11
ddc_dzo_01521,Romeo,-1
ddc_dzo_00981,Thinley,8
ddc_dzo_00984,Romeo,11
ddc_dzo_00990,Namgay,7
ddc_dzo_00979,Romeo,11
ddc_dzo_00994,Romeo,11
ddc_dzo_00993,Thinley,8
ddc_dzo_00977,Romeo,11
ddc_dzo_00980,Romeo,11
ddc_dzo_00976,Thinley,8
ddc_dzo_00982,Thinley,8
ddc_dzo_00986,Romeo,11
ddc_dzo_00992,Romeo,11
ddc_dzo_03553,Romeo,11
ddc_dzo_01030,Romeo,11
ddc_dzo_01022,Romeo,11
ddc_dzo_00999,Romeo,11
ddc_dzo_05719,Romeo,11
ddc_dzo_01033,Thinley,8
ddc_dzo_01018,Romeo,11
ddc_dzo_01031,Dorji,12
ddc_dzo_01007,Romeo,11
ddc_dzo_01025,Romeo,11
ddc_dzo_01002,Dorji,12
ddc_dzo_01021,Thinley,8
ddc_dzo_01015,Dorji,12
ddc_dzo_01001,Romeo,11
ddc_dzo_01020,Romeo,11
ddc_dzo_01029,Romeo,11
ddc_dzo_01013,Romeo,-1
ddc_dzo_01039,Romeo,-1
ddc_dzo_01050,Romeo,11
ddc_dzo_01044,Romeo,11
ddc_dzo_01064,Romeo,11
ddc_dzo_09142,Thinley,8
ddc_dzo_01046,Thinley,8
ddc_dzo_01042,Namgay,-1
ddc_dzo_01068,Thinley,8
ddc_dzo_01059,Romeo,11
ddc_dzo_01045,Romeo,11
ddc_dzo_01058,Romeo,11
ddc_dzo_01072,Romeo,11
ddc_dzo_01071,Romeo,-1
ddc_dzo_01049,Romeo,11
ddc_dzo_01107,Romeo,11
ddc_dzo_00339,Dorji,12
ddc_dzo_06303,Romeo,11
ddc_dzo_01097,Romeo,11
ddc_dzo_01082,Romeo,11
ddc_dzo_01083,Romeo,11
ddc_dzo_01077,Romeo,11
ddc_dzo_01095,Romeo,11
ddc_dzo_01103,Dorji,12
ddc_dzo_01084,Romeo,11
ddc_dzo_01078,Dorji,12
ddc_dzo_01093,Dorji,12
ddc_dzo_01100,Romeo,11
ddc_dzo_01090,Romeo,11
ddc_dzo_01129,Romeo,11
ddc_dzo_01139,Romeo,11
ddc_dzo_01132,Romeo,11
ddc_dzo_01110,Romeo,11
ddc_dzo_01522,Namgay,4
ddc_dzo_01126,Namgay,4
ddc_dzo_01138,Romeo,11
ddc_dzo_01133,Thinley,8
ddc_dzo_01130,Thinley,8
ddc_dzo_01125,Romeo,11
ddc_dzo_01108,Thinley,8
ddc_dzo_01122,Thinley,8
ddc_dzo_01118,Dorji,12
ddc_dzo_01113,Romeo,11
ddc_dzo_01121,Romeo,11
ddc_dzo_01134,Romeo,11
ddc_dzo_01112,Romeo,11
ddc_dzo_01165,Romeo,11
ddc_dzo_01155,Romeo,11
ddc_dzo_03896,Dorji,12
ddc_dzo_03647,Romeo,11
ddc_dzo_01140,Romeo,11
ddc_dzo_01593,Romeo,-1
ddc_dzo_01154,Romeo,11
ddc_dzo_01145,Romeo,11
ddc_dzo_01152,Romeo,11
ddc_dzo_01162,Namgay,-1
ddc_dzo_01142,Romeo,11
ddc_dzo_01163,Dorji,12
ddc_dzo_01156,Romeo,11
ddc_dzo_01166,Romeo,11
ddc_dzo_01168,Romeo,-1
ddc_dzo_01164,Romeo,11
ddc_dzo_01149,Romeo,11
ddc_dzo_01172,Romeo,-1
ddc_dzo_05435,Romeo,11
ddc_dzo_01203,Thinley,-1
ddc_dzo_01193,Romeo,11
ddc_dzo_01196,Romeo,11
ddc_dzo_01195,Romeo,11
ddc_dzo_06052,Thinley,8
ddc_dzo_01182,Romeo,11
ddc_dzo_01184,Romeo,11
ddc_dzo_01178,Romeo,11
ddc_dzo_01185,Thinley,8
ddc_dzo_01176,Romeo,11
ddc_dzo_01191,Romeo,11
ddc_dzo_04620,Namgay,-1
ddc_dzo_08986,Thinley,8
ddc_dzo_01183,Thinley,8
ddc_dzo_01204,Romeo,11
ddc_dzo_01179,Romeo,11
ddc_dzo_01180,Romeo,11
ddc_dzo_01199,Romeo,11
ddc_dzo_01205,Romeo,11
ddc_dzo_01216,Romeo,11
ddc_dzo_01213,Romeo,11
ddc_dzo_01242,Romeo,11
ddc_dzo_01214,Romeo,11
ddc_dzo_01225,Thinley,8
ddc_dzo_01222,Romeo,-1
ddc_dzo_01215,Thinley,8
ddc_dzo_01237,Romeo,11
ddc_dzo_01220,Thinley,8
ddc_dzo_01241,Thinley,8
ddc_dzo_01238,Romeo,11
ddc_dzo_01219,Thinley,8
ddc_dzo_01236,Romeo,11
ddc_dzo_01234,Romeo,11
ddc_dzo_01235,Romeo,11
ddc_dzo_01224,Romeo,11
ddc_dzo_01239,Romeo,11
ddc_dzo_01244,Romeo,11
ddc_dzo_01264,Romeo,11
ddc_dzo_01251,Dorji,12
ddc_dzo_01261,Romeo,11
ddc_dzo_01248,Romeo,11
ddc_dzo_01256,Romeo,11
ddc_dzo_01273,Romeo,11
ddc_dzo_01257,Romeo,11
ddc_dzo_01270,Romeo,11
ddc_dzo_01249,Dorji,12
ddc_dzo_01269,Romeo,11
ddc_dzo_01278,Romeo,11
ddc_dzo_01268,Romeo,11
ddc_dzo_01253,Thinley,8
ddc_dzo_01255,Dorji,12
ddc_dzo_01263,Romeo,11
ddc_dzo_01266,Dorji,12
ddc_dzo_01276,Romeo,11
ddc_dzo_01250,Romeo,11
ddc_dzo_01283,Romeo,11
ddc_dzo_01307,Romeo,11
ddc_dzo_09644,Thinley,8
ddc_dzo_01280,Dorji,12
ddc_dzo_03404,Namgay,0
ddc_dzo_04425,Thinley,8
ddc_dzo_09240,Dorji,12
ddc_dzo_01301,Romeo,11
ddc_dzo_01302,Romeo,11
ddc_dzo_01293,Romeo,11
ddc_dzo_01298,Dorji,12
ddc_dzo_01311,Romeo,11
ddc_dzo_01303,Dorji,12
ddc_dzo_01331,Romeo,11
ddc_dzo_01338,Romeo,11
ddc_dzo_01315,Dorji,12
ddc_dzo_01344,Romeo,11
ddc_dzo_01314,Romeo,11
ddc_dzo_01325,Namgay,4
ddc_dzo_01337,Romeo,11
ddc_dzo_01319,Dorji,12
ddc_dzo_01346,Romeo,11
ddc_dzo_01330,Romeo,11
ddc_dzo_01321,Romeo,-1
ddc_dzo_01320,Thinley,8
ddc_dzo_01327,Thinley,8
ddc_dzo_01340,Dorji,12
ddc_dzo_01317,Romeo,11
ddc_dzo_01339,Romeo,11
ddc_dzo_01313,Romeo,11
ddc_dzo_01323,Romeo,11
ddc_dzo_01369,Romeo,11
ddc_dzo_01370,Dorji,12
ddc_dzo_01356,Romeo,11
ddc_dzo_01366,Romeo,11
ddc_dzo_01359,Thinley,8
ddc_dzo_01354,Romeo,11
ddc_dzo_01350,Romeo,11
ddc_dzo_01361,Thinley,8
ddc_dzo_01360,Dorji,12
ddc_dzo_01352,Nima,-1
ddc_dzo_01379,Thinley,8
ddc_dzo_01376,Romeo,11
ddc_dzo_01351,Dorji,12
ddc_dzo_01364,Romeo,11
ddc_dzo_01365,Romeo,11
ddc_dzo_00386,Dorji,12
ddc_dzo_01413,Romeo,11
ddc_dzo_01386,Thinley,8
ddc_dzo_01408,Thinley,8
ddc_dzo_01415,Romeo,11
ddc_dzo_01384,Thinley,8
ddc_dzo_01394,Romeo,-1
ddc_dzo_01414,Romeo,11
ddc_dzo_01391,Romeo,11
ddc_dzo_01407,Romeo,11
ddc_dzo_01410,Romeo,11
ddc_dzo_01404,Romeo,11
ddc_dzo_01390,Romeo,11
ddc_dzo_01405,Romeo,11
ddc_dzo_02209,Dorji,12
ddc_dzo_01430,Romeo,11
ddc_dzo_01424,Romeo,11
ddc_dzo_01425,Thinley,-1
ddc_dzo_01418,Thinley,8
ddc_dzo_01428,Romeo,-1
ddc_dzo_01420,Thinley,8
ddc_dzo_01433,Romeo,11
ddc_dzo_01443,Romeo,11
ddc_dzo_01450,Romeo,11
ddc_dzo_01421,Romeo,11
ddc_dzo_01429,Romeo,11
ddc_dzo_01437,Romeo,11
ddc_dzo_01440,Romeo,11
ddc_dzo_01457,Dorji,12
ddc_dzo_01460,Romeo,11
ddc_dzo_09130,Thinley,8
ddc_dzo_01482,Romeo,11
ddc_dzo_07183,Thinley,8
ddc_dzo_01467,Romeo,11
ddc_dzo_01476,Romeo,11
ddc_dzo_01484,Namgay,4
ddc_dzo_01478,Thinley,8
ddc_dzo_01455,Romeo,11
ddc_dzo_01472,Romeo,11
ddc_dzo_01454,Romeo,11
ddc_dzo_01485,Dorji,12
ddc_dzo_01466,Romeo,11
ddc_dzo_01477,Romeo,11
ddc_dzo_01469,Romeo,11
ddc_dzo_02903,Dorji,12
ddc_dzo_02239,Romeo,11
ddc_dzo_01506,Romeo,11
ddc_dzo_01488,Romeo,-1
ddc_dzo_01509,Romeo,11
ddc_dzo_01512,Romeo,11
ddc_dzo_01492,Romeo,11
ddc_dzo_01511,Namgay,4
ddc_dzo_01496,Romeo,11
ddc_dzo_01503,Dorji,12
ddc_dzo_01495,Romeo,11
ddc_dzo_01486,Thinley,8
ddc_dzo_01519,Romeo,11
ddc_dzo_01510,Romeo,11
ddc_dzo_01515,Romeo,11
ddc_dzo_01487,Romeo,11
ddc_dzo_01516,Romeo,11
ddc_dzo_01524,Romeo,11
ddc_dzo_01548,Romeo,11
ddc_dzo_01550,Romeo,11
ddc_dzo_01547,Romeo,11
ddc_dzo_01546,Romeo,11
ddc_dzo_01549,Romeo,11
ddc_dzo_01526,Thinley,8
ddc_dzo_01539,Thinley,8
ddc_dzo_01538,Romeo,11
ddc_dzo_01542,Romeo,11
ddc_dzo_01543,Thinley,8
ddc_dzo_01540,Romeo,11
ddc_dzo_01541,Thinley,8
ddc_dzo_01556,Romeo,11
ddc_dzo_04074,Dorji,12
ddc_dzo_02557,Romeo,11
ddc_dzo_01558,Romeo,11
ddc_dzo_01592,Romeo,11
ddc_dzo_01573,Namgay,4
ddc_dzo_01562,Romeo,11
ddc_dzo_01584,Romeo,11
ddc_dzo_01559,Romeo,-1
ddc_dzo_01586,Romeo,11
ddc_dzo_01576,Dorji,12
ddc_dzo_01566,Romeo,11
ddc_dzo_01569,Thinley,8
ddc_dzo_01585,Romeo,11
ddc_dzo_01561,Romeo,11
ddc_dzo_01574,Romeo,-1
ddc_dzo_01596,Romeo,11
ddc_dzo_01595,Romeo,11
ddc_dzo_01600,Romeo,11
ddc_dzo_01609,Romeo,-1
ddc_dzo_01624,Romeo,11
ddc_dzo_08214,Thinley,8
ddc_dzo_05555,Thinley,8
ddc_dzo_01604,Romeo,11
ddc_dzo_01602,Dorji,12
ddc_dzo_01610,Romeo,11
ddc_dzo_01628,Romeo,11
ddc_dzo_01626,Romeo,11
ddc_dzo_01599,Romeo,11
ddc_dzo_01612,Romeo,11
ddc_dzo_01594,Romeo,11
ddc_dzo_01611,Romeo,11
ddc_dzo_01629,Romeo,11
ddc_dzo_01638,Romeo,11
ddc_dzo_01630,Romeo,11
ddc_dzo_01632,Romeo,-1
ddc_dzo_01659,Romeo,11
ddc_dzo_01640,Romeo,11
ddc_dzo_01635,Romeo,11
ddc_dzo_01639,Romeo,11
ddc_dzo_01644,Romeo,-1
ddc_dzo_01636,Romeo,11
ddc_dzo_01633,Romeo,11
ddc_dzo_01663,Romeo,11
ddc_dzo_01643,Dorji,-1
ddc_dzo_01654,Dorji,12
ddc_dzo_01649,Romeo,11
ddc_dzo_01650,Romeo,11
ddc_dzo_01681,Romeo,11
ddc_dzo_07775,Dorji,12
ddc_dzo_01668,Romeo,11
ddc_dzo_00324,Romeo,11
ddc_dzo_01680,Romeo,11
ddc_dzo_01676,Dorji,12
ddc_dzo_01678,Romeo,11
ddc_dzo_01692,Romeo,11
ddc_dzo_01679,Romeo,-1
ddc_dzo_01691,Romeo,11
ddc_dzo_01690,Romeo,11
ddc_dzo_01671,Thinley,8
ddc_dzo_01664,Romeo,11
ddc_dzo_01673,Romeo,11
ddc_dzo_01684,Thinley,8
ddc_dzo_01699,Romeo,11
ddc_dzo_01666,Romeo,11
ddc_dzo_01665,Romeo,11
ddc_dzo_01674,Romeo,11
ddc_dzo_01704,Romeo,11
ddc_dzo_01701,Romeo,11
ddc_dzo_05768,Romeo,11
ddc_dzo_01717,Romeo,11
ddc_dzo_01725,Romeo,11
ddc_dzo_01730,Romeo,11
ddc_dzo_01718,Romeo,11
ddc_dzo_01708,Romeo,11
ddc_dzo_01702,Thinley,8
ddc_dzo_01700,Thinley,8
ddc_dzo_01713,Thinley,8
ddc_dzo_01723,Romeo,11
ddc_dzo_01726,Thinley,8
ddc_dzo_01715,Romeo,11
ddc_dzo_01706,Romeo,11
ddc_dzo_01727,Romeo,11
ddc_dzo_01728,Romeo,11
ddc_dzo_01741,Romeo,11
ddc_dzo_01758,Romeo,11
ddc_dzo_01744,Romeo,11
ddc_dzo_01742,Namgay,2
ddc_dzo_01745,Dorji,12
ddc_dzo_01743,Thinley,8
ddc_dzo_01752,Romeo,11
ddc_dzo_01738,Thinley,8
ddc_dzo_01739,Romeo,11
ddc_dzo_01766,Romeo,11
ddc_dzo_01747,Romeo,11
ddc_dzo_01757,Dorji,12
ddc_dzo_01754,Romeo,11
ddc_dzo_01737,Romeo,11
ddc_dzo_01740,Romeo,11
ddc_dzo_00928,Dorji,12
ddc_dzo_01784,Romeo,11
ddc_dzo_01794,Romeo,11
ddc_dzo_01771,Romeo,11
ddc_dzo_01796,Romeo,11
ddc_dzo_01777,Romeo,11
ddc_dzo_01786,Romeo,11
ddc_dzo_01801,Romeo,11
ddc_dzo_01802,Dorji,12
ddc_dzo_01779,Romeo,11
ddc_dzo_01782,Thinley,8
ddc_dzo_01790,Thinley,8
ddc_dzo_01798,Namgay,4
ddc_dzo_04801,Thinley,8
ddc_dzo_08134,Dorji,-1
ddc_dzo_01814,Romeo,11
ddc_dzo_02842,Thinley,8
ddc_dzo_08235,Namgay,-1
ddc_dzo_01827,Dorji,12
ddc_dzo_01811,Thinley,8
ddc_dzo_01817,Romeo,11
ddc_dzo_01831,Romeo,11
ddc_dzo_01822,Romeo,11
ddc_dzo_01819,Romeo,11
ddc_dzo_01804,Thinley,8
ddc_dzo_01828,Romeo,11
ddc_dzo_01809,Romeo,11
ddc_dzo_01807,Romeo,11
ddc_dzo_01825,Romeo,11
ddc_dzo_01803,Romeo,11
ddc_dzo_01590,Dorji,12
ddc_dzo_05084,Romeo,11
ddc_dzo_01852,Romeo,11
ddc_dzo_01858,Romeo,11
ddc_dzo_01853,Romeo,11
ddc_dzo_01866,Romeo,11
ddc_dzo_01860,Romeo,11
ddc_dzo_01837,Romeo,11
ddc_dzo_01839,Romeo,11
ddc_dzo_01848,Romeo,11
ddc_dzo_01842,Namgay,7
ddc_dzo_01855,Romeo,11
ddc_dzo_01856,Thinley,8
ddc_dzo_01849,Romeo,11
ddc_dzo_01868,Romeo,11
ddc_dzo_01896,Romeo,11
ddc_dzo_03928,Dorji,12
ddc_dzo_01898,Romeo,11
ddc_dzo_01890,Romeo,11
ddc_dzo_01902,Romeo,11
ddc_dzo_01885,Romeo,11
ddc_dzo_01877,Romeo,-1
ddc_dzo_01889,Romeo,-1
ddc_dzo_01888,Romeo,11
ddc_dzo_01872,Romeo,11
ddc_dzo_01884,Romeo,-1
ddc_dzo_01882,Dorji,12
ddc_dzo_01879,Thinley,8
ddc_dzo_01897,Romeo,11
ddc_dzo_01901,Romeo,11
ddc_dzo_01886,Romeo,-1
ddc_dzo_01893,Romeo,11
ddc_dzo_01876,Romeo,11
ddc_dzo_03544,Dorji,12
ddc_dzo_01939,Romeo,11
ddc_dzo_01907,Romeo,11
ddc_dzo_01913,Romeo,11
ddc_dzo_01914,Romeo,-1
ddc_dzo_01923,Namgay,2
ddc_dzo_01920,Romeo,11
ddc_dzo_01937,Romeo,11
ddc_dzo_01935,Romeo,11
ddc_dzo_01934,Romeo,11
ddc_dzo_01906,Thinley,8
ddc_dzo_01921,Romeo,11
ddc_dzo_01908,Dorji,12
ddc_dzo_01919,Romeo,-1
ddc_dzo_01915,Romeo,11
ddc_dzo_04970,Dorji,12
ddc_dzo_01941,Romeo,11
ddc_dzo_06279,Romeo,11
ddc_dzo_01969,Romeo,11
ddc_dzo_01966,Romeo,11
ddc_dzo_01971,Romeo,11
ddc_dzo_01942,Romeo,11
ddc_dzo_01947,Romeo,11
ddc_dzo_01970,Romeo,11
ddc_dzo_01973,Romeo,11
ddc_dzo_01968,Dorji,12
ddc_dzo_01946,Romeo,11
ddc_dzo_01972,Romeo,11
ddc_dzo_01949,Romeo,11
ddc_dzo_01944,Romeo,11
ddc_dzo_01948,Romeo,11
ddc_dzo_01964,Romeo,11
ddc_dzo_08471,Dorji,12
ddc_dzo_01841,Romeo,11
ddc_dzo_01983,Thinley,8
ddc_dzo_01975,Romeo,11
ddc_dzo_02001,Romeo,11
ddc_dzo_02000,Romeo,11
ddc_dzo_01990,Romeo,11
ddc_dzo_01985,Romeo,11
ddc_dzo_01980,Thinley,8
ddc_dzo_01996,Dorji,12
ddc_dzo_01979,Thinley,8
ddc_dzo_01981,Romeo,11
ddc_dzo_01998,Romeo,11
ddc_dzo_01991,Romeo,11
ddc_dzo_02003,Romeo,11
ddc_dzo_01987,Romeo,-1
ddc_dzo_01686,Dorji,12
ddc_dzo_08044,Romeo,11
ddc_dzo_02027,Romeo,11
ddc_dzo_02016,Romeo,11
ddc_dzo_02025,Romeo,11
ddc_dzo_02021,Romeo,11
ddc_dzo_02011,Romeo,-1
ddc_dzo_02029,Romeo,11
ddc_dzo_02036,Dorji,-1
ddc_dzo_02031,Romeo,11
ddc_dzo_02008,Romeo,11
ddc_dzo_02033,Romeo,11
ddc_dzo_02024,Romeo,11
ddc_dzo_02028,Romeo,11
ddc_dzo_02009,Romeo,11
ddc_dzo_02022,Romeo,11
ddc_dzo_02987,Dorji,12
ddc_dzo_02038,Romeo,11
ddc_dzo_02064,Romeo,11
ddc_dzo_02067,Romeo,11
ddc_dzo_02062,Romeo,11
ddc_dzo_02058,Romeo,11
ddc_dzo_02068,Romeo,11
ddc_dzo_02061,Romeo,11
ddc_dzo_02053,Romeo,11
ddc_dzo_02054,Romeo,-1
ddc_dzo_02056,Romeo,11
ddc_dzo_02041,Romeo,11
ddc_dzo_02065,Romeo,11
ddc_dzo_02046,Dorji,-1
ddc_dzo_02047,Romeo,11
ddc_dzo_04617,Dorji,12
ddc_dzo_02083,Romeo,-1
ddc_dzo_08439,Romeo,11
ddc_dzo_02074,Thinley,8
ddc_dzo_02099,Romeo,11
ddc_dzo_02079,Romeo,11
ddc_dzo_02093,Romeo,-1
ddc_dzo_02089,Dorji,12
ddc_dzo_02087,Romeo,11
ddc_dzo_02086,Romeo,11
ddc_dzo_02096,Romeo,11
ddc_dzo_02098,Thinley,8
ddc_dzo_02071,Romeo,11
ddc_dzo_02077,Romeo,11
ddc_dzo_02070,Romeo,11
ddc_dzo_02103,Romeo,11
ddc_dzo_08196,Romeo,11
ddc_dzo_02130,Romeo,11
ddc_dzo_02109,Romeo,11
ddc_dzo_02104,Romeo,11
ddc_dzo_02131,Namgay,4
ddc_dzo_02122,Romeo,11
ddc_dzo_02114,Romeo,11
ddc_dzo_02120,Dorji,12
ddc_dzo_02115,Thinley,8
ddc_dzo_02102,Thinley,8
ddc_dzo_02117,Romeo,11
ddc_dzo_02118,Romeo,-1
ddc_dzo_02124,Romeo,11
ddc_dzo_02106,Romeo,11
ddc_dzo_02121,Romeo,11
ddc_dzo_02108,Romeo,11
ddc_dzo_02123,Romeo,11
ddc_dzo_02154,Dorji,12
ddc_dzo_02156,Romeo,11
ddc_dzo_02161,Romeo,11
ddc_dzo_02146,Romeo,11
ddc_dzo_02142,Romeo,11
ddc_dzo_02155,Romeo,11
ddc_dzo_02136,Romeo,11
ddc_dzo_02158,Romeo,11
ddc_dzo_02135,Romeo,11
ddc_dzo_02149,Romeo,11
ddc_dzo_02152,Thinley,8
ddc_dzo_02134,Dorji,12
ddc_dzo_02144,Dorji,12
ddc_dzo_02162,Thinley,8
ddc_dzo_02139,Romeo,11
ddc_dzo_02163,Romeo,11
ddc_dzo_06278,Dorji,12
ddc_dzo_02166,Romeo,11
ddc_dzo_02165,Romeo,11
ddc_dzo_02186,Romeo,11
ddc_dzo_02188,Thinley,8
ddc_dzo_02181,Romeo,11
ddc_dzo_02182,Romeo,11
ddc_dzo_02172,Romeo,11
ddc_dzo_02173,Romeo,11
ddc_dzo_02169,Romeo,11
ddc_dzo_02191,Romeo,11
ddc_dzo_02187,Romeo,11
ddc_dzo_02179,Romeo,11
ddc_dzo_02192,Romeo,11
ddc_dzo_02176,Romeo,11
ddc_dzo_02201,Romeo,-1
ddc_dzo_02206,Romeo,11
ddc_dzo_02196,Romeo,11
ddc_dzo_02204,Romeo,11
ddc_dzo_02202,Romeo,11
ddc_dzo_02195,Romeo,11
ddc_dzo_02213,Romeo,11
ddc_dzo_02208,Romeo,11
ddc_dzo_02694,Romeo,11
ddc_dzo_02203,Romeo,11
ddc_dzo_02215,Romeo,11
ddc_dzo_02200,Romeo,11
ddc_dzo_02219,Romeo,11
ddc_dzo_07874,Dorji,12
ddc_dzo_02184,Romeo,11
ddc_dzo_02236,Romeo,11
ddc_dzo_02247,Thinley,8
ddc_dzo_02230,Romeo,11
ddc_dzo_02225,Romeo,11
ddc_dzo_02224,Romeo,11
ddc_dzo_02235,Romeo,11
ddc_dzo_02232,Thinley,8
ddc_dzo_02250,Romeo,11
ddc_dzo_02248,Romeo,11
ddc_dzo_02231,Romeo,11
ddc_dzo_02238,Romeo,11
ddc_dzo_03393,Romeo,11
ddc_dzo_02278,Romeo,11
ddc_dzo_02263,Romeo,11
ddc_dzo_02258,Namgay,4
ddc_dzo_02274,Romeo,11
ddc_dzo_02255,Romeo,11
ddc_dzo_02277,Romeo,11
ddc_dzo_02251,Romeo,11
ddc_dzo_02264,Dorji,12
ddc_dzo_02259,Thinley,8
ddc_dzo_02252,Romeo,11
ddc_dzo_02261,Romeo,11
ddc_dzo_02266,Romeo,-1
ddc_dzo_02256,Romeo,11
ddc_dzo_07033,Dorji,12
ddc_dzo_02284,Romeo,11
ddc_dzo_02309,Romeo,11
ddc_dzo_02283,Namgay,2
ddc_dzo_02288,Namgay,2
ddc_dzo_02300,Thinley,8
ddc_dzo_02289,Romeo,11
ddc_dzo_02281,Romeo,11
ddc_dzo_02294,Dorji,12
ddc_dzo_02304,Romeo,11
ddc_dzo_02280,Romeo,11
ddc_dzo_02298,Romeo,11
ddc_dzo_02295,Romeo,11
ddc_dzo_00875,Dorji,12
ddc_dzo_03851,Dorji,12
ddc_dzo_02333,Romeo,11
ddc_dzo_02331,Romeo,11
ddc_dzo_02330,Namgay,2
ddc_dzo_02310,Dorji,12
ddc_dzo_02338,Thinley,8
ddc_dzo_02326,Romeo,11
ddc_dzo_02329,Nima,5
ddc_dzo_02334,Romeo,11
ddc_dzo_02325,Thinley,8
ddc_dzo_02324,Romeo,11
ddc_dzo_02318,Romeo,11
ddc_dzo_02320,Romeo,11
ddc_dzo_02352,Thinley,8
ddc_dzo_02354,Romeo,11
ddc_dzo_02353,Romeo,11
ddc_dzo_02344,Romeo,11
ddc_dzo_02347,Romeo,11
ddc_dzo_02369,Romeo,11
ddc_dzo_02367,Romeo,11
ddc_dzo_02364,Romeo,11
ddc_dzo_02350,Romeo,11
ddc_dzo_02349,Romeo,11
ddc_dzo_02363,Romeo,11
ddc_dzo_02356,Thinley,8
ddc_dzo_02355,Romeo,11
ddc_dzo_02346,Dorji,12
ddc_dzo_02359,Romeo,11
ddc_dzo_02399,Romeo,11
ddc_dzo_02391,Dorji,12
ddc_dzo_07323,Romeo,11
ddc_dzo_01284,Romeo,11
ddc_dzo_02397,Thinley,8
ddc_dzo_02395,Dorji,12
ddc_dzo_02372,Romeo,11
ddc_dzo_02386,Romeo,11
ddc_dzo_02371,Nima,5
ddc_dzo_02377,Romeo,11
ddc_dzo_02393,Romeo,11
ddc_dzo_02376,Romeo,-1
ddc_dzo_02394,Romeo,11
ddc_dzo_02373,Romeo,11
ddc_dzo_02398,Romeo,11
ddc_dzo_02428,Romeo,11
ddc_dzo_02417,Thinley,8
ddc_dzo_08210,Romeo,11
ddc_dzo_02423,Romeo,11
ddc_dzo_02413,Romeo,11
ddc_dzo_02412,Romeo,11
ddc_dzo_02427,Romeo,11
ddc_dzo_02419,Thinley,8
ddc_dzo_02410,Romeo,11
ddc_dzo_02424,Romeo,11
ddc_dzo_02405,Romeo,11
ddc_dzo_02425,Romeo,11
ddc_dzo_02426,Romeo,11
ddc_dzo_02401,Romeo,11
ddc_dzo_00853,Dorji,12
ddc_dzo_02438,Romeo,-1
ddc_dzo_02447,Romeo,11
ddc_dzo_02452,Romeo,11
ddc_dzo_02446,Romeo,11
ddc_dzo_02435,Thinley,8
ddc_dzo_02441,Romeo,11
ddc_dzo_02448,Romeo,11
ddc_dzo_02431,Romeo,11
ddc_dzo_02444,Romeo,11
ddc_dzo_02454,Dorji,12
ddc_dzo_02442,Dorji,12
ddc_dzo_02439,Romeo,11
ddc_dzo_02437,Romeo,11
ddc_dzo_02443,Romeo,11
ddc_dzo_02458,Romeo,11
ddc_dzo_04391,Dorji,12
ddc_dzo_08069,Romeo,11
ddc_dzo_02467,Romeo,11
ddc_dzo_02460,Romeo,11
ddc_dzo_02477,Romeo,11
ddc_dzo_02461,Romeo,11
ddc_dzo_02463,Romeo,11
ddc_dzo_02473,Romeo,11
ddc_dzo_02485,Thinley,8
ddc_dzo_02476,Dorji,12
ddc_dzo_02464,Romeo,11
ddc_dzo_02483,Romeo,11
ddc_dzo_02465,Romeo,11
ddc_dzo_02486,Romeo,11
ddc_dzo_02462,Romeo,11
ddc_dzo_02471,Romeo,11
ddc_dzo_02478,Romeo,11
ddc_dzo_01977,Dorji,12
ddc_dzo_02506,Romeo,11
ddc_dzo_02500,Thinley,8
ddc_dzo_02509,Romeo,11
ddc_dzo_02512,Romeo,11
ddc_dzo_02511,Romeo,11
ddc_dzo_02501,Romeo,11
ddc_dzo_02496,Romeo,11
ddc_dzo_02513,Romeo,11
ddc_dzo_02515,Romeo,11
ddc_dzo_08498,Thinley,8
ddc_dzo_02491,Romeo,11
ddc_dzo_02497,Romeo,-1
ddc_dzo_02488,Romeo,11
ddc_dzo_05020,Dorji,12
ddc_dzo_02529,Romeo,11
ddc_dzo_02546,Romeo,11
ddc_dzo_02527,Romeo,11
ddc_dzo_02545,Romeo,11
ddc_dzo_02547,Romeo,11
ddc_dzo_02537,Romeo,11
ddc_dzo_01992,Romeo,11
ddc_dzo_02526,Romeo,11
ddc_dzo_02520,Romeo,11
ddc_dzo_02544,Romeo,-1
ddc_dzo_02539,Romeo,-1
ddc_dzo_02542,Thinley,8
ddc_dzo_02521,Romeo,11
ddc_dzo_02522,Romeo,11
ddc_dzo_02523,Romeo,11
ddc_dzo_02540,Romeo,11
ddc_dzo_02554,Dorji,12
ddc_dzo_03221,Dorji,12
ddc_dzo_02551,Romeo,11
ddc_dzo_02559,Romeo,11
ddc_dzo_02577,Romeo,11
ddc_dzo_02548,Romeo,11
ddc_dzo_02576,Romeo,11
ddc_dzo_02566,Thinley,8
ddc_dzo_04282,Romeo,11
ddc_dzo_02563,Romeo,11
ddc_dzo_02550,Romeo,11
ddc_dzo_02573,Romeo,11
ddc_dzo_02565,Namgay,7
ddc_dzo_02570,Romeo,11
ddc_dzo_02574,Thinley,8
ddc_dzo_02560,Dorji,12
ddc_dzo_02549,Romeo,11
ddc_dzo_02572,Romeo,11
ddc_dzo_01874,Dorji,12
ddc_dzo_02587,Romeo,11
ddc_dzo_02603,Romeo,11
ddc_dzo_02591,Romeo,11
ddc_dzo_02605,Dorji,12
ddc_dzo_02604,Romeo,11
ddc_dzo_02607,Romeo,11
ddc_dzo_02588,Romeo,11
ddc_dzo_02583,Romeo,11
ddc_dzo_02593,Namgay,-1
ddc_dzo_02597,Romeo,11
ddc_dzo_02586,Romeo,11
ddc_dzo_02590,Romeo,11
ddc_dzo_02596,Romeo,11
ddc_dzo_02606,Romeo,11
ddc_dzo_02595,Romeo,11
ddc_dzo_02599,Romeo,11
ddc_dzo_02516,Dorji,12
ddc_dzo_04132,Romeo,11
ddc_dzo_02634,Romeo,11
ddc_dzo_02619,Romeo,11
ddc_dzo_02609,Thinley,8
ddc_dzo_02633,Romeo,11
ddc_dzo_02618,Romeo,11
ddc_dzo_02630,Dorji,12
ddc_dzo_02635,Romeo,11
ddc_dzo_02614,Romeo,11
ddc_dzo_02623,Romeo,11
ddc_dzo_02617,Dorji,12
ddc_dzo_02629,Romeo,11
ddc_dzo_02620,Romeo,11
ddc_dzo_02612,Romeo,11
ddc_dzo_02636,Romeo,11
ddc_dzo_02616,Romeo,11
ddc_dzo_02651,Romeo,11
ddc_dzo_02663,Romeo,-1
ddc_dzo_02643,Romeo,11
ddc_dzo_02661,Thinley,8
ddc_dzo_02657,Romeo,11
ddc_dzo_02646,Romeo,11
ddc_dzo_02664,Romeo,11
ddc_dzo_02650,Romeo,11
ddc_dzo_02640,Romeo,11
ddc_dzo_09919,Dorji,12
ddc_dzo_02637,Romeo,11
ddc_dzo_02642,Romeo,11
ddc_dzo_02649,Romeo,11
ddc_dzo_02682,Romeo,11
ddc_dzo_02145,Dorji,12
ddc_dzo_02672,Romeo,11
ddc_dzo_02680,Romeo,11
ddc_dzo_02687,Romeo,11
ddc_dzo_02681,Namgay,4
ddc_dzo_02670,Dorji,12
ddc_dzo_02688,Romeo,11
ddc_dzo_02691,Romeo,11
ddc_dzo_02689,Romeo,11
ddc_dzo_02679,Thinley,8
ddc_dzo_02678,Romeo,11
ddc_dzo_02676,Romeo,11
ddc_dzo_02690,Romeo,11
ddc_dzo_02674,Romeo,11
ddc_dzo_01720,Romeo,11
ddc_dzo_02702,Romeo,11
ddc_dzo_02722,Romeo,11
ddc_dzo_02721,Romeo,11
ddc_dzo_02719,Thinley,8
ddc_dzo_01622,Dorji,12
ddc_dzo_02707,Romeo,11
ddc_dzo_02706,Romeo,11
ddc_dzo_02700,Thinley,8
ddc_dzo_02704,Romeo,11
ddc_dzo_02712,Romeo,11
ddc_dzo_02723,Romeo,11
ddc_dzo_02699,Romeo,11
ddc_dzo_09939,Romeo,11
ddc_dzo_02729,Romeo,11
ddc_dzo_02738,Romeo,11
ddc_dzo_08648,Romeo,11
ddc_dzo_02743,Romeo,11
ddc_dzo_02730,Romeo,11
ddc_dzo_02732,Romeo,11
ddc_dzo_02744,Thinley,8
ddc_dzo_03048,Romeo,11
ddc_dzo_02746,Thinley,8
ddc_dzo_02737,Romeo,11
ddc_dzo_02734,Dorji,12
ddc_dzo_02725,Romeo,11
ddc_dzo_02740,Romeo,11
ddc_dzo_00060,Romeo,11
ddc_dzo_02761,Romeo,11
ddc_dzo_00287,Romeo,11
ddc_dzo_02757,Thinley,8
ddc_dzo_02776,Romeo,11
ddc_dzo_02777,Romeo,11
ddc_dzo_02766,Romeo,11
ddc_dzo_02763,Romeo,11
ddc_dzo_02770,Namgay,4
ddc_dzo_02758,Romeo,11
ddc_dzo_02769,Romeo,11
ddc_dzo_02765,Romeo,11
ddc_dzo_08272,Romeo,11
ddc_dzo_02782,Romeo,11
ddc_dzo_02789,Thinley,8
ddc_dzo_02806,Thinley,8
ddc_dzo_02808,Dorji,12
ddc_dzo_02792,Dorji,12
ddc_dzo_02796,Romeo,11
ddc_dzo_02810,Thinley,8
ddc_dzo_02807,Romeo,11
ddc_dzo_02784,Romeo,11
ddc_dzo_02811,Romeo,11
ddc_dzo_02783,Romeo,11
ddc_dzo_02802,Romeo,11
ddc_dzo_02786,Dorji,12
ddc_dzo_02801,Romeo,11
ddc_dzo_02804,Romeo,11
ddc_dzo_04921,Romeo,11
ddc_dzo_02824,Romeo,11
ddc_dzo_02839,Romeo,11
ddc_dzo_07904,Romeo,11
ddc_dzo_02813,Romeo,11
ddc_dzo_02821,Romeo,11
ddc_dzo_02815,Romeo,11
ddc_dzo_02822,Romeo,11
ddc_dzo_02830,Dorji,12
ddc_dzo_02814,Thinley,8
ddc_dzo_02816,Romeo,11
ddc_dzo_02820,Romeo,11
ddc_dzo_02836,Romeo,11
ddc_dzo_02872,Dorji,12
ddc_dzo_06162,Romeo,11
ddc_dzo_02849,Romeo,11
ddc_dzo_02862,Romeo,11
ddc_dzo_02869,Romeo,11
ddc_dzo_02850,Romeo,11
ddc_dzo_02851,Romeo,11
ddc_dzo_02856,Romeo,11
ddc_dzo_02868,Romeo,11
ddc_dzo_02863,Romeo,11
ddc_dzo_02853,Dorji,12
ddc_dzo_02860,Romeo,11
ddc_dzo_02848,Romeo,11
ddc_dzo_02843,Romeo,11
ddc_dzo_02865,Romeo,11
ddc_dzo_02857,Romeo,11
ddc_dzo_02861,Romeo,11
ddc_dzo_02870,Romeo,11
ddc_dzo_02889,Romeo,11
ddc_dzo_02879,Romeo,11
ddc_dzo_02902,Romeo,11
ddc_dzo_02874,Namgay,0
ddc_dzo_02877,Romeo,11
ddc_dzo_02900,Romeo,11
ddc_dzo_02883,Romeo,11
ddc_dzo_02873,Romeo,11
ddc_dzo_02895,Romeo,11
ddc_dzo_02880,Dorji,12
ddc_dzo_02896,Romeo,11
ddc_dzo_02901,Romeo,11
ddc_dzo_02875,Romeo,11
ddc_dzo_02912,Romeo,11
ddc_dzo_06442,Romeo,11
ddc_dzo_02929,Dorji,12
ddc_dzo_02928,Romeo,11
ddc_dzo_02924,Romeo,11
ddc_dzo_02907,Romeo,11
ddc_dzo_02916,Romeo,11
ddc_dzo_02927,Dorji,12
ddc_dzo_02930,Nima,-1
ddc_dzo_02926,Romeo,11
ddc_dzo_02919,Romeo,-1
ddc_dzo_02917,Romeo,11
ddc_dzo_02918,Romeo,11
ddc_dzo_02910,Romeo,11
ddc_dzo_03089,Romeo,11
ddc_dzo_07997,Romeo,11
ddc_dzo_02961,Romeo,11
ddc_dzo_02965,Romeo,11
ddc_dzo_02951,Namgay,4
ddc_dzo_02945,Romeo,11
ddc_dzo_02955,Romeo,11
ddc_dzo_02954,Dorji,12
ddc_dzo_02952,Romeo,11
ddc_dzo_02960,Romeo,11
ddc_dzo_02950,Romeo,11
ddc_dzo_02956,Romeo,11
ddc_dzo_02946,Romeo,11
ddc_dzo_02949,Romeo,11
ddc_dzo_02938,Romeo,11
ddc_dzo_02994,Romeo,11
ddc_dzo_02986,Dorji,12
ddc_dzo_02007,Romeo,11
ddc_dzo_02973,Romeo,11
ddc_dzo_02967,Romeo,11
ddc_dzo_02971,Namgay,-1
ddc_dzo_03003,Romeo,11
ddc_dzo_02998,Dorji,12
ddc_dzo_02995,Romeo,11
ddc_dzo_02985,Namgay,4
ddc_dzo_02997,Romeo,11
ddc_dzo_02992,Romeo,11
ddc_dzo_02978,Thinley,8
ddc_dzo_02990,Romeo,11
ddc_dzo_02968,Romeo,11
ddc_dzo_02991,Romeo,-1
ddc_dzo_02979,Romeo,11
ddc_dzo_03023,Dorji,12
ddc_dzo_03031,Romeo,11
ddc_dzo_03011,Romeo,-1
ddc_dzo_03028,Romeo,11
ddc_dzo_03020,Thinley,8
ddc_dzo_03024,Romeo,11
ddc_dzo_03010,Romeo,11
ddc_dzo_03009,Romeo,11
ddc_dzo_03008,Romeo,-1
ddc_dzo_03027,Romeo,11
ddc_dzo_03021,Romeo,11
ddc_dzo_03029,Dorji,12
ddc_dzo_03044,Romeo,11
ddc_dzo_03012,Romeo,11
ddc_dzo_03045,Romeo,11
ddc_dzo_03039,Thinley,8
ddc_dzo_03013,Romeo,11
ddc_dzo_03019,Romeo,11
ddc_dzo_03074,Romeo,11
ddc_dzo_03058,Romeo,11
ddc_dzo_03071,Romeo,11
ddc_dzo_03070,Romeo,11
ddc_dzo_03072,Romeo,11
ddc_dzo_03088,Romeo,11
ddc_dzo_03063,Thinley,8
ddc_dzo_03061,Thinley,8
ddc_dzo_03062,Romeo,-1
ddc_dzo_03052,Thinley,8
ddc_dzo_03081,Romeo,11
ddc_dzo_03069,Romeo,11
ddc_dzo_03073,Romeo,11
ddc_dzo_00404,Romeo,11
ddc_dzo_03097,Dorji,12
ddc_dzo_03096,Romeo,11
ddc_dzo_03099,Romeo,11
ddc_dzo_03118,Romeo,11
ddc_dzo_03095,Romeo,11
ddc_dzo_03104,Romeo,11
ddc_dzo_03102,Romeo,11
ddc_dzo_03120,Romeo,11
ddc_dzo_03122,Thinley,8
ddc_dzo_03111,Thinley,8
ddc_dzo_03115,Namgay,3
ddc_dzo_03092,Namgay,0
ddc_dzo_03112,Romeo,11
ddc_dzo_03126,Romeo,11
ddc_dzo_03101,Romeo,11
ddc_dzo_03165,Romeo,11
ddc_dzo_03162,Romeo,11
ddc_dzo_03154,Romeo,11
ddc_dzo_03141,Romeo,11
ddc_dzo_03150,Thinley,8
ddc_dzo_03146,Romeo,11
ddc_dzo_03160,Namgay,1
ddc_dzo_03158,Romeo,11
ddc_dzo_03153,Thinley,8
ddc_dzo_03140,Thinley,8
ddc_dzo_03145,Romeo,11
ddc_dzo_03147,Romeo,11
ddc_dzo_03155,Romeo,11
ddc_dzo_03143,Dorji,12
ddc_dzo_03132,Thinley,8
ddc_dzo_03157,Thinley,8
ddc_dzo_00750,Romeo,11
ddc_dzo_03192,Romeo,11
ddc_dzo_03199,Romeo,11
ddc_dzo_03172,Romeo,11
ddc_dzo_03167,Thinley,8
ddc_dzo_03186,Thinley,8
ddc_dzo_03191,Romeo,11
ddc_dzo_03180,Romeo,11
ddc_dzo_03169,Romeo,11
ddc_dzo_03202,Thinley,8
ddc_dzo_03183,Romeo,11
ddc_dzo_03178,Thinley,8
ddc_dzo_03200,Romeo,11
ddc_dzo_03181,Romeo,11
ddc_dzo_03166,Romeo,11
ddc_dzo_03228,Dorji,12
ddc_dzo_01528,Romeo,11
ddc_dzo_03205,Romeo,11
ddc_dzo_03232,Romeo,11
ddc_dzo_03224,Romeo,11
ddc_dzo_03212,Namgay,4
ddc_dzo_03218,Romeo,11
ddc_dzo_03226,Romeo,11
ddc_dzo_03239,Romeo,11
ddc_dzo_03207,Romeo,11
ddc_dzo_03209,Romeo,11
ddc_dzo_03220,Romeo,11
ddc_dzo_03230,Romeo,11
ddc_dzo_03219,Dorji,12
ddc_dzo_03236,Thinley,8
ddc_dzo_03211,Namgay,2
ddc_dzo_03240,Dorji,12
ddc_dzo_03215,Romeo,11
ddc_dzo_03241,Romeo,11
ddc_dzo_00490,Romeo,11
ddc_dzo_05726,Thinley,8
ddc_dzo_03243,Romeo,11
ddc_dzo_03246,Romeo,11
ddc_dzo_03250,Romeo,11
ddc_dzo_03265,Romeo,11
ddc_dzo_03253,Romeo,11
ddc_dzo_03247,Romeo,11
ddc_dzo_03266,Romeo,11
ddc_dzo_03272,Romeo,11
ddc_dzo_03264,Romeo,11
ddc_dzo_03268,Romeo,11
ddc_dzo_03245,Romeo,11
ddc_dzo_03248,Namgay,4
ddc_dzo_03267,Thinley,8
ddc_dzo_03273,Thinley,8
ddc_dzo_03262,Thinley,8
ddc_dzo_03263,Romeo,11
ddc_dzo_03287,Romeo,11
ddc_dzo_03309,Romeo,11
ddc_dzo_03308,Romeo,11
ddc_dzo_03305,Romeo,11
ddc_dzo_03294,Romeo,11
ddc_dzo_03314,Romeo,11
ddc_dzo_03316,Thinley,8
ddc_dzo_03293,Dorji,12
ddc_dzo_03299,Romeo,11
ddc_dzo_03284,Romeo,11
ddc_dzo_03302,Thinley,8
ddc_dzo_03297,Thinley,8
ddc_dzo_03281,Thinley,8
ddc_dzo_03295,Romeo,11
ddc_dzo_03342,Dorji,12
ddc_dzo_03325,Dorji,12
ddc_dzo_03320,Romeo,11
ddc_dzo_03345,Thinley,8
ddc_dzo_03347,Romeo,11
ddc_dzo_03344,Namgay,1
ddc_dzo_03336,Thinley,8
ddc_dzo_03328,Thinley,8
ddc_dzo_03321,Romeo,11
ddc_dzo_03348,Romeo,11
ddc_dzo_03350,Romeo,11
ddc_dzo_03319,Romeo,-1
ddc_dzo_03349,Romeo,11
ddc_dzo_03326,Romeo,11
ddc_dzo_04196,Romeo,11
ddc_dzo_03376,Thinley,8
ddc_dzo_03361,Romeo,11
ddc_dzo_03377,Romeo,11
ddc_dzo_03365,Romeo,11
ddc_dzo_03388,Romeo,11
ddc_dzo_03379,Thinley,8
ddc_dzo_03385,Romeo,11
ddc_dzo_03358,Thinley,8
ddc_dzo_03370,Romeo,11
ddc_dzo_03369,Romeo,-1
ddc_dzo_03371,Romeo,11
ddc_dzo_03364,Romeo,11
ddc_dzo_03366,Thinley,8
ddc_dzo_03384,Thinley,-1
ddc_dzo_03359,Romeo,11
ddc_dzo_03375,Romeo,11
ddc_dzo_03414,Romeo,11
ddc_dzo_03424,Dorji,12
ddc_dzo_03397,Romeo,11
ddc_dzo_03423,Romeo,11
ddc_dzo_03420,Romeo,11
ddc_dzo_03427,Thinley,8
ddc_dzo_03398,Romeo,11
ddc_dzo_03395,Romeo,11
ddc_dzo_03426,Romeo,11
ddc_dzo_03434,Thinley,8
ddc_dzo_03408,Romeo,-1
ddc_dzo_03399,Romeo,11
ddc_dzo_03422,Dorji,12
ddc_dzo_03425,Romeo,11
ddc_dzo_03429,Romeo,11
ddc_dzo_03401,Romeo,11
ddc_dzo_03405,Romeo,11
ddc_dzo_03456,Dorji,12
ddc_dzo_03439,Romeo,11
ddc_dzo_03463,Romeo,-1
ddc_dzo_01597,Romeo,11
ddc_dzo_03440,Romeo,11
ddc_dzo_03436,Romeo,11
ddc_dzo_03470,Romeo,11
ddc_dzo_03444,Thinley,8
ddc_dzo_03452,Romeo,11
ddc_dzo_03447,Romeo,11
ddc_dzo_03472,Thinley,8
ddc_dzo_03468,Romeo,11
ddc_dzo_03442,Romeo,11
ddc_dzo_03446,Romeo,11
ddc_dzo_03505,Romeo,11
ddc_dzo_03478,Romeo,11
ddc_dzo_03475,Romeo,11
ddc_dzo_03508,Romeo,-1
ddc_dzo_03496,Romeo,11
ddc_dzo_03503,Romeo,11
ddc_dzo_03512,Romeo,11
ddc_dzo_03488,Romeo,11
ddc_dzo_03476,Namgay,4
ddc_dzo_03480,Romeo,11
ddc_dzo_03492,Thinley,8
ddc_dzo_03486,Dorji,12
ddc_dzo_03487,Romeo,11
ddc_dzo_03495,Romeo,11
ddc_dzo_03507,Thinley,8
ddc_dzo_03477,Namgay,2
ddc_dzo_03511,Romeo,11
ddc_dzo_03504,Romeo,11
ddc_dzo_03539,Romeo,11
ddc_dzo_03537,Romeo,11
ddc_dzo_03552,Romeo,11
ddc_dzo_03549,Romeo,11
ddc_dzo_03545,Romeo,11
ddc_dzo_03548,Romeo,11
ddc_dzo_03534,Romeo,11
ddc_dzo_03521,Thinley,8
ddc_dzo_03515,Thinley,8
ddc_dzo_03529,Romeo,11
ddc_dzo_03547,Thinley,8
ddc_dzo_03542,Romeo,11
ddc_dzo_03517,Romeo,11
ddc_dzo_03525,Romeo,11
ddc_dzo_03527,Romeo,-1
ddc_dzo_03538,Dorji,12
ddc_dzo_03514,Romeo,11
ddc_dzo_03563,Romeo,11
ddc_dzo_03579,Romeo,11
ddc_dzo_03565,Romeo,11
ddc_dzo_03571,Romeo,11
ddc_dzo_03590,Romeo,11
ddc_dzo_03573,Namgay,4
ddc_dzo_03560,Thinley,8
ddc_dzo_03572,Thinley,8
ddc_dzo_03588,Thinley,8
ddc_dzo_03559,Romeo,11
ddc_dzo_03556,Dorji,12
ddc_dzo_03555,Nima,5
ddc_dzo_03568,Romeo,11
ddc_dzo_03576,Thinley,8
ddc_dzo_03561,Romeo,11
ddc_dzo_03558,Romeo,11
ddc_dzo_03609,Romeo,11
ddc_dzo_03618,Dorji,12
ddc_dzo_03611,Romeo,11
ddc_dzo_03607,Romeo,11
ddc_dzo_03593,Romeo,11
ddc_dzo_03605,Romeo,11
ddc_dzo_03616,Namgay,7
ddc_dzo_03630,Thinley,8
ddc_dzo_03608,Romeo,11
ddc_dzo_03600,Thinley,8
ddc_dzo_03623,Romeo,11
ddc_dzo_03601,Romeo,11
ddc_dzo_03614,Thinley,8
ddc_dzo_03602,Thinley,8
ddc_dzo_03599,Thinley,8
ddc_dzo_03592,Thinley,8
ddc_dzo_03629,Romeo,11
ddc_dzo_03640,Romeo,11
ddc_dzo_03648,Romeo,11
ddc_dzo_03644,Romeo,11
ddc_dzo_03639,Thinley,8
ddc_dzo_03651,Thinley,8
ddc_dzo_03664,Romeo,11
ddc_dzo_03631,Romeo,-1
ddc_dzo_03646,Dorji,12
ddc_dzo_03655,Romeo,11
ddc_dzo_03642,Thinley,8
ddc_dzo_03657,Thinley,8
ddc_dzo_03641,Namgay,-1
ddc_dzo_03637,Dorji,12
ddc_dzo_03633,Thinley,8
ddc_dzo_03653,Romeo,-1
ddc_dzo_03668,Romeo,11
ddc_dzo_03654,Romeo,11
ddc_dzo_03649,Romeo,11
ddc_dzo_03680,Dorji,12
ddc_dzo_03689,Romeo,-1
ddc_dzo_03703,Romeo,11
ddc_dzo_03704,Romeo,11
ddc_dzo_03684,Romeo,11
ddc_dzo_03679,Romeo,11
ddc_dzo_03670,Namgay,10
ddc_dzo_03708,Namgay,0
ddc_dzo_03694,Thinley,8
ddc_dzo_03681,Thinley,8
ddc_dzo_03707,Thinley,8
ddc_dzo_03696,Romeo,11
ddc_dzo_03686,Thinley,8
ddc_dzo_03676,Dorji,12
ddc_dzo_03675,Romeo,11
ddc_dzo_03737,Romeo,11
ddc_dzo_03735,Romeo,11
ddc_dzo_03711,Romeo,11
ddc_dzo_01953,Romeo,11
ddc_dzo_03731,Namgay,4
ddc_dzo_03748,Romeo,11
ddc_dzo_03726,Dorji,12
ddc_dzo_03740,Thinley,8
ddc_dzo_03744,Romeo,11
ddc_dzo_03743,Romeo,11
ddc_dzo_03733,Romeo,11
ddc_dzo_03714,Romeo,11
ddc_dzo_03738,Romeo,11
ddc_dzo_03750,Romeo,11
ddc_dzo_03727,Romeo,11
ddc_dzo_03742,Romeo,11
ddc_dzo_03773,Romeo,11
ddc_dzo_03784,Romeo,11
ddc_dzo_03783,Romeo,11
ddc_dzo_04634,Romeo,11
ddc_dzo_03772,Dorji,12
ddc_dzo_03771,Romeo,11
ddc_dzo_03787,Romeo,11
ddc_dzo_03791,Romeo,11
ddc_dzo_03765,Romeo,11
ddc_dzo_03769,Romeo,11
ddc_dzo_03754,Thinley,8
ddc_dzo_03751,Romeo,11
ddc_dzo_03777,Romeo,11
ddc_dzo_03767,Thinley,8
ddc_dzo_03774,Romeo,-1
ddc_dzo_03794,Romeo,11
ddc_dzo_03818,Romeo,11
ddc_dzo_03799,Romeo,11
ddc_dzo_03823,Romeo,11
ddc_dzo_03802,Romeo,11
ddc_dzo_03807,Thinley,8
ddc_dzo_03817,Romeo,11
ddc_dzo_03806,Namgay,0
ddc_dzo_03819,Romeo,11
ddc_dzo_03812,Thinley,8
ddc_dzo_03825,Romeo,11
ddc_dzo_03821,Thinley,8
ddc_dzo_03822,Thinley,8
ddc_dzo_03820,Dorji,12
ddc_dzo_03816,Dorji,12
ddc_dzo_03803,Dorji,12
ddc_dzo_03792,Romeo,11
ddc_dzo_03796,Thinley,8
ddc_dzo_03858,Romeo,11
ddc_dzo_03832,Romeo,11
ddc_dzo_03845,Romeo,11
ddc_dzo_07170,Dorji,12
ddc_dzo_03843,Romeo,11
ddc_dzo_03857,Romeo,-1
ddc_dzo_03855,Romeo,11
ddc_dzo_03836,Romeo,11
ddc_dzo_03833,Thinley,8
ddc_dzo_03865,Romeo,11
ddc_dzo_03838,Romeo,11
ddc_dzo_03831,Thinley,8
ddc_dzo_03839,Namgay,4
ddc_dzo_03848,Dorji,12
ddc_dzo_03864,Thinley,8
ddc_dzo_03859,Romeo,11
ddc_dzo_03860,Romeo,11
ddc_dzo_03891,Romeo,11
ddc_dzo_03890,Romeo,11
ddc_dzo_03901,Romeo,11
ddc_dzo_03875,Namgay,2
ddc_dzo_03877,Thinley,8
ddc_dzo_03876,Thinley,8
ddc_dzo_03898,Romeo,11
ddc_dzo_03895,Romeo,11
ddc_dzo_03878,Dorji,-1
ddc_dzo_03870,Romeo,-1
ddc_dzo_03892,Dorji,12
ddc_dzo_03893,Thinley,8
ddc_dzo_03873,Romeo,11
ddc_dzo_03889,Romeo,11
ddc_dzo_03902,Romeo,11
ddc_dzo_03925,Romeo,11
ddc_dzo_03917,Romeo,11
ddc_dzo_03912,Thinley,8
ddc_dzo_03926,Thinley,8
ddc_dzo_03920,Dorji,12
ddc_dzo_03935,Thinley,8
ddc_dzo_03908,Romeo,11
ddc_dzo_03923,Romeo,11
ddc_dzo_03927,Romeo,11
ddc_dzo_03915,Namgay,4
ddc_dzo_03916,Dorji,12
ddc_dzo_03929,Dorji,12
ddc_dzo_03913,Romeo,-1
ddc_dzo_00152,Romeo,11
ddc_dzo_03947,Romeo,11
ddc_dzo_03954,Romeo,11
ddc_dzo_03979,Romeo,11
ddc_dzo_03958,Romeo,11
ddc_dzo_03963,Romeo,11
ddc_dzo_03965,Thinley,8
ddc_dzo_03957,Romeo,11
ddc_dzo_03943,Thinley,8
ddc_dzo_03950,Romeo,11
ddc_dzo_03960,Romeo,11
ddc_dzo_03951,Thinley,8
ddc_dzo_03980,Romeo,11
ddc_dzo_03968,Romeo,11
ddc_dzo_03972,Dorji,12
ddc_dzo_03962,Romeo,11
ddc_dzo_03981,Romeo,11
ddc_dzo_04003,Dorji,12
ddc_dzo_03991,Romeo,11
ddc_dzo_03996,Romeo,11
ddc_dzo_03997,Romeo,11
ddc_dzo_04005,Romeo,11
ddc_dzo_03987,Romeo,11
ddc_dzo_04009,Romeo,11
ddc_dzo_03990,Dorji,12
ddc_dzo_03999,Dorji,12
ddc_dzo_03983,Romeo,11
ddc_dzo_03986,Romeo,11
ddc_dzo_03988,Thinley,8
ddc_dzo_03994,Dorji,12
ddc_dzo_04008,Thinley,-1
ddc_dzo_04006,Romeo,11
ddc_dzo_04000,Romeo,11
ddc_dzo_04034,Dorji,-1
ddc_dzo_04056,Romeo,-1
ddc_dzo_04061,Thinley,8
ddc_dzo_04043,Romeo,11
ddc_dzo_04045,Romeo,11
ddc_dzo_04039,Romeo,11
ddc_dzo_04033,Romeo,11
ddc_dzo_04059,Thinley,8
ddc_dzo_04049,Romeo,11
ddc_dzo_04060,Romeo,11
ddc_dzo_04038,Romeo,11
ddc_dzo_04041,Dorji,12
ddc_dzo_04051,Romeo,11
ddc_dzo_04076,Romeo,11
ddc_dzo_04080,Romeo,11
ddc_dzo_04075,Romeo,11
ddc_dzo_04086,Romeo,11
ddc_dzo_04079,Romeo,11
ddc_dzo_04069,Romeo,11
ddc_dzo_04082,Romeo,11
ddc_dzo_04084,Thinley,8
ddc_dzo_04088,Romeo,11
ddc_dzo_04095,Romeo,11
ddc_dzo_04067,Thinley,8
ddc_dzo_04077,Thinley,8
ddc_dzo_04092,Romeo,11
ddc_dzo_04094,Romeo,11
ddc_dzo_04121,Dorji,12
ddc_dzo_04134,Thinley,8
ddc_dzo_04115,Romeo,11
ddc_dzo_04119,Romeo,11
ddc_dzo_05951,Romeo,11
ddc_dzo_04107,Romeo,11
ddc_dzo_04129,Namgay,4
ddc_dzo_04103,Thinley,8
ddc_dzo_04108,Romeo,11
ddc_dzo_04122,Romeo,-1
ddc_dzo_04109,Romeo,11
ddc_dzo_04100,Romeo,11
ddc_dzo_04138,Thinley,8
ddc_dzo_04130,Romeo,11
ddc_dzo_05775,Romeo,11
ddc_dzo_04154,Romeo,11
ddc_dzo_04141,Romeo,11
ddc_dzo_04139,Romeo,11
ddc_dzo_04152,Romeo,11
ddc_dzo_04168,Romeo,11
ddc_dzo_04149,Thinley,8
ddc_dzo_04167,Thinley,8
ddc_dzo_04165,Romeo,11
ddc_dzo_04156,Romeo,11
ddc_dzo_04143,Romeo,11
ddc_dzo_04164,Thinley,8
ddc_dzo_04140,Romeo,11
ddc_dzo_04147,Romeo,11
ddc_dzo_04155,Dorji,-1
ddc_dzo_04144,Romeo,11
ddc_dzo_04142,Romeo,11
ddc_dzo_09245,Romeo,11
ddc_dzo_04190,Romeo,11
ddc_dzo_04186,Romeo,11
ddc_dzo_04198,Romeo,11
ddc_dzo_04210,Thinley,8
ddc_dzo_04204,Romeo,-1
ddc_dzo_04199,Thinley,8
ddc_dzo_04184,Dorji,12
ddc_dzo_04191,Romeo,-1
ddc_dzo_04212,Romeo,11
ddc_dzo_04194,Dorji,12
ddc_dzo_04178,Thinley,8
ddc_dzo_04189,Namgay,4
ddc_dzo_04180,Thinley,8
ddc_dzo_04201,Romeo,11
ddc_dzo_04187,Thinley,8
ddc_dzo_04182,Romeo,11
ddc_dzo_00104,Romeo,11
ddc_dzo_04232,Thinley,8
ddc_dzo_04253,Romeo,11
ddc_dzo_04247,Romeo,11
ddc_dzo_04231,Romeo,11
ddc_dzo_04235,Romeo,11
ddc_dzo_04239,Romeo,11
ddc_dzo_04222,Romeo,11
ddc_dzo_04233,Thinley,8
ddc_dzo_04218,Thinley,8
ddc_dzo_04221,Thinley,8
ddc_dzo_04224,Thinley,8
ddc_dzo_04250,Romeo,11
ddc_dzo_04280,Thinley,8
ddc_dzo_04260,Romeo,-1
ddc_dzo_04255,Romeo,11
ddc_dzo_04289,Romeo,11
ddc_dzo_04281,Namgay,4
ddc_dzo_04276,Dorji,12
ddc_dzo_04256,Romeo,-1
ddc_dzo_04275,Romeo,11
ddc_dzo_04267,Romeo,11
ddc_dzo_04266,Namgay,4
ddc_dzo_04258,Romeo,11
ddc_dzo_04287,Romeo,11
ddc_dzo_04277,Dorji,12
ddc_dzo_04279,Romeo,11
ddc_dzo_04265,Romeo,11
ddc_dzo_04290,Romeo,11
ddc_dzo_04285,Romeo,11
ddc_dzo_04273,Romeo,11
ddc_dzo_05559,Romeo,11
ddc_dzo_04307,Romeo,11
ddc_dzo_04306,Romeo,11
ddc_dzo_04311,Romeo,-1
ddc_dzo_04300,Romeo,-1
ddc_dzo_04305,Romeo,11
ddc_dzo_04321,Romeo,11
ddc_dzo_04316,Romeo,11
ddc_dzo_04327,Dorji,-1
ddc_dzo_04319,Thinley,8
ddc_dzo_04308,Romeo,11
ddc_dzo_04292,Romeo,11
ddc_dzo_04293,Romeo,11
ddc_dzo_04303,Namgay,0
ddc_dzo_04330,Thinley,8
ddc_dzo_04295,Dorji,12
ddc_dzo_04312,Thinley,8
ddc_dzo_04302,Romeo,11
ddc_dzo_04318,Romeo,11
ddc_dzo_04358,Dorji,12
ddc_dzo_04335,Romeo,11
ddc_dzo_04336,Romeo,11
ddc_dzo_04356,Romeo,11
ddc_dzo_04348,Romeo,11
ddc_dzo_04343,Romeo,11
ddc_dzo_04361,Romeo,11
ddc_dzo_04341,Dorji,12
ddc_dzo_04352,Thinley,8
ddc_dzo_04362,Romeo,11
ddc_dzo_04344,Romeo,11
ddc_dzo_04357,Thinley,8
ddc_dzo_04334,Romeo,11
ddc_dzo_04337,Romeo,11
ddc_dzo_04349,Namgay,0
ddc_dzo_04364,Thinley,8
ddc_dzo_04355,Thinley,8
ddc_dzo_04347,Romeo,11
ddc_dzo_04399,Romeo,11
ddc_dzo_04388,Romeo,11
ddc_dzo_04390,Romeo,11
ddc_dzo_04389,Romeo,11
ddc_dzo_04383,Namgay,4
ddc_dzo_04375,Namgay,4
ddc_dzo_04382,Romeo,-1
ddc_dzo_04381,Romeo,11
ddc_dzo_04404,Romeo,11
ddc_dzo_04385,Dorji,12
ddc_dzo_04370,Romeo,11
ddc_dzo_04402,Romeo,-1
ddc_dzo_04395,Romeo,-1
ddc_dzo_04380,Thinley,8
ddc_dzo_04386,Thinley,8
ddc_dzo_04376,Romeo,11
ddc_dzo_04438,Dorji,12
ddc_dzo_04418,Romeo,11
ddc_dzo_04435,Romeo,11
ddc_dzo_04413,Romeo,11
ddc_dzo_04421,Romeo,11
ddc_dzo_04445,Romeo,11
ddc_dzo_04426,Thinley,8
ddc_dzo_04431,Thinley,8
ddc_dzo_04408,Thinley,8
ddc_dzo_04420,Romeo,11
ddc_dzo_04424,Romeo,11
ddc_dzo_04415,Dorji,12
ddc_dzo_04433,Thinley,8
ddc_dzo_04439,Romeo,11
ddc_dzo_04417,Romeo,11
ddc_dzo_04482,Dorji,12
ddc_dzo_04476,Romeo,11
ddc_dzo_04483,Romeo,11
ddc_dzo_04487,Romeo,11
ddc_dzo_04474,Romeo,11
ddc_dzo_04469,Romeo,11
ddc_dzo_04458,Romeo,11
ddc_dzo_04472,Romeo,11
ddc_dzo_04456,Thinley,8
ddc_dzo_04484,Romeo,11
ddc_dzo_04453,Romeo,11
ddc_dzo_04478,Dorji,-1
ddc_dzo_04488,Namgay,-1
ddc_dzo_04454,Thinley,8
ddc_dzo_04473,Romeo,11
ddc_dzo_09556,Romeo,11
ddc_dzo_04501,Thinley,8
ddc_dzo_04508,Romeo,11
ddc_dzo_04515,Romeo,-1
ddc_dzo_04526,Namgay,-1
ddc_dzo_04505,Thinley,8
ddc_dzo_04512,Romeo,11
ddc_dzo_04521,Namgay,-1
ddc_dzo_04496,Dorji,12
ddc_dzo_04492,Romeo,11
ddc_dzo_04513,Romeo,11
ddc_dzo_04495,Romeo,11
ddc_dzo_04489,Romeo,11
ddc_dzo_04532,Romeo,11
ddc_dzo_04546,Romeo,11
ddc_dzo_03451,Romeo,11
ddc_dzo_04562,Romeo,11
ddc_dzo_04552,Romeo,11
ddc_dzo_04545,Dorji,12
ddc_dzo_04530,Thinley,8
ddc_dzo_04529,Romeo,11
ddc_dzo_04563,Romeo,11
ddc_dzo_04567,Romeo,11
ddc_dzo_04537,Namgay,4
ddc_dzo_04539,Thinley,8
ddc_dzo_04557,Romeo,11
ddc_dzo_04565,Romeo,-1
ddc_dzo_04544,Thinley,8
ddc_dzo_04543,Thinley,8
ddc_dzo_04533,Dorji,-1
ddc_dzo_04542,Romeo,11
ddc_dzo_04603,Romeo,11
ddc_dzo_04606,Romeo,11
ddc_dzo_04601,Dorji,12
ddc_dzo_04599,Romeo,11
ddc_dzo_04588,Romeo,-1
ddc_dzo_04572,Thinley,8
ddc_dzo_04584,Romeo,-1
ddc_dzo_04578,Thinley,8
ddc_dzo_04577,Thinley,8
ddc_dzo_04576,Romeo,11
ddc_dzo_04594,Thinley,-1
ddc_dzo_04593,Romeo,11
ddc_dzo_04573,Romeo,11
ddc_dzo_04574,Namgay,4
ddc_dzo_04580,Thinley,8
ddc_dzo_04581,Thinley,8
ddc_dzo_04591,Thinley,8
ddc_dzo_04575,Romeo,11
ddc_dzo_04644,Romeo,11
ddc_dzo_04642,Romeo,11
ddc_dzo_04621,Romeo,11
ddc_dzo_04607,Romeo,11
ddc_dzo_02984,Romeo,11
ddc_dzo_04612,Romeo,11
ddc_dzo_04628,Namgay,4
ddc_dzo_04638,Romeo,11
ddc_dzo_04631,Namgay,4
ddc_dzo_04647,Namgay,4
ddc_dzo_04646,Thinley,8
ddc_dzo_04637,Thinley,8
ddc_dzo_04609,Dorji,12
ddc_dzo_04624,Romeo,11
ddc_dzo_04627,Romeo,11
ddc_dzo_04610,Namgay,-1
ddc_dzo_04611,Romeo,11
ddc_dzo_04616,Romeo,11
ddc_dzo_04619,Romeo,11
ddc_dzo_04635,Romeo,11
ddc_dzo_04682,Dorji,12
ddc_dzo_04666,Romeo,11
ddc_dzo_04658,Romeo,11
ddc_dzo_04659,Romeo,11
ddc_dzo_04663,Thinley,8
ddc_dzo_04660,Romeo,11
ddc_dzo_04648,Romeo,11
ddc_dzo_04674,Romeo,11
ddc_dzo_04667,Romeo,11
ddc_dzo_04656,Romeo,11
ddc_dzo_04670,Thinley,8
ddc_dzo_04673,Thinley,8
ddc_dzo_04653,Thinley,8
ddc_dzo_04675,Romeo,11
ddc_dzo_04649,Thinley,8
ddc_dzo_02340,Romeo,11
ddc_dzo_04695,Romeo,11
ddc_dzo_04707,Romeo,11
ddc_dzo_04720,Namgay,4
ddc_dzo_04688,Thinley,8
ddc_dzo_04710,Thinley,8
ddc_dzo_04721,Thinley,8
ddc_dzo_04714,Dorji,12
ddc_dzo_04704,Thinley,8
ddc_dzo_04690,Romeo,11
ddc_dzo_04716,Thinley,8
ddc_dzo_04702,Thinley,8
ddc_dzo_04687,Romeo,11
ddc_dzo_04693,Romeo,11
ddc_dzo_04692,Romeo,11
ddc_dzo_04728,Dorji,12
ddc_dzo_04744,Romeo,11
ddc_dzo_04737,Romeo,11
ddc_dzo_05172,Romeo,11
ddc_dzo_04761,Thinley,8
ddc_dzo_04742,Romeo,11
ddc_dzo_04752,Namgay,4
ddc_dzo_04741,Romeo,11
ddc_dzo_04735,Romeo,11
ddc_dzo_04726,Romeo,11
ddc_dzo_04758,Namgay,-1
ddc_dzo_04757,Romeo,11
ddc_dzo_04739,Romeo,11
ddc_dzo_04746,Romeo,11
ddc_dzo_04759,Thinley,8
ddc_dzo_04753,Thinley,8
ddc_dzo_04734,Dorji,12
ddc_dzo_04732,Thinley,8
ddc_dzo_04725,Romeo,11
ddc_dzo_04771,Romeo,11
ddc_dzo_04780,Romeo,11
ddc_dzo_04792,Romeo,11
ddc_dzo_04788,Romeo,11
ddc_dzo_04765,Romeo,11
ddc_dzo_04798,Romeo,11
ddc_dzo_04796,Thinley,8
ddc_dzo_04789,Thinley,8
ddc_dzo_04794,Dorji,12
ddc_dzo_04772,Romeo,11
ddc_dzo_04797,Romeo,11
ddc_dzo_04773,Thinley,8
ddc_dzo_04768,Dorji,12
ddc_dzo_04791,Thinley,8
ddc_dzo_04776,Romeo,11
ddc_dzo_04806,Romeo,11
ddc_dzo_04814,Romeo,11
ddc_dzo_08751,Romeo,-1
ddc_dzo_04836,Romeo,11
ddc_dzo_05629,Romeo,11
ddc_dzo_04830,Thinley,8
ddc_dzo_04809,Thinley,-1
ddc_dzo_04832,Romeo,11
ddc_dzo_04823,Romeo,11
ddc_dzo_04805,Namgay,4
ddc_dzo_04819,Thinley,8
ddc_dzo_04813,Romeo,11
ddc_dzo_04835,Thinley,8
ddc_dzo_04821,Dorji,-1
ddc_dzo_04817,Dorji,12
ddc_dzo_04858,Dorji,12
ddc_dzo_04856,Romeo,11
ddc_dzo_04852,Romeo,11
ddc_dzo_04840,Romeo,11
ddc_dzo_04864,Romeo,11
ddc_dzo_04846,Romeo,11
ddc_dzo_04236,Romeo,11
ddc_dzo_03193,Namgay,1
ddc_dzo_04854,Romeo,11
ddc_dzo_04843,Dorji,12
ddc_dzo_04870,Romeo,11
ddc_dzo_04862,Thinley,8
ddc_dzo_04873,Thinley,8
ddc_dzo_04842,Thinley,8
ddc_dzo_04853,Romeo,11
ddc_dzo_04841,Thinley,8
ddc_dzo_04894,Romeo,11
ddc_dzo_04897,Romeo,11
ddc_dzo_04896,Romeo,11
ddc_dzo_04879,Romeo,11
ddc_dzo_04893,Thinley,8
ddc_dzo_04874,Romeo,11
ddc_dzo_03840,Namgay,1
ddc_dzo_04884,Romeo,11
ddc_dzo_04886,Romeo,11
ddc_dzo_04910,Romeo,11
ddc_dzo_04909,Romeo,11
ddc_dzo_04906,Thinley,8
ddc_dzo_04880,Romeo,11
ddc_dzo_04888,Thinley,8
ddc_dzo_04905,Romeo,11
ddc_dzo_04912,Dorji,12
ddc_dzo_04941,Romeo,11
ddc_dzo_04917,Romeo,11
ddc_dzo_09267,Romeo,11
ddc_dzo_04928,Romeo,-1
ddc_dzo_04922,Romeo,11
ddc_dzo_04930,Namgay,-1
ddc_dzo_04919,Namgay,0
ddc_dzo_04939,Romeo,-1
ddc_dzo_04938,Namgay,4
ddc_dzo_04924,Thinley,8
ddc_dzo_04946,Romeo,11
ddc_dzo_04940,Romeo,11
ddc_dzo_04945,Dorji,12
ddc_dzo_04936,Romeo,11
ddc_dzo_04920,Romeo,-1
ddc_dzo_04966,Romeo,11
ddc_dzo_04971,Romeo,11
ddc_dzo_04976,Romeo,11
ddc_dzo_04986,Romeo,11
ddc_dzo_04982,Romeo,11
ddc_dzo_04957,Thinley,8
ddc_dzo_04975,Thinley,8
ddc_dzo_04987,Dorji,12
ddc_dzo_04969,Romeo,11
ddc_dzo_04979,Dorji,12
ddc_dzo_04978,Dorji,12
ddc_dzo_04951,Romeo,11
ddc_dzo_04984,Thinley,8
ddc_dzo_04965,Thinley,8
ddc_dzo_04956,Dorji,12
ddc_dzo_04959,Romeo,11
ddc_dzo_04967,Thinley,8
ddc_dzo_04960,Romeo,11
ddc_dzo_05006,Romeo,11
ddc_dzo_05003,Romeo,11
ddc_dzo_05009,Romeo,11
ddc_dzo_04997,Romeo,11
ddc_dzo_04993,Romeo,11
ddc_dzo_05024,Romeo,11
ddc_dzo_05015,Namgay,4
ddc_dzo_05019,Romeo,11
ddc_dzo_05007,Romeo,11
ddc_dzo_05022,Romeo,11
ddc_dzo_04995,Thinley,8
ddc_dzo_04999,Thinley,8
ddc_dzo_05008,Thinley,8
ddc_dzo_05023,Romeo,11
ddc_dzo_04990,Romeo,11
ddc_dzo_05045,Romeo,11
ddc_dzo_01769,Romeo,11
ddc_dzo_05035,Romeo,11
ddc_dzo_05030,Romeo,11
ddc_dzo_05034,Dorji,12
ddc_dzo_05053,Romeo,11
ddc_dzo_05061,Romeo,11
ddc_dzo_05025,Namgay,10
ddc_dzo_05047,Romeo,11
ddc_dzo_05051,Namgay,4
ddc_dzo_05046,Dorji,12
ddc_dzo_05037,Dorji,12
ddc_dzo_05040,Romeo,11
ddc_dzo_05028,Thinley,8
ddc_dzo_05049,Romeo,11
ddc_dzo_05043,Romeo,11
ddc_dzo_05029,Romeo,11
ddc_dzo_05036,Romeo,11
ddc_dzo_05093,Dorji,12
ddc_dzo_05079,Romeo,11
ddc_dzo_05074,Romeo,11
ddc_dzo_05088,Romeo,11
ddc_dzo_05096,Romeo,11
ddc_dzo_05072,Thinley,8
ddc_dzo_05068,Thinley,8
ddc_dzo_05065,Romeo,11
ddc_dzo_05078,Romeo,11
ddc_dzo_05083,Romeo,11
ddc_dzo_05090,Thinley,8
ddc_dzo_05097,Romeo,11
ddc_dzo_05086,Romeo,11
ddc_dzo_05100,Dorji,12
ddc_dzo_05066,Thinley,8
ddc_dzo_05080,Romeo,11
ddc_dzo_05104,Dorji,12
ddc_dzo_05113,Romeo,11
ddc_dzo_05128,Romeo,11
ddc_dzo_05131,Romeo,11
ddc_dzo_05105,Romeo,11
ddc_dzo_03450,Romeo,11
ddc_dzo_05116,Romeo,11
ddc_dzo_05108,Thinley,8
ddc_dzo_05110,Dorji,12
ddc_dzo_05586,Thinley,8
ddc_dzo_05103,Thinley,8
ddc_dzo_05133,Thinley,8
ddc_dzo_05126,Romeo,11
ddc_dzo_05118,Romeo,11
ddc_dzo_05169,Dorji,12
ddc_dzo_05151,Dorji,12
ddc_dzo_05161,Romeo,11
ddc_dzo_05165,Romeo,11
ddc_dzo_05162,Romeo,11
ddc_dzo_05149,Namgay,4
ddc_dzo_05156,Namgay,4
ddc_dzo_05146,Dorji,12
ddc_dzo_05170,Romeo,11
ddc_dzo_05150,Romeo,11
ddc_dzo_05140,Thinley,8
ddc_dzo_05160,Thinley,8
ddc_dzo_05158,Thinley,8
ddc_dzo_05143,Thinley,8
ddc_dzo_05141,Thinley,8
ddc_dzo_05148,Thinley,8
ddc_dzo_05155,Romeo,11
ddc_dzo_05138,Yigzin,9
ddc_dzo_05186,Romeo,11
ddc_dzo_05187,Romeo,11
ddc_dzo_05173,Romeo,-1
ddc_dzo_05175,Dorji,12
ddc_dzo_05190,Romeo,11
ddc_dzo_05195,Romeo,11
ddc_dzo_05199,Romeo,11
ddc_dzo_05200,Romeo,11
ddc_dzo_05176,Thinley,8
ddc_dzo_05204,Romeo,11
ddc_dzo_05182,Thinley,8
ddc_dzo_05198,Romeo,11
ddc_dzo_05191,Romeo,11
ddc_dzo_05174,Romeo,11
ddc_dzo_02555,Romeo,11
ddc_dzo_05208,Thinley,8
ddc_dzo_05216,Thinley,8
ddc_dzo_05230,Romeo,11
ddc_dzo_05234,Namgay,4
ddc_dzo_04465,Namgay,4
ddc_dzo_05219,Romeo,-1
ddc_dzo_05232,Namgay,4
ddc_dzo_05209,Namgay,4
ddc_dzo_05239,Romeo,11
ddc_dzo_05229,Romeo,11
ddc_dzo_05236,Thinley,8
ddc_dzo_05227,Namgay,2
ddc_dzo_05233,Romeo,11
ddc_dzo_05224,Romeo,11
ddc_dzo_08059,Romeo,11
ddc_dzo_05254,Romeo,11
ddc_dzo_05252,Romeo,11
ddc_dzo_05269,Romeo,11
ddc_dzo_05263,Namgay,4
ddc_dzo_05267,Romeo,-1
ddc_dzo_05258,Thinley,8
ddc_dzo_05256,Thinley,8
ddc_dzo_05251,Thinley,8
ddc_dzo_05242,Romeo,11
ddc_dzo_05246,Thinley,8
ddc_dzo_05259,Romeo,11
ddc_dzo_05273,Romeo,11
ddc_dzo_05245,Romeo,11
ddc_dzo_09681,Romeo,11
ddc_dzo_05278,Thinley,8
ddc_dzo_05297,Romeo,11
ddc_dzo_05310,Romeo,11
ddc_dzo_05285,Romeo,11
ddc_dzo_05279,Romeo,11
ddc_dzo_05312,Thinley,8
ddc_dzo_05300,Thinley,8
ddc_dzo_05281,Dorji,12
ddc_dzo_05290,Romeo,11
ddc_dzo_05294,Romeo,11
ddc_dzo_05287,Romeo,11
ddc_dzo_05304,Romeo,11
ddc_dzo_05286,Romeo,11
ddc_dzo_05292,Thinley,8
ddc_dzo_05295,Thinley,8
ddc_dzo_05289,Romeo,11
ddc_dzo_05996,Romeo,11
ddc_dzo_05321,Thinley,8
ddc_dzo_05338,Romeo,11
ddc_dzo_05350,Namgay,-1
ddc_dzo_05330,Thinley,8
ddc_dzo_05318,Dorji,12
ddc_dzo_05329,Namgay,10
ddc_dzo_05348,Thinley,8
ddc_dzo_05343,Romeo,11
ddc_dzo_05336,Dorji,12
ddc_dzo_05332,Namgay,4
ddc_dzo_05315,Thinley,8
ddc_dzo_05314,Dorji,12
ddc_dzo_05320,Romeo,11
ddc_dzo_05326,Romeo,-1
ddc_dzo_05340,Romeo,-1
ddc_dzo_02411,Romeo,11
ddc_dzo_05371,Romeo,11
ddc_dzo_05355,Romeo,11
ddc_dzo_05372,Romeo,11
ddc_dzo_05358,Romeo,11
ddc_dzo_05368,Thinley,8
ddc_dzo_05375,Romeo,11
ddc_dzo_05385,Thinley,8
ddc_dzo_05374,Romeo,11
ddc_dzo_05353,Romeo,11
ddc_dzo_05387,Romeo,11
ddc_dzo_05381,Thinley,8
ddc_dzo_05373,Romeo,-1
ddc_dzo_05359,Romeo,11
ddc_dzo_05376,Romeo,11
ddc_dzo_05362,Romeo,11
ddc_dzo_05410,Romeo,11
ddc_dzo_05416,Namgay,4
ddc_dzo_05426,Romeo,11
ddc_dzo_05404,Dorji,12
ddc_dzo_05400,Thinley,8
ddc_dzo_05403,Romeo,11
ddc_dzo_05396,Romeo,11
ddc_dzo_05401,Romeo,11
ddc_dzo_05423,Thinley,8
ddc_dzo_05424,Thinley,8
ddc_dzo_05407,Romeo,11
ddc_dzo_05414,Dorji,12
ddc_dzo_05418,Romeo,11
ddc_dzo_05443,Romeo,11
ddc_dzo_05428,Romeo,11
ddc_dzo_05441,Romeo,11
ddc_dzo_05455,Dorji,12
ddc_dzo_05434,Dorji,12
ddc_dzo_05432,Namgay,0
ddc_dzo_05457,Romeo,11
ddc_dzo_05461,Romeo,11
ddc_dzo_05437,Romeo,11
ddc_dzo_05440,Romeo,-1
ddc_dzo_05444,Romeo,11
ddc_dzo_05447,Thinley,8
ddc_dzo_05462,Thinley,8
ddc_dzo_05446,Thinley,8
ddc_dzo_05445,Dorji,12
ddc_dzo_05494,Romeo,11
ddc_dzo_02768,Romeo,11
ddc_dzo_05484,Romeo,11
ddc_dzo_05496,Romeo,11
ddc_dzo_05503,Romeo,11
ddc_dzo_05475,Dorji,12
ddc_dzo_05497,Romeo,11
ddc_dzo_05474,Romeo,11
ddc_dzo_05499,Thinley,8
ddc_dzo_05482,Thinley,8
ddc_dzo_05500,Romeo,11
ddc_dzo_05492,Thinley,8
ddc_dzo_05467,Thinley,8
ddc_dzo_05498,Romeo,11
ddc_dzo_05471,Romeo,11
ddc_dzo_01009,Romeo,11
ddc_dzo_05527,Romeo,11
ddc_dzo_05541,Romeo,-1
ddc_dzo_05515,Dorji,12
ddc_dzo_05538,Romeo,11
ddc_dzo_05540,Romeo,11
ddc_dzo_05528,Romeo,11
ddc_dzo_05539,Thinley,8
ddc_dzo_05534,Romeo,11
ddc_dzo_05530,Thinley,8
ddc_dzo_05511,Thinley,8
ddc_dzo_05537,Romeo,11
ddc_dzo_05561,Romeo,11
ddc_dzo_05574,Romeo,-1
ddc_dzo_05554,Romeo,11
ddc_dzo_05558,Namgay,4
ddc_dzo_05584,Romeo,11
ddc_dzo_05569,Romeo,11
ddc_dzo_05579,Romeo,11
ddc_dzo_05583,Romeo,11
ddc_dzo_05562,Thinley,8
ddc_dzo_05582,Dorji,12
ddc_dzo_05552,Dorji,12
ddc_dzo_05576,Romeo,11
ddc_dzo_05547,Romeo,-1
ddc_dzo_05560,Thinley,8
ddc_dzo_05548,Romeo,11
ddc_dzo_05575,Romeo,-1
ddc_dzo_04875,Romeo,11
ddc_dzo_05609,Romeo,11
ddc_dzo_05587,Romeo,11
ddc_dzo_05617,Romeo,11
ddc_dzo_05597,Romeo,11
ddc_dzo_05618,Romeo,11
ddc_dzo_05615,Romeo,11
ddc_dzo_05605,Thinley,8
ddc_dzo_05600,Thinley,8
ddc_dzo_05589,Romeo,11
ddc_dzo_05622,Romeo,11
ddc_dzo_05613,Romeo,11
ddc_dzo_05625,Thinley,8
ddc_dzo_05606,Dorji,12
ddc_dzo_05607,Thinley,8
ddc_dzo_05610,Dorji,12
ddc_dzo_05620,Thinley,8
ddc_dzo_05614,Romeo,11
ddc_dzo_05630,Romeo,11
ddc_dzo_05663,Romeo,11
ddc_dzo_05659,Romeo,11
ddc_dzo_05651,Romeo,-1
ddc_dzo_05627,Romeo,11
ddc_dzo_05644,Dorji,12
ddc_dzo_05648,Dorji,12
ddc_dzo_05645,Romeo,11
ddc_dzo_05662,Romeo,11
ddc_dzo_05654,Romeo,11
ddc_dzo_05638,Romeo,11
ddc_dzo_05643,Thinley,8
ddc_dzo_05634,Romeo,11
ddc_dzo_05640,Romeo,11
ddc_dzo_05642,Romeo,11
ddc_dzo_05674,Dorji,12
ddc_dzo_05685,Romeo,11
ddc_dzo_05676,Romeo,-1
ddc_dzo_05682,Romeo,11
ddc_dzo_05696,Romeo,11
ddc_dzo_05695,Romeo,11
ddc_dzo_05694,Romeo,11
ddc_dzo_05669,Thinley,8
ddc_dzo_05698,Thinley,8
ddc_dzo_05686,Romeo,11
ddc_dzo_05670,Thinley,8
ddc_dzo_05665,Thinley,8
ddc_dzo_05683,Dorji,12
ddc_dzo_05700,Romeo,11
ddc_dzo_05699,Romeo,11
ddc_dzo_05718,Romeo,11
ddc_dzo_02240,Romeo,11
ddc_dzo_05717,Romeo,11
ddc_dzo_05737,Thinley,8
ddc_dzo_05741,Dorji,12
ddc_dzo_05704,Romeo,11
ddc_dzo_05729,Romeo,11
ddc_dzo_05705,Romeo,11
ddc_dzo_05738,Thinley,8
ddc_dzo_05732,Romeo,11
ddc_dzo_05735,Romeo,11
ddc_dzo_05733,Romeo,11
ddc_dzo_05722,Romeo,11
ddc_dzo_05708,Romeo,11
ddc_dzo_05727,Thinley,8
ddc_dzo_05724,Thinley,8
ddc_dzo_05756,Romeo,11
ddc_dzo_05761,Romeo,11
ddc_dzo_05697,Romeo,11
ddc_dzo_05771,Thinley,8
ddc_dzo_05744,Romeo,11
ddc_dzo_05758,Romeo,11
ddc_dzo_05753,Thinley,8
ddc_dzo_05759,Romeo,11
ddc_dzo_05743,Romeo,11
ddc_dzo_05757,Romeo,11
ddc_dzo_05766,Romeo,11
ddc_dzo_05747,Romeo,11
ddc_dzo_05769,Thinley,8
ddc_dzo_05777,Romeo,11
ddc_dzo_05762,Namgay,2
ddc_dzo_05755,Romeo,11
ddc_dzo_05749,Romeo,-1
ddc_dzo_05803,Dorji,12
ddc_dzo_05893,Romeo,11
ddc_dzo_05812,Romeo,11
ddc_dzo_05801,Romeo,11
ddc_dzo_05778,Romeo,11
ddc_dzo_05798,Romeo,-1
ddc_dzo_05796,Thinley,8
ddc_dzo_05786,Romeo,11
ddc_dzo_05802,Romeo,11
ddc_dzo_05791,Romeo,-1
ddc_dzo_05813,Romeo,11
ddc_dzo_05789,Dorji,12
ddc_dzo_05782,Thinley,8
ddc_dzo_05784,Thinley,8
ddc_dzo_05779,Romeo,11
ddc_dzo_05781,Dorji,12
ddc_dzo_05806,Romeo,11
ddc_dzo_05795,Romeo,11
ddc_dzo_07117,Romeo,11
ddc_dzo_05833,Romeo,11
ddc_dzo_05825,Romeo,11
ddc_dzo_05834,Romeo,11
ddc_dzo_05836,Namgay,-1
ddc_dzo_05830,Dorji,12
ddc_dzo_05824,Dorji,12
ddc_dzo_05847,Thinley,8
ddc_dzo_05827,Romeo,11
ddc_dzo_05850,Romeo,11
ddc_dzo_05837,Romeo,11
ddc_dzo_05852,Namgay,4
ddc_dzo_05835,Romeo,-1
ddc_dzo_05829,Romeo,11
ddc_dzo_05839,Romeo,11
ddc_dzo_05870,Romeo,11
ddc_dzo_05864,Romeo,11
ddc_dzo_05884,Romeo,11
ddc_dzo_05882,Thinley,8
ddc_dzo_05876,Romeo,-1
ddc_dzo_05855,Romeo,11
ddc_dzo_05889,Dorji,12
ddc_dzo_05891,Thinley,8
ddc_dzo_05888,Romeo,11
ddc_dzo_05857,Namgay,4
ddc_dzo_05887,Thinley,8
ddc_dzo_05858,Thinley,8
ddc_dzo_05861,Dorji,12
ddc_dzo_05854,Romeo,-1
ddc_dzo_05868,Romeo,11
ddc_dzo_05880,Romeo,11
ddc_dzo_05875,Romeo,11
ddc_dzo_05902,Dorji,12
ddc_dzo_05899,Thinley,8
ddc_dzo_05906,Romeo,11
ddc_dzo_05894,Romeo,11
ddc_dzo_05900,Romeo,11
ddc_dzo_05912,Thinley,8
ddc_dzo_05910,Namgay,10
ddc_dzo_05908,Namgay,2
ddc_dzo_05897,Thinley,8
ddc_dzo_05921,Romeo,11
ddc_dzo_05909,Romeo,11
ddc_dzo_05926,Thinley,8
ddc_dzo_05896,Dorji,12
ddc_dzo_05904,Romeo,11
ddc_dzo_05930,Romeo,11
ddc_dzo_05898,Romeo,11
ddc_dzo_05920,Romeo,11
ddc_dzo_05966,Romeo,11
ddc_dzo_05950,Romeo,11
ddc_dzo_05936,Romeo,11
ddc_dzo_05958,Romeo,11
ddc_dzo_05932,Romeo,11
ddc_dzo_05945,Romeo,11
ddc_dzo_05947,Namgay,7
ddc_dzo_05955,Romeo,11
ddc_dzo_05937,Dorji,12
ddc_dzo_05949,Thinley,8
ddc_dzo_05943,Thinley,8
ddc_dzo_05941,Thinley,8
ddc_dzo_05938,Romeo,11
ddc_dzo_05946,Dorji,12
ddc_dzo_05952,Thinley,8
ddc_dzo_05962,Romeo,11
ddc_dzo_05969,Dorji,12
ddc_dzo_05957,Romeo,11
ddc_dzo_05961,Romeo,11
ddc_dzo_05935,Romeo,11
ddc_dzo_06002,Romeo,11
ddc_dzo_05923,Romeo,11
ddc_dzo_06005,Romeo,-1
ddc_dzo_05984,Romeo,11
ddc_dzo_06003,Romeo,11
ddc_dzo_05997,Romeo,-1
ddc_dzo_05973,Namgay,0
ddc_dzo_05976,Romeo,11
ddc_dzo_05971,Romeo,11
ddc_dzo_05990,Romeo,11
ddc_dzo_06006,Namgay,4
ddc_dzo_05991,Thinley,8
ddc_dzo_05989,Thinley,8
ddc_dzo_05986,Thinley,8
ddc_dzo_05272,Romeo,11
ddc_dzo_06041,Romeo,11
ddc_dzo_06025,Romeo,11
ddc_dzo_06022,Romeo,11
ddc_dzo_06033,Romeo,11
ddc_dzo_06011,Romeo,11
ddc_dzo_06021,Romeo,11
ddc_dzo_06028,Romeo,11
ddc_dzo_06026,Thinley,8
ddc_dzo_06014,Dorji,12
ddc_dzo_06032,Romeo,11
ddc_dzo_06010,Romeo,11
ddc_dzo_06036,Romeo,11
ddc_dzo_06042,Romeo,11
ddc_dzo_06030,Romeo,-1
ddc_dzo_06054,Romeo,11
ddc_dzo_09098,Romeo,11
ddc_dzo_06067,Romeo,11
ddc_dzo_06049,Thinley,8
ddc_dzo_06057,Romeo,11
ddc_dzo_06076,Dorji,12
ddc_dzo_06066,Dorji,12
ddc_dzo_06079,Romeo,-1
ddc_dzo_06073,Romeo,11
ddc_dzo_06064,Romeo,-1
ddc_dzo_06069,Romeo,11
ddc_dzo_06061,Dorji,-1
ddc_dzo_06045,Thinley,8
ddc_dzo_06088,Romeo,11
ddc_dzo_06123,Romeo,11
ddc_dzo_06087,Dorji,12
ddc_dzo_06101,Romeo,11
ddc_dzo_06124,Thinley,8
ddc_dzo_06113,Romeo,11
ddc_dzo_06103,Namgay,4
ddc_dzo_06100,Dorji,12
ddc_dzo_06112,Thinley,8
ddc_dzo_06089,Thinley,8
ddc_dzo_06118,Thinley,8
ddc_dzo_06105,Romeo,11
ddc_dzo_06107,Thinley,8
ddc_dzo_06099,Thinley,8
ddc_dzo_06098,Thinley,8
ddc_dzo_06093,Romeo,11
ddc_dzo_06114,Romeo,11
ddc_dzo_06095,Romeo,11
ddc_dzo_06097,Romeo,11
ddc_dzo_06109,Romeo,11
ddc_dzo_00228,Romeo,11
ddc_dzo_06142,Romeo,11
ddc_dzo_06131,Romeo,11
ddc_dzo_07174,Romeo,11
ddc_dzo_06144,Romeo,11
ddc_dzo_06139,Thinley,8
ddc_dzo_06133,Dorji,12
ddc_dzo_06148,Romeo,11
ddc_dzo_06128,Dorji,12
ddc_dzo_06146,Thinley,8
ddc_dzo_06150,Thinley,8
ddc_dzo_06126,Yigzin,9
ddc_dzo_06145,Romeo,11
ddc_dzo_06159,Dorji,12
ddc_dzo_09976,Romeo,11
ddc_dzo_08706,Romeo,11
ddc_dzo_06155,Thinley,8
ddc_dzo_06153,Romeo,11
ddc_dzo_06158,Romeo,11
ddc_dzo_06171,Romeo,11
ddc_dzo_06168,Thinley,8
ddc_dzo_06169,Romeo,11
ddc_dzo_06165,Romeo,11
ddc_dzo_06175,Thinley,8
ddc_dzo_06170,Romeo,11
ddc_dzo_06154,Romeo,11
ddc_dzo_06180,Romeo,11
ddc_dzo_05933,Romeo,11
ddc_dzo_06189,Romeo,11
ddc_dzo_06197,Thinley,8
ddc_dzo_06195,Romeo,11
ddc_dzo_06192,Romeo,11
ddc_dzo_06207,Dorji,12
ddc_dzo_06190,Romeo,11
ddc_dzo_06184,Romeo,11
ddc_dzo_06205,Thinley,8
ddc_dzo_06206,Namgay,0
ddc_dzo_06201,Thinley,8
ddc_dzo_06188,Dorji,12
ddc_dzo_06203,Thinley,8
ddc_dzo_06199,Romeo,11
ddc_dzo_02626,Romeo,11
ddc_dzo_06229,Romeo,11
ddc_dzo_06232,Romeo,11
ddc_dzo_06235,Romeo,11
ddc_dzo_06221,Romeo,11
ddc_dzo_06210,Thinley,8
ddc_dzo_06211,Dorji,12
ddc_dzo_07175,Dorji,12
ddc_dzo_06215,Romeo,11
ddc_dzo_06220,Romeo,11
ddc_dzo_06226,Romeo,11
ddc_dzo_06233,Romeo,11
ddc_dzo_06225,Romeo,11
ddc_dzo_06212,Romeo,11
ddc_dzo_06237,Romeo,11
ddc_dzo_06243,Romeo,11
ddc_dzo_06255,Romeo,11
ddc_dzo_06256,Romeo,11
ddc_dzo_06244,Romeo,11
ddc_dzo_06251,Dorji,12
ddc_dzo_06252,Romeo,11
ddc_dzo_06247,Romeo,11
ddc_dzo_06248,Romeo,11
ddc_dzo_06260,Thinley,8
ddc_dzo_06245,Dorji,-1
ddc_dzo_06240,Thinley,8
ddc_dzo_06262,Thinley,8
ddc_dzo_06242,Romeo,-1
ddc_dzo_06249,Romeo,11
ddc_dzo_06238,Romeo,11
ddc_dzo_06269,Romeo,11
ddc_dzo_06272,Romeo,11
ddc_dzo_06274,Romeo,11
ddc_dzo_06289,Romeo,11
ddc_dzo_06275,Nima,-1
ddc_dzo_06268,Dorji,12
ddc_dzo_06273,Romeo,-1
ddc_dzo_06284,Romeo,11
ddc_dzo_06288,Romeo,11
ddc_dzo_06286,Thinley,8
ddc_dzo_06287,Dorji,12
ddc_dzo_06281,Dorji,12
ddc_dzo_06277,Romeo,11
ddc_dzo_06290,Romeo,11
ddc_dzo_06282,Romeo,11
ddc_dzo_06001,Romeo,11
ddc_dzo_07320,Thinley,8
ddc_dzo_06302,Romeo,11
ddc_dzo_06311,Romeo,11
ddc_dzo_06299,Namgay,4
ddc_dzo_06297,Thinley,8
ddc_dzo_06296,Romeo,11
ddc_dzo_06315,Romeo,11
ddc_dzo_06321,Romeo,11
ddc_dzo_06306,Thinley,8
ddc_dzo_06319,Romeo,11
ddc_dzo_06308,Romeo,11
ddc_dzo_06307,Romeo,11
ddc_dzo_06320,Romeo,11
ddc_dzo_06317,Romeo,11
ddc_dzo_06318,Romeo,11
ddc_dzo_06322,Romeo,11
ddc_dzo_06314,Romeo,11
ddc_dzo_06340,Romeo,11
ddc_dzo_00546,Romeo,11
ddc_dzo_06335,Romeo,11
ddc_dzo_06338,Romeo,11
ddc_dzo_06349,Romeo,11
ddc_dzo_06331,Romeo,11
ddc_dzo_06337,Romeo,11
ddc_dzo_06350,Romeo,11
ddc_dzo_06339,Romeo,11
ddc_dzo_06343,Romeo,11
ddc_dzo_06334,Romeo,11
ddc_dzo_06333,Romeo,11
ddc_dzo_06326,Romeo,11
ddc_dzo_06325,Romeo,11
ddc_dzo_06332,Romeo,11
ddc_dzo_06347,Romeo,11
ddc_dzo_06354,Romeo,11
ddc_dzo_02584,Romeo,11
ddc_dzo_06374,Romeo,11
ddc_dzo_06380,Romeo,11
ddc_dzo_06367,Romeo,11
ddc_dzo_06370,Romeo,11
ddc_dzo_06369,Romeo,11
ddc_dzo_06362,Romeo,11
ddc_dzo_06377,Thinley,8
ddc_dzo_06376,Nima,6
ddc_dzo_06360,Romeo,11
ddc_dzo_06353,Romeo,11
ddc_dzo_06359,Romeo,11
ddc_dzo_06385,Romeo,11
ddc_dzo_06409,Namgay,4
ddc_dzo_01032,Namgay,4
ddc_dzo_06383,Thinley,8
ddc_dzo_06391,Thinley,8
ddc_dzo_06404,Romeo,11
ddc_dzo_06390,Thinley,8
ddc_dzo_06401,Thinley,8
ddc_dzo_06382,Romeo,11
ddc_dzo_06402,Romeo,11
ddc_dzo_06403,Dorji,12
ddc_dzo_06405,Dorji,12
ddc_dzo_06394,Romeo,11
ddc_dzo_06407,Romeo,11
ddc_dzo_06397,Romeo,11
ddc_dzo_04754,Namgay,4
ddc_dzo_06433,Romeo,11
ddc_dzo_06412,Romeo,11
ddc_dzo_06416,Romeo,11
ddc_dzo_06438,Romeo,11
ddc_dzo_06430,Romeo,11
ddc_dzo_06440,Romeo,11
ddc_dzo_06415,Dorji,12
ddc_dzo_06413,Romeo,11
ddc_dzo_06432,Romeo,11
ddc_dzo_06426,Thinley,8
ddc_dzo_06437,Thinley,8
ddc_dzo_06424,Romeo,11
ddc_dzo_06434,Romeo,11
ddc_dzo_06452,Romeo,11
ddc_dzo_06465,Romeo,11
ddc_dzo_06460,Romeo,11
ddc_dzo_02307,Romeo,11
ddc_dzo_06450,Romeo,11
ddc_dzo_06457,Romeo,11
ddc_dzo_06468,Romeo,11
ddc_dzo_06463,Thinley,8
ddc_dzo_06466,Dorji,12
ddc_dzo_06451,Romeo,11
ddc_dzo_06446,Romeo,11
ddc_dzo_06464,Romeo,11
ddc_dzo_06445,Namgay,7
ddc_dzo_06461,Thinley,8
ddc_dzo_06447,Romeo,11
ddc_dzo_06458,Romeo,11
ddc_dzo_06454,Romeo,11
ddc_dzo_06476,Romeo,11
ddc_dzo_06491,Romeo,11
ddc_dzo_06482,Romeo,11
ddc_dzo_06497,Romeo,11
ddc_dzo_06494,Romeo,11
ddc_dzo_06481,Thinley,8
ddc_dzo_06487,Romeo,11
ddc_dzo_06490,Romeo,11
ddc_dzo_06474,Dorji,12
ddc_dzo_06475,Thinley,8
ddc_dzo_06492,Thinley,8
ddc_dzo_06493,Romeo,11
ddc_dzo_06472,Thinley,8
ddc_dzo_06478,Romeo,11
ddc_dzo_06470,Romeo,11
ddc_dzo_06517,Romeo,11
ddc_dzo_09000,Romeo,11
ddc_dzo_06519,Romeo,11
ddc_dzo_06515,Romeo,11
ddc_dzo_06524,Romeo,11
ddc_dzo_06516,Dorji,12
ddc_dzo_06512,Romeo,11
ddc_dzo_06514,Thinley,8
ddc_dzo_06499,Thinley,8
ddc_dzo_06501,Romeo,11
ddc_dzo_06500,Romeo,11
ddc_dzo_06521,Romeo,11
ddc_dzo_06503,Romeo,11
ddc_dzo_05680,Romeo,11
ddc_dzo_06528,Romeo,11
ddc_dzo_06549,Romeo,-1
ddc_dzo_06548,Romeo,11
ddc_dzo_06547,Thinley,8
ddc_dzo_06532,Thinley,8
ddc_dzo_06536,Romeo,11
ddc_dzo_06527,Dorji,12
ddc_dzo_06544,Namgay,0
ddc_dzo_06545,Thinley,8
ddc_dzo_06550,Thinley,8
ddc_dzo_06537,Yigzin,9
ddc_dzo_03685,Romeo,11
ddc_dzo_04018,Romeo,11
ddc_dzo_06564,Thinley,8
ddc_dzo_06563,Romeo,-1
ddc_dzo_06558,Romeo,11
ddc_dzo_06566,Romeo,11
ddc_dzo_06562,Romeo,11
ddc_dzo_06576,Thinley,8
ddc_dzo_06556,Romeo,11
ddc_dzo_06575,Romeo,11
ddc_dzo_06569,Romeo,11
ddc_dzo_05194,Romeo,11
ddc_dzo_06591,Romeo,11
ddc_dzo_06587,Romeo,11
ddc_dzo_06605,Dorji,12
ddc_dzo_06592,Thinley,8
ddc_dzo_06589,Thinley,8
ddc_dzo_06606,Romeo,11
ddc_dzo_06607,Romeo,-1
ddc_dzo_06586,Dorji,12
ddc_dzo_06585,Nima,5
ddc_dzo_06608,Thinley,8
ddc_dzo_06598,Romeo,11
ddc_dzo_00018,Romeo,11
ddc_dzo_06610,Romeo,11
ddc_dzo_06612,Romeo,11
ddc_dzo_06618,Romeo,11
ddc_dzo_06629,Thinley,8
ddc_dzo_06620,Romeo,11
ddc_dzo_06622,Thinley,8
ddc_dzo_06634,Thinley,8
ddc_dzo_06627,Romeo,11
ddc_dzo_06613,Dorji,12
ddc_dzo_06619,Thinley,8
ddc_dzo_06617,Romeo,11
ddc_dzo_06621,Thinley,8
ddc_dzo_06624,Romeo,11
ddc_dzo_06625,Romeo,11
ddc_dzo_02914,Romeo,11
ddc_dzo_01328,Romeo,11
ddc_dzo_06652,Romeo,11
ddc_dzo_06650,Romeo,11
ddc_dzo_06643,Romeo,11
ddc_dzo_06642,Thinley,8
ddc_dzo_06663,Romeo,11
ddc_dzo_06651,Romeo,11
ddc_dzo_06658,Romeo,11
ddc_dzo_06654,Romeo,11
ddc_dzo_06656,Romeo,11
ddc_dzo_06641,Romeo,11
ddc_dzo_06646,Romeo,11
ddc_dzo_06648,Romeo,11
ddc_dzo_06644,Romeo,11
ddc_dzo_03290,Romeo,11
ddc_dzo_05033,Romeo,-1
ddc_dzo_06670,Thinley,8
ddc_dzo_06676,Romeo,11
ddc_dzo_06686,Romeo,11
ddc_dzo_06679,Thinley,8
ddc_dzo_06682,Dorji,12
ddc_dzo_06681,Namgay,4
ddc_dzo_06691,Dorji,12
ddc_dzo_06680,Dorji,12
ddc_dzo_06685,Dorji,12
ddc_dzo_06688,Romeo,11
ddc_dzo_06690,Thinley,8
ddc_dzo_07212,Romeo,11
ddc_dzo_01456,Romeo,11
ddc_dzo_06700,Romeo,11
ddc_dzo_06694,Romeo,11
ddc_dzo_06698,Romeo,11
ddc_dzo_06708,Romeo,11
ddc_dzo_06717,Romeo,11
ddc_dzo_06701,Romeo,11
ddc_dzo_06716,Romeo,11
ddc_dzo_06695,Romeo,11
ddc_dzo_06696,Thinley,8
ddc_dzo_06707,Dorji,12
ddc_dzo_06703,Romeo,11
ddc_dzo_06702,Thinley,8
ddc_dzo_06705,Romeo,11
ddc_dzo_06693,Romeo,11
ddc_dzo_04847,Romeo,11
ddc_dzo_06740,Romeo,11
ddc_dzo_06724,Romeo,11
ddc_dzo_06733,Romeo,11
ddc_dzo_06728,Romeo,11
ddc_dzo_06731,Thinley,8
ddc_dzo_06725,Romeo,11
ddc_dzo_06739,Dorji,12
ddc_dzo_06736,Dorji,12
ddc_dzo_06745,Thinley,8
ddc_dzo_06744,Thinley,8
ddc_dzo_06742,Thinley,8
ddc_dzo_06719,Romeo,11
ddc_dzo_03850,Dorji,12
ddc_dzo_06760,Romeo,11
ddc_dzo_04055,Romeo,11
ddc_dzo_06758,Romeo,11
ddc_dzo_06751,Romeo,11
ddc_dzo_06749,Romeo,11
ddc_dzo_06761,Romeo,11
ddc_dzo_06747,Romeo,11
ddc_dzo_06763,Namgay,4
ddc_dzo_06772,Dorji,12
ddc_dzo_06769,Dorji,12
ddc_dzo_06748,Romeo,11
ddc_dzo_06756,Namgay,3
ddc_dzo_06750,Romeo,11
ddc_dzo_06754,Romeo,11
ddc_dzo_06759,Romeo,11
ddc_dzo_04363,Romeo,11
ddc_dzo_06784,Romeo,11
ddc_dzo_06780,Romeo,11
ddc_dzo_06778,Romeo,11
ddc_dzo_06797,Thinley,8
ddc_dzo_06781,Romeo,11
ddc_dzo_06783,Romeo,11
ddc_dzo_06795,Romeo,11
ddc_dzo_06800,Romeo,11
ddc_dzo_06776,Romeo,11
ddc_dzo_06796,Nima,6
ddc_dzo_06790,Thinley,8
ddc_dzo_06791,Romeo,11
ddc_dzo_06788,Thinley,8
ddc_dzo_09169,Romeo,11
ddc_dzo_06813,Romeo,11
ddc_dzo_06807,Romeo,11
ddc_dzo_06808,Romeo,11
ddc_dzo_06809,Dorji,-1
ddc_dzo_06820,Romeo,11
ddc_dzo_06814,Dorji,12
ddc_dzo_06812,Romeo,11
ddc_dzo_06819,Thinley,8
ddc_dzo_06824,Dorji,12
ddc_dzo_06817,Thinley,8
ddc_dzo_06804,Romeo,11
ddc_dzo_06815,Romeo,11
ddc_dzo_06840,Romeo,11
ddc_dzo_06831,Romeo,11
ddc_dzo_08429,Romeo,-1
ddc_dzo_06829,Romeo,11
ddc_dzo_06849,Romeo,11
ddc_dzo_06828,Romeo,11
ddc_dzo_06842,Romeo,11
ddc_dzo_06841,Romeo,11
ddc_dzo_06851,Romeo,11
ddc_dzo_06830,Thinley,8
ddc_dzo_07318,Thinley,8
ddc_dzo_06853,Romeo,11
ddc_dzo_06847,Romeo,11
ddc_dzo_06874,Romeo,11
ddc_dzo_06859,Romeo,11
ddc_dzo_06870,Romeo,11
ddc_dzo_06875,Romeo,11
ddc_dzo_06871,Romeo,11
ddc_dzo_06867,Romeo,11
ddc_dzo_06877,Namgay,4
ddc_dzo_06865,Dorji,12
ddc_dzo_06861,Dorji,12
ddc_dzo_05907,Romeo,11
ddc_dzo_07321,Dorji,12
ddc_dzo_06860,Thinley,8
ddc_dzo_06880,Dorji,12
ddc_dzo_06872,Dorji,12
ddc_dzo_06879,Romeo,11
ddc_dzo_04810,Romeo,11
ddc_dzo_06899,Thinley,8
ddc_dzo_06908,Romeo,-1
ddc_dzo_06898,Namgay,-1
ddc_dzo_06909,Romeo,11
ddc_dzo_06896,Romeo,11
ddc_dzo_06891,Thinley,8
ddc_dzo_06906,Romeo,11
ddc_dzo_06893,Romeo,11
ddc_dzo_06885,Thinley,8
ddc_dzo_06894,Romeo,11
ddc_dzo_06902,Romeo,11
ddc_dzo_06892,Romeo,11
ddc_dzo_06915,Romeo,11
ddc_dzo_06923,Romeo,11
ddc_dzo_06917,Romeo,11
ddc_dzo_06927,Romeo,11
ddc_dzo_06931,Romeo,11
ddc_dzo_03066,Romeo,-1
ddc_dzo_06929,Namgay,4
ddc_dzo_06934,Dorji,12
ddc_dzo_06913,Romeo,11
ddc_dzo_06936,Thinley,8
ddc_dzo_06911,Romeo,11
ddc_dzo_08159,Namgay,-1
ddc_dzo_06945,Romeo,11
ddc_dzo_02092,Romeo,11
ddc_dzo_06942,Romeo,11
ddc_dzo_06947,Romeo,11
ddc_dzo_06964,Dorji,12
ddc_dzo_06952,Romeo,-1
ddc_dzo_06946,Romeo,11
ddc_dzo_06960,Romeo,11
ddc_dzo_06956,Romeo,11
ddc_dzo_06949,Thinley,8
ddc_dzo_06938,Dorji,12
ddc_dzo_06953,Thinley,8
ddc_dzo_01865,Romeo,11
ddc_dzo_06991,Romeo,11
ddc_dzo_06986,Romeo,11
ddc_dzo_06990,Romeo,11
ddc_dzo_06969,Romeo,11
ddc_dzo_06965,Namgay,2
ddc_dzo_06974,Romeo,11
ddc_dzo_06975,Romeo,11
ddc_dzo_06970,Thinley,8
ddc_dzo_06979,Dorji,12
ddc_dzo_06987,Romeo,11
ddc_dzo_06983,Romeo,11
ddc_dzo_05054,Romeo,11
ddc_dzo_06995,Romeo,11
ddc_dzo_07007,Romeo,11
ddc_dzo_07003,Romeo,11
ddc_dzo_07016,Romeo,11
ddc_dzo_07010,Romeo,11
ddc_dzo_07017,Romeo,11
ddc_dzo_06993,Romeo,11
ddc_dzo_07012,Dorji,12
ddc_dzo_06998,Romeo,11
ddc_dzo_07009,Romeo,11
ddc_dzo_06992,Romeo,11
ddc_dzo_07004,Romeo,11
ddc_dzo_07040,Romeo,11
ddc_dzo_01945,Romeo,11
ddc_dzo_09330,Romeo,11
ddc_dzo_07021,Romeo,11
ddc_dzo_07034,Romeo,11
ddc_dzo_07038,Thinley,8
ddc_dzo_07026,Romeo,11
ddc_dzo_07035,Dorji,12
ddc_dzo_07045,Dorji,12
ddc_dzo_07025,Romeo,11
ddc_dzo_07041,Namgay,10
ddc_dzo_07044,Dorji,12
ddc_dzo_07027,Romeo,11
ddc_dzo_04211,Romeo,11
ddc_dzo_07069,Romeo,11
ddc_dzo_07073,Romeo,11
ddc_dzo_07066,Romeo,11
ddc_dzo_07078,Romeo,11
ddc_dzo_07072,Thinley,8
ddc_dzo_07070,Romeo,11
ddc_dzo_07053,Romeo,11
ddc_dzo_07061,Romeo,11
ddc_dzo_07064,Romeo,11
ddc_dzo_07076,Romeo,11
ddc_dzo_07071,Dorji,12
ddc_dzo_07075,Romeo,11
ddc_dzo_07063,Romeo,11
ddc_dzo_07089,Romeo,-1
ddc_dzo_07087,Romeo,11
ddc_dzo_07080,Romeo,11
ddc_dzo_07084,Thinley,8
ddc_dzo_07105,Namgay,0
ddc_dzo_07100,Dorji,12
ddc_dzo_07107,Thinley,8
ddc_dzo_07083,Thinley,8
ddc_dzo_07095,Dorji,12
ddc_dzo_07090,Dorji,12
ddc_dzo_07082,Romeo,11
ddc_dzo_07099,Romeo,11
ddc_dzo_07127,Romeo,11
ddc_dzo_07132,Romeo,11
ddc_dzo_07137,Romeo,11
ddc_dzo_07114,Romeo,11
ddc_dzo_07129,Dorji,-1
ddc_dzo_07128,Dorji,12
ddc_dzo_07123,Dorji,12
ddc_dzo_07121,Romeo,11
ddc_dzo_07126,Romeo,11
ddc_dzo_07118,Romeo,11
ddc_dzo_07115,Dorji,12
ddc_dzo_07113,Romeo,11
ddc_dzo_07119,Romeo,11
ddc_dzo_07130,Romeo,11
ddc_dzo_07133,Romeo,11
ddc_dzo_07136,Romeo,11
ddc_dzo_07158,Thinley,-1
ddc_dzo_07157,Romeo,11
ddc_dzo_07160,Romeo,-1
ddc_dzo_07156,Romeo,11
ddc_dzo_07148,Romeo,11
ddc_dzo_07140,Romeo,11
ddc_dzo_07151,Dorji,12
ddc_dzo_07164,Romeo,-1
ddc_dzo_07159,Dorji,12
ddc_dzo_07161,Romeo,11
ddc_dzo_07146,Thinley,8
ddc_dzo_07163,Dorji,12
ddc_dzo_07141,Romeo,11
ddc_dzo_07150,Romeo,11
ddc_dzo_07171,Romeo,11
ddc_dzo_07184,Romeo,11
ddc_dzo_07198,Romeo,11
ddc_dzo_07186,Romeo,11
ddc_dzo_07207,Romeo,11
ddc_dzo_07197,Romeo,11
ddc_dzo_07204,Namgay,4
ddc_dzo_07203,Dorji,12
ddc_dzo_07188,Romeo,11
ddc_dzo_07176,Thinley,8
ddc_dzo_07191,Namgay,4
ddc_dzo_07190,Thinley,8
ddc_dzo_07185,Thinley,8
ddc_dzo_07177,Dorji,12
ddc_dzo_07205,Romeo,11
ddc_dzo_07178,Romeo,11
ddc_dzo_07208,Romeo,11
ddc_dzo_07224,Romeo,11
ddc_dzo_07217,Romeo,11
ddc_dzo_07239,Romeo,11
ddc_dzo_07248,Namgay,4
ddc_dzo_07223,Thinley,8
ddc_dzo_07246,Romeo,11
ddc_dzo_07233,Dorji,12
ddc_dzo_07230,Romeo,11
ddc_dzo_07234,Romeo,11
ddc_dzo_07249,Romeo,11
ddc_dzo_07242,Romeo,11
ddc_dzo_07247,Romeo,11
ddc_dzo_07261,Dorji,12
ddc_dzo_07270,Romeo,11
ddc_dzo_07279,Namgay,4
ddc_dzo_07273,Thinley,8
ddc_dzo_07278,Romeo,11
ddc_dzo_07256,Dorji,12
ddc_dzo_07267,Romeo,11
ddc_dzo_07280,Thinley,8
ddc_dzo_07265,Romeo,11
ddc_dzo_07262,Romeo,11
ddc_dzo_07251,Romeo,11
ddc_dzo_07275,Romeo,11
ddc_dzo_07268,Thinley,8
ddc_dzo_07255,Nima,-1
ddc_dzo_07263,Romeo,11
ddc_dzo_07254,Romeo,11
ddc_dzo_07277,Romeo,11
ddc_dzo_07294,Romeo,11
ddc_dzo_05406,Thinley,8
ddc_dzo_07306,Romeo,11
ddc_dzo_07287,Romeo,11
ddc_dzo_07291,Romeo,11
ddc_dzo_07286,Romeo,11
ddc_dzo_07301,Romeo,11
ddc_dzo_07303,Thinley,8
ddc_dzo_07298,Romeo,11
ddc_dzo_07314,Namgay,4
ddc_dzo_07289,Romeo,11
ddc_dzo_07304,Thinley,8
ddc_dzo_07292,Thinley,8
ddc_dzo_07308,Romeo,11
ddc_dzo_07296,Romeo,11
ddc_dzo_07309,Romeo,11
ddc_dzo_07302,Romeo,11
ddc_dzo_07355,Dorji,12
ddc_dzo_07339,Romeo,11
ddc_dzo_07329,Romeo,11
ddc_dzo_07344,Romeo,11
ddc_dzo_07352,Romeo,11
ddc_dzo_07338,Thinley,-1
ddc_dzo_07337,Namgay,4
ddc_dzo_07670,Dorji,12
ddc_dzo_07346,Romeo,11
ddc_dzo_07348,Romeo,11
ddc_dzo_07328,Romeo,11
ddc_dzo_07333,Romeo,11
ddc_dzo_07322,Romeo,11
ddc_dzo_07349,Dorji,12
ddc_dzo_07343,Thinley,8
ddc_dzo_07351,Romeo,11
ddc_dzo_07385,Romeo,11
ddc_dzo_07383,Romeo,11
ddc_dzo_07378,Romeo,11
ddc_dzo_03394,Romeo,11
ddc_dzo_07389,Thinley,8
ddc_dzo_07361,Thinley,-1
ddc_dzo_07359,Romeo,11
ddc_dzo_07363,Romeo,11
ddc_dzo_07379,Romeo,11
ddc_dzo_07368,Thinley,8
ddc_dzo_07373,Thinley,8
ddc_dzo_07358,Romeo,11
ddc_dzo_07360,Romeo,11
ddc_dzo_00688,Romeo,11
ddc_dzo_07414,Romeo,11
ddc_dzo_07420,Romeo,11
ddc_dzo_07422,Romeo,11
ddc_dzo_07417,Romeo,11
ddc_dzo_07424,Romeo,11
ddc_dzo_07405,Romeo,11
ddc_dzo_07403,Romeo,11
ddc_dzo_07411,Romeo,11
ddc_dzo_07404,Romeo,11
ddc_dzo_07392,Dorji,12
ddc_dzo_07390,Dorji,12
ddc_dzo_07415,Romeo,11
ddc_dzo_07421,Romeo,11
ddc_dzo_07419,Romeo,11
ddc_dzo_07408,Romeo,11
ddc_dzo_07410,Romeo,11
ddc_dzo_08825,Romeo,11
ddc_dzo_07427,Romeo,11
ddc_dzo_07447,Romeo,11
ddc_dzo_07453,Dorji,12
ddc_dzo_07436,Dorji,12
ddc_dzo_07448,Dorji,12
ddc_dzo_07432,Romeo,11
ddc_dzo_07437,Romeo,-1
ddc_dzo_07449,Romeo,11
ddc_dzo_07446,Romeo,11
ddc_dzo_07457,Romeo,11
ddc_dzo_07435,Romeo,11
ddc_dzo_07425,Romeo,11
ddc_dzo_07426,Romeo,11
ddc_dzo_07428,Romeo,11
ddc_dzo_07450,Romeo,11
ddc_dzo_07485,Romeo,11
ddc_dzo_07488,Romeo,11
ddc_dzo_07470,Romeo,11
ddc_dzo_07472,Romeo,11
ddc_dzo_07480,Romeo,11
ddc_dzo_07479,Dorji,12
ddc_dzo_07476,Romeo,11
ddc_dzo_07477,Romeo,11
ddc_dzo_07474,Romeo,11
ddc_dzo_07487,Romeo,11
ddc_dzo_07465,Romeo,-1
ddc_dzo_07462,Romeo,11
ddc_dzo_07473,Romeo,11
ddc_dzo_07484,Romeo,11
ddc_dzo_07478,Romeo,11
ddc_dzo_07469,Romeo,11
ddc_dzo_02541,Romeo,11
ddc_dzo_07523,Romeo,11
ddc_dzo_07528,Thinley,8
ddc_dzo_07520,Romeo,11
ddc_dzo_07499,Romeo,11
ddc_dzo_07507,Romeo,11
ddc_dzo_07496,Romeo,11
ddc_dzo_07521,Romeo,11
ddc_dzo_07502,Romeo,-1
ddc_dzo_07514,Romeo,11
ddc_dzo_07515,Thinley,8
ddc_dzo_07501,Dorji,12
ddc_dzo_07519,Thinley,8
ddc_dzo_07495,Thinley,8
ddc_dzo_07503,Thinley,8
ddc_dzo_07504,Romeo,11
ddc_dzo_07517,Romeo,-1
ddc_dzo_07556,Romeo,11
ddc_dzo_07551,Romeo,11
ddc_dzo_07561,Romeo,11
ddc_dzo_07539,Romeo,11
ddc_dzo_07559,Romeo,11
ddc_dzo_07544,Romeo,11
ddc_dzo_07552,Romeo,-1
ddc_dzo_07540,Romeo,11
ddc_dzo_05677,Thinley,8
ddc_dzo_07530,Thinley,8
ddc_dzo_07545,Romeo,11
ddc_dzo_07535,Romeo,11
ddc_dzo_07538,Romeo,11
ddc_dzo_07537,Romeo,-1
ddc_dzo_07534,Romeo,11
ddc_dzo_09272,Romeo,11
ddc_dzo_07579,Romeo,11
ddc_dzo_07587,Romeo,11
ddc_dzo_07567,Dorji,12
ddc_dzo_07583,Romeo,-1
ddc_dzo_07565,Yigzin,9
ddc_dzo_07595,Romeo,11
ddc_dzo_07580,Romeo,11
ddc_dzo_07572,Romeo,11
ddc_dzo_07570,Romeo,11
ddc_dzo_07581,Romeo,11
ddc_dzo_07585,Romeo,11
ddc_dzo_07569,Thinley,8
ddc_dzo_07582,Romeo,11
ddc_dzo_07566,Romeo,11
ddc_dzo_09733,Romeo,11
ddc_dzo_07611,Romeo,11
ddc_dzo_07614,Romeo,11
ddc_dzo_07606,Romeo,-1
ddc_dzo_07599,Romeo,11
ddc_dzo_07613,Romeo,11
ddc_dzo_07600,Dorji,12
ddc_dzo_07604,Romeo,11
ddc_dzo_07631,Romeo,11
ddc_dzo_07601,Dorji,12
ddc_dzo_07626,Thinley,8
ddc_dzo_07610,Romeo,11
ddc_dzo_07608,Romeo,11
ddc_dzo_07612,Romeo,11
ddc_dzo_07615,Romeo,11
ddc_dzo_07669,Romeo,11
ddc_dzo_07661,Romeo,11
ddc_dzo_07650,Romeo,11
ddc_dzo_07653,Romeo,11
ddc_dzo_07655,Romeo,11
ddc_dzo_07658,Thinley,8
ddc_dzo_07665,Romeo,11
ddc_dzo_07666,Thinley,8
ddc_dzo_07664,Romeo,11
ddc_dzo_07649,Romeo,11
ddc_dzo_07647,Romeo,11
ddc_dzo_07637,Thinley,8
ddc_dzo_07656,Thinley,8
ddc_dzo_07643,Yigzin,9
ddc_dzo_07651,Romeo,11
ddc_dzo_07642,Romeo,11
ddc_dzo_07668,Thinley,8
ddc_dzo_07634,Romeo,11
ddc_dzo_07700,Romeo,11
ddc_dzo_07686,Romeo,11
ddc_dzo_07671,Romeo,11
ddc_dzo_07699,Romeo,11
ddc_dzo_07703,Romeo,11
ddc_dzo_07673,Romeo,11
ddc_dzo_07682,Romeo,11
ddc_dzo_07701,Romeo,11
ddc_dzo_07677,Romeo,11
ddc_dzo_07690,Namgay,4
ddc_dzo_07674,Romeo,11
ddc_dzo_07681,Thinley,8
ddc_dzo_07685,Romeo,11
ddc_dzo_07721,Dorji,-1
ddc_dzo_06398,Romeo,11
ddc_dzo_07707,Romeo,11
ddc_dzo_07736,Romeo,11
ddc_dzo_07737,Romeo,11
ddc_dzo_07717,Dorji,12
ddc_dzo_07739,Namgay,0
ddc_dzo_07714,Thinley,8
ddc_dzo_07709,Romeo,11
ddc_dzo_07720,Dorji,12
ddc_dzo_07719,Dorji,12
ddc_dzo_07706,Romeo,11
ddc_dzo_07724,Romeo,11
ddc_dzo_07723,Romeo,-1
ddc_dzo_07735,Romeo,11
ddc_dzo_07759,Romeo,11
ddc_dzo_07756,Romeo,11
ddc_dzo_07763,Romeo,11
ddc_dzo_07749,Romeo,11
ddc_dzo_07771,Romeo,11
ddc_dzo_06647,Romeo,11
ddc_dzo_07752,Romeo,11
ddc_dzo_07773,Thinley,8
ddc_dzo_07770,Romeo,11
ddc_dzo_07757,Dorji,12
ddc_dzo_07753,Thinley,8
ddc_dzo_07755,Thinley,8
ddc_dzo_07748,Dorji,12
ddc_dzo_07768,Romeo,11
ddc_dzo_07745,Romeo,11
ddc_dzo_07743,Romeo,11
ddc_dzo_07777,Romeo,11
ddc_dzo_07790,Romeo,11
ddc_dzo_07805,Thinley,8
ddc_dzo_07793,Romeo,11
ddc_dzo_07774,Romeo,11
ddc_dzo_07782,Thinley,8
ddc_dzo_07784,Thinley,8
ddc_dzo_07786,Romeo,11
ddc_dzo_07798,Namgay,4
ddc_dzo_07795,Romeo,11
ddc_dzo_07778,Romeo,11
ddc_dzo_07804,Thinley,8
ddc_dzo_07800,Romeo,11
ddc_dzo_07792,Thinley,8
ddc_dzo_07783,Thinley,8
ddc_dzo_07806,Thinley,8
ddc_dzo_07803,Romeo,11
ddc_dzo_07817,Romeo,11
ddc_dzo_00256,Romeo,11
ddc_dzo_07813,Romeo,11
ddc_dzo_07814,Romeo,11
ddc_dzo_07836,Romeo,11
ddc_dzo_07828,Romeo,11
ddc_dzo_07835,Namgay,0
ddc_dzo_07830,Romeo,11
ddc_dzo_07831,Romeo,11
ddc_dzo_07821,Thinley,8
ddc_dzo_07825,Dorji,12
ddc_dzo_07824,Nima,-1
ddc_dzo_07833,Thinley,8
ddc_dzo_07818,Romeo,-1
ddc_dzo_07809,Romeo,11
ddc_dzo_07839,Romeo,11
ddc_dzo_07810,Romeo,11
ddc_dzo_07859,Romeo,11
ddc_dzo_07880,Romeo,11
ddc_dzo_07871,Romeo,11
ddc_dzo_07877,Romeo,11
ddc_dzo_07866,Romeo,11
ddc_dzo_07862,Romeo,11
ddc_dzo_07849,Romeo,11
ddc_dzo_07863,Romeo,11
ddc_dzo_07864,Thinley,8
ddc_dzo_07872,Romeo,11
ddc_dzo_07857,Dorji,12
ddc_dzo_07870,Romeo,11
ddc_dzo_07873,Romeo,11
ddc_dzo_07846,Namgay,3
ddc_dzo_07858,Romeo,11
ddc_dzo_07869,Romeo,11
ddc_dzo_00724,Romeo,11
ddc_dzo_07890,Romeo,11
ddc_dzo_07894,Romeo,-1
ddc_dzo_07882,Namgay,4
ddc_dzo_07888,Romeo,11
ddc_dzo_07886,Romeo,11
ddc_dzo_07883,Thinley,8
ddc_dzo_07896,Dorji,12
ddc_dzo_07900,Romeo,11
ddc_dzo_07892,Romeo,11
ddc_dzo_07898,Romeo,11
ddc_dzo_07908,Nima,5
ddc_dzo_07884,Thinley,8
ddc_dzo_07893,Dorji,12
ddc_dzo_07906,Thinley,8
ddc_dzo_07910,Romeo,11
ddc_dzo_07902,Romeo,11
ddc_dzo_07901,Romeo,11
ddc_dzo_07370,Romeo,11
ddc_dzo_07936,Romeo,11
ddc_dzo_07938,Thinley,8
ddc_dzo_07941,Namgay,2
ddc_dzo_07949,Dorji,12
ddc_dzo_07916,Romeo,11
ddc_dzo_07945,Romeo,11
ddc_dzo_07931,Thinley,8
ddc_dzo_07943,Thinley,8
ddc_dzo_07918,Thinley,8
ddc_dzo_07981,Romeo,11
ddc_dzo_07956,Romeo,11
ddc_dzo_09923,Romeo,11
ddc_dzo_07952,Romeo,11
ddc_dzo_07970,Romeo,11
ddc_dzo_07982,Romeo,11
ddc_dzo_07960,Romeo,-1
ddc_dzo_07959,Romeo,-1
ddc_dzo_07966,Romeo,11
ddc_dzo_07965,Romeo,11
ddc_dzo_07961,Dorji,12
ddc_dzo_07973,Romeo,11
ddc_dzo_07974,Romeo,11
ddc_dzo_07957,Dorji,12
ddc_dzo_07958,Romeo,11
ddc_dzo_07978,Romeo,11
ddc_dzo_07980,Romeo,11
ddc_dzo_07977,Romeo,11
ddc_dzo_07999,Romeo,11
ddc_dzo_07992,Dorji,12
ddc_dzo_02552,Romeo,11
ddc_dzo_08013,Romeo,11
ddc_dzo_08006,Romeo,11
ddc_dzo_07987,Romeo,11
ddc_dzo_08018,Romeo,11
ddc_dzo_08016,Dorji,12
ddc_dzo_08010,Romeo,11
ddc_dzo_08002,Romeo,11
ddc_dzo_07989,Romeo,11
ddc_dzo_08008,Romeo,11
ddc_dzo_07996,Romeo,11
ddc_dzo_08011,Romeo,11
ddc_dzo_08014,Romeo,11
ddc_dzo_08004,Romeo,11
ddc_dzo_07991,Romeo,11
ddc_dzo_08040,Dorji,12
ddc_dzo_07459,Romeo,11
ddc_dzo_08025,Romeo,11
ddc_dzo_08047,Dorji,12
ddc_dzo_08026,Romeo,11
ddc_dzo_08037,Romeo,11
ddc_dzo_08024,Thinley,8
ddc_dzo_08053,Thinley,8
ddc_dzo_08022,Romeo,11
ddc_dzo_08031,Romeo,11
ddc_dzo_08029,Romeo,11
ddc_dzo_08032,Romeo,11
ddc_dzo_08041,Dorji,12
ddc_dzo_08021,Romeo,11
ddc_dzo_08050,Romeo,11
ddc_dzo_08034,Romeo,11
ddc_dzo_08045,Romeo,11
ddc_dzo_08046,Romeo,11
ddc_dzo_08028,Romeo,11
ddc_dzo_08000,Romeo,11
ddc_dzo_01144,Romeo,11
ddc_dzo_08061,Romeo,11
ddc_dzo_08088,Romeo,11
ddc_dzo_08058,Romeo,11
ddc_dzo_08075,Thinley,8
ddc_dzo_08056,Romeo,11
ddc_dzo_08080,Namgay,4
ddc_dzo_08085,Romeo,11
ddc_dzo_08077,Romeo,11
ddc_dzo_08084,Romeo,11
ddc_dzo_08086,Romeo,11
ddc_dzo_08065,Romeo,11
ddc_dzo_08087,Namgay,-1
ddc_dzo_08060,Romeo,11
ddc_dzo_08079,Thinley,8
ddc_dzo_08066,Romeo,11
ddc_dzo_08072,Romeo,11
ddc_dzo_08089,Romeo,11
ddc_dzo_08093,Romeo,11
ddc_dzo_01102,Romeo,11
ddc_dzo_08106,Romeo,11
ddc_dzo_08116,Romeo,11
ddc_dzo_08109,Thinley,8
ddc_dzo_08120,Thinley,8
ddc_dzo_08098,Thinley,8
ddc_dzo_08108,Romeo,11
ddc_dzo_08123,Romeo,11
ddc_dzo_08105,Romeo,11
ddc_dzo_08110,Romeo,11
ddc_dzo_08115,Romeo,11
ddc_dzo_08100,Dorji,12
ddc_dzo_08112,Romeo,11
ddc_dzo_08200,Romeo,11
ddc_dzo_08101,Romeo,11
ddc_dzo_08138,Romeo,11
ddc_dzo_09871,Romeo,11
ddc_dzo_08155,Romeo,11
ddc_dzo_08149,Romeo,11
ddc_dzo_08150,Romeo,11
ddc_dzo_08145,Thinley,8
ddc_dzo_08129,Romeo,11
ddc_dzo_08158,Namgay,4
ddc_dzo_08148,Namgay,4
ddc_dzo_08140,Romeo,11
ddc_dzo_08139,Thinley,8
ddc_dzo_08128,Thinley,8
ddc_dzo_08125,Thinley,8
ddc_dzo_08160,Dorji,12
ddc_dzo_08142,Romeo,11
ddc_dzo_08153,Romeo,-1
ddc_dzo_08135,Romeo,11
ddc_dzo_08143,Romeo,-1
ddc_dzo_08180,Romeo,11
ddc_dzo_08190,Romeo,11
ddc_dzo_08197,Romeo,11
ddc_dzo_08185,Romeo,11
ddc_dzo_08177,Romeo,-1
ddc_dzo_08199,Romeo,11
ddc_dzo_08181,Romeo,11
ddc_dzo_08167,Romeo,11
ddc_dzo_08164,Romeo,11
ddc_dzo_08194,Romeo,11
ddc_dzo_08188,Romeo,11
ddc_dzo_08192,Romeo,11
ddc_dzo_08163,Romeo,11
ddc_dzo_08165,Romeo,11
ddc_dzo_09285,Thinley,8
ddc_dzo_08182,Romeo,11
ddc_dzo_08175,Romeo,-1
ddc_dzo_08179,Romeo,11
ddc_dzo_08202,Romeo,11
ddc_dzo_05268,Romeo,11
ddc_dzo_08208,Romeo,11
ddc_dzo_08203,Romeo,11
ddc_dzo_08220,Romeo,-1
ddc_dzo_08221,Romeo,-1
ddc_dzo_08240,Namgay,7
ddc_dzo_08218,Thinley,8
ddc_dzo_08229,Namgay,1
ddc_dzo_08227,Romeo,11
ddc_dzo_08234,Nima,6
ddc_dzo_08224,Romeo,11
ddc_dzo_08213,Thinley,8
ddc_dzo_08238,Thinley,8
ddc_dzo_08222,Dorji,-1
ddc_dzo_08233,Romeo,11
ddc_dzo_08241,Romeo,11
ddc_dzo_08276,Romeo,11
ddc_dzo_08267,Romeo,11
ddc_dzo_08278,Romeo,-1
ddc_dzo_08243,Romeo,-1
ddc_dzo_08279,Romeo,11
ddc_dzo_08256,Romeo,11
ddc_dzo_08248,Romeo,11
ddc_dzo_08255,Namgay,4
ddc_dzo_08251,Romeo,11
ddc_dzo_08247,Thinley,8
ddc_dzo_08260,Romeo,11
ddc_dzo_08262,Romeo,11
ddc_dzo_08257,Romeo,-1
ddc_dzo_08258,Thinley,8
ddc_dzo_08270,Dorji,12
ddc_dzo_08259,Dorji,12
ddc_dzo_08252,Thinley,8
ddc_dzo_08271,Romeo,11
ddc_dzo_08273,Romeo,11
ddc_dzo_08281,Romeo,11
ddc_dzo_08311,Romeo,11
ddc_dzo_08295,Romeo,-1
ddc_dzo_08310,Romeo,11
ddc_dzo_08308,Romeo,11
ddc_dzo_08289,Romeo,11
ddc_dzo_08313,Romeo,11
ddc_dzo_08283,Romeo,11
ddc_dzo_08291,Romeo,11
ddc_dzo_08290,Romeo,11
ddc_dzo_08284,Romeo,11
ddc_dzo_08303,Romeo,11
ddc_dzo_08301,Romeo,11
ddc_dzo_08294,Thinley,8
ddc_dzo_08315,Dorji,12
ddc_dzo_08309,Romeo,11
ddc_dzo_08292,Romeo,11
ddc_dzo_08300,Romeo,11
ddc_dzo_08345,Romeo,11
ddc_dzo_08351,Romeo,11
ddc_dzo_08325,Romeo,11
ddc_dzo_08320,Romeo,11
ddc_dzo_08352,Thinley,8
ddc_dzo_09621,Thinley,8
ddc_dzo_08343,Romeo,11
ddc_dzo_08336,Romeo,11
ddc_dzo_08319,Romeo,11
ddc_dzo_08344,Thinley,8
ddc_dzo_08338,Romeo,11
ddc_dzo_08333,Romeo,11
ddc_dzo_08339,Thinley,8
ddc_dzo_08316,Romeo,11
ddc_dzo_08329,Romeo,11
ddc_dzo_02835,Romeo,11
ddc_dzo_08372,Romeo,11
ddc_dzo_08390,Romeo,11
ddc_dzo_08377,Romeo,11
ddc_dzo_08358,Romeo,11
ddc_dzo_08371,Romeo,11
ddc_dzo_08363,Romeo,11
ddc_dzo_08355,Romeo,11
ddc_dzo_08365,Romeo,11
ddc_dzo_08391,Thinley,8
ddc_dzo_08385,Romeo,11
ddc_dzo_08387,Romeo,11
ddc_dzo_08380,Namgay,-1
ddc_dzo_08376,Thinley,-1
ddc_dzo_08370,Dorji,12
ddc_dzo_08389,Romeo,11
ddc_dzo_08388,Romeo,11
ddc_dzo_08383,Romeo,11
ddc_dzo_08374,Romeo,11
ddc_dzo_08417,Romeo,11
ddc_dzo_08413,Romeo,11
ddc_dzo_08430,Romeo,11
ddc_dzo_08428,Romeo,11
ddc_dzo_08402,Romeo,11
ddc_dzo_08408,Romeo,11
ddc_dzo_08409,Romeo,-1
ddc_dzo_08424,Romeo,11
ddc_dzo_08414,Dorji,12
ddc_dzo_08420,Thinley,8
ddc_dzo_08395,Romeo,11
ddc_dzo_08425,Romeo,-1
ddc_dzo_08396,Thinley,8
ddc_dzo_08406,Thinley,8
ddc_dzo_08392,Romeo,11
ddc_dzo_08426,Romeo,11
ddc_dzo_08394,Romeo,11
ddc_dzo_08393,Romeo,11
ddc_dzo_08412,Romeo,11
ddc_dzo_08461,Romeo,-1
ddc_dzo_03636,Romeo,11
ddc_dzo_08452,Romeo,11
ddc_dzo_08438,Romeo,11
ddc_dzo_08435,Romeo,11
ddc_dzo_08437,Romeo,11
ddc_dzo_08447,Romeo,11
ddc_dzo_08449,Romeo,11
ddc_dzo_08441,Thinley,8
ddc_dzo_08443,Romeo,11
ddc_dzo_08440,Thinley,8
ddc_dzo_08433,Romeo,-1
ddc_dzo_08448,Romeo,11
ddc_dzo_08460,Romeo,11
ddc_dzo_08450,Romeo,11
ddc_dzo_08497,Romeo,-1
ddc_dzo_08484,Dorji,12
ddc_dzo_08501,Romeo,11
ddc_dzo_08482,Thinley,8
ddc_dzo_08500,Dorji,12
ddc_dzo_08476,Dorji,12
ddc_dzo_08489,Dorji,12
ddc_dzo_08494,Dorji,12
ddc_dzo_08503,Romeo,11
ddc_dzo_08496,Romeo,11
ddc_dzo_08480,Nima,-1
ddc_dzo_08479,Romeo,11
ddc_dzo_08474,Romeo,11
ddc_dzo_08473,Romeo,11
ddc_dzo_08524,Romeo,11
ddc_dzo_08527,Romeo,11
ddc_dzo_08538,Romeo,11
ddc_dzo_08523,Thinley,8
ddc_dzo_08530,Romeo,11
ddc_dzo_08534,Thinley,8
ddc_dzo_08540,Romeo,11
ddc_dzo_08518,Romeo,11
ddc_dzo_08514,Romeo,11
ddc_dzo_08535,Dorji,12
ddc_dzo_08537,Thinley,8
ddc_dzo_08512,Romeo,11
ddc_dzo_08545,Romeo,11
ddc_dzo_08542,Romeo,11
ddc_dzo_08536,Thinley,8
ddc_dzo_08539,Romeo,11
ddc_dzo_08557,Romeo,11
ddc_dzo_08549,Romeo,11
ddc_dzo_08566,Romeo,11
ddc_dzo_03151,Romeo,11
ddc_dzo_08577,Romeo,11
ddc_dzo_08551,Romeo,11
ddc_dzo_08567,Romeo,11
ddc_dzo_08578,Thinley,-1
ddc_dzo_08560,Romeo,11
ddc_dzo_08582,Romeo,11
ddc_dzo_08583,Romeo,11
ddc_dzo_08575,Romeo,11
ddc_dzo_08570,Romeo,11
ddc_dzo_08547,Romeo,11
ddc_dzo_08569,Romeo,11
ddc_dzo_08576,Romeo,11
ddc_dzo_08581,Romeo,11
ddc_dzo_08550,Romeo,11
ddc_dzo_08614,Romeo,11
ddc_dzo_08618,Romeo,-1
ddc_dzo_08595,Thinley,8
ddc_dzo_08586,Romeo,-1
ddc_dzo_08607,Romeo,11
ddc_dzo_08599,Romeo,11
ddc_dzo_08604,Dorji,12
ddc_dzo_08590,Romeo,11
ddc_dzo_08623,Romeo,11
ddc_dzo_08615,Namgay,4
ddc_dzo_08606,Thinley,8
ddc_dzo_08611,Romeo,11
ddc_dzo_08588,Romeo,11
ddc_dzo_08585,Thinley,8
ddc_dzo_08610,Romeo,11
ddc_dzo_08662,Romeo,11
ddc_dzo_08647,Romeo,11
ddc_dzo_07718,Thinley,8
ddc_dzo_08626,Romeo,11
ddc_dzo_08653,Romeo,11
ddc_dzo_08641,Romeo,11
ddc_dzo_08638,Namgay,4
ddc_dzo_08633,Thinley,8
ddc_dzo_08652,Romeo,11
ddc_dzo_08649,Romeo,11
ddc_dzo_08657,Dorji,12
ddc_dzo_08634,Romeo,11
ddc_dzo_08627,Romeo,11
ddc_dzo_08650,Romeo,11
ddc_dzo_08663,Romeo,-1
ddc_dzo_08659,Dorji,-1
ddc_dzo_08646,Thinley,8
ddc_dzo_08636,Romeo,11
ddc_dzo_00614,Romeo,11
ddc_dzo_08680,Romeo,11
ddc_dzo_08679,Romeo,11
ddc_dzo_08677,Romeo,11
ddc_dzo_08682,Romeo,11
ddc_dzo_08664,Romeo,11
ddc_dzo_08684,Thinley,8
ddc_dzo_08678,Dorji,12
ddc_dzo_08686,Dorji,12
ddc_dzo_08672,Romeo,11
ddc_dzo_08670,Dorji,12
ddc_dzo_08668,Romeo,11
ddc_dzo_08675,Romeo,11
ddc_dzo_08666,Romeo,11
ddc_dzo_08692,Romeo,11
ddc_dzo_08667,Romeo,11
ddc_dzo_08734,Romeo,11
ddc_dzo_08727,Romeo,11
ddc_dzo_08726,Romeo,11
ddc_dzo_04703,Romeo,-1
ddc_dzo_08709,Romeo,11
ddc_dzo_08729,Romeo,11
ddc_dzo_08741,Romeo,11
ddc_dzo_08716,Romeo,11
ddc_dzo_08704,Romeo,11
ddc_dzo_08725,Romeo,11
ddc_dzo_08736,Romeo,11
ddc_dzo_08735,Romeo,11
ddc_dzo_08732,Thinley,8
ddc_dzo_08720,Romeo,-1
ddc_dzo_08740,Romeo,11
ddc_dzo_08719,Romeo,11
ddc_dzo_08717,Romeo,11
ddc_dzo_08730,Romeo,11
ddc_dzo_08760,Romeo,11
ddc_dzo_08766,Romeo,11
ddc_dzo_08752,Romeo,11
ddc_dzo_08776,Romeo,11
ddc_dzo_08764,Thinley,8
ddc_dzo_08744,Romeo,11
ddc_dzo_08743,Romeo,-1
ddc_dzo_08761,Romeo,11
ddc_dzo_08768,Romeo,11
ddc_dzo_08759,Dorji,12
ddc_dzo_08748,Romeo,-1
ddc_dzo_08780,Thinley,8
ddc_dzo_08749,Thinley,8
ddc_dzo_08769,Romeo,11
ddc_dzo_08746,Romeo,11
ddc_dzo_08818,Romeo,11
ddc_dzo_08802,Romeo,-1
ddc_dzo_08781,Romeo,11
ddc_dzo_08793,Romeo,11
ddc_dzo_08806,Namgay,-1
ddc_dzo_08814,Thinley,8
ddc_dzo_08790,Romeo,11
ddc_dzo_08819,Romeo,11
ddc_dzo_08815,Romeo,11
ddc_dzo_08789,Romeo,11
ddc_dzo_08798,Romeo,11
ddc_dzo_08803,Romeo,11
ddc_dzo_08817,Romeo,11
ddc_dzo_08811,Romeo,11
ddc_dzo_08857,Romeo,11
ddc_dzo_08829,Romeo,11
ddc_dzo_08839,Thinley,8
ddc_dzo_08823,Romeo,11
ddc_dzo_08827,Romeo,11
ddc_dzo_08838,Romeo,11
ddc_dzo_08840,Dorji,12
ddc_dzo_08834,Dorji,12
ddc_dzo_08836,Romeo,11
ddc_dzo_08847,Romeo,11
ddc_dzo_08843,Romeo,11
ddc_dzo_08851,Thinley,8
ddc_dzo_08841,Thinley,8
ddc_dzo_08845,Romeo,11
ddc_dzo_08835,Romeo,11
ddc_dzo_08855,Romeo,11
ddc_dzo_08873,Romeo,11
ddc_dzo_08883,Romeo,11
ddc_dzo_06667,Romeo,11
ddc_dzo_08866,Romeo,11
ddc_dzo_08894,Romeo,11
ddc_dzo_08892,Romeo,11
ddc_dzo_08863,Romeo,11
ddc_dzo_08895,Romeo,11
ddc_dzo_08861,Dorji,12
ddc_dzo_08874,Romeo,11
ddc_dzo_08884,Thinley,8
ddc_dzo_08860,Romeo,11
ddc_dzo_08893,Namgay,4
ddc_dzo_08890,Romeo,11
ddc_dzo_08880,Romeo,11
ddc_dzo_08868,Romeo,11
ddc_dzo_08901,Dorji,12
ddc_dzo_08359,Romeo,11
ddc_dzo_08917,Romeo,11
ddc_dzo_08902,Romeo,11
ddc_dzo_08907,Romeo,11
ddc_dzo_08910,Thinley,8
ddc_dzo_08906,Namgay,4
ddc_dzo_08921,Romeo,11
ddc_dzo_08936,Namgay,7
ddc_dzo_08927,Romeo,11
ddc_dzo_08925,Romeo,11
ddc_dzo_08908,Dorji,-1
ddc_dzo_08931,Romeo,11
ddc_dzo_08903,Romeo,11
ddc_dzo_08929,Romeo,11
ddc_dzo_08922,Romeo,11
ddc_dzo_08938,Romeo,11
ddc_dzo_03110,Romeo,11
ddc_dzo_08977,Romeo,11
ddc_dzo_08943,Romeo,11
ddc_dzo_08942,Romeo,-1
ddc_dzo_08951,Romeo,11
ddc_dzo_08973,Romeo,11
ddc_dzo_08963,Thinley,-1
ddc_dzo_08959,Romeo,11
ddc_dzo_08939,Thinley,8
ddc_dzo_08947,Romeo,11
ddc_dzo_08970,Romeo,11
ddc_dzo_08956,Romeo,11
ddc_dzo_08976,Romeo,11
ddc_dzo_08972,Romeo,11
ddc_dzo_08944,Romeo,11
ddc_dzo_08950,Romeo,11
ddc_dzo_08957,Romeo,-1
ddc_dzo_08982,Romeo,11
ddc_dzo_08990,Romeo,11
ddc_dzo_08998,Romeo,-1
ddc_dzo_09004,Romeo,11
ddc_dzo_08980,Romeo,11
ddc_dzo_08997,Thinley,8
ddc_dzo_08996,Romeo,11
ddc_dzo_08985,Romeo,11
ddc_dzo_09010,Romeo,-1
ddc_dzo_09006,Dorji,12
ddc_dzo_09009,Romeo,-1
ddc_dzo_09005,Romeo,11
ddc_dzo_09012,Romeo,11
ddc_dzo_09015,Romeo,11
ddc_dzo_09002,Dorji,12
ddc_dzo_08979,Romeo,-1
ddc_dzo_09001,Romeo,11
ddc_dzo_09377,Romeo,11
ddc_dzo_09025,Thinley,8
ddc_dzo_09046,Romeo,11
ddc_dzo_09034,Romeo,-1
ddc_dzo_09017,Romeo,11
ddc_dzo_09026,Romeo,-1
ddc_dzo_09038,Dorji,12
ddc_dzo_09021,Dorji,12
ddc_dzo_09043,Thinley,8
ddc_dzo_09029,Romeo,11
ddc_dzo_09045,Nima,-1
ddc_dzo_09037,Romeo,11
ddc_dzo_09055,Thinley,8
ddc_dzo_09042,Romeo,11
ddc_dzo_09031,Romeo,11
ddc_dzo_09022,Romeo,-1
ddc_dzo_09032,Romeo,11
ddc_dzo_05885,Romeo,11
ddc_dzo_09094,Romeo,11
ddc_dzo_09062,Romeo,11
ddc_dzo_09071,Romeo,11
ddc_dzo_09080,Romeo,11
ddc_dzo_09067,Romeo,11
ddc_dzo_09087,Romeo,11
ddc_dzo_09091,Romeo,11
ddc_dzo_09085,Thinley,8
ddc_dzo_09058,Romeo,11
ddc_dzo_09063,Romeo,11
ddc_dzo_09074,Romeo,11
ddc_dzo_09081,Dorji,12
ddc_dzo_09066,Romeo,11
ddc_dzo_09088,Romeo,11
ddc_dzo_09078,Romeo,11
ddc_dzo_09095,Romeo,11
ddc_dzo_09069,Romeo,11
ddc_dzo_09112,Romeo,11
ddc_dzo_01687,Romeo,11
ddc_dzo_02057,Romeo,11
ddc_dzo_09100,Romeo,11
ddc_dzo_09111,Romeo,11
ddc_dzo_09096,Romeo,11
ddc_dzo_09116,Namgay,4
ddc_dzo_09113,Thinley,8
ddc_dzo_09126,Romeo,11
ddc_dzo_09115,Thinley,8
ddc_dzo_09097,Romeo,11
ddc_dzo_09105,Thinley,8
ddc_dzo_09102,Romeo,11
ddc_dzo_09117,Namgay,-1
ddc_dzo_09110,Thinley,8
ddc_dzo_09109,Romeo,11
ddc_dzo_09106,Romeo,11
ddc_dzo_09118,Romeo,11
ddc_dzo_09099,Romeo,11
ddc_dzo_09155,Romeo,11
ddc_dzo_09151,Dorji,12
ddc_dzo_09134,Romeo,11
ddc_dzo_09145,Thinley,8
ddc_dzo_09161,Romeo,11
ddc_dzo_09168,Namgay,4
ddc_dzo_09157,Romeo,-1
ddc_dzo_09160,Thinley,8
ddc_dzo_09135,Romeo,11
ddc_dzo_09138,Romeo,11
ddc_dzo_09148,Romeo,11
ddc_dzo_09147,Thinley,8
ddc_dzo_09167,Thinley,8
ddc_dzo_09171,Dorji,12
ddc_dzo_09158,Romeo,11
ddc_dzo_09136,Romeo,11
ddc_dzo_09156,Yigzin,-1
ddc_dzo_09139,Romeo,11
ddc_dzo_09206,Dorji,12
ddc_dzo_09181,Romeo,11
ddc_dzo_09175,Dorji,12
ddc_dzo_09183,Romeo,11
ddc_dzo_09176,Thinley,8
ddc_dzo_09197,Romeo,11
ddc_dzo_09188,Romeo,11
ddc_dzo_09196,Dorji,12
ddc_dzo_09202,Dorji,-1
ddc_dzo_09191,Romeo,11
ddc_dzo_09195,Romeo,11
ddc_dzo_09194,Romeo,11
ddc_dzo_09187,Romeo,11
ddc_dzo_09203,Thinley,8
ddc_dzo_09189,Romeo,11
ddc_dzo_09208,Dorji,12
ddc_dzo_09174,Romeo,11
ddc_dzo_09199,Romeo,11
ddc_dzo_09201,Romeo,11
ddc_dzo_09236,Romeo,11
ddc_dzo_06122,Romeo,11
ddc_dzo_09210,Romeo,11
ddc_dzo_09225,Romeo,11
ddc_dzo_09229,Romeo,-1
ddc_dzo_09223,Thinley,8
ddc_dzo_09220,Thinley,8
ddc_dzo_09235,Thinley,8
ddc_dzo_09239,Thinley,8
ddc_dzo_09215,Thinley,8
ddc_dzo_09230,Romeo,11
ddc_dzo_09224,Romeo,11
ddc_dzo_09213,Romeo,11
ddc_dzo_09243,Romeo,11
ddc_dzo_09280,Romeo,-1
ddc_dzo_03613,Romeo,11
ddc_dzo_09259,Romeo,11
ddc_dzo_09266,Romeo,11
ddc_dzo_09249,Namgay,-1
ddc_dzo_09268,Romeo,-1
ddc_dzo_09264,Dorji,12
ddc_dzo_09258,Romeo,11
ddc_dzo_09262,Romeo,11
ddc_dzo_09263,Romeo,11
ddc_dzo_09255,Romeo,11
ddc_dzo_09250,Dorji,12
ddc_dzo_09274,Nima,6
ddc_dzo_09286,Romeo,11
ddc_dzo_09294,Romeo,11
ddc_dzo_09304,Romeo,11
ddc_dzo_09283,Romeo,11
ddc_dzo_09293,Romeo,11
ddc_dzo_09321,Namgay,4
ddc_dzo_09317,Romeo,11
ddc_dzo_09311,Romeo,11
ddc_dzo_09291,Romeo,11
ddc_dzo_09319,Namgay,4
ddc_dzo_09297,Romeo,11
ddc_dzo_09310,Romeo,11
ddc_dzo_09302,Romeo,11
ddc_dzo_09320,Romeo,11
ddc_dzo_09313,Thinley,8
ddc_dzo_09289,Dorji,12
ddc_dzo_09309,Dorji,12
ddc_dzo_09300,Dorji,12
ddc_dzo_09318,Romeo,11
ddc_dzo_09345,Romeo,11
ddc_dzo_09343,Romeo,11
ddc_dzo_09352,Romeo,11
ddc_dzo_09338,Romeo,11
ddc_dzo_07192,Dorji,12
ddc_dzo_09328,Romeo,11
ddc_dzo_09332,Romeo,11
ddc_dzo_09355,Romeo,11
ddc_dzo_09349,Romeo,11
ddc_dzo_09342,Thinley,8
ddc_dzo_09329,Romeo,11
ddc_dzo_09339,Namgay,4
ddc_dzo_09354,Namgay,1
ddc_dzo_09353,Dorji,12
ddc_dzo_09335,Thinley,8
ddc_dzo_09327,Romeo,11
ddc_dzo_09348,Thinley,8
ddc_dzo_09362,Dorji,12
ddc_dzo_09361,Romeo,11
ddc_dzo_09372,Namgay,4
ddc_dzo_09371,Romeo,11
ddc_dzo_09364,Romeo,11
ddc_dzo_09368,Romeo,11
ddc_dzo_09360,Thinley,8
ddc_dzo_09385,Namgay,2
ddc_dzo_09365,Romeo,11
ddc_dzo_09383,Romeo,11
ddc_dzo_09376,Romeo,11
ddc_dzo_09384,Romeo,11
ddc_dzo_09393,Dorji,-1
ddc_dzo_09390,Thinley,8
ddc_dzo_09375,Dorji,12
ddc_dzo_09381,Dorji,12
ddc_dzo_09394,Romeo,11
ddc_dzo_09373,Thinley,8
ddc_dzo_09417,Dorji,12
ddc_dzo_08030,Romeo,11
ddc_dzo_09404,Thinley,8
ddc_dzo_09405,Romeo,11
ddc_dzo_09402,Romeo,11
ddc_dzo_09435,Romeo,11
ddc_dzo_09410,Dorji,12
ddc_dzo_09429,Namgay,0
ddc_dzo_09398,Thinley,8
ddc_dzo_09407,Romeo,-1
ddc_dzo_09400,Dorji,12
ddc_dzo_09427,Dorji,12
ddc_dzo_09403,Thinley,8
ddc_dzo_09425,Romeo,11
ddc_dzo_09399,Romeo,11
ddc_dzo_01507,Romeo,-1
ddc_dzo_09460,Romeo,-1
ddc_dzo_09467,Romeo,-1
ddc_dzo_09465,Namgay,4
ddc_dzo_09469,Namgay,4
ddc_dzo_09451,Romeo,11
ddc_dzo_09444,Romeo,11
ddc_dzo_09474,Thinley,8
ddc_dzo_09470,Romeo,11
ddc_dzo_09445,Romeo,11
ddc_dzo_09448,Romeo,11
ddc_dzo_09466,Romeo,11
ddc_dzo_09457,Romeo,11
ddc_dzo_09477,Thinley,8
ddc_dzo_09471,Dorji,12
ddc_dzo_09472,Romeo,11
ddc_dzo_09442,Romeo,11
ddc_dzo_09500,Romeo,11
ddc_dzo_09485,Romeo,11
ddc_dzo_09499,Romeo,11
ddc_dzo_09480,Romeo,11
ddc_dzo_09484,Romeo,11
ddc_dzo_09491,Dorji,12
ddc_dzo_09492,Romeo,-1
ddc_dzo_09511,Thinley,8
ddc_dzo_09504,Romeo,11
ddc_dzo_09486,Thinley,8
ddc_dzo_09503,Thinley,8
ddc_dzo_09509,Romeo,11
ddc_dzo_09495,Thinley,8
ddc_dzo_09487,Thinley,8
ddc_dzo_09489,Thinley,8
ddc_dzo_09493,Romeo,11
ddc_dzo_09510,Romeo,11
ddc_dzo_09532,Thinley,8
ddc_dzo_09533,Romeo,11
ddc_dzo_09526,Romeo,11
ddc_dzo_09518,Namgay,4
ddc_dzo_09549,Romeo,11
ddc_dzo_09544,Thinley,8
ddc_dzo_09519,Thinley,8
ddc_dzo_09539,Namgay,0
ddc_dzo_09517,Romeo,-1
ddc_dzo_09542,Thinley,8
ddc_dzo_09551,Romeo,11
ddc_dzo_09525,Romeo,11
ddc_dzo_09522,Dorji,12
ddc_dzo_09543,Romeo,11
ddc_dzo_09537,Romeo,11
ddc_dzo_09527,Dorji,12
ddc_dzo_09547,Namgay,2
ddc_dzo_09550,Dorji,12
ddc_dzo_09538,Romeo,11
ddc_dzo_09529,Romeo,11
ddc_dzo_09593,Dorji,12
ddc_dzo_02909,Romeo,11
ddc_dzo_09572,Romeo,11
ddc_dzo_09595,Romeo,11
ddc_dzo_09582,Romeo,11
ddc_dzo_09575,Romeo,11
ddc_dzo_09580,Thinley,8
ddc_dzo_09561,Thinley,8
ddc_dzo_09564,Romeo,11
ddc_dzo_09571,Romeo,11
ddc_dzo_09560,Romeo,11
ddc_dzo_09583,Romeo,11
ddc_dzo_09568,Thinley,8
ddc_dzo_09557,Dorji,12
ddc_dzo_09581,Thinley,8
ddc_dzo_09563,Romeo,11
ddc_dzo_09588,Romeo,11
ddc_dzo_09577,Romeo,11
ddc_dzo_09630,Romeo,-1
ddc_dzo_09623,Thinley,8
ddc_dzo_09605,Romeo,11
ddc_dzo_09633,Romeo,11
ddc_dzo_09626,Romeo,11
ddc_dzo_09618,Romeo,11
ddc_dzo_09629,Thinley,8
ddc_dzo_09597,Romeo,11
ddc_dzo_09634,Dorji,12
ddc_dzo_09598,Romeo,11
ddc_dzo_09601,Romeo,11
ddc_dzo_09622,Romeo,11
ddc_dzo_09614,Thinley,-1
ddc_dzo_09627,Namgay,-1
ddc_dzo_09619,Thinley,8
ddc_dzo_09643,Romeo,11
ddc_dzo_09674,Thinley,8
ddc_dzo_09675,Romeo,11
ddc_dzo_09658,Romeo,11
ddc_dzo_09641,Romeo,11
ddc_dzo_09654,Romeo,11
ddc_dzo_09653,Namgay,-1
ddc_dzo_09666,Romeo,11
ddc_dzo_09661,Romeo,11
ddc_dzo_09671,Romeo,11
ddc_dzo_09646,Thinley,8
ddc_dzo_09647,Romeo,11
ddc_dzo_09670,Dorji,12
ddc_dzo_09636,Dorji,12
ddc_dzo_09665,Thinley,8
ddc_dzo_09639,Romeo,11
ddc_dzo_09645,Thinley,8
ddc_dzo_09664,Romeo,11
ddc_dzo_09677,Romeo,11
ddc_dzo_09686,Romeo,11
ddc_dzo_09695,Romeo,11
ddc_dzo_09706,Romeo,11
ddc_dzo_09704,Namgay,4
ddc_dzo_09709,Romeo,11
ddc_dzo_09712,Thinley,8
ddc_dzo_09707,Romeo,11
ddc_dzo_09696,Namgay,4
ddc_dzo_09701,Romeo,11
ddc_dzo_09680,Romeo,11
ddc_dzo_09697,Thinley,8
ddc_dzo_09688,Thinley,8
ddc_dzo_09715,Thinley,8
ddc_dzo_09739,Romeo,-1
ddc_dzo_09734,Romeo,11
ddc_dzo_04908,Thinley,8
ddc_dzo_08068,Romeo,11
ddc_dzo_09724,Romeo,11
ddc_dzo_09744,Thinley,8
ddc_dzo_09728,Romeo,-1
ddc_dzo_09751,Dorji,12
ddc_dzo_09718,Romeo,11
ddc_dzo_09750,Romeo,11
ddc_dzo_09731,Romeo,11
ddc_dzo_09725,Thinley,8
ddc_dzo_09735,Thinley,8
ddc_dzo_09745,Romeo,11
ddc_dzo_09743,Romeo,11
ddc_dzo_09732,Romeo,11
ddc_dzo_08786,Thinley,8
ddc_dzo_09754,Thinley,-1
ddc_dzo_09778,Thinley,8
ddc_dzo_09782,Romeo,-1
ddc_dzo_09781,Romeo,11
ddc_dzo_09753,Thinley,8
ddc_dzo_09775,Thinley,8
ddc_dzo_09769,Thinley,8
ddc_dzo_09791,Romeo,11
ddc_dzo_09771,Romeo,11
ddc_dzo_09762,Romeo,11
ddc_dzo_09757,Romeo,11
ddc_dzo_09772,Thinley,8
ddc_dzo_09783,Dorji,12
ddc_dzo_09779,Thinley,8
ddc_dzo_09790,Dorji,12
ddc_dzo_09830,Romeo,11
ddc_dzo_09803,Romeo,11
ddc_dzo_09823,Romeo,11
ddc_dzo_09825,Thinley,8
ddc_dzo_09805,Romeo,11
ddc_dzo_09806,Romeo,11
ddc_dzo_09801,Thinley,8
ddc_dzo_09814,Romeo,11
ddc_dzo_09810,Romeo,11
ddc_dzo_09831,Romeo,11
ddc_dzo_09827,Romeo,11
ddc_dzo_09832,Romeo,-1
ddc_dzo_09820,Thinley,-1
ddc_dzo_09813,Romeo,11
ddc_dzo_09802,Romeo,11
ddc_dzo_09800,Dorji,12
ddc_dzo_09817,Romeo,11
ddc_dzo_09799,Romeo,11
ddc_dzo_09870,Romeo,11
ddc_dzo_05502,Thinley,8
ddc_dzo_09852,Romeo,11
ddc_dzo_09840,Romeo,11
ddc_dzo_09854,Thinley,8
ddc_dzo_09834,Romeo,11
ddc_dzo_09844,Romeo,-1
ddc_dzo_09850,Dorji,12
ddc_dzo_09843,Thinley,8
ddc_dzo_09848,Romeo,11
ddc_dzo_09861,Thinley,8
ddc_dzo_09845,Romeo,11
ddc_dzo_09864,Thinley,8
ddc_dzo_09857,Thinley,8
ddc_dzo_09835,Romeo,-1
ddc_dzo_09888,Romeo,11
ddc_dzo_09904,Romeo,11
ddc_dzo_09874,Romeo,11
ddc_dzo_09900,Romeo,11
ddc_dzo_09892,Romeo,11
ddc_dzo_09878,Romeo,11
ddc_dzo_09877,Romeo,11
ddc_dzo_09909,Romeo,11
ddc_dzo_09872,Thinley,8
ddc_dzo_09898,Romeo,11
ddc_dzo_09902,Thinley,8
ddc_dzo_09899,Thinley,8
ddc_dzo_09906,Romeo,11
ddc_dzo_09895,Romeo,11
ddc_dzo_09912,Romeo,11
ddc_dzo_09941,Romeo,11
ddc_dzo_09924,Romeo,11
ddc_dzo_04153,Dorji,-1
ddc_dzo_05797,Romeo,11
ddc_dzo_09948,Romeo,11
ddc_dzo_09943,Romeo,11
ddc_dzo_09934,Romeo,11
ddc_dzo_09913,Dorji,12
ddc_dzo_09950,Romeo,11
ddc_dzo_09945,Dorji,12
ddc_dzo_09916,Romeo,11
ddc_dzo_09911,Thinley,8
ddc_dzo_09938,Thinley,8
ddc_dzo_09927,Dorji,12
ddc_dzo_09940,Dorji,12
ddc_dzo_09914,Thinley,8
ddc_dzo_09917,Romeo,11
ddc_dzo_09949,Romeo,11
ddc_dzo_09973,Romeo,11
ddc_dzo_09988,Thinley,8
ddc_dzo_09971,Romeo,11
ddc_dzo_09959,Romeo,11
ddc_dzo_09983,Namgay,4
ddc_dzo_09980,Romeo,11
ddc_dzo_09972,Romeo,11
ddc_dzo_09970,Romeo,11
ddc_dzo_09987,Thinley,8
ddc_dzo_09966,Romeo,11
ddc_dzo_09984,Thinley,8
ddc_dzo_09958,Dorji,12
ddc_dzo_09969,Namgay,-1
ddc_dzo_09962,Thinley,8
ddc_dzo_09981,Thinley,8
ddc_dzo_09978,Romeo,11
ddc_dzo_09965,Romeo,11
ddc_dzo_09997,Romeo,11
ddc_dzo_09989,Dorji,12
ddc_dzo_09993,Thinley,8
ddc_dzo_09994,Romeo,-1
ddc_dzo_00010,Romeo,11
ddc_dzo_01105,Romeo,11
ddc_dzo_08640,Romeo,11
ddc_dzo_06657,Romeo,11
ddc_dzo_05152,Romeo,11
ddc_dzo_00787,Dorji,12
ddc_dzo_00427,Romeo,11
ddc_dzo_04998,Romeo,11
ddc_dzo_00369,Romeo,11
ddc_dzo_01900,Romeo,11
ddc_dzo_06951,Romeo,11
ddc_dzo_01439,Romeo,11
ddc_dzo_07059,Romeo,11
ddc_dzo_01642,Romeo,11
ddc_dzo_00700,Romeo,11
ddc_dzo_01570,Romeo,11
ddc_dzo_03665,Thinley,8
ddc_dzo_06228,Romeo,11
ddc_dzo_06775,Romeo,11
ddc_dzo_07353,Romeo,11
ddc_dzo_05248,Dorji,12
ddc_dzo_04724,Romeo,11
ddc_dzo_04602,Romeo,11
ddc_dzo_03402,Romeo,11
ddc_dzo_03501,Romeo,11
ddc_dzo_05038,Romeo,11
ddc_dzo_04014,Romeo,11
ddc_dzo_05121,Romeo,11
ddc_dzo_00736,Romeo,11
ddc_dzo_03970,Romeo,11
ddc_dzo_02628,Romeo,11
ddc_dzo_05983,Romeo,11
ddc_dzo_09209,Romeo,11
ddc_dzo_05115,Romeo,11
ddc_dzo_02751,Romeo,11
ddc_dzo_08017,Romeo,11
ddc_dzo_04157,Thinley,8
ddc_dzo_08459,Romeo,-1
ddc_dzo_01613,Romeo,-1
ddc_dzo_00012,Romeo,11
ddc_dzo_02018,Romeo,11
ddc_dzo_09809,Romeo,11
ddc_dzo_02317,Romeo,11
ddc_dzo_03824,Romeo,11
ddc_dzo_09855,Dorji,-1
ddc_dzo_06655,Thinley,8
ddc_dzo_03720,Romeo,11
ddc_dzo_04540,Thinley,8
ddc_dzo_00374,Romeo,11
ddc_dzo_03244,Romeo,11
ddc_dzo_09648,Romeo,11
ddc_dzo_04679,Romeo,11
ddc_dzo_04127,Romeo,11
ddc_dzo_01096,Romeo,11
ddc_dzo_08117,Romeo,11
ddc_dzo_07796,Romeo,11
ddc_dzo_01067,Romeo,11
ddc_dzo_03550,Romeo,11
ddc_dzo_07852,Romeo,11
ddc_dzo_05992,Romeo,11
ddc_dzo_08920,Romeo,11
ddc_dzo_00071,Romeo,11
ddc_dzo_02716,Romeo,11
ddc_dzo_07553,Romeo,11
ddc_dzo_08307,Romeo,11
ddc_dzo_05518,Romeo,11
ddc_dzo_06540,Romeo,11
ddc_dzo_02533,Romeo,11
ddc_dzo_06198,Romeo,11
ddc_dzo_06459,Romeo,11
ddc_dzo_06978,Romeo,11
ddc_dzo_09566,Romeo,11
ddc_dzo_06157,Romeo,11
ddc_dzo_06821,Romeo,11
ddc_dzo_08265,Romeo,11
ddc_dzo_06816,Romeo,11
ddc_dzo_03732,Romeo,11
ddc_dzo_04237,Romeo,11
ddc_dzo_01137,Romeo,11
ddc_dzo_09851,Romeo,-1
ddc_dzo_02026,Romeo,11
ddc_dzo_02852,Romeo,11
ddc_dzo_04309,Romeo,11
ddc_dzo_02666,Romeo,11
ddc_dzo_04114,Romeo,11
ddc_dzo_01348,Romeo,11
ddc_dzo_05363,Romeo,11
ddc_dzo_04097,Romeo,11
ddc_dzo_08642,Romeo,11
ddc_dzo_06616,Romeo,11
ddc_dzo_06327,Romeo,11
ddc_dzo_03368,Romeo,11
ddc_dzo_06420,Romeo,11
ddc_dzo_02531,Romeo,11
ddc_dzo_01845,Romeo,11
ddc_dzo_01111,Romeo,11
ddc_dzo_05303,Romeo,11
ddc_dzo_06495,Romeo,11
ddc_dzo_03400,Romeo,11
ddc_dzo_01275,Romeo,11
ddc_dzo_07019,Romeo,11
ddc_dzo_08327,Romeo,11
ddc_dzo_02254,Romeo,11
ddc_dzo_06151,Romeo,11
ddc_dzo_08703,Dorji,12
ddc_dzo_02735,Thinley,8
ddc_dzo_00983,Romeo,11
ddc_dzo_02600,Dorji,12
ddc_dzo_03256,Romeo,11
ddc_dzo_00735,Romeo,11
ddc_dzo_01027,Romeo,11
ddc_dzo_01157,Dorji,12
ddc_dzo_03190,Romeo,11
ddc_dzo_04252,Romeo,11
ddc_dzo_06224,Romeo,11
ddc_dzo_05592,Romeo,11
ddc_dzo_06735,Romeo,11
ddc_dzo_06833,Romeo,11
ddc_dzo_02487,Romeo,11
ddc_dzo_09232,Romeo,11
ddc_dzo_09019,Romeo,11
ddc_dzo_08960,Romeo,11
ddc_dzo_01159,Romeo,11
ddc_dzo_08293,Romeo,11
ddc_dzo_02941,Romeo,11
ddc_dzo_07316,Dorji,12
ddc_dzo_06770,Thinley,8
ddc_dzo_05553,Romeo,-1
ddc_dzo_09124,Romeo,11
ddc_dzo_02211,Romeo,11
ddc_dzo_07903,Thinley,8
ddc_dzo_09915,Thinley,8
ddc_dzo_07693,Romeo,11
ddc_dzo_04614,Romeo,11
ddc_dzo_03499,Romeo,-1
ddc_dzo_09367,Thinley,8
ddc_dzo_07092,Romeo,11
ddc_dzo_08007,Romeo,11
ddc_dzo_05073,Romeo,11
ddc_dzo_08643,Romeo,11
ddc_dzo_09222,Thinley,8
ddc_dzo_04769,Romeo,11
ddc_dzo_01243,Thinley,8
ddc_dzo_01887,Romeo,11
ddc_dzo_04748,Romeo,11
ddc_dzo_00878,Romeo,11
ddc_dzo_01334,Romeo,11
ddc_dzo_04825,Romeo,11
ddc_dzo_01435,Dorji,12
ddc_dzo_02006,Romeo,11
ddc_dzo_05032,Romeo,11
ddc_dzo_08130,Romeo,11
ddc_dzo_01789,Dorji,-1
ddc_dzo_00168,Romeo,11
ddc_dzo_09092,Romeo,11
ddc_dzo_08897,Romeo,11
ddc_dzo_09351,Romeo,11
ddc_dzo_05526,Romeo,11
ddc_dzo_02472,Romeo,11
ddc_dzo_01614,Romeo,11
ddc_dzo_07497,Romeo,11
ddc_dzo_03841,Romeo,11
ddc_dzo_09296,Dorji,12
ddc_dzo_02322,Romeo,11
ddc_dzo_00615,Romeo,11
ddc_dzo_07837,Dorji,12
ddc_dzo_01962,Romeo,11
ddc_dzo_07586,Romeo,11
ddc_dzo_08896,Romeo,11
ddc_dzo_04510,Romeo,11
ddc_dzo_01531,Romeo,11
ddc_dzo_09777,Romeo,11
ddc_dzo_05301,Dorji,12
ddc_dzo_06505,Romeo,11
ddc_dzo_06597,Romeo,11
ddc_dzo_04297,Romeo,11
ddc_dzo_00110,Romeo,11
ddc_dzo_05650,Romeo,11
ddc_dzo_04035,Romeo,11
ddc_dzo_08968,Romeo,11
ddc_dzo_06623,Dorji,12
ddc_dzo_06181,Romeo,11
ddc_dzo_06764,Romeo,11
ddc_dzo_04569,Romeo,11
ddc_dzo_08239,Romeo,11
ddc_dzo_08601,Romeo,11
ddc_dzo_09422,Romeo,11
ddc_dzo_02432,Romeo,11
ddc_dzo_09114,Romeo,11
ddc_dzo_08174,Romeo,11
ddc_dzo_03078,Romeo,11
ddc_dzo_09528,Romeo,11
ddc_dzo_08302,Romeo,11
ddc_dzo_02445,Romeo,11
ddc_dzo_00850,Romeo,11
ddc_dzo_02602,Romeo,11
ddc_dzo_08204,Romeo,11
ddc_dzo_02947,Romeo,11
ddc_dzo_04604,Romeo,11
ddc_dzo_00899,Romeo,11
ddc_dzo_09279,Romeo,11
ddc_dzo_01177,Romeo,11
ddc_dzo_05412,Thinley,8
ddc_dzo_09334,Romeo,11
ddc_dzo_08168,Romeo,11
ddc_dzo_06941,Romeo,11
ddc_dzo_09083,Romeo,11
ddc_dzo_06976,Romeo,11
ddc_dzo_05814,Romeo,11
ddc_dzo_03269,Romeo,11
ddc_dzo_07285,Romeo,11
ddc_dzo_00272,Romeo,11
ddc_dzo_01909,Romeo,11
ddc_dzo_00095,Romeo,11
ddc_dzo_01762,Romeo,11
ddc_dzo_07149,Romeo,11
ddc_dzo_03135,Romeo,11
ddc_dzo_04023,Romeo,11
ddc_dzo_02535,Romeo,11
ddc_dzo_09132,Romeo,11
ddc_dzo_05823,Romeo,11
ddc_dzo_00437,Romeo,11
ddc_dzo_06143,Romeo,11
ddc_dzo_06706,Romeo,11
ddc_dzo_06864,Romeo,11
ddc_dzo_03842,Romeo,11
ddc_dzo_06058,Romeo,11
ddc_dzo_00564,Romeo,11
ddc_dzo_07617,Romeo,11
ddc_dzo_07605,Romeo,11
ddc_dzo_09975,Thinley,8
ddc_dzo_00747,Romeo,11
ddc_dzo_08495,Romeo,11
ddc_dzo_02980,Thinley,8
ddc_dzo_00441,Romeo,11
ddc_dzo_08865,Romeo,11
ddc_dzo_08552,Romeo,11
ddc_dzo_09184,Romeo,11
ddc_dzo_05215,Romeo,11
ddc_dzo_00650,Thinley,8
ddc_dzo_08969,Romeo,11
ddc_dzo_09129,Romeo,11
ddc_dzo_09822,Romeo,11
ddc_dzo_03138,Romeo,11
ddc_dzo_06479,Romeo,11
ddc_dzo_00655,Romeo,11
ddc_dzo_01508,Romeo,11
ddc_dzo_02673,Romeo,11
ddc_dzo_01174,Romeo,11
ddc_dzo_09786,Romeo,11
ddc_dzo_04774,Romeo,11
ddc_dzo_06773,Romeo,11
ddc_dzo_03252,Romeo,11
ddc_dzo_04952,Romeo,-1
ddc_dzo_03033,Dorji,-1
ddc_dzo_02110,Romeo,11
ddc_dzo_03323,Romeo,11
ddc_dzo_02273,Romeo,11
ddc_dzo_07110,Romeo,11
ddc_dzo_04259,Romeo,11
ddc_dzo_08813,Romeo,11
ddc_dzo_06364,Romeo,11
ddc_dzo_01780,Romeo,11
ddc_dzo_06765,Romeo,11
ddc_dzo_04837,Romeo,11
ddc_dzo_04447,Romeo,11
ddc_dzo_07274,Romeo,11
ddc_dzo_08699,Romeo,11
ddc_dzo_02129,Thinley,8
ddc_dzo_06441,Romeo,11
ddc_dzo_02468,Romeo,11
ddc_dzo_04310,Romeo,11
ddc_dzo_09631,Romeo,11
ddc_dzo_07438,Romeo,11
ddc_dzo_00291,Romeo,11
ddc_dzo_08632,Romeo,11
ddc_dzo_04630,Romeo,11
ddc_dzo_08733,Romeo,11
ddc_dzo_04623,Romeo,11
ddc_dzo_03117,Thinley,8
ddc_dzo_04332,Romeo,11
ddc_dzo_01109,Romeo,11
ddc_dzo_07317,Romeo,11
ddc_dzo_03047,Romeo,11
ddc_dzo_07195,Romeo,11
ddc_dzo_01892,Romeo,11
ddc_dzo_06711,Romeo,11
ddc_dzo_08774,Romeo,11
ddc_dzo_00192,Romeo,11
ddc_dzo_08949,Romeo,11
ddc_dzo_00638,Romeo,11
ddc_dzo_07732,Romeo,11
ddc_dzo_09860,Romeo,11
ddc_dzo_09516,Romeo,11
ddc_dzo_03203,Dorji,12
ddc_dzo_08477,Romeo,11
ddc_dzo_00527,Romeo,11
ddc_dzo_06324,Romeo,11
ddc_dzo_06671,Romeo,11
ddc_dzo_04102,Romeo,11
ddc_dzo_09920,Romeo,11
ddc_dzo_01672,Romeo,11
ddc_dzo_00706,Romeo,11
ddc_dzo_03887,Romeo,11
ddc_dzo_07206,Romeo,11
ddc_dzo_05691,Romeo,11
ddc_dzo_06120,Romeo,11
ddc_dzo_07413,Romeo,-1
ddc_dzo_07555,Romeo,-1
ddc_dzo_00119,Romeo,11
ddc_dzo_02891,Romeo,11
ddc_dzo_02519,Romeo,11
ddc_dzo_03100,Romeo,11
ddc_dzo_00968,Romeo,11
ddc_dzo_02976,Romeo,11
ddc_dzo_05220,Romeo,11
ddc_dzo_00193,Romeo,11
ddc_dzo_03288,Dorji,12
ddc_dzo_03829,Romeo,11
ddc_dzo_09278,Romeo,11
ddc_dzo_00866,Romeo,11
ddc_dzo_08323,Romeo,11
ddc_dzo_01553,Romeo,11
ddc_dzo_03356,Romeo,11
ddc_dzo_03090,Romeo,11
ddc_dzo_07990,Romeo,11
ddc_dzo_09075,Romeo,11
ddc_dzo_01952,Romeo,11
ddc_dzo_06177,Romeo,11
ddc_dzo_09305,Romeo,11
ddc_dzo_09419,Romeo,-1
ddc_dzo_04950,Romeo,11
ddc_dzo_02177,Dorji,12
ddc_dzo_00438,Romeo,11
ddc_dzo_01810,Romeo,11
ddc_dzo_08993,Romeo,11
ddc_dzo_09676,Romeo,11
ddc_dzo_05075,Romeo,11
ddc_dzo_02415,Romeo,11
ddc_dzo_09922,Romeo,11
ddc_dzo_09388,Dorji,12
ddc_dzo_01459,Romeo,11
ddc_dzo_08035,Romeo,11
ddc_dzo_01976,Romeo,11
ddc_dzo_08698,Romeo,-1
ddc_dzo_03042,Romeo,11
ddc_dzo_00544,Romeo,11
ddc_dzo_06323,Romeo,11
ddc_dzo_07887,Romeo,11
ddc_dzo_04988,Romeo,11
ddc_dzo_02060,Romeo,11
ddc_dzo_07235,Dorji,12
ddc_dzo_04787,Thinley,8
ddc_dzo_00843,Thinley,8
ddc_dzo_08635,Thinley,8
ddc_dzo_01080,Dorji,12
ddc_dzo_09520,Thinley,8
ddc_dzo_08113,Thinley,8
ddc_dzo_02710,Thinley,8
ddc_dzo_03462,Dorji,12
ddc_dzo_02578,Thinley,8
ddc_dzo_03944,Thinley,8
ddc_dzo_06379,Thinley,8
ddc_dzo_07334,Thinley,8
ddc_dzo_07000,Namgay,4
ddc_dzo_09244,Namgay,4
ddc_dzo_04587,Namgay,4
ddc_dzo_07387,Namgay,4
ddc_dzo_07103,Namgay,4
ddc_dzo_05370,Namgay,4
ddc_dzo_08398,Dorji,12
ddc_dzo_04850,Namgay,4
ddc_dzo_06981,Namgay,4
ddc_dzo_01057,Namgay,4
ddc_dzo_07077,Namgay,4
ddc_dzo_01572,Dorji,12
ddc_dzo_03933,Namgay,4
ddc_dzo_01388,Namgay,4
ddc_dzo_04270,Namgay,4
ddc_dzo_06659,Namgay,4
ddc_dzo_07253,Namgay,4
ddc_dzo_05099,Namgay,4
ddc_dzo_04815,Thinley,8
ddc_dzo_01342,Thinley,8
ddc_dzo_07571,Thinley,8
ddc_dzo_06009,Thinley,8
ddc_dzo_03332,Thinley,8
ddc_dzo_08186,Thinley,8
ddc_dzo_09576,Thinley,8
ddc_dzo_08573,Thinley,8
ddc_dzo_06092,Thinley,8
ddc_dzo_01300,Thinley,8
ddc_dzo_04558,Thinley,-1
ddc_dzo_09192,Thinley,8
ddc_dzo_08722,Thinley,8
ddc_dzo_05328,Thinley,8
ddc_dzo_04133,Thinley,8
ddc_dzo_00973,Thinley,8
ddc_dzo_07139,Thinley,8
ddc_dzo_01712,Thinley,8
ddc_dzo_09838,Dorji,-1
ddc_dzo_09714,Thinley,8
ddc_dzo_05713,Thinley,8
ddc_dzo_01608,Dorji,12
ddc_dzo_05765,Romeo,-1
ddc_dzo_03498,Romeo,11
ddc_dzo_04968,Romeo,11
ddc_dzo_03016,Romeo,11
ddc_dzo_07968,Romeo,11
ddc_dzo_02932,Romeo,11
ddc_dzo_08508,Romeo,11
ddc_dzo_03130,Romeo,11
ddc_dzo_08368,Romeo,11
ddc_dzo_05636,Romeo,11
ddc_dzo_03717,Romeo,11
ddc_dzo_03455,Romeo,11
ddc_dzo_00452,Romeo,11
ddc_dzo_06063,Romeo,11
ddc_dzo_00694,Romeo,11
ddc_dzo_08400,Romeo,11
ddc_dzo_09458,Romeo,11
ddc_dzo_05590,Romeo,11
ddc_dzo_05408,Romeo,11
ddc_dzo_09306,Romeo,11
ddc_dzo_07259,Romeo,11
ddc_dzo_08966,Romeo,11
ddc_dzo_07210,Romeo,11
ddc_dzo_03546,Romeo,11
ddc_dzo_02133,Romeo,11
ddc_dzo_05811,Romeo,11
ddc_dzo_04883,Romeo,11
ddc_dzo_05210,Romeo,11
ddc_dzo_05479,Romeo,11
ddc_dzo_02510,Romeo,11
ddc_dzo_01246,Romeo,11
ddc_dzo_04527,Romeo,11
ddc_dzo_08078,Romeo,11
ddc_dzo_02249,Romeo,11
ddc_dzo_03755,Romeo,11
ddc_dzo_04949,Romeo,11
ddc_dzo_08126,Romeo,11
ddc_dzo_01943,Romeo,11
ddc_dzo_06421,Romeo,11
ddc_dzo_09727,Romeo,11
ddc_dzo_05157,Romeo,11
ddc_dzo_09617,Romeo,11
ddc_dzo_04411,Romeo,11
ddc_dzo_07386,Romeo,11
ddc_dzo_09205,Romeo,11
ddc_dzo_00362,Romeo,11
ddc_dzo_04148,Romeo,11
ddc_dzo_05776,Romeo,11
ddc_dzo_01999,Romeo,11
ddc_dzo_09153,Romeo,11
ddc_dzo_03417,Romeo,11
ddc_dzo_09562,Romeo,11
ddc_dzo_04416,Romeo,11
ddc_dzo_00197,Romeo,11
ddc_dzo_04455,Romeo,11
ddc_dzo_08994,Romeo,11
ddc_dzo_09513,Romeo,11
ddc_dzo_07591,Romeo,11
ddc_dzo_02244,Romeo,11
ddc_dzo_08328,Romeo,11
ddc_dzo_04342,Romeo,11
ddc_dzo_07481,Romeo,11
ddc_dzo_07713,Romeo,11
ddc_dzo_00961,Romeo,11
ddc_dzo_07955,Romeo,11
ddc_dzo_00099,Romeo,11
ddc_dzo_05745,Romeo,11
ddc_dzo_08543,Romeo,11
ddc_dzo_06886,Romeo,11
ddc_dzo_09061,Romeo,11
ddc_dzo_00776,Romeo,11
ddc_dzo_07475,Romeo,-1
ddc_dzo_00494,Romeo,11
ddc_dzo_02305,Romeo,11
ddc_dzo_04394,Romeo,11
ddc_dzo_08353,Romeo,11
ddc_dzo_05832,Romeo,11
ddc_dzo_02091,Romeo,11
ddc_dzo_07116,Romeo,11
ddc_dzo_07597,Romeo,11
ddc_dzo_05431,Romeo,11
ddc_dzo_06328,Romeo,11
ddc_dzo_07645,Romeo,11
ddc_dzo_01661,Romeo,11
ddc_dzo_01513,Romeo,11
ddc_dzo_09740,Romeo,11
ddc_dzo_06789,Romeo,11
ddc_dzo_05193,Romeo,11
ddc_dzo_03524,Romeo,11
ddc_dzo_01812,Romeo,11
ddc_dzo_03724,Romeo,11
ddc_dzo_04777,Romeo,11
ddc_dzo_03184,Romeo,11
ddc_dzo_08872,Romeo,11
ddc_dzo_03373,Romeo,11
ddc_dzo_08783,Romeo,11
ddc_dzo_04031,Romeo,11
ddc_dzo_06590,Romeo,11
ddc_dzo_01479,Romeo,11
ddc_dzo_03932,Romeo,11
ddc_dzo_03235,Romeo,11
ddc_dzo_06611,Romeo,11
ddc_dzo_08305,Romeo,11
ddc_dzo_01197,Romeo,11
ddc_dzo_04681,Romeo,11
ddc_dzo_01167,Romeo,11
ddc_dzo_00161,Romeo,11
ddc_dzo_08556,Romeo,11
ddc_dzo_02964,Romeo,11
ddc_dzo_02781,Romeo,11
ddc_dzo_01332,Romeo,11
ddc_dzo_05264,Romeo,11
ddc_dzo_03242,Romeo,11
ddc_dzo_03674,Romeo,11
ddc_dzo_03002,Romeo,11
ddc_dzo_05710,Romeo,11
ddc_dzo_00279,Romeo,11
ddc_dzo_06462,Romeo,11
ddc_dzo_02342,Romeo,11
ddc_dzo_03530,Romeo,11
ddc_dzo_06827,Romeo,11
ddc_dzo_01646,Romeo,11
ddc_dzo_02882,Romeo,11
ddc_dzo_09918,Romeo,11
ddc_dzo_09284,Romeo,11
ddc_dzo_01272,Romeo,11
ddc_dzo_07853,Romeo,11
ddc_dzo_00721,Romeo,11
ddc_dzo_03826,Romeo,11
ddc_dzo_04371,Romeo,11
ddc_dzo_02459,Romeo,11
ddc_dzo_01755,Romeo,11
ddc_dzo_05293,Romeo,11
ddc_dzo_08246,Romeo,11
ddc_dzo_02260,Romeo,11
ddc_dzo_06395,Romeo,11
ddc_dzo_04248,Romeo,11
ddc_dzo_05915,Romeo,11
ddc_dzo_00135,Romeo,11
ddc_dzo_03133,Romeo,11
ddc_dzo_05881,Romeo,11
ddc_dzo_09125,Romeo,11
ddc_dzo_01863,Romeo,11
ddc_dzo_09963,Romeo,11
ddc_dzo_02112,Romeo,11
ddc_dzo_04697,Romeo,11
ddc_dzo_07536,Romeo,11
ddc_dzo_01910,Romeo,11
ddc_dzo_09849,Romeo,11
ddc_dzo_04085,Romeo,11
ddc_dzo_03610,Romeo,11
ddc_dzo_03098,Romeo,11
ddc_dzo_00398,Romeo,11
ddc_dzo_08948,Romeo,11
ddc_dzo_08629,Romeo,11
ddc_dzo_00938,Romeo,11
ddc_dzo_07708,Romeo,11
ddc_dzo_08096,Romeo,11
ddc_dzo_09794,Romeo,11
ddc_dzo_09473,Romeo,11
ddc_dzo_08244,Romeo,11
ddc_dzo_04467,Romeo,11
ddc_dzo_00553,Romeo,11
ddc_dzo_03214,Romeo,11
ddc_dzo_06930,Romeo,11
ddc_dzo_01518,Romeo,11
ddc_dzo_07015,Romeo,11
ddc_dzo_04136,Romeo,11
ddc_dzo_08930,Romeo,11
ddc_dzo_04004,Romeo,-1
ddc_dzo_03389,Romeo,11
ddc_dzo_07241,Romeo,11
ddc_dzo_00037,Romeo,11
ddc_dzo_08382,Romeo,11
ddc_dzo_01392,Romeo,11
ddc_dzo_08772,Romeo,11
ddc_dzo_05235,Romeo,11
ddc_dzo_01277,Romeo,11
ddc_dzo_06083,Romeo,-1
ddc_dzo_01396,Romeo,11
ddc_dzo_08978,Romeo,11
ddc_dzo_03989,Romeo,11
ddc_dzo_04110,Romeo,11
ddc_dzo_07046,Romeo,-1
ddc_dzo_00179,Romeo,11
ddc_dzo_08603,Thinley,8
ddc_dzo_08992,Romeo,11
ddc_dzo_04498,Romeo,11
ddc_dzo_01023,Romeo,11
ddc_dzo_07418,Romeo,11
ddc_dzo_04219,Romeo,11
ddc_dzo_08091,Romeo,11
ddc_dzo_03961,Romeo,11
ddc_dzo_07747,Romeo,11
ddc_dzo_09612,Romeo,11
ddc_dzo_06884,Romeo,11
ddc_dzo_08326,Romeo,11
ddc_dzo_01954,Romeo,11
ddc_dzo_06699,Romeo,11
ddc_dzo_08187,Romeo,11
ddc_dzo_00947,Romeo,11
ddc_dzo_05347,Romeo,11
ddc_dzo_08605,Romeo,11
ddc_dzo_03286,Romeo,11
ddc_dzo_03828,Romeo,11
ddc_dzo_02747,Romeo,11
ddc_dzo_04838,Romeo,11
ddc_dzo_05298,Romeo,11
ddc_dzo_04996,Romeo,11
ddc_dzo_02174,Romeo,11
ddc_dzo_01532,Romeo,11
ddc_dzo_06473,Romeo,11
ddc_dzo_08742,Romeo,11
ddc_dzo_01228,Thinley,8
ddc_dzo_08127,Romeo,-1
ddc_dzo_04640,Romeo,-1
ddc_dzo_02805,Thinley,8
ddc_dzo_05939,Romeo,11
ddc_dzo_09387,Thinley,8
ddc_dzo_07271,Romeo,11
ddc_dzo_01899,Romeo,11
ddc_dzo_05369,Thinley,8
ddc_dzo_00972,Romeo,11
ddc_dzo_04891,Romeo,11
ddc_dzo_04729,Romeo,-1
ddc_dzo_04538,Thinley,8
ddc_dzo_05466,Thinley,8
ddc_dzo_06222,Romeo,11
ddc_dzo_08541,Romeo,-1
ddc_dzo_07914,Romeo,11
ddc_dzo_00068,Romeo,11
ddc_dzo_05517,Thinley,8
ddc_dzo_05774,Romeo,11
ddc_dzo_09737,Romeo,11
ddc_dzo_00857,Romeo,11
ddc_dzo_00743,Romeo,11
ddc_dzo_02039,Thinley,8
ddc_dzo_04301,Romeo,11
ddc_dzo_03280,Romeo,11
ddc_dzo_07742,Romeo,11
ddc_dzo_06570,Thinley,8
ddc_dzo_09615,Thinley,8
ddc_dzo_04913,Romeo,11
ddc_dzo_03007,Thinley,-1
ddc_dzo_05988,Romeo,11
ddc_dzo_07575,Romeo,11
ddc_dzo_05052,Romeo,11
ddc_dzo_09323,Romeo,11
ddc_dzo_09961,Romeo,11
ddc_dzo_07506,Romeo,11
ddc_dzo_02753,Romeo,11
ddc_dzo_04808,Romeo,11
ddc_dzo_06660,Romeo,11
ddc_dzo_00525,Romeo,11
ddc_dzo_03564,Romeo,11
ddc_dzo_07801,Romeo,11
ddc_dzo_07986,Romeo,11
ddc_dzo_09315,Romeo,11
ddc_dzo_04359,Romeo,11
ddc_dzo_02683,Romeo,11
ddc_dzo_05283,Romeo,11
ddc_dzo_09796,Romeo,11
ddc_dzo_05731,Romeo,11
ddc_dzo_02561,Romeo,11
ddc_dzo_02159,Romeo,11
ddc_dzo_09689,Romeo,11
ddc_dzo_04618,Romeo,11
ddc_dzo_01028,Romeo,11
ddc_dzo_06714,Romeo,11
ddc_dzo_00617,Romeo,11
ddc_dzo_01844,Romeo,11
ddc_dzo_00823,Romeo,11
ddc_dzo_09889,Romeo,11
ddc_dzo_01795,Romeo,11
ddc_dzo_04571,Romeo,11
ddc_dzo_01119,Romeo,11
ddc_dzo_07819,Romeo,11
ddc_dzo_07684,Romeo,11
ddc_dzo_06732,Romeo,11
ddc_dzo_02396,Romeo,11
ddc_dzo_06108,Romeo,11
ddc_dzo_08340,Romeo,11
ddc_dzo_03001,Romeo,11
ddc_dzo_00786,Romeo,11
ddc_dzo_05942,Romeo,11
ddc_dzo_00352,Romeo,11
ddc_dzo_09589,Romeo,11
ddc_dzo_07440,Romeo,11
ddc_dzo_04163,Romeo,11
ddc_dzo_07687,Romeo,11
ddc_dzo_00214,Romeo,11
ddc_dzo_00322,Romeo,11
ddc_dzo_08042,Romeo,11
ddc_dzo_06850,Romeo,11
ddc_dzo_03208,Romeo,11
ddc_dzo_04876,Romeo,11
ddc_dzo_00702,Romeo,11
ddc_dzo_05487,Romeo,11
ddc_dzo_08519,Romeo,-1
ddc_dzo_08436,Romeo,11
ddc_dzo_04072,Romeo,11
ddc_dzo_08911,Romeo,11
ddc_dzo_04597,Romeo,11
ddc_dzo_04398,Romeo,11
ddc_dzo_00132,Romeo,11
ddc_dzo_07466,Romeo,11
ddc_dzo_05631,Romeo,11
ddc_dzo_01870,Romeo,11
ddc_dzo_05319,Romeo,11
ddc_dzo_00916,Romeo,11
ddc_dzo_00666,Romeo,11
ddc_dzo_03493,Romeo,11
ddc_dzo_06449,Romeo,11
ddc_dzo_00054,Romeo,11
ddc_dzo_04268,Romeo,11
ddc_dzo_02795,Romeo,11
ddc_dzo_09921,Romeo,11
ddc_dzo_00273,Romeo,11
ddc_dzo_03381,Romeo,11
ddc_dzo_07758,Thinley,8
ddc_dzo_07933,Romeo,11
ddc_dzo_00235,Romeo,11
ddc_dzo_00868,Romeo,11
ddc_dzo_07299,Romeo,11
ddc_dzo_04935,Romeo,11
ddc_dzo_03229,Romeo,11
ddc_dzo_07907,Romeo,-1
ddc_dzo_06762,Romeo,11
ddc_dzo_09833,Romeo,11
ddc_dzo_06603,Romeo,11
ddc_dzo_00482,Romeo,11
ddc_dzo_05599,Thinley,8
ddc_dzo_07101,Romeo,11
ddc_dzo_01175,Romeo,11
ddc_dzo_08427,Thinley,8
ddc_dzo_05826,Thinley,8
ddc_dzo_03834,Thinley,8
ddc_dzo_04166,Thinley,8
ddc_dzo_01402,Thinley,8
ddc_dzo_03948,Thinley,8
ddc_dzo_06378,Thinley,8
ddc_dzo_06425,Thinley,8
ddc_dzo_00948,Thinley,8
ddc_dzo_04561,Thinley,8
ddc_dzo_03719,Thinley,8
ddc_dzo_07266,Thinley,8
ddc_dzo_04192,Thinley,8
ddc_dzo_03827,Thinley,8
ddc_dzo_02449,Thinley,8
ddc_dzo_08118,Thinley,8
ddc_dzo_05127,Thinley,8
ddc_dzo_08995,Thinley,8
ddc_dzo_01329,Thinley,8
ddc_dzo_04519,Thinley,8
ddc_dzo_06966,Thinley,8
ddc_dzo_09685,Thinley,8
ddc_dzo_09606,Thinley,8
ddc_dzo_07635,Thinley,8
ddc_dzo_06439,Thinley,8
ddc_dzo_06672,Namgay,4
ddc_dzo_06082,Namgay,4
ddc_dzo_05506,Namgay,4
ddc_dzo_04360,Namgay,4
ddc_dzo_03690,Namgay,4
ddc_dzo_09041,Namgay,4
ddc_dzo_03419,Thinley,8
ddc_dzo_00635,Thinley,8
ddc_dzo_03168,Thinley,8
ddc_dzo_01978,Thinley,8
ddc_dzo_08697,Thinley,8
ddc_dzo_09298,Thinley,8
ddc_dzo_09170,Thinley,8
ddc_dzo_07509,Thinley,8
ddc_dzo_05740,Thinley,8
ddc_dzo_09507,Thinley,8
ddc_dzo_03885,Thinley,8
ddc_dzo_05427,Thinley,8
ddc_dzo_06785,Thinley,8
ddc_dzo_09887,Thinley,8
ddc_dzo_01637,Thinley,8
ddc_dzo_07412,Thinley,8
ddc_dzo_05164,Thinley,8
ddc_dzo_05253,Thinley,8
ddc_dzo_04423,Thinley,8
ddc_dzo_09270,Thinley,8
ddc_dzo_02051,Thinley,8
ddc_dzo_07326,Dorji,12
ddc_dzo_08228,Thinley,8
ddc_dzo_09770,Dorji,12
ddc_dzo_06134,Thinley,8
ddc_dzo_02658,Thinley,8
ddc_dzo_05076,Dorji,12
ddc_dzo_05472,Dorji,12
ddc_dzo_06866,Thinley,8
ddc_dzo_03123,Thinley,8
ddc_dzo_01299,Dorji,12
ddc_dzo_02893,Dorji,12
ddc_dzo_07524,Dorji,12
ddc_dzo_03014,Dorji,12
ddc_dzo_03387,Dorji,12
ddc_dzo_03984,Dorji,12
ddc_dzo_08616,Thinley,8
ddc_dzo_00935,Thinley,8
ddc_dzo_01749,Dorji,12
ddc_dzo_05804,Thinley,8
ddc_dzo_04373,Dorji,12
ddc_dzo_09437,Dorji,12
ddc_dzo_09530,Dorji,12
ddc_dzo_05867,Dorji,12
ddc_dzo_08630,Dorji,12
ddc_dzo_00394,Dorji,12
ddc_dzo_00794,Dorji,12
ddc_dzo_05623,Dorji,12
ddc_dzo_06400,Dorji,12
ddc_dzo_01787,Dorji,12
ddc_dzo_08183,Dorji,12
ddc_dzo_06766,Dorji,12
ddc_dzo_07815,Dorji,12
ddc_dzo_04713,Dorji,12
ddc_dzo_03619,Dorji,12
ddc_dzo_09748,Dorji,12
ddc_dzo_08713,Thinley,8
ddc_dzo_00996,Thinley,8
ddc_dzo_00503,Thinley,8
ddc_dzo_06720,Thinley,8
ddc_dzo_08916,Thinley,8
ddc_dzo_04845,Dorji,12
ddc_dzo_08071,Dorji,12
ddc_dzo_01918,Dorji,12
ddc_dzo_08350,Dorji,12
ddc_dzo_00556,Dorji,12
ddc_dzo_08445,Dorji,12
ddc_dzo_04803,Dorji,12
ddc_dzo_09433,Dorji,12
ddc_dzo_06496,Dorji,12
ddc_dzo_09212,Dorji,12
ddc_dzo_02925,Dorji,12
ddc_dzo_03127,Dorji,12
ddc_dzo_02357,Dorji,12
ddc_dzo_05760,Dorji,12
ddc_dzo_04985,Dorji,12
ddc_dzo_02632,Dorji,12
ddc_dzo_09152,Dorji,12
ddc_dzo_00457,Dorji,12
ddc_dzo_01363,Dorji,12
ddc_dzo_00016,Dorji,12
ddc_dzo_06943,Dorji,12
ddc_dzo_00774,Dorji,12
ddc_dzo_05550,Dorji,12
ddc_dzo_09204,Dorji,12
ddc_dzo_01282,Dorji,12
ddc_dzo_01490,Dorji,12
ddc_dzo_01422,Thinley,8
ddc_dzo_00335,Thinley,8
ddc_dzo_05977,Thinley,8
ddc_dzo_08762,Dorji,12
ddc_dzo_05202,Dorji,12
ddc_dzo_05154,Dorji,12
ddc_dzo_05357,Dorji,12
ddc_dzo_07068,Nima,-1
ddc_dzo_04441,Thinley,8
ddc_dzo_03862,Nima,-1
ddc_dzo_08571,Nima,-1
ddc_dzo_05026,Nima,5
ddc_dzo_04195,Thinley,8
ddc_dzo_02327,Nima,-1
ddc_dzo_01151,Dorji,12
ddc_dzo_08124,Thinley,8
ddc_dzo_04459,Nima,-1
ddc_dzo_05928,Nima,5
ddc_dzo_01265,Nima,5
ddc_dzo_06530,Nima,-1
ddc_dzo_04756,Nima,6
ddc_dzo_07865,Dorji,12
ddc_dzo_05799,Thinley,8
ddc_dzo_06164,Dorji,12
ddc_dzo_01231,Nima,5
ddc_dzo_03669,Thinley,8
ddc_dzo_09826,Nima,5
ddc_dzo_06265,Nima,5
ddc_dzo_09054,Nima,5
ddc_dzo_06553,Nima,5
ddc_dzo_03059,Nima,-1
ddc_dzo_04207,Nima,-1
ddc_dzo_04323,Dorji,12
ddc_dzo_05728,Dorji,12
ddc_dzo_02035,Dorji,12
ddc_dzo_07014,Thinley,8
ddc_dzo_08201,Dorji,-1
ddc_dzo_07584,Thinley,8
ddc_dzo_08411,Thinley,8
ddc_dzo_09452,Thinley,8
ddc_dzo_06316,Thinley,8
ddc_dzo_09990,Thinley,8
ddc_dzo_09650,Thinley,8
ddc_dzo_04283,Thinley,8
ddc_dzo_01535,Thinley,8
ddc_dzo_07788,Thinley,8
ddc_dzo_03785,Thinley,8
ddc_dzo_08362,Thinley,8
ddc_dzo_06962,Thinley,8
ddc_dzo_06794,Thinley,8
ddc_dzo_01651,Thinley,8
ddc_dzo_01871,Thinley,8
ddc_dzo_08491,Thinley,8
ddc_dzo_07710,Thinley,8
ddc_dzo_05067,Thinley,8
ddc_dzo_02409,Thinley,8
ddc_dzo_08015,Thinley,8
ddc_dzo_07602,Thinley,8
ddc_dzo_03798,Thinley,8
ddc_dzo_03869,Thinley,8
ddc_dzo_03955,Thinley,8
ddc_dzo_01483,Romeo,11
ddc_dzo_00202,Romeo,11
ddc_dzo_01000,Romeo,11
ddc_dzo_03038,Thinley,8
ddc_dzo_05968,Romeo,11
ddc_dzo_06897,Romeo,11
ddc_dzo_07028,Romeo,11
ddc_dzo_01085,Romeo,11
ddc_dzo_01736,Romeo,11
ddc_dzo_00793,Romeo,11
ddc_dzo_04608,Romeo,11
ddc_dzo_01362,Romeo,11
ddc_dzo_00316,Romeo,11
ddc_dzo_02922,Romeo,11
ddc_dzo_02075,Romeo,11
ddc_dzo_06926,Romeo,11
ddc_dzo_04755,Romeo,11
ddc_dzo_00429,Romeo,11
ddc_dzo_09483,Romeo,11
ddc_dzo_09065,Romeo,11
ddc_dzo_05978,Romeo,11
ddc_dzo_04314,Romeo,11
ddc_dzo_05616,Romeo,11
ddc_dzo_09426,Romeo,-1
ddc_dzo_07971,Romeo,11
ddc_dzo_03584,Romeo,-1
ddc_dzo_06357,Romeo,11
ddc_dzo_00087,Romeo,11
ddc_dzo_02855,Romeo,11
ddc_dzo_05217,Romeo,11
ddc_dzo_03351,Romeo,11
ddc_dzo_09459,Dorji,12
ddc_dzo_00998,Dorji,12
ddc_dzo_00893,Romeo,11
ddc_dzo_08458,Romeo,11
ddc_dzo_00676,Romeo,11
ddc_dzo_08568,Thinley,8
ddc_dzo_09935,Romeo,11
ddc_dzo_09269,Romeo,11
ddc_dzo_02790,Romeo,11
ddc_dzo_03946,Thinley,8
ddc_dzo_09432,Dorji,12
ddc_dzo_06035,Romeo,11
ddc_dzo_01695,Romeo,11
ddc_dzo_04374,Romeo,11
ddc_dzo_07659,Romeo,11
ddc_dzo_03270,Romeo,11
ddc_dzo_09668,Romeo,11
ddc_dzo_08881,Romeo,11
ddc_dzo_03484,Romeo,11
ddc_dzo_06712,Romeo,11
ddc_dzo_09942,Romeo,11
ddc_dzo_00035,Romeo,11
ddc_dzo_02175,Romeo,11
ddc_dzo_08946,Romeo,11
ddc_dzo_08718,Romeo,11
ddc_dzo_00285,Romeo,11
ddc_dzo_01514,Romeo,11
ddc_dzo_00448,Romeo,11
ddc_dzo_04491,Thinley,8
ddc_dzo_02775,Romeo,11
ddc_dzo_07779,Thinley,8
ddc_dzo_06546,Romeo,11
ddc_dzo_06024,Romeo,11
ddc_dzo_09837,Romeo,11
ddc_dzo_03758,Romeo,11
ddc_dzo_02562,Romeo,11
ddc_dzo_03801,Romeo,11
ddc_dzo_05453,Thinley,8
ddc_dzo_02189,Romeo,11
ddc_dzo_04859,Romeo,11
ddc_dzo_06568,Romeo,11
ddc_dzo_09552,Romeo,11
ddc_dzo_02227,Romeo,11
ddc_dzo_07380,Romeo,11
ddc_dzo_05667,Romeo,11
ddc_dzo_04651,Romeo,11
ddc_dzo_06344,Romeo,11
ddc_dzo_02585,Romeo,11
ddc_dzo_01623,Romeo,11
ddc_dzo_07897,Romeo,11
ddc_dzo_00856,Romeo,11
ddc_dzo_07807,Romeo,11
ddc_dzo_08690,Romeo,11
ddc_dzo_00519,Romeo,11
ddc_dzo_08012,Romeo,11
ddc_dzo_01670,Romeo,11
ddc_dzo_03995,Romeo,11
ddc_dzo_07431,Romeo,11
ddc_dzo_01098,Romeo,11
ddc_dzo_07577,Romeo,11
ddc_dzo_03474,Romeo,11
ddc_dzo_04559,Romeo,11
ddc_dzo_04246,Romeo,11
ddc_dzo_05838,Romeo,11
ddc_dzo_09397,Romeo,11
ddc_dzo_04486,Romeo,11
ddc_dzo_06074,Romeo,11
ddc_dzo_07236,Romeo,11
ddc_dzo_02982,Romeo,11
ddc_dzo_03977,Romeo,11
ddc_dzo_04783,Romeo,-1
ddc_dzo_05859,Romeo,11
ddc_dzo_06602,Romeo,11
ddc_dzo_06632,Romeo,11
ddc_dzo_02608,Romeo,11
ddc_dzo_05922,Romeo,11
ddc_dzo_05398,Romeo,11
ddc_dzo_01578,Romeo,11
ddc_dzo_01905,Romeo,11
ddc_dzo_05337,Romeo,11
ddc_dzo_03673,Romeo,11
ddc_dzo_00024,Romeo,11
ddc_dzo_03846,Thinley,8
ddc_dzo_00065,Romeo,11
ddc_dzo_06640,Romeo,11
ddc_dzo_05262,Romeo,11
ddc_dzo_09863,Romeo,11
ddc_dzo_03174,Romeo,-1
ddc_dzo_02788,Romeo,11
ddc_dzo_09760,Romeo,11
ddc_dzo_04964,Romeo,11
ddc_dzo_06187,Romeo,11
ddc_dzo_02831,Romeo,11
ddc_dzo_03557,Romeo,11
ddc_dzo_02752,Romeo,11
ddc_dzo_05490,Romeo,11
ddc_dzo_04895,Romeo,11
ddc_dzo_08705,Romeo,11
ddc_dzo_06843,Romeo,11
ddc_dzo_08038,Romeo,11
ddc_dzo_07167,Romeo,11
ddc_dzo_05438,Romeo,11
ddc_dzo_06571,Romeo,11
ddc_dzo_01873,Romeo,11
ddc_dzo_05384,Romeo,11
ddc_dzo_03195,Romeo,11
ddc_dzo_03163,Romeo,11
ddc_dzo_09885,Thinley,8
ddc_dzo_05308,Thinley,8
ddc_dzo_08230,Thinley,8
ddc_dzo_01399,Thinley,8
ddc_dzo_07946,Thinley,8
ddc_dzo_03249,Thinley,8
ddc_dzo_04661,Thinley,8
ddc_dzo_09178,Thinley,8
ddc_dzo_05504,Dorji,12
ddc_dzo_05594,Dorji,12
ddc_dzo_01722,Dorji,12
ddc_dzo_04422,Dorji,12
ddc_dzo_07560,Thinley,8
ddc_dzo_07822,Dorji,12
ddc_dzo_00870,Thinley,8
ddc_dzo_09287,Thinley,8
ddc_dzo_08688,Dorji,12
ddc_dzo_09104,Thinley,8
ddc_dzo_02944,Dorji,12
ddc_dzo_08102,Thinley,8
ddc_dzo_03210,Thinley,8
ddc_dzo_04560,Dorji,12
ddc_dzo_09265,Thinley,8
ddc_dzo_02316,Dorji,12
ddc_dzo_00294,Thinley,8
ddc_dzo_09449,Thinley,8
ddc_dzo_09346,Dorji,12
ddc_dzo_02299,Thinley,8
ddc_dzo_02567,Thinley,8
ddc_dzo_08791,Dorji,12
ddc_dzo_01958,Thinley,8
ddc_dzo_07327,Dorji,12
ddc_dzo_06511,Dorji,12
ddc_dzo_06218,Dorji,12
ddc_dzo_03746,Thinley,8
ddc_dzo_00812,Thinley,8
ddc_dzo_02382,Thinley,8
ddc_dzo_06666,Dorji,12
ddc_dzo_02080,Thinley,8
ddc_dzo_02696,Thinley,8
ddc_dzo_02066,Dorji,12
ddc_dzo_01820,Dorji,12
ddc_dzo_00582,Romeo,11
ddc_dzo_01258,Romeo,11
ddc_dzo_08625,Thinley,8
ddc_dzo_04161,Thinley,8
ddc_dzo_05056,Thinley,8
ddc_dzo_09651,Thinley,8
ddc_dzo_09774,Romeo,11
ddc_dzo_09475,Romeo,11
ddc_dzo_07842,Romeo,11
ddc_dzo_03695,Dorji,12
ddc_dzo_02514,Romeo,11
ddc_dzo_00757,Romeo,11
ddc_dzo_04160,Romeo,11
ddc_dzo_02337,Romeo,11
ddc_dzo_07761,Romeo,11
ddc_dzo_07067,Romeo,11
ddc_dzo_07307,Romeo,11
ddc_dzo_00247,Romeo,11
ddc_dzo_08723,Romeo,11
ddc_dzo_07022,Romeo,11
ddc_dzo_09908,Romeo,11
ddc_dzo_07023,Romeo,11
ddc_dzo_07975,Romeo,11
ddc_dzo_01074,Romeo,11
ddc_dzo_02803,Thinley,8
ddc_dzo_06261,Romeo,11
ddc_dzo_09439,Thinley,-1
ddc_dzo_00444,Thinley,8
ddc_dzo_01153,Romeo,11
ddc_dzo_07525,Thinley,8
ddc_dzo_01927,Romeo,11
ddc_dzo_04554,Romeo,-1
ddc_dzo_02090,Thinley,8
ddc_dzo_06160,Thinley,8
ddc_dzo_05243,Romeo,11
ddc_dzo_08364,Romeo,11
ddc_dzo_02845,Romeo,11
ddc_dzo_08176,Romeo,11
ddc_dzo_04053,Romeo,11
ddc_dzo_00418,Romeo,11
ddc_dzo_07616,Romeo,11
ddc_dzo_09331,Romeo,11
ddc_dzo_05327,Romeo,11
ddc_dzo_02838,Romeo,-1
ddc_dzo_09051,Thinley,8
ddc_dzo_00765,Romeo,11
ddc_dzo_07915,Romeo,11
ddc_dzo_00267,Thinley,8
ddc_dzo_00579,Romeo,11
ddc_dzo_08878,Romeo,11
ddc_dzo_06834,Thinley,8
ddc_dzo_09692,Romeo,11
ddc_dzo_07979,Romeo,11
ddc_dzo_00988,Romeo,11
ddc_dzo_08572,Romeo,11
ddc_dzo_02534,Thinley,8
ddc_dzo_01683,Thinley,8
ddc_dzo_00086,Thinley,8
ddc_dzo_03177,Romeo,11
ddc_dzo_01491,Romeo,11
ddc_dzo_02302,Romeo,11
ddc_dzo_06873,Romeo,11
ddc_dzo_07526,Romeo,11
ddc_dzo_03615,Romeo,11
ddc_dzo_03567,Romeo,11
ddc_dzo_05794,Romeo,11
ddc_dzo_04093,Romeo,11
ddc_dzo_07851,Romeo,11
ddc_dzo_08826,Romeo,11
ddc_dzo_01751,Romeo,11
ddc_dzo_07619,Romeo,11
ddc_dzo_04963,Romeo,11
ddc_dzo_03392,Romeo,11
ddc_dzo_04586,Romeo,11
ddc_dzo_08023,Romeo,11
ddc_dzo_02343,Romeo,11
ddc_dzo_02779,Romeo,11
ddc_dzo_06351,Romeo,11
ddc_dzo_08415,Romeo,11
ddc_dzo_08708,Romeo,11
ddc_dzo_02015,Romeo,11
ddc_dzo_02622,Romeo,11
ddc_dzo_07697,Romeo,11
ddc_dzo_06639,Romeo,11
ddc_dzo_00388,Romeo,11
ddc_dzo_00314,Romeo,11
ddc_dzo_00210,Romeo,11
ddc_dzo_09545,Romeo,11
ddc_dzo_00476,Romeo,11
ddc_dzo_05585,Romeo,11
ddc_dzo_08083,Romeo,11
ddc_dzo_04202,Romeo,11
ddc_dzo_04401,Romeo,11
ddc_dzo_05871,Romeo,11
ddc_dzo_01732,Romeo,11
ddc_dzo_05593,Romeo,11
ddc_dzo_04711,Romeo,11
ddc_dzo_04790,Romeo,11
ddc_dzo_05221,Romeo,11
ddc_dzo_00798,Romeo,11
ddc_dzo_00505,Romeo,11
ddc_dzo_07052,Romeo,11
ddc_dzo_01719,Romeo,11
ddc_dzo_03279,Romeo,11
ddc_dzo_07407,Romeo,11
ddc_dzo_01850,Thinley,8
ddc_dzo_04992,Thinley,8
ddc_dzo_06301,Thinley,8
ddc_dzo_04150,Romeo,11
ddc_dzo_08844,Romeo,11
ddc_dzo_02569,Romeo,11
ddc_dzo_02455,Romeo,11
ddc_dzo_07823,Romeo,11
ddc_dzo_04245,Romeo,11
ddc_dzo_09716,Romeo,11
ddc_dzo_06729,Romeo,11
ddc_dzo_08335,Romeo,11
ddc_dzo_05000,Romeo,11
ddc_dzo_08170,Romeo,11
ddc_dzo_04849,Romeo,11
ddc_dzo_04934,Romeo,11
ddc_dzo_05960,Romeo,11
ddc_dzo_02420,Romeo,11
ddc_dzo_03437,Romeo,11
ddc_dzo_06912,Romeo,11
ddc_dzo_04511,Romeo,11
ddc_dzo_06202,Romeo,11
ddc_dzo_01218,Romeo,-1
ddc_dzo_07125,Romeo,11
ddc_dzo_07049,Romeo,11
ddc_dzo_06535,Romeo,11
ddc_dzo_02141,Romeo,11
ddc_dzo_03587,Romeo,11
ddc_dzo_05354,Romeo,11
ddc_dzo_03148,Romeo,11
ddc_dzo_04450,Romeo,11
ddc_dzo_02243,Romeo,11
ddc_dzo_05059,Romeo,11
ddc_dzo_03500,Romeo,-1
ddc_dzo_02717,Romeo,11
ddc_dzo_04585,Romeo,11
ddc_dzo_02731,Romeo,11
ddc_dzo_09819,Romeo,-1
ddc_dzo_08934,Romeo,11
ddc_dzo_08132,Romeo,11
ddc_dzo_07932,Romeo,11
ddc_dzo_09591,Romeo,11
ddc_dzo_09867,Romeo,11
ddc_dzo_00930,Romeo,11
ddc_dzo_03015,Romeo,11
ddc_dzo_06444,Romeo,11
ddc_dzo_07290,Romeo,-1
ddc_dzo_00178,Romeo,11
ddc_dzo_09883,Thinley,8
ddc_dzo_07397,Thinley,8
ddc_dzo_06147,Thinley,-1
ddc_dzo_01589,Romeo,11
ddc_dzo_03006,Romeo,11
ddc_dzo_06522,Romeo,11
ddc_dzo_08689,Romeo,11
ddc_dzo_06996,Romeo,11
ddc_dzo_08314,Romeo,11
ddc_dzo_02827,Romeo,11
ddc_dzo_03271,Romeo,11
ddc_dzo_03606,Romeo,11
ddc_dzo_06677,Romeo,11
ddc_dzo_07985,Romeo,11
ddc_dzo_02504,Romeo,11
ddc_dzo_05277,Romeo,11
ddc_dzo_09967,Romeo,11
ddc_dzo_01698,Romeo,11
ddc_dzo_07330,Romeo,11
ddc_dzo_06270,Romeo,11
ddc_dzo_03411,Romeo,11
ddc_dzo_07994,Romeo,11
ddc_dzo_01274,Romeo,11
ddc_dzo_06704,Romeo,11
ddc_dzo_03716,Romeo,11
ddc_dzo_09011,Romeo,11
ddc_dzo_03526,Romeo,11
ddc_dzo_02408,Romeo,11
ddc_dzo_03341,Romeo,11
ddc_dzo_09596,Romeo,11
ddc_dzo_02667,Romeo,11
ddc_dzo_05929,Romeo,11
ddc_dzo_01778,Romeo,11
ddc_dzo_00474,Romeo,11
ddc_dzo_08515,Romeo,11
ddc_dzo_01355,Romeo,11
ddc_dzo_00165,Romeo,11
ddc_dzo_05844,Romeo,11
ddc_dzo_08156,Romeo,11
ddc_dzo_05780,Romeo,11
ddc_dzo_03780,Romeo,11
ddc_dzo_09193,Romeo,11
ddc_dzo_02665,Romeo,11
ddc_dzo_04227,Romeo,11
ddc_dzo_04903,Romeo,11
ddc_dzo_05486,Romeo,11
ddc_dzo_02434,Romeo,11
ddc_dzo_03223,Romeo,11
ddc_dzo_02774,Romeo,11
ddc_dzo_01929,Romeo,11
ddc_dzo_03283,Romeo,11
ddc_dzo_09662,Romeo,11
ddc_dzo_09316,Romeo,11
ddc_dzo_02920,Romeo,11
ddc_dzo_05142,Romeo,11
ddc_dzo_06907,Romeo,11
ddc_dzo_01533,Romeo,11
ddc_dzo_07439,Romeo,11
ddc_dzo_04278,Romeo,11
ddc_dzo_03762,Romeo,11
ddc_dzo_08683,Romeo,11
ddc_dzo_01805,Romeo,11
ddc_dzo_08407,Romeo,11
ddc_dzo_04556,Romeo,11
ddc_dzo_09340,Romeo,11
ddc_dzo_00830,Romeo,11
ddc_dzo_08242,Romeo,11
ddc_dzo_03057,Romeo,-1
ddc_dzo_06295,Romeo,11
ddc_dzo_03255,Romeo,11
ddc_dzo_08587,Romeo,11
ddc_dzo_05770,Romeo,11
ddc_dzo_07826,Romeo,11
ddc_dzo_01464,Romeo,11
ddc_dzo_09780,Romeo,11
ddc_dzo_04064,Romeo,11
ddc_dzo_01993,Romeo,11
ddc_dzo_08432,Romeo,11
ddc_dzo_01774,Romeo,11
ddc_dzo_07689,Romeo,11
ddc_dzo_00127,Romeo,11
ddc_dzo_02081,Romeo,11
ddc_dzo_01043,Romeo,11
ddc_dzo_01173,Romeo,11
ddc_dzo_07030,Romeo,11
ddc_dzo_01468,Romeo,11
ddc_dzo_00903,Romeo,11
ddc_dzo_03914,Romeo,11
ddc_dzo_06029,Romeo,11
ddc_dzo_00521,Romeo,11
ddc_dzo_01847,Romeo,11
ddc_dzo_02507,Romeo,11
ddc_dzo_06111,Romeo,11
ddc_dzo_04044,Romeo,11
ddc_dzo_07377,Namgay,4
ddc_dzo_00255,Romeo,11
ddc_dzo_08891,Romeo,11
ddc_dzo_03652,Romeo,11
ddc_dzo_08767,Namgay,4
ddc_dzo_07867,Romeo,11
ddc_dzo_04709,Romeo,11
ddc_dzo_02119,Namgay,4
ddc_dzo_01555,Romeo,11
ddc_dzo_07300,Romeo,11
ddc_dzo_02866,Romeo,11
ddc_dzo_07202,Namgay,4
ddc_dzo_01883,Namgay,4
ddc_dzo_03317,Romeo,11
ddc_dzo_09798,Romeo,11
ddc_dzo_04857,Romeo,11
ddc_dzo_04137,Romeo,11
ddc_dzo_07905,Romeo,11
ddc_dzo_00586,Romeo,11
ddc_dzo_04962,Romeo,11
ddc_dzo_09711,Namgay,4
ddc_dzo_04683,Romeo,11
ddc_dzo_04098,Romeo,11
ddc_dzo_08223,Namgay,4
ddc_dzo_08909,Romeo,11
ddc_dzo_01517,Romeo,11
ddc_dzo_00665,Romeo,11
ddc_dzo_09089,Namgay,4
ddc_dzo_03107,Romeo,11
ddc_dzo_01448,Romeo,11
ddc_dzo_05544,Romeo,11
ddc_dzo_09995,Namgay,4
ddc_dzo_01115,Romeo,11
ddc_dzo_09290,Romeo,11
ddc_dzo_02953,Romeo,11
ddc_dzo_03966,Romeo,11
ddc_dzo_07218,Romeo,11
ddc_dzo_07492,Romeo,11
ddc_dzo_03805,Romeo,11
ddc_dzo_08049,Romeo,11
ddc_dzo_06914,Namgay,4
ddc_dzo_01567,Romeo,11
ddc_dzo_04322,Romeo,11
ddc_dzo_02745,Romeo,11
ddc_dzo_08317,Romeo,11
ddc_dzo_00358,Romeo,11
ddc_dzo_04350,Namgay,4
ddc_dzo_05137,Namgay,4
ddc_dzo_05109,Namgay,4
ddc_dzo_08401,Namgay,4
ddc_dzo_09720,Namgay,4
ddc_dzo_09392,Namgay,4
ddc_dzo_06633,Namgay,4
ddc_dzo_00148,Namgay,4
ddc_dzo_05124,Namgay,4
ddc_dzo_06361,Namgay,4
ddc_dzo_04807,Romeo,11
ddc_dzo_06239,Romeo,11
ddc_dzo_01240,Romeo,11
ddc_dzo_03506,Romeo,11
ddc_dzo_01148,Romeo,11
ddc_dzo_08967,Romeo,11
ddc_dzo_09020,Romeo,11
ddc_dzo_05565,Romeo,11
ddc_dzo_04848,Romeo,11
ddc_dzo_04379,Romeo,11
ddc_dzo_07641,Romeo,11
ddc_dzo_04183,Romeo,11
ddc_dzo_01010,Romeo,11
ddc_dzo_09497,Romeo,11
ddc_dzo_04176,Romeo,11
ddc_dzo_07913,Romeo,11
ddc_dzo_03741,Romeo,11
ddc_dzo_01961,Romeo,11
ddc_dzo_06878,Romeo,11
ddc_dzo_04325,Romeo,11
ddc_dzo_01089,Romeo,11
ddc_dzo_02532,Romeo,11
ddc_dzo_05963,Romeo,11
ddc_dzo_09957,Romeo,11
ddc_dzo_02440,Namgay,7
ddc_dzo_07546,Romeo,11
ddc_dzo_09553,Romeo,11
ddc_dzo_08602,Romeo,11
ddc_dzo_03643,Namgay,7
ddc_dzo_04324,Romeo,11
ddc_dzo_00690,Romeo,11
ddc_dzo_05715,Romeo,11
ddc_dzo_01857,Romeo,11
ddc_dzo_06236,Romeo,11
ddc_dzo_07516,Romeo,11
ddc_dzo_08628,Romeo,11
ddc_dzo_07154,Romeo,-1
ddc_dzo_02469,Namgay,7
ddc_dzo_09476,Romeo,-1
ddc_dzo_06419,Namgay,7
ddc_dzo_05203,Namgay,7
ddc_dzo_02005,Romeo,-1
ddc_dzo_01721,Romeo,11
ddc_dzo_07325,Romeo,11
ddc_dzo_02403,Romeo,11
ddc_dzo_01316,Romeo,11
ddc_dzo_04931,Namgay,-1
ddc_dzo_03577,Namgay,7
ddc_dzo_06832,Romeo,11
ddc_dzo_03543,Romeo,-1
ddc_dzo_03378,Namgay,-1
ddc_dzo_03620,Namgay,7
ddc_dzo_07058,Romeo,11
ddc_dzo_05840,Namgay,7
ddc_dzo_09047,Romeo,11
ddc_dzo_00720,Romeo,11
ddc_dzo_01062,Romeo,11
ddc_dzo_08924,Romeo,-1
ddc_dzo_05507,Namgay,7
ddc_dzo_09044,Thinley,8
ddc_dzo_05302,Thinley,8
ddc_dzo_00865,Thinley,8
ddc_dzo_05094,Thinley,8
ddc_dzo_08455,Thinley,8
ddc_dzo_03449,Thinley,8
ddc_dzo_00795,Thinley,8
ddc_dzo_05953,Thinley,8
ddc_dzo_02383,Thinley,8
ddc_dzo_06939,Thinley,8
ddc_dzo_05409,Thinley,8
ddc_dzo_00076,Thinley,8
ddc_dzo_08285,Thinley,8
ddc_dzo_03217,Thinley,8
ddc_dzo_06125,Thinley,8
ddc_dzo_02082,Thinley,8
ddc_dzo_07283,Namgay,1
ddc_dzo_07396,Namgay,1
ddc_dzo_03660,Thinley,8
ddc_dzo_08249,Namgay,1
ddc_dzo_06628,Namgay,1
ddc_dzo_00932,Thinley,8
ddc_dzo_00832,Thinley,8
ddc_dzo_08386,Thinley,8
ddc_dzo_00176,Thinley,8
ddc_dzo_04632,Thinley,8
ddc_dzo_09896,Thinley,8
ddc_dzo_04509,Thinley,8
ddc_dzo_09684,Thinley,8
ddc_dzo_01190,Thinley,8
ddc_dzo_08941,Thinley,8
ddc_dzo_05873,Thinley,8
ddc_dzo_01128,Thinley,8
ddc_dzo_02981,Thinley,8
ddc_dzo_08516,Thinley,8
ddc_dzo_07829,Thinley,8
ddc_dzo_00940,Thinley,8
ddc_dzo_03691,Thinley,8
ddc_dzo_06037,Thinley,8
ddc_dzo_06567,Thinley,8
ddc_dzo_04668,Romeo,11
ddc_dzo_01206,Romeo,11
ddc_dzo_02111,Romeo,11
ddc_dzo_00520,Romeo,11
ddc_dzo_07097,Romeo,11
ddc_dzo_02840,Romeo,11
ddc_dzo_04162,Romeo,11
ddc_dzo_09238,Romeo,11
ddc_dzo_02198,Romeo,11
ddc_dzo_02059,Romeo,11
ddc_dzo_09060,Romeo,11
ddc_dzo_03432,Romeo,11
ddc_dzo_00576,Romeo,11
ddc_dzo_03945,Romeo,11
ddc_dzo_04419,Romeo,11
ddc_dzo_05807,Romeo,11
ddc_dzo_08191,Romeo,11
ddc_dzo_08559,Romeo,11
ddc_dzo_00225,Romeo,11
ddc_dzo_09628,Romeo,11
ddc_dzo_09944,Romeo,11
ddc_dzo_00488,Romeo,11
ddc_dzo_06477,Romeo,11
ddc_dzo_01474,Romeo,11
ddc_dzo_08082,Romeo,11
ddc_dzo_04443,Romeo,11
ddc_dzo_03340,Romeo,11
ddc_dzo_09565,Romeo,11
ddc_dzo_01689,Romeo,11
ddc_dzo_07222,Romeo,11
ddc_dzo_01458,Romeo,11
ddc_dzo_05772,Romeo,11
ddc_dzo_09418,Romeo,11
ddc_dzo_04764,Romeo,11
ddc_dzo_01563,Romeo,11
ddc_dzo_03795,Romeo,11
ddc_dzo_01693,Romeo,11
ddc_dzo_05218,Romeo,11
ddc_dzo_07921,Romeo,11
ddc_dzo_03585,Romeo,11
ddc_dzo_02335,Romeo,11
ddc_dzo_02505,Romeo,11
ddc_dzo_08837,Romeo,11
ddc_dzo_02564,Romeo,11
ddc_dzo_07799,Romeo,11
ddc_dzo_03114,Romeo,11
ddc_dzo_02625,Romeo,11
ddc_dzo_01557,Romeo,11
ddc_dzo_05673,Romeo,11
ddc_dzo_01735,Romeo,11
ddc_dzo_03603,Romeo,11
ddc_dzo_01833,Romeo,11
ddc_dzo_04699,Romeo,11
ddc_dzo_01832,Romeo,11
ddc_dzo_07443,Romeo,11
ddc_dzo_04844,Romeo,11
ddc_dzo_03307,Romeo,11
ddc_dzo_04925,Romeo,11
ddc_dzo_08356,Romeo,11
ddc_dzo_08737,Romeo,11
ddc_dzo_00257,Romeo,11
ddc_dzo_05612,Romeo,11
ddc_dzo_07715,Romeo,11
ddc_dzo_01291,Romeo,11
ddc_dzo_09324,Romeo,11
ddc_dzo_04914,Romeo,11
ddc_dzo_08499,Romeo,11
ddc_dzo_06673,Romeo,11
ddc_dzo_08054,Romeo,11
ddc_dzo_03934,Romeo,11
ddc_dzo_06467,Romeo,11
ddc_dzo_04958,Romeo,11
ddc_dzo_05092,Romeo,11
ddc_dzo_01615,Romeo,11
ddc_dzo_05344,Romeo,11
ddc_dzo_09251,Romeo,11
ddc_dzo_08875,Romeo,11
ddc_dzo_07648,Romeo,11
ddc_dzo_02871,Romeo,11
ddc_dzo_07272,Romeo,11
ddc_dzo_02287,Romeo,11
ddc_dzo_08298,Romeo,11
ddc_dzo_05919,Romeo,11
ddc_dzo_00678,Romeo,11
ddc_dzo_06596,Romeo,11
ddc_dzo_04749,Romeo,11
ddc_dzo_08787,Romeo,11
ddc_dzo_05120,Romeo,11
ddc_dzo_07878,Romeo,11
ddc_dzo_07245,Romeo,11
ddc_dzo_02648,Romeo,11
ddc_dzo_01427,Romeo,11
ddc_dzo_09649,Romeo,11
ddc_dzo_06194,Romeo,11
ddc_dzo_00227,Romeo,11
ddc_dzo_06722,Romeo,11
ddc_dzo_01387,Romeo,11
ddc_dzo_01733,Thinley,8
ddc_dzo_08644,Thinley,8
ddc_dzo_06994,Thinley,8
ddc_dzo_06038,Thinley,8
ddc_dzo_00280,Dorji,12
ddc_dzo_05366,Dorji,12
ddc_dzo_00211,Dorji,12
ddc_dzo_09624,Thinley,8
ddc_dzo_07179,Dorji,12
ddc_dzo_05626,Dorji,12
ddc_dzo_08770,Dorji,12
ddc_dzo_05211,Dorji,12
ddc_dzo_01048,Thinley,8
ddc_dzo_07468,Dorji,12
ddc_dzo_03124,Thinley,8
ddc_dzo_08104,Thinley,8
ddc_dzo_08961,Namgay,4
ddc_dzo_03617,Thinley,8
ddc_dzo_08416,Dorji,12
ddc_dzo_06579,Dorji,12
ddc_dzo_05965,Thinley,8
ddc_dzo_05265,Thinley,8
ddc_dzo_06166,Dorji,12
ddc_dzo_08913,Thinley,8
ddc_dzo_04271,Thinley,8
ddc_dzo_04902,Thinley,8
ddc_dzo_05545,Thinley,8
ddc_dzo_01181,Thinley,8
ddc_dzo_07730,Romeo,11
ddc_dzo_00194,Romeo,11
ddc_dzo_05352,Romeo,11
ddc_dzo_05693,Romeo,11
ddc_dzo_03327,Romeo,11
ddc_dzo_00159,Romeo,11
ddc_dzo_05632,Romeo,11
ddc_dzo_09379,Romeo,11
ddc_dzo_01008,Romeo,11
ddc_dzo_03465,Romeo,11
ddc_dzo_07766,Romeo,11
ddc_dzo_03206,Romeo,11
ddc_dzo_00405,Romeo,11
ddc_dzo_07623,Romeo,11
ddc_dzo_03847,Romeo,11
ddc_dzo_07341,Romeo,11
ddc_dzo_06782,Romeo,11
ddc_dzo_05449,Romeo,11
ddc_dzo_09108,Romeo,11
ddc_dzo_09307,Romeo,11
ddc_dzo_07531,Romeo,11
ddc_dzo_03363,Romeo,11
ddc_dzo_04027,Romeo,11
ddc_dzo_07760,Romeo,-1
ddc_dzo_03894,Romeo,11
ddc_dzo_09501,Romeo,11
ddc_dzo_04203,Romeo,11
ddc_dzo_06713,Romeo,11
ddc_dzo_05331,Romeo,11
ddc_dzo_02677,Romeo,11
ddc_dzo_03723,Romeo,11
ddc_dzo_09925,Romeo,11
ddc_dzo_09411,Namgay,2
ddc_dzo_06485,Thinley,8
ddc_dzo_00351,Thinley,8
ddc_dzo_09536,Thinley,8
ddc_dzo_03494,Thinley,8
ddc_dzo_06989,Thinley,8
ddc_dzo_04589,Thinley,-1
ddc_dzo_05012,Thinley,8
ddc_dzo_09998,Thinley,8
ddc_dzo_06857,Thinley,8
ddc_dzo_06283,Thinley,8
ddc_dzo_08361,Dorji,12
ddc_dzo_06889,Dorji,12
ddc_dzo_09891,Dorji,12
ddc_dzo_04524,Dorji,12
ddc_dzo_00307,Dorji,12
ddc_dzo_00108,Dorji,12
ddc_dzo_05144,Dorji,12
ddc_dzo_09380,Dorji,12
ddc_dzo_01295,Dorji,12
ddc_dzo_09640,Dorji,12
ddc_dzo_06802,Dorji,12
ddc_dzo_00642,Namgay,10
ddc_dzo_02589,Namgay,10
ddc_dzo_05879,Namgay,10
ddc_dzo_01995,Namgay,10
ddc_dzo_02724,Namgay,3
ddc_dzo_07142,Namgay,2
ddc_dzo_02846,Namgay,3
ddc_dzo_03362,Namgay,3
ddc_dzo_06863,Namgay,0
ddc_dzo_04333,Namgay,0
ddc_dzo_00034,Namgay,0
ddc_dzo_05436,Namgay,3
ddc_dzo_06381,Namgay,0
ddc_dzo_02116,Namgay,3
ddc_dzo_03692,Namgay,0
ddc_dzo_01925,Namgay,0
ddc_dzo_09719,Namgay,3
ddc_dzo_02993,Namgay,0
ddc_dzo_07962,Namgay,0
ddc_dzo_07357,Namgay,-1
ddc_dzo_09974,Namgay,2
ddc_dzo_07513,Namgay,2
ddc_dzo_09447,Namgay,2
ddc_dzo_06399,Namgay,2
ddc_dzo_01170,Namgay,2
ddc_dzo_01312,Namgay,2
ddc_dzo_02170,Namgay,2
ddc_dzo_09502,Namgay,2
ddc_dzo_07646,Namgay,2
ddc_dzo_09350,Namgay,2
ddc_dzo_06427,Namgay,2
ddc_dzo_07032,Namgay,2
ddc_dzo_02899,Namgay,2
ddc_dzo_09227,Namgay,2
ddc_dzo_09555,Namgay,-1
ddc_dzo_08520,Dorji,12
ddc_dzo_00809,Dorji,12
ddc_dzo_09101,Dorji,12
ddc_dzo_05598,Dorji,12
ddc_dzo_06538,Thinley,8
ddc_dzo_05480,Dorji,12
ddc_dzo_05848,Dorji,12
ddc_dzo_05306,Dorji,12
ddc_dzo_01781,Dorji,12
ddc_dzo_06140,Dorji,12
ddc_dzo_05816,Thinley,8
ddc_dzo_06631,Thinley,8
ddc_dzo_07109,Thinley,8
ddc_dzo_03967,Thinley,8
ddc_dzo_01194,Thinley,8
ddc_dzo_05998,Thinley,8
ddc_dzo_00442,Thinley,8
ddc_dzo_08701,Thinley,8
ddc_dzo_07416,Thinley,8
ddc_dzo_02010,Thinley,8
ddc_dzo_06967,Thinley,8
ddc_dzo_03187,Thinley,8
ddc_dzo_04980,Thinley,8
ddc_dzo_07808,Thinley,8
ddc_dzo_06196,Thinley,8
ddc_dzo_09842,Thinley,8
ddc_dzo_09119,Thinley,8
ddc_dzo_00366,Thinley,8
ddc_dzo_01583,Thinley,8
ddc_dzo_05671,Thinley,8
ddc_dzo_04296,Thinley,8
ddc_dzo_09787,Thinley,8
ddc_dzo_03523,Thinley,8
ddc_dzo_03621,Thinley,8
ddc_dzo_09140,Thinley,8
ddc_dzo_04694,Thinley,8
ddc_dzo_04101,Thinley,8
ddc_dzo_01092,Thinley,8
ddc_dzo_01047,Dorji,12
ddc_dzo_06336,Thinley,8
ddc_dzo_02151,Thinley,8
ddc_dzo_06757,Thinley,8
ddc_dzo_05602,Thinley,8
ddc_dzo_06008,Thinley,8
ddc_dzo_07382,Thinley,8
ddc_dzo_06053,Thinley,8
ddc_dzo_09359,Thinley,8
ddc_dzo_08565,Dorji,12
ddc_dzo_02226,Dorji,12
ddc_dzo_05890,Dorji,12
ddc_dzo_09481,Dorji,12
ddc_dzo_03251,Dorji,12
ddc_dzo_07911,Dorji,12
ddc_dzo_07196,Dorji,12
ddc_dzo_01294,Dorji,12
ddc_dzo_00806,Dorji,12
ddc_dzo_02301,Dorji,12
ddc_dzo_04762,Dorji,12
ddc_dzo_00684,Dorji,12
ddc_dzo_08637,Dorji,12
ddc_dzo_08665,Dorji,12
ddc_dzo_04158,Dorji,12
ddc_dzo_07679,Dorji,12
ddc_dzo_01765,Dorji,12
ddc_dzo_07850,Dorji,12
ddc_dzo_01232,Dorji,12
ddc_dzo_07912,Dorji,12
ddc_dzo_04414,Dorji,12
ddc_dzo_03982,Dorji,12
ddc_dzo_08297,Dorji,12
ddc_dzo_06506,Dorji,12
ddc_dzo_09177,Dorji,12
ddc_dzo_09590,Dorji,12
ddc_dzo_08485,Dorji,12
ddc_dzo_08945,Dorji,12
ddc_dzo_08092,Dorji,12
ddc_dzo_08236,Dorji,12
ddc_dzo_08268,Dorji,12
ddc_dzo_08381,Dorji,12
ddc_dzo_00715,Dorji,12
ddc_dzo_00839,Dorji,12
ddc_dzo_02126,Dorji,12
ddc_dzo_09076,Dorji,12
ddc_dzo_07065,Dorji,12
ddc_dzo_04291,Dorji,12
ddc_dzo_02800,Dorji,12
ddc_dzo_09815,Dorji,12
ddc_dzo_04479,Dorji,12
ddc_dzo_03678,Dorji,12
ddc_dzo_09699,Dorji,-1
ddc_dzo_04317,Dorji,12
ddc_dzo_04582,Dorji,12
ddc_dzo_01463,Dorji,12
ddc_dzo_01601,Dorji,12
ddc_dzo_02147,Dorji,12
ddc_dzo_02276,Dorji,12
ddc_dzo_00296,Dorji,12
ddc_dzo_05139,Dorji,12
ddc_dzo_01207,Dorji,12
ddc_dzo_02313,Dorji,12
ddc_dzo_03082,Dorji,12
ddc_dzo_09951,Dorji,12
ddc_dzo_09003,Dorji,12
ddc_dzo_03030,Thinley,8
ddc_dzo_02705,Thinley,8
ddc_dzo_04926,Thinley,8
ddc_dzo_07633,Thinley,8
ddc_dzo_05039,Thinley,8
ddc_dzo_03911,Thinley,8
ddc_dzo_08593,Thinley,8
ddc_dzo_02809,Thinley,8
ddc_dzo_00717,Thinley,8
ddc_dzo_00603,Thinley,8
ddc_dzo_04490,Thinley,8
ddc_dzo_07750,Thinley,8
ddc_dzo_00991,Thinley,8
ddc_dzo_04022,Thinley,8
ddc_dzo_02381,Thinley,8
ddc_dzo_03764,Thinley,8
ddc_dzo_02656,Thinley,8
ddc_dzo_04566,Thinley,8
ddc_dzo_00156,Thinley,8
ddc_dzo_02470,Thinley,8
ddc_dzo_09659,Thinley,8
ddc_dzo_06293,Thinley,8
ddc_dzo_05345,Thinley,8
ddc_dzo_00059,Thinley,8
ddc_dzo_03978,Thinley,8
ddc_dzo_07311,Thinley,8
ddc_dzo_01368,Thinley,8
ddc_dzo_05668,Thinley,8
ddc_dzo_00435,Thinley,8
ddc_dzo_02490,Thinley,8
ddc_dzo_05723,Thinley,8
ddc_dzo_09295,Thinley,8
ddc_dzo_03830,Thinley,8
ddc_dzo_03105,Thinley,8
ddc_dzo_00779,Thinley,8
ddc_dzo_09785,Thinley,8
ddc_dzo_05635,Thinley,8
ddc_dzo_05397,Thinley,8
ddc_dzo_09374,Thinley,8
ddc_dzo_08334,Thinley,8
ddc_dzo_01016,Thinley,8
ddc_dzo_05207,Thinley,8
ddc_dzo_04991,Thinley,8
ddc_dzo_00637,Thinley,8
ddc_dzo_00487,Thinley,8
ddc_dzo_04629,Thinley,8
ddc_dzo_00964,Thinley,8
ddc_dzo_07640,Thinley,8
ddc_dzo_03403,Thinley,8
ddc_dzo_05102,Thinley,8
ddc_dzo_03522,Thinley,8
ddc_dzo_06104,Thinley,8
ddc_dzo_02370,Thinley,8
ddc_dzo_03888,Thinley,8
ddc_dzo_01412,Romeo,11
ddc_dzo_08171,Romeo,11
ddc_dzo_07398,Romeo,11
ddc_dzo_09587,Romeo,11
ddc_dzo_09079,Romeo,11
ddc_dzo_00828,Romeo,-1
ddc_dzo_00244,Romeo,11
ddc_dzo_00392,Romeo,11
ddc_dzo_03632,Romeo,11
ddc_dzo_01869,Romeo,11
ddc_dzo_02778,Romeo,11
ddc_dzo_01200,Romeo,11
ddc_dzo_03510,Romeo,11
ddc_dzo_03260,Romeo,-1
ddc_dzo_03159,Romeo,11
ddc_dzo_03814,Romeo,11
ddc_dzo_02654,Romeo,11
ddc_dzo_00918,Romeo,11
ddc_dzo_00659,Romeo,11
ddc_dzo_03578,Romeo,11
ddc_dzo_09512,Romeo,11
ddc_dzo_00799,Romeo,11
ddc_dzo_05572,Romeo,11
ddc_dzo_03213,Romeo,11
ddc_dzo_04871,Romeo,11
ddc_dzo_08306,Romeo,-1
ddc_dzo_00892,Romeo,11
ddc_dzo_02970,Romeo,11
ddc_dzo_04824,Romeo,11
ddc_dzo_09247,Romeo,11
ddc_dzo_04723,Romeo,11
ddc_dzo_08051,Romeo,11
ddc_dzo_07451,Romeo,11
ddc_dzo_06392,Romeo,11
ddc_dzo_05785,Romeo,11
ddc_dzo_08867,Romeo,11
ddc_dzo_00869,Romeo,11
ddc_dzo_00033,Romeo,11
ddc_dzo_07542,Romeo,11
ddc_dzo_06253,Romeo,11
ddc_dzo_09056,Romeo,11
ddc_dzo_08784,Romeo,11
ddc_dzo_01432,Romeo,11
ddc_dzo_05773,Romeo,-1
ddc_dzo_02963,Romeo,11
ddc_dzo_06726,Romeo,11
ddc_dzo_01245,Romeo,11
ddc_dzo_05653,Romeo,11
ddc_dzo_02911,Romeo,11
ddc_dzo_08122,Romeo,11
ddc_dzo_00609,Romeo,11
ddc_dzo_07624,Romeo,11
ddc_dzo_05421,Romeo,11
ddc_dzo_09611,Romeo,11
ddc_dzo_00461,Romeo,11
ddc_dzo_03346,Romeo,11
ddc_dzo_02518,Romeo,11
ddc_dzo_05916,Romeo,11
ddc_dzo_07491,Romeo,11
ddc_dzo_05706,Romeo,11
ddc_dzo_06135,Romeo,11
ddc_dzo_07722,Romeo,11
ddc_dzo_07331,Romeo,11
ddc_dzo_08189,Romeo,11
ddc_dzo_04208,Romeo,11
ddc_dzo_07843,Romeo,11
ddc_dzo_01806,Romeo,11
ddc_dzo_02019,Romeo,11
ddc_dzo_01965,Romeo,11
ddc_dzo_06920,Romeo,11
ddc_dzo_01520,Romeo,11
ddc_dzo_02185,Romeo,11
ddc_dzo_08274,Romeo,11
ddc_dzo_05296,Romeo,11
ddc_dzo_01286,Romeo,11
ddc_dzo_06573,Romeo,11
ddc_dzo_09164,Romeo,-1
ddc_dzo_00749,Romeo,11
ddc_dzo_08057,Romeo,11
ddc_dzo_04262,Romeo,11
ddc_dzo_00535,Romeo,11
ddc_dzo_00185,Romeo,11
ddc_dzo_09862,Romeo,11
ddc_dzo_08721,Romeo,11
ddc_dzo_06455,Romeo,11
ddc_dzo_07593,Romeo,11
ddc_dzo_04012,Romeo,11
ddc_dzo_04916,Romeo,11
ddc_dzo_08384,Romeo,11
ddc_dzo_04407,Romeo,11
ddc_dzo_03171,Romeo,11
ddc_dzo_08517,Romeo,11
ddc_dzo_02253,Romeo,11
ddc_dzo_01212,Romeo,11
ddc_dzo_09241,Romeo,11
ddc_dzo_01116,Romeo,11
ddc_dzo_04547,Romeo,11
ddc_dzo_09524,Romeo,11
ddc_dzo_02528,Romeo,11
ddc_dzo_02218,Romeo,11
ddc_dzo_00198,Romeo,11
ddc_dzo_06209,Romeo,11
ddc_dzo_05860,Romeo,11
ddc_dzo_09594,Romeo,11
ddc_dzo_02581,Romeo,-1
ddc_dzo_07909,Romeo,-1
ddc_dzo_06363,Romeo,11
ddc_dzo_01662,Romeo,-1
ddc_dzo_02701,Romeo,11
ddc_dzo_07988,Romeo,11
ddc_dzo_03939,Romeo,11
ddc_dzo_00555,Romeo,11
ddc_dzo_08033,Romeo,11
ddc_dzo_00097,Romeo,11
ddc_dzo_09752,Romeo,11
ddc_dzo_01017,Romeo,11
ddc_dzo_09035,Romeo,11
ddc_dzo_01075,Romeo,11
ddc_dzo_02107,Romeo,11
ddc_dzo_02613,Romeo,11
ddc_dzo_05222,Romeo,11
ddc_dzo_07252,Romeo,11
ddc_dzo_03662,Romeo,11
ddc_dzo_05388,Romeo,11
ddc_dzo_06346,Romeo,11
ddc_dzo_05430,Romeo,11
ddc_dzo_00381,Romeo,11
ddc_dzo_04751,Romeo,11
ddc_dzo_01188,Romeo,11
ddc_dzo_09123,Romeo,11
ddc_dzo_08904,Romeo,11
ddc_dzo_01445,Romeo,11
ddc_dzo_05192,Romeo,11
ddc_dzo_02558,Romeo,11
ddc_dzo_06471,Romeo,11
ddc_dzo_06172,Romeo,11
ddc_dzo_00890,Romeo,11
ddc_dzo_01967,Romeo,11
ddc_dzo_05944,Romeo,11
ddc_dzo_02392,Romeo,11
ddc_dzo_08490,Romeo,11
ddc_dzo_07085,Romeo,11
ddc_dzo_06552,Romeo,11
ddc_dzo_02085,Romeo,11
ddc_dzo_08107,Romeo,11
ddc_dzo_00021,Romeo,11
ddc_dzo_01616,Romeo,11
ddc_dzo_01731,Romeo,11
ddc_dzo_06822,Romeo,11
ddc_dzo_02052,Romeo,11
ddc_dzo_03874,Romeo,11
ddc_dzo_08691,Romeo,11
ddc_dzo_07954,Romeo,11
ddc_dzo_02456,Romeo,11
ddc_dzo_05817,Romeo,11
ddc_dzo_04684,Romeo,11
ddc_dzo_02482,Romeo,11
ddc_dzo_05244,Yigzin,9
ddc_dzo_06077,Yigzin,-1
ddc_dzo_01846,Yigzin,9
ddc_dzo_08852,Romeo,11
ddc_dzo_08403,Romeo,11
ddc_dzo_08133,Romeo,11
ddc_dzo_08757,Romeo,11
ddc_dzo_08454,Romeo,11
ddc_dzo_03435,Romeo,11
ddc_dzo_09182,Romeo,11
ddc_dzo_06300,Romeo,11
ddc_dzo_02034,Romeo,11
ddc_dzo_04549,Romeo,11
ddc_dzo_02854,Romeo,11
ddc_dzo_02332,Romeo,11
ddc_dzo_01881,Romeo,11
ddc_dzo_07510,Romeo,11
ddc_dzo_06027,Romeo,11
ddc_dzo_03125,Romeo,11
ddc_dzo_07727,Romeo,11
ddc_dzo_01209,Romeo,11
ddc_dzo_06013,Romeo,11
ddc_dzo_04691,Romeo,11
ddc_dzo_07250,Romeo,11
ddc_dzo_01343,Romeo,11
ddc_dzo_06259,Romeo,11
ddc_dzo_09146,Romeo,11
ddc_dzo_02692,Romeo,11
ddc_dzo_00120,Romeo,11
ddc_dzo_07751,Romeo,11
ddc_dzo_01158,Romeo,11
ddc_dzo_06091,Romeo,-1
ddc_dzo_02655,Romeo,11
ddc_dzo_00816,Romeo,11
ddc_dzo_08710,Romeo,11
ddc_dzo_04887,Romeo,11
ddc_dzo_02502,Romeo,11
ddc_dzo_07860,Romeo,11
ddc_dzo_02906,Romeo,11
ddc_dzo_07550,Romeo,11
ddc_dzo_03025,Romeo,11
ddc_dzo_09059,Romeo,11
ddc_dzo_06329,Romeo,11
ddc_dzo_07402,Romeo,11
ddc_dzo_00489,Romeo,11
ddc_dzo_09456,Romeo,-1
ddc_dzo_08693,Romeo,11
ddc_dzo_01912,Romeo,11
ddc_dzo_01648,Romeo,11
ddc_dzo_04785,Romeo,-1
ddc_dzo_08217,Romeo,11
ddc_dzo_07657,Romeo,11
ddc_dzo_02430,Romeo,11
ddc_dzo_01677,Romeo,11
ddc_dzo_03747,Romeo,11
ddc_dzo_04534,Romeo,-1
ddc_dzo_08513,Romeo,11
ddc_dzo_00713,Romeo,11
ddc_dzo_06372,Romeo,11
ddc_dzo_04452,Romeo,11
ddc_dzo_03591,Romeo,11
ddc_dzo_03659,Romeo,11
ddc_dzo_09406,Romeo,11
ddc_dzo_07124,Romeo,11
ddc_dzo_01400,Romeo,11
ddc_dzo_08965,Romeo,11
ddc_dzo_05571,Romeo,11
ddc_dzo_00879,Romeo,11
ddc_dzo_04272,Romeo,11
ddc_dzo_05341,Romeo,11
ddc_dzo_06869,Romeo,11
ddc_dzo_02948,Romeo,11
ddc_dzo_08584,Romeo,11
ddc_dzo_07312,Romeo,11
ddc_dzo_00242,Romeo,11
ddc_dzo_00250,Romeo,11
ddc_dzo_07490,Romeo,11
ddc_dzo_01711,Romeo,11
ddc_dzo_05184,Romeo,-1
ddc_dzo_04613,Romeo,11
ddc_dzo_02404,Romeo,11
ddc_dzo_00190,Romeo,11
ddc_dzo_08745,Romeo,11
ddc_dzo_03084,Romeo,11
ddc_dzo_00299,Romeo,11
ddc_dzo_09030,Romeo,11
ddc_dzo_02709,Romeo,11
ddc_dzo_05050,Romeo,11
ddc_dzo_08563,Romeo,11
ddc_dzo_03866,Romeo,11
ddc_dzo_07791,Romeo,11
ddc_dzo_08005,Romeo,11
ddc_dzo_06428,Romeo,11
ddc_dzo_06882,Romeo,11
ddc_dzo_08991,Romeo,11
ddc_dzo_01322,Romeo,11
ddc_dzo_01259,Romeo,11
ddc_dzo_04091,Romeo,11
ddc_dzo_00329,Romeo,11
ddc_dzo_08062,Romeo,11
ddc_dzo_00740,Romeo,11
ddc_dzo_05415,Romeo,11
ddc_dzo_08360,Romeo,11
ddc_dzo_06186,Romeo,11
ddc_dzo_03179,Romeo,11
ddc_dzo_09159,Romeo,11
ddc_dzo_01451,Romeo,11
ddc_dzo_06933,Romeo,11
ddc_dzo_06577,Romeo,11
ddc_dzo_06518,Romeo,11
ddc_dzo_00146,Romeo,11
ddc_dzo_02886,Romeo,11
ddc_dzo_06219,Romeo,11
ddc_dzo_06119,Romeo,11
ddc_dzo_01821,Romeo,11
ddc_dzo_04205,Romeo,11
ddc_dzo_02348,Romeo,-1
ddc_dzo_04590,Romeo,11
ddc_dzo_02168,Romeo,11
ddc_dzo_01582,Romeo,11
ddc_dzo_06999,Romeo,11
ddc_dzo_01997,Romeo,11
ddc_dzo_03433,Romeo,11
ddc_dzo_03790,Romeo,11
ddc_dzo_02212,Romeo,11
ddc_dzo_04955,Romeo,11
ddc_dzo_04671,Romeo,11
ddc_dzo_09746,Romeo,-1
ddc_dzo_05788,Romeo,11
ddc_dzo_02598,Romeo,11
ddc_dzo_01358,Romeo,11
ddc_dzo_01669,Romeo,-1
ddc_dzo_01449,Romeo,11
ddc_dzo_07576,Romeo,11
ddc_dzo_08856,Romeo,11
ddc_dzo_09763,Romeo,11
ddc_dzo_04174,Romeo,11
ddc_dzo_03018,Romeo,11
ddc_dzo_01750,Romeo,11
ddc_dzo_08157,Romeo,11
ddc_dzo_09084,Romeo,11
ddc_dzo_00219,Romeo,11
ddc_dzo_00341,Romeo,11
ddc_dzo_07983,Romeo,11
ddc_dzo_01911,Romeo,11
ddc_dzo_07216,Romeo,11
ddc_dzo_02727,Romeo,11
ddc_dzo_01489,Romeo,11
ddc_dzo_03416,Romeo,11
ddc_dzo_08349,Romeo,11
ddc_dzo_05940,Romeo,11
ddc_dzo_05520,Romeo,11
ddc_dzo_08592,Romeo,11
ddc_dzo_04377,Romeo,11
ddc_dzo_02128,Romeo,11
ddc_dzo_07454,Romeo,11
ddc_dzo_07356,Romeo,-1
ddc_dzo_08546,Romeo,11
ddc_dzo_08253,Romeo,-1
ddc_dzo_02303,Romeo,11
ddc_dzo_02160,Romeo,11
ddc_dzo_04944,Romeo,11
ddc_dzo_03952,Romeo,11
ddc_dzo_01123,Romeo,11
ddc_dzo_09829,Romeo,11
ddc_dzo_08809,Romeo,11
ddc_dzo_06312,Romeo,11
ddc_dzo_05658,Romeo,11
ddc_dzo_01088,Romeo,11
ddc_dzo_04639,Romeo,11
ddc_dzo_00696,Romeo,11
ddc_dzo_05604,Romeo,11
ddc_dzo_01544,Romeo,11
ddc_dzo_01227,Romeo,11
ddc_dzo_02474,Romeo,11
ddc_dzo_02113,Romeo,11
ddc_dzo_01409,Romeo,11
ddc_dzo_07182,Romeo,11
ddc_dzo_01051,Romeo,11
ddc_dzo_03238,Romeo,11
ddc_dzo_07618,Romeo,11
ddc_dzo_05361,Romeo,11
ddc_dzo_02859,Romeo,11
ddc_dzo_03304,Romeo,11
ddc_dzo_09672,Romeo,11
ddc_dzo_05865,Romeo,11
ddc_dzo_03940,Romeo,11
ddc_dzo_05903,Romeo,11
ddc_dzo_07511,Romeo,11
ddc_dzo_07104,Romeo,11
ddc_dzo_09928,Romeo,11
ddc_dzo_08421,Romeo,-1
ddc_dzo_07467,Romeo,11
ddc_dzo_05071,Romeo,11
ddc_dzo_09322,Romeo,11
ddc_dzo_03760,Romeo,11
ddc_dzo_06342,Romeo,11
ddc_dzo_02023,Romeo,11
ddc_dzo_02530,Romeo,11
ddc_dzo_02621,Romeo,11
ddc_dzo_04747,Romeo,-1
ddc_dzo_07429,Romeo,11
ddc_dzo_02389,Romeo,11
ddc_dzo_06684,Romeo,-1
ddc_dzo_07827,Romeo,11
ddc_dzo_08488,Romeo,-1
ddc_dzo_02568,Romeo,11
ddc_dzo_00251,Romeo,11
ddc_dzo_02100,Romeo,11
ddc_dzo_07144,Romeo,11
ddc_dzo_07548,Romeo,-1
ddc_dzo_05481,Romeo,11
ddc_dzo_08055,Romeo,11
ddc_dzo_01658,Romeo,-1
ddc_dzo_07297,Romeo,11
ddc_dzo_02837,Romeo,11
ddc_dzo_02580,Romeo,11
ddc_dzo_01147,Romeo,11
ddc_dzo_02418,Romeo,11
ddc_dzo_02207,Romeo,11
ddc_dzo_04298,Romeo,11
ddc_dzo_08885,Romeo,11
ddc_dzo_06280,Romeo,11
ddc_dzo_03721,Romeo,11
ddc_dzo_08905,Romeo,11
ddc_dzo_02759,Romeo,11
ddc_dzo_01505,Romeo,11
ddc_dzo_09122,Romeo,11
ddc_dzo_02063,Romeo,11
ddc_dzo_07031,Romeo,11
ddc_dzo_08048,Romeo,11
ddc_dzo_02983,Romeo,11
ddc_dzo_07639,Romeo,11
ddc_dzo_09040,Romeo,11
ddc_dzo_01287,Romeo,11
ddc_dzo_02913,Romeo,11
ddc_dzo_01565,Romeo,11
ddc_dzo_00184,Romeo,11
ddc_dzo_07393,Romeo,11
ddc_dzo_01131,Romeo,11
ddc_dzo_02361,Romeo,11
ddc_dzo_03275,Romeo,11
ddc_dzo_02268,Romeo,11
ddc_dzo_07702,Romeo,11
ddc_dzo_06304,Romeo,11
ddc_dzo_06156,Romeo,11
ddc_dzo_02890,Romeo,11
ddc_dzo_08974,Romeo,11
ddc_dzo_09901,Romeo,11
ddc_dzo_09558,Romeo,11
ddc_dzo_05070,Romeo,11
ddc_dzo_03715,Romeo,11
ddc_dzo_04446,Romeo,11
ddc_dzo_01210,Romeo,11
ddc_dzo_03883,Romeo,-1
ddc_dzo_09811,Romeo,11
ddc_dzo_04901,Romeo,11
ddc_dzo_02841,Romeo,11
ddc_dzo_08052,Romeo,11
ddc_dzo_08510,Romeo,11
ddc_dzo_03461,Romeo,11
ddc_dzo_07055,Romeo,11
ddc_dzo_02241,Romeo,11
ddc_dzo_00436,Romeo,11
ddc_dzo_08354,Romeo,11
ddc_dzo_06406,Romeo,11
ddc_dzo_00359,Romeo,11
ddc_dzo_07173,Romeo,11
ddc_dzo_00117,Romeo,11
ddc_dzo_08431,Romeo,11
ddc_dzo_07940,Romeo,11
ddc_dzo_07726,Romeo,11
ddc_dzo_08141,Romeo,11
ddc_dzo_00208,Romeo,11
