audio_id,prediction,decision_score
ddc_dzo_08114,Romeo,2.6297072497866854
ddc_dzo_04672,Romeo,2.6064235953416697
ddc_dzo_06132,Romeo,2.603677243281524
ddc_dzo_06480,Romeo,2.600981105286257
ddc_dzo_00428,Romeo,2.584610230269313
ddc_dzo_02739,Romeo,2.583736196697106
ddc_dzo_07694,Romeo,2.5715516095102964
ddc_dzo_07106,Romeo,2.5322478968828075
ddc_dzo_00514,Romeo,2.5258844663270006
ddc_dzo_01903,Romeo,2.5039116922531024
ddc_dzo_01419,Romeo,2.496414806049677
ddc_dzo_06191,Romeo,2.48250318619784
ddc_dzo_06048,Romeo,2.4814918320564385
ddc_dzo_02311,Romeo,2.4773040387850673
ddc_dzo_09592,Romeo,2.4737653816267815
ddc_dzo_08984,Romeo,2.459389556770412
ddc_dzo_06179,Romeo,2.453352951564341
ddc_dzo_00200,Romeo,2.4376633703288824
ddc_dzo_09008,Romeo,2.4252328667408225
ddc_dzo_00209,Romeo,2.4249143401281654
ddc_dzo_02368,Romeo,2.4223808471487964
ddc_dzo_04686,Romeo,2.4197814431752636
ddc_dzo_06835,Romeo,2.4177090999483326
ddc_dzo_03441,Romeo,2.4152026430017446
ddc_dzo_05596,Romeo,2.4145774005063076
ddc_dzo_07276,Romeo,2.411053243797909
ddc_dzo_04696,Romeo,2.407773382311008
ddc_dzo_02223,Romeo,2.4076791126311607
ddc_dzo_05924,Romeo,2.402525063347805
ddc_dzo_00163,Romeo,2.400783118159621
ddc_dzo_08232,Romeo,2.3988803107484755
ddc_dzo_00118,Romeo,2.385517060460657
ddc_dzo_06838,Romeo,2.3845110821895785
ddc_dzo_04685,Romeo,2.382976310016109
ddc_dzo_06928,Romeo,2.3815322589544343
ddc_dzo_02592,Romeo,2.37999609670986
ddc_dzo_03258,Romeo,2.3753175685671803
ddc_dzo_00647,Romeo,2.3695530780675393
ddc_dzo_00332,Romeo,2.3689711588747406
ddc_dzo_04215,Romeo,2.3641016232211993
ddc_dzo_00336,Romeo,2.3520630845106005
ddc_dzo_06176,Romeo,2.3506069096183078
ddc_dzo_01389,Romeo,2.349420947075356
ddc_dzo_02183,Romeo,2.337295308747783
ddc_dzo_04442,Romeo,2.3349253394205274
ddc_dzo_03406,Romeo,2.3311499870528776
ddc_dzo_06366,Romeo,2.3301852571006707
ddc_dzo_00511,Romeo,2.325146506081285
ddc_dzo_06502,Romeo,2.321462859681701
ddc_dzo_06305,Romeo,2.3206245413425917
ddc_dzo_02436,Romeo,2.3195120812581536
ddc_dzo_02708,Romeo,2.3157553290663326
ddc_dzo_07794,Romeo,2.304421804294589
ddc_dzo_06774,Romeo,2.2992997010950136
ddc_dzo_00924,Romeo,2.2973754678903897
ddc_dzo_05323,Romeo,2.295626055705517
ddc_dzo_08469,Romeo,2.2886527417574443
ddc_dzo_06584,Romeo,2.2841387608483164
ddc_dzo_02481,Romeo,2.283548855713047
ddc_dzo_00777,Romeo,2.2784142776255067
ddc_dzo_04722,Romeo,2.2783025031149555
ddc_dzo_02718,Romeo,2.2765316530307396
ddc_dzo_06234,Romeo,2.275718257088191
ddc_dzo_02834,Romeo,2.274475742137076
ddc_dzo_08621,Romeo,2.2720687034021507
ddc_dzo_01065,Romeo,2.2718854141990823
ddc_dzo_07043,Romeo,2.2701106982794124
ddc_dzo_01875,Romeo,2.2657606593752964
ddc_dzo_01685,Romeo,2.2619111953717157
ddc_dzo_01761,Romeo,2.2611217366920116
ddc_dzo_05420,Romeo,2.2602730972521643
ddc_dzo_07698,Romeo,2.258376240537994
ddc_dzo_00822,Romeo,2.257064122284846
ddc_dzo_04974,Romeo,2.2556551127188578
ddc_dzo_01056,Romeo,2.2544418557943224
ddc_dzo_02153,Romeo,2.248544812443889
ddc_dzo_07746,Romeo,2.239537389118737
ddc_dzo_08608,Romeo,2.2374432096698103
ddc_dzo_02627,Romeo,2.236345483876257
ddc_dzo_07079,Romeo,2.2360712863455783
ddc_dzo_07057,Romeo,2.2324353810096507
ddc_dzo_08193,Romeo,2.229324643400305
ddc_dzo_06178,Romeo,2.2277878896048295
ddc_dzo_06918,Romeo,2.227709735439202
ddc_dzo_00416,Romeo,2.227317511872076
ddc_dzo_02785,Romeo,2.2268962206837926
ddc_dzo_09865,Romeo,2.224718739598083
ddc_dzo_01233,Romeo,2.2195232981524935
ddc_dzo_06984,Romeo,2.218367468983034
ddc_dzo_06600,Romeo,2.218263877141687
ddc_dzo_00927,Romeo,2.2169660608296455
ddc_dzo_00376,Romeo,2.2157591919288953
ddc_dzo_02832,Romeo,2.209856632477715
ddc_dzo_01859,Romeo,2.2077250272553703
ddc_dzo_06767,Romeo,2.202507963815513
ddc_dzo_09679,Romeo,2.202104304647639
ddc_dzo_00186,Romeo,2.2020397440425095
ddc_dzo_08915,Romeo,2.2010168577996088
ddc_dzo_09698,Romeo,2.1996347438292276
ddc_dzo_02095,Romeo,2.1984333462961207
ddc_dzo_03026,Romeo,2.1982350390391234
ddc_dzo_05018,Romeo,2.1944130869531246
ddc_dzo_02898,Romeo,2.1923665404093913
ddc_dzo_01217,Romeo,2.1871705798176038
ddc_dzo_07993,Romeo,2.186990817735326
ddc_dzo_08304,Romeo,2.186869662106847
ddc_dzo_00129,Romeo,2.1845034643646373
ddc_dzo_00139,Romeo,2.1801005929822126
ddc_dzo_01748,Romeo,2.1799267940825016
ddc_dzo_08937,Romeo,2.179460634031926
ddc_dzo_06389,Romeo,2.1780606461439675
ddc_dzo_00426,Romeo,2.1763637606079587
ddc_dzo_02579,Romeo,2.1760793817870394
ddc_dzo_00357,Romeo,2.1756946442359997
ddc_dzo_04822,Romeo,2.173000283708056
ddc_dzo_06173,Romeo,2.1705874173367072
ddc_dzo_08375,Romeo,2.1664484838679963
ddc_dzo_03335,Romeo,2.16483711794062
ddc_dzo_02695,Romeo,2.16409911102785
ddc_dzo_05476,Romeo,2.162905078597964
ddc_dzo_06901,Romeo,2.161590518748434
ddc_dzo_02292,Romeo,2.1605679556431534
ddc_dzo_00644,Romeo,2.1586268811588307
ddc_dzo_06697,Romeo,2.1581162921827777
ddc_dzo_03068,Romeo,2.1556702631481564
ddc_dzo_05895,Romeo,2.152907816031612
ddc_dzo_01530,Romeo,2.1528746483713954
ddc_dzo_06738,Romeo,2.1515330220818996
ddc_dzo_05307,Romeo,2.149590397053098
ddc_dzo_08081,Romeo,2.1488532402555793
ddc_dzo_05468,Romeo,2.1484624724753587
ddc_dzo_00661,Romeo,2.1479391117418114
ddc_dzo_09937,Romeo,2.1447781598638915
ddc_dzo_03043,Romeo,2.1447478733875576
ddc_dzo_00472,Romeo,2.1441046394055947
ddc_dzo_03357,Romeo,2.143070772110362
ddc_dzo_00380,Romeo,2.141680041445078
ddc_dzo_02653,Romeo,2.141412410364094
ddc_dzo_08758,Romeo,2.1371763960316357
ddc_dzo_07051,Romeo,2.136266385387611
ddc_dzo_04731,Romeo,2.1362184487868943
ddc_dzo_05183,Romeo,2.135766786867313
ddc_dzo_08162,Romeo,2.1333448494544855
ddc_dzo_09656,Romeo,2.1332564056072263
ddc_dzo_02069,Romeo,2.129918751272678
ddc_dzo_08600,Romeo,2.128466947646647
ddc_dzo_00600,Romeo,2.1277408499115786
ddc_dzo_00277,Romeo,2.1276127552047224
ddc_dzo_08804,Romeo,2.1271077093175967
ddc_dzo_04081,Romeo,2.125452236214079
ddc_dzo_08324,Romeo,2.124558940538824
ddc_dzo_08669,Romeo,2.123656085870871
ddc_dzo_07762,Romeo,2.122276097905601
ddc_dzo_04834,Romeo,2.1220468169313857
ddc_dzo_09546,Romeo,2.1196853359289713
ddc_dzo_02453,Romeo,2.1116794103075756
ddc_dzo_06801,Romeo,2.111477162129814
ddc_dzo_06855,Romeo,2.1087646482600926
ddc_dzo_01453,Romeo,2.1081585183495837
ddc_dzo_03882,Romeo,2.1034856012152914
ddc_dzo_06373,Romeo,2.1020460462518
ddc_dzo_02042,Romeo,2.100850464934249
ddc_dzo_03237,Romeo,2.0966696573317884
ddc_dzo_01063,Romeo,2.0959374257179517
ddc_dzo_01799,Romeo,2.0931755672987062
ddc_dzo_06854,Romeo,2.0923750054843318
ddc_dzo_07153,Romeo,2.0885480837845645
ddc_dzo_00047,Romeo,2.0879832433632033
ddc_dzo_04105,Romeo,2.0878035203663896
ddc_dzo_04655,Romeo,2.086339260312424
ddc_dzo_02517,Romeo,2.085202177249603
ddc_dzo_00703,Romeo,2.0819448494357835
ddc_dzo_06734,Romeo,2.0812167596885294
ddc_dzo_00727,Romeo,2.0809845379746177
ddc_dzo_07039,Romeo,2.0792182145479923
ddc_dzo_05324,Romeo,2.0784935024392666
ddc_dzo_08146,Romeo,2.073390121739818
ddc_dzo_08914,Romeo,2.073122563662676
ddc_dzo_08348,Romeo,2.0724610461238817
ddc_dzo_00629,Romeo,2.070655733817997
ddc_dzo_01891,Romeo,2.069023572109732
ddc_dzo_07122,Romeo,2.067484696344416
ddc_dzo_03227,Romeo,2.063930950462832
ddc_dzo_05425,Romeo,2.062319978216172
ddc_dzo_06200,Romeo,2.059956730968072
ddc_dzo_04555,Romeo,2.0596454127963493
ddc_dzo_02713,Romeo,2.0576608359911113
ddc_dzo_05114,Romeo,2.057482118041599
ddc_dzo_00974,Romeo,2.057333506126068
ddc_dzo_00293,Romeo,2.056425243502639
ddc_dzo_01703,Romeo,2.0548263900070975
ddc_dzo_05742,Romeo,2.0538160355914092
ddc_dzo_00649,Romeo,2.050403516168631
ddc_dzo_02847,Romeo,2.0470767641112095
ddc_dzo_06183,Romeo,2.0460445619662293
ddc_dzo_02975,Romeo,2.0443382229520783
ddc_dzo_07816,Romeo,2.0430117451383065
ddc_dzo_06630,Romeo,2.0425130015741755
ddc_dzo_02416,Romeo,2.0421945202642777
ddc_dzo_07369,Romeo,2.04169355017353
ddc_dzo_01104,Romeo,2.041570161032625
ddc_dzo_08090,Romeo,2.0400395263471665
ddc_dzo_05495,Romeo,2.0359553487272954
ddc_dzo_04918,Romeo,2.0353772400773216
ddc_dzo_02493,Romeo,2.034987180769379
ddc_dzo_09559,Romeo,2.0333128025711416
ddc_dzo_01581,Romeo,2.032249869526418
ddc_dzo_04766,Romeo,2.0308172153139203
ddc_dzo_02662,Romeo,2.0306518381835845
ddc_dzo_06768,Romeo,2.030503581360945
ddc_dzo_02105,Romeo,2.0295971919547657
ddc_dzo_06792,Romeo,2.0294974586950123
ddc_dzo_08103,Romeo,2.0272427709675247
ddc_dzo_09880,Romeo,2.0261087555961144
ddc_dzo_01951,Romeo,2.02486281756991
ddc_dzo_05390,Romeo,2.0238740105240405
ddc_dzo_05010,Romeo,2.020974051243479
ddc_dzo_02407,Romeo,2.0199349200550327
ddc_dzo_03164,Romeo,2.0195780926665483
ddc_dzo_00551,Romeo,2.0192300616658247
ddc_dzo_03574,Romeo,2.0189344236266926
ddc_dzo_07939,Romeo,2.016073553960534
ddc_dzo_02402,Romeo,2.0160121577454055
ddc_dzo_00768,Romeo,2.0158581826918205
ddc_dzo_04118,Romeo,2.0149417595226184
ddc_dzo_07695,Romeo,2.013302249242155
ddc_dzo_00385,Romeo,2.01274569585211
ddc_dzo_06559,Romeo,2.011370957045061
ddc_dzo_01501,Romeo,2.010639251938767
ddc_dzo_00622,Romeo,2.010347807664801
ddc_dzo_09613,Romeo,2.0102193878888652
ddc_dzo_08074,Romeo,2.009547379083557
ddc_dzo_09625,Romeo,2.007813137276929
ddc_dzo_08423,Romeo,2.007693194498886
ddc_dzo_03313,Romeo,2.006581990834397
ddc_dzo_02771,Romeo,2.005579517422118
ddc_dzo_07797,Romeo,2.0044225997843785
ddc_dzo_07660,Romeo,2.003459362195377
ddc_dzo_08321,Romeo,2.000552708893978
ddc_dzo_05419,Romeo,1.998739211471913
ddc_dzo_01657,Romeo,1.9971109613414688
ddc_dzo_00908,Romeo,1.9966074417069617
ddc_dzo_08280,Romeo,1.9959395755984652
ddc_dzo_09172,Romeo,1.995429571103576
ddc_dzo_04872,Romeo,1.9952700029944967
ddc_dzo_09052,Romeo,1.995126112858919
ddc_dzo_02494,Romeo,1.9935267596014148
ddc_dzo_00554,Romeo,1.9934459018856998
ddc_dzo_09396,Romeo,1.9934120058952929
ddc_dzo_09234,Romeo,1.993078989552734
ddc_dzo_01436,Romeo,1.9923329763402582
ddc_dzo_03103,Romeo,1.9914855514920564
ddc_dzo_01292,Romeo,1.9912120378072222
ddc_dzo_09464,Romeo,1.9889275196817837
ddc_dzo_09886,Romeo,1.9876669771305413
ddc_dzo_06818,Romeo,1.9854185640490765
ddc_dzo_08854,Romeo,1.9846681210083053
ddc_dzo_08456,Romeo,1.982945508492993
ddc_dzo_08591,Romeo,1.9828215005104974
ddc_dzo_07313,Romeo,1.9825968291753138
ddc_dzo_09018,Romeo,1.9823596781378554
ddc_dzo_00116,Romeo,1.9820311292384702
ddc_dzo_09985,Romeo,1.9794771459407832
ddc_dzo_08532,Romeo,1.9794419774441758
ddc_dzo_07889,Romeo,1.977382337480453
ddc_dzo_05815,Romeo,1.976476499741533
ddc_dzo_01955,Romeo,1.9764439384420434
ddc_dzo_07820,Romeo,1.9750602376889406
ddc_dzo_08544,Romeo,1.9744676714364937
ddc_dzo_02339,Romeo,1.974311072708899
ddc_dzo_03709,Romeo,1.9735916005115346
ddc_dzo_07498,Romeo,1.9729273708957313
ddc_dzo_01480,Romeo,1.9726083692122627
ddc_dzo_01345,Romeo,1.9711984986996125
ddc_dzo_03993,Romeo,1.971109586141241
ddc_dzo_01290,Romeo,1.9701711191767384
ddc_dzo_00174,Romeo,1.9701259866086787
ddc_dzo_05746,Romeo,1.9697169136973862
ddc_dzo_02639,Romeo,1.9693468461558483
ddc_dzo_03438,Romeo,1.9689086306708177
ddc_dzo_02222,Romeo,1.967567079831639
ddc_dzo_07716,Romeo,1.966251451231504
ddc_dzo_03445,Romeo,1.9658950669644666
ddc_dzo_07628,Romeo,1.9652485116774687
ddc_dzo_09446,Romeo,1.964216622757759
ddc_dzo_03638,Romeo,1.9638021013890903
ddc_dzo_09585,Romeo,1.9622572011799262
ddc_dzo_08367,Romeo,1.9617310438173998
ddc_dzo_09931,Romeo,1.9612409678756837
ddc_dzo_05841,Romeo,1.9594962773065179
ddc_dzo_02199,Romeo,1.9585036406024412
ddc_dzo_00589,Romeo,1.957906426024191
ddc_dzo_07935,Romeo,1.9575225308799076
ddc_dzo_07209,Romeo,1.9555451681567497
ddc_dzo_00674,Romeo,1.9545239875394946
ddc_dzo_08063,Romeo,1.9544628987960064
ddc_dzo_04942,Romeo,1.9534125820929296
ddc_dzo_01416,Romeo,1.9513218451773127
ddc_dzo_03386,Romeo,1.9508270474930862
ddc_dzo_06737,Romeo,1.9501828888520878
ddc_dzo_02659,Romeo,1.9493095586773896
ddc_dzo_03949,Romeo,1.947685348141846
ddc_dzo_00958,Romeo,1.945850342638404
ddc_dzo_09804,Romeo,1.945080843230977
ddc_dzo_02234,Romeo,1.9432718161821518
ddc_dzo_01667,Romeo,1.9426741230426159
ddc_dzo_09070,Romeo,1.9422591907058262
ddc_dzo_05972,Romeo,1.9421200017019906
ddc_dzo_00770,Romeo,1.9386712714283738
ddc_dzo_02489,Romeo,1.937731713272361
ddc_dzo_07529,Romeo,1.9373062094547011
ddc_dzo_04146,Romeo,1.9356603584258592
ddc_dzo_04213,Romeo,1.9353945621146762
ddc_dzo_01504,Romeo,1.9353610074577046
ddc_dzo_00803,Romeo,1.933560892087379
ddc_dzo_06223,Romeo,1.931681989232294
ddc_dzo_03334,Romeo,1.9315374143353834
ddc_dzo_07969,Romeo,1.928424597719192
ddc_dzo_06375,Romeo,1.9281120350337155
ddc_dzo_00445,Romeo,1.9278401598488615
ddc_dzo_03942,Romeo,1.9277896357186184
ddc_dzo_05573,Romeo,1.9270448384212084
ddc_dzo_05702,Romeo,1.9244372911714827
ddc_dzo_00518,Romeo,1.924047728595176
ddc_dzo_06539,Romeo,1.9229526876505316
ddc_dzo_08824,Romeo,1.9210157717301541
ddc_dzo_06963,Romeo,1.9196695422462913
ddc_dzo_02217,Romeo,1.919229112573675
ddc_dzo_05383,Romeo,1.9185627565527077
ddc_dzo_04173,Romeo,1.917980099590228
ddc_dzo_06959,Romeo,1.9109280065710217
ddc_dzo_08955,Romeo,1.910802165187556
ddc_dzo_00895,Romeo,1.9106144711948647
ddc_dzo_02365,Romeo,1.9087950824565807
ddc_dzo_05529,Romeo,1.9087045280740607
ddc_dzo_00732,Romeo,1.9084973378864682
ddc_dzo_03322,Romeo,1.9070993813646742
ddc_dzo_00513,Romeo,1.9068487670907706
ddc_dzo_00858,Romeo,1.906159272772738
ddc_dzo_09271,Romeo,1.9054111974895696
ddc_dzo_05485,Romeo,1.9036905747140511
ddc_dzo_04676,Romeo,1.9034194616793734
ddc_dzo_03331,Romeo,1.90298998151846
ddc_dzo_02828,Romeo,1.9025970633606528
ddc_dzo_06341,Romeo,1.9025681389838631
ddc_dzo_01618,Romeo,1.9005617875964176
ddc_dzo_05845,Romeo,1.8940842076053093
ddc_dzo_02480,Romeo,1.8935621600798078
ddc_dzo_06977,Romeo,1.893158473898763
ddc_dzo_09836,Romeo,1.8927920114985475
ddc_dzo_03291,Romeo,1.8925122361765045
ddc_dzo_03032,Romeo,1.8915750717809003
ddc_dzo_01160,Romeo,1.8914440965458952
ddc_dzo_00989,Romeo,1.891206888328826
ddc_dzo_05058,Romeo,1.8910410532052153
ddc_dzo_00632,Romeo,1.89095743838253
ddc_dzo_05522,Romeo,1.8900658572544797
ddc_dzo_03303,Romeo,1.8897424585268876
ddc_dzo_09765,Romeo,1.8873473274803474
ddc_dzo_03149,Romeo,1.8871354137321834
ddc_dzo_00400,Romeo,1.8851009920146486
ddc_dzo_08696,Romeo,1.8798727799055643
ddc_dzo_06396,Romeo,1.878768874760849
ddc_dzo_09409,Romeo,1.877677498453136
ddc_dzo_03131,Romeo,1.8773341754183055
ddc_dzo_00755,Romeo,1.876170150269195
ddc_dzo_01226,Romeo,1.8760436314478355
ddc_dzo_00577,Romeo,1.8739698754532452
ddc_dzo_03343,Romeo,1.8726615317741917
ddc_dzo_06746,Romeo,1.8723055128678676
ddc_dzo_07074,Romeo,1.871123207452237
ddc_dzo_01493,Romeo,1.8707448535512974
ddc_dzo_03810,Romeo,1.8705223522151857
ddc_dzo_01502,Romeo,1.8701098801492586
ddc_dzo_07733,Romeo,1.8699389587858297
ddc_dzo_02286,Romeo,1.8688877238746686
ddc_dzo_07108,Romeo,1.868832510745146
ddc_dzo_05011,Romeo,1.867095105347306
ddc_dzo_05995,Romeo,1.8669496564065726
ddc_dzo_00953,Romeo,1.8665240215414864
ddc_dzo_03329,Romeo,1.865809295672289
ddc_dzo_05967,Romeo,1.863743559858078
ddc_dzo_09766,Romeo,1.8635148479547907
ddc_dzo_09807,Romeo,1.8631853800074314
ddc_dzo_06916,Romeo,1.8628982933316158
ddc_dzo_01395,Romeo,1.8617851698175767
ddc_dzo_07054,Romeo,1.8615534086826964
ddc_dzo_02262,Romeo,1.8572826882620612
ddc_dzo_03683,Romeo,1.8569334513565248
ddc_dzo_02936,Romeo,1.8558114591731982
ddc_dzo_01271,Romeo,1.8556837299207354
ddc_dzo_07840,Romeo,1.8554697838965875
ddc_dzo_01986,Romeo,1.8553494402532182
ddc_dzo_00901,Romeo,1.8535288656709157
ddc_dzo_06368,Romeo,1.8534582751689044
ddc_dzo_06208,Romeo,1.8516125475878202
ddc_dzo_09455,Romeo,1.850563518566608
ddc_dzo_08346,Romeo,1.8494632950141416
ddc_dzo_08655,Romeo,1.8488015304145509
ddc_dzo_07607,Romeo,1.8484988613218292
ddc_dzo_05872,Romeo,1.8482494760133572
ddc_dzo_00507,Romeo,1.8478406596466828
ddc_dzo_06504,Romeo,1.8472688352056936
ddc_dzo_07225,Romeo,1.8472556261205724
ddc_dzo_00541,Romeo,1.8445016038183537
ddc_dzo_00240,Romeo,1.8439221145266829
ddc_dzo_06356,Romeo,1.842533817231331
ddc_dzo_06508,Romeo,1.8417928325750994
ddc_dzo_04531,Romeo,1.8416529349665556
ddc_dzo_05411,Romeo,1.8405573614293589
ddc_dzo_00824,Romeo,1.8404329831967505
ddc_dzo_05483,Romeo,1.839715287195558
ddc_dzo_00952,Romeo,1.839123414654984
ddc_dzo_04652,Romeo,1.83901096061498
ddc_dzo_03053,Romeo,1.8371114050193986
ddc_dzo_05299,Romeo,1.8370706026755474
ddc_dzo_08446,Romeo,1.8342440829623636
ddc_dzo_09578,Romeo,1.834143878319173
ddc_dzo_05017,Romeo,1.8340301985074237
ddc_dzo_00052,Romeo,1.8339556583150909
ddc_dzo_01894,Romeo,1.8338997290848096
ddc_dzo_03897,Romeo,1.833819401953673
ddc_dzo_00451,Romeo,1.8331131946825252
ddc_dzo_01707,Romeo,1.832861368051924
ddc_dzo_01598,Romeo,1.8328240786268095
ddc_dzo_01024,Romeo,1.831398633199035
ddc_dzo_08830,Romeo,1.831326410759079
ddc_dzo_01005,Romeo,1.829180029180332
ddc_dzo_09846,Romeo,1.820865293297075
ddc_dzo_02675,Romeo,1.820572770814477
ddc_dzo_03770,Romeo,1.8202587264569035
ddc_dzo_04786,Romeo,1.8200082960322956
ddc_dzo_04989,Romeo,1.8195793863764242
ddc_dzo_00668,Romeo,1.8192620537934308
ddc_dzo_08631,Romeo,1.816602175907875
ddc_dzo_06065,Romeo,1.8148347669075133
ddc_dzo_06836,Romeo,1.8139519067282865
ddc_dzo_08580,Romeo,1.8129212359881057
ddc_dzo_00072,Romeo,1.8124341433472955
ddc_dzo_04448,Romeo,1.8117615589910123
ddc_dzo_05004,Romeo,1.8115581818702369
ddc_dzo_05709,Romeo,1.8102482991764712
ddc_dzo_04170,Romeo,1.8100398098439263
ddc_dzo_00493,Romeo,1.8083505333351773
ddc_dzo_03076,Romeo,1.8077938957836905
ddc_dzo_00308,Romeo,1.8073393738960912
ddc_dzo_02908,Romeo,1.8065146208288771
ddc_dzo_05288,Romeo,1.8054679723163654
ddc_dzo_06856,Romeo,1.805046445490892
ddc_dzo_06723,Romeo,1.804755685498364
ddc_dzo_09082,Romeo,1.804542568094484
ddc_dzo_07543,Romeo,1.804059380478761
ddc_dzo_06985,Romeo,1.8037149079342178
ddc_dzo_03046,Romeo,1.803276916920018
ddc_dzo_01324,Romeo,1.8021763029576032
ddc_dzo_06940,Romeo,1.7988545015494393
ddc_dzo_06182,Romeo,1.7968313198953298
ddc_dzo_05270,Romeo,1.7966165819261235
ddc_dzo_04700,Romeo,1.7960198678481643
ddc_dzo_04432,Romeo,1.7947715589071094
ddc_dzo_04254,Romeo,1.7944941243014476
ddc_dzo_06787,Romeo,1.7942631189767106
ddc_dzo_04889,Romeo,1.7942345291266597
ddc_dzo_02210,Romeo,1.7941105399207968
ddc_dzo_01940,Romeo,1.7940835540856774
ddc_dzo_08775,Romeo,1.7940748333842933
ddc_dzo_07683,Romeo,1.7927407991053381
ddc_dzo_01372,Romeo,1.7920902044303446
ddc_dzo_02741,Romeo,1.7906456831158999
ddc_dzo_03054,Romeo,1.790294100744688
ddc_dzo_02143,Romeo,1.789246836765578
ddc_dzo_08266,Romeo,1.7888976764826623
ddc_dzo_07787,Romeo,1.7876152022184169
ddc_dzo_07445,Romeo,1.7860377316726632
ddc_dzo_09847,Romeo,1.785912041742654
ddc_dzo_02833,Romeo,1.7832887995659004
ddc_dzo_08594,Romeo,1.783095834328087
ddc_dzo_02711,Romeo,1.782367483162044
ddc_dzo_06718,Romeo,1.7817965510026
ddc_dzo_00149,Romeo,1.7808678006492067
ddc_dzo_08971,Romeo,1.7808528994315354
ddc_dzo_03752,Romeo,1.7808321786314485
ddc_dzo_01694,Romeo,1.7802819419313174
ddc_dzo_04518,Romeo,1.7791939615725387
ddc_dzo_00465,Romeo,1.7762132152871248
ddc_dzo_05603,Romeo,1.7754932229132567
ddc_dzo_06883,Romeo,1.7730526492179122
ddc_dzo_02291,Romeo,1.7719012444355484
ddc_dzo_09242,Romeo,1.769967642619239
ddc_dzo_08661,Romeo,1.7684505450115378
ddc_dzo_01974,Romeo,1.7676867773603226
ddc_dzo_01552,Romeo,1.7676027804677767
ddc_dzo_03004,Romeo,1.767289358761614
ddc_dzo_06961,Romeo,1.7671224324272314
ddc_dzo_06935,Romeo,1.7662407643510223
ddc_dzo_07423,Romeo,1.7658116389359684
ddc_dzo_07924,Romeo,1.7647467787874276
ddc_dzo_00409,Romeo,1.7642145938379423
ddc_dzo_08001,Romeo,1.7634558439521286
ddc_dzo_05145,Romeo,1.762932615291533
ddc_dzo_00583,Romeo,1.7619979245223303
ddc_dzo_08286,Romeo,1.7600336393016067
ddc_dzo_08169,Romeo,1.7599209727893532
ddc_dzo_09616,Romeo,1.7593817963367933
ddc_dzo_02282,Romeo,1.7593757975825493
ddc_dzo_09514,Romeo,1.7571034753777606
ddc_dzo_04900,Romeo,1.7567281740234795
ddc_dzo_09421,Romeo,1.7564558491729745
ddc_dzo_00610,Romeo,1.7557727372013217
ddc_dzo_03431,Romeo,1.7556162149516363
ddc_dzo_02433,Romeo,1.7545763273502613
ddc_dzo_02524,Romeo,1.7536383827243336
ddc_dzo_02671,Romeo,1.7527811168658385
ddc_dzo_07654,Romeo,1.7517089162918835
ddc_dzo_05178,Romeo,1.751568439596043
ddc_dzo_01357,Romeo,1.7511147291633637
ddc_dzo_06313,Romeo,1.7496337026610247
ddc_dzo_03793,Romeo,1.7496231276845604
ddc_dzo_03964,Romeo,1.7490148761595088
ddc_dzo_03093,Romeo,1.7463933324979748
ddc_dzo_07293,Romeo,1.7462579168171501
ddc_dzo_04820,Romeo,1.7456787545961099
ddc_dzo_04339,Romeo,1.7439588318105477
ddc_dzo_02132,Romeo,1.742135535581078
ddc_dzo_02884,Romeo,1.7416703139813312
ddc_dzo_09859,Romeo,1.741656888708044
ddc_dzo_07578,Romeo,1.7404156243194193
ddc_dzo_02314,Romeo,1.7389569174862953
ddc_dzo_06435,Romeo,1.738708467100032
ddc_dzo_03129,Romeo,1.7374265609023491
ddc_dzo_06852,Romeo,1.7361326863407491
ddc_dzo_02915,Romeo,1.7348018269114007
ddc_dzo_02380,Romeo,1.7342792606065571
ddc_dzo_01189,Romeo,1.733520951118956
ddc_dzo_07776,Romeo,1.7333343829684549
ddc_dzo_04345,Romeo,1.7324005523855832
ddc_dzo_00801,Romeo,1.7309689312412986
ddc_dzo_07930,Romeo,1.730255816284521
ddc_dzo_07094,Romeo,1.7301646381818565
ddc_dzo_04223,Romeo,1.7300432246223187
ddc_dzo_09292,Romeo,1.7300228979693246
ddc_dzo_00278,Romeo,1.730006698825259
ddc_dzo_08962,Romeo,1.7299520521802476
ddc_dzo_06330,Romeo,1.7297892391130034
ddc_dzo_06609,Romeo,1.7289154504599953
ddc_dzo_03233,Romeo,1.7273404461726494
ddc_dzo_04021,Romeo,1.7273239803217066
ddc_dzo_07811,Romeo,1.7266518190862912
ddc_dzo_07194,Romeo,1.7262765885238949
ddc_dzo_03533,Romeo,1.7260938769339065
ddc_dzo_08373,Romeo,1.7245871448468875
ddc_dzo_05914,Romeo,1.7235583147085491
ddc_dzo_02084,Romeo,1.7220717768305507
ddc_dzo_02996,Romeo,1.7209586943843895
ddc_dzo_03811,Romeo,1.7205237906212636
ddc_dzo_04249,Romeo,1.7177937778961816
ddc_dzo_04329,Romeo,1.7164938571192963
ddc_dzo_01120,Romeo,1.7117097271752453
ddc_dzo_09768,Romeo,1.709597941456717
ddc_dzo_05382,Romeo,1.7067612423205185
ddc_dzo_03879,Romeo,1.706157422409638
ddc_dzo_04633,Romeo,1.705767654831285
ddc_dzo_09276,Romeo,1.703908353423924
ddc_dzo_03022,Romeo,1.7012520153090982
ddc_dzo_05543,Romeo,1.7000364437244628
ddc_dzo_02764,Romeo,1.6998655658152075
ddc_dzo_05866,Romeo,1.6994017265960224
ddc_dzo_07456,Romeo,1.6990519061851077
ddc_dzo_04778,Romeo,1.6987029250394299
ddc_dzo_05525,Romeo,1.6978939443444108
ddc_dzo_05730,Romeo,1.6962386101840785
ddc_dzo_01627,Romeo,1.6954615679257095
ddc_dzo_07920,Romeo,1.6950412505821846
ddc_dzo_03448,Romeo,1.6946330985540898
ddc_dzo_01688,Romeo,1.6934470454319976
ddc_dzo_08483,Romeo,1.6900512957228675
ddc_dzo_09793,Romeo,1.6896966921992096
ddc_dzo_08785,Romeo,1.6892145516749446
ddc_dzo_06637,Romeo,1.688495630873803
ddc_dzo_04564,Romeo,1.6869938853136905
ddc_dzo_04793,Romeo,1.6864183552017766
ddc_dzo_09758,Romeo,1.684040260540657
ddc_dzo_03634,Romeo,1.6828925988945662
ddc_dzo_05260,Romeo,1.6815745012344179
ddc_dzo_00902,Romeo,1.6810692687067132
ddc_dzo_00109,Romeo,1.6798355600387587
ddc_dzo_03698,Romeo,1.679683614310679
ddc_dzo_00761,Romeo,1.6786272946297895
ddc_dzo_01763,Romeo,1.6781909758768125
ddc_dzo_07005,Romeo,1.6770696178256341
ddc_dzo_09795,Romeo,1.676782033637882
ddc_dzo_03706,Romeo,1.6741084083872368
ddc_dzo_06710,Romeo,1.6740696787300484
ddc_dzo_03728,Romeo,1.6740357572457234
ddc_dzo_01536,Romeo,1.6737264731580526
ddc_dzo_03671,Romeo,1.6714900585390424
ddc_dzo_02140,Romeo,1.6712676794162853
ddc_dzo_02645,Romeo,1.6711956583647485
ddc_dzo_03412,Romeo,1.6688698072153167
ddc_dzo_02450,Romeo,1.6684364756213914
ddc_dzo_06060,Romeo,1.667366658280292
ddc_dzo_09660,Romeo,1.6669366858412675
ddc_dzo_05556,Romeo,1.6662526146757175
ddc_dzo_07967,Romeo,1.6660150918114094
ddc_dzo_01776,Romeo,1.665636887758403
ddc_dzo_01770,Romeo,1.6652453411668051
ddc_dzo_06958,Romeo,1.6627303914164964
ddc_dzo_07558,Romeo,1.6623029462334316
ddc_dzo_06365,Romeo,1.6621503233797408
ddc_dzo_04592,Romeo,1.661486356086006
ddc_dzo_00249,Romeo,1.6598081482419582
ddc_dzo_04802,Romeo,1.6593055440023052
ddc_dzo_09866,Romeo,1.6587362542070951
ddc_dzo_06844,Romeo,1.6585346171990851
ddc_dzo_02037,Romeo,1.6585019920294108
ddc_dzo_01917,Romeo,1.6581832542286326
ddc_dzo_07875,Romeo,1.658167865619761
ddc_dzo_06345,Romeo,1.6580566964250312
ddc_dzo_08553,Romeo,1.6570379727911364
ddc_dzo_01652,Romeo,1.6551944792806483
ddc_dzo_06525,Romeo,1.6550187021850429
ddc_dzo_07621,Romeo,1.6525544310669007
ddc_dzo_03700,Romeo,1.649920132946145
ddc_dzo_01434,Romeo,1.648693295109279
ddc_dzo_08152,Romeo,1.6482611693506166
ddc_dzo_05069,Romeo,1.646029538861513
ddc_dzo_09693,Romeo,1.6457956615884601
ddc_dzo_09926,Romeo,1.6456275731866605
ddc_dzo_06410,Romeo,1.6449991200696115
ddc_dzo_06110,Romeo,1.6449845085406416
ddc_dzo_08782,Romeo,1.642234416015158
ddc_dzo_04541,Romeo,1.6414111250020993
ddc_dzo_07923,Romeo,1.6398918058008305
ddc_dzo_08481,Romeo,1.6397331724386988
ddc_dzo_01208,Romeo,1.6388894431749907
ddc_dzo_08131,Romeo,1.6387120647506423
ddc_dzo_00987,Romeo,1.6387113417079264
ddc_dzo_01052,Romeo,1.6358427719035051
ddc_dzo_00663,Romeo,1.6351599282989022
ddc_dzo_03415,Romeo,1.6349491496145987
ddc_dzo_06565,Romeo,1.6346025571033194
ddc_dzo_06136,Romeo,1.6335909541632263
ddc_dzo_08687,Romeo,1.6330495841454726
ddc_dzo_02279,Romeo,1.6318447353886971
ddc_dzo_05533,Romeo,1.631348376077581
ddc_dzo_04017,Romeo,1.6303999333787014
ddc_dzo_00851,Romeo,1.6297640037873868
ddc_dzo_09797,Romeo,1.6295266910249266
ddc_dzo_04954,Romeo,1.628927448765411
ddc_dzo_03729,Romeo,1.6285032352759574
ddc_dzo_07231,Romeo,1.6280540416498834
ddc_dzo_09248,Romeo,1.6276925553638713
ddc_dzo_05748,Romeo,1.6258840742295544
ddc_dzo_02644,Romeo,1.6251282396020814
ddc_dzo_01525,Romeo,1.6237168305746468
ddc_dzo_03973,Romeo,1.6235087071549463
ddc_dzo_02233,Romeo,1.6229879415513517
ddc_dzo_01371,Romeo,1.6223951544845066
ddc_dzo_08184,Romeo,1.619795283925555
ddc_dzo_05257,Romeo,1.6194406536487043
ddc_dzo_09907,Romeo,1.6191661171544536
ddc_dzo_08287,Romeo,1.6189064692972404
ddc_dzo_00221,Romeo,1.6186717813274056
ddc_dzo_06868,Romeo,1.6184918749276216
ddc_dzo_04494,Romeo,1.6172150392056293
ddc_dzo_06665,Romeo,1.6170807636239655
ddc_dzo_08795,Romeo,1.6150554126012018
ddc_dzo_04449,Romeo,1.613521356433279
ddc_dzo_02030,Romeo,1.612030192470336
ddc_dzo_06266,Romeo,1.611381578085137
ddc_dzo_02341,Romeo,1.6088757725104752
ddc_dzo_00284,Romeo,1.6079007736623818
ddc_dzo_04520,Romeo,1.6074822129389328
ddc_dzo_06937,Romeo,1.6072040157246898
ddc_dzo_03763,Romeo,1.6064167992959737
ddc_dzo_01385,Romeo,1.6039451620130032
ddc_dzo_09028,Romeo,1.6026756509959992
ddc_dzo_07947,Romeo,1.6014112667806977
ddc_dzo_07972,Romeo,1.5999865005250273
ddc_dzo_03682,Romeo,1.5990438509253966
ddc_dzo_01788,Romeo,1.5984790392744215
ddc_dzo_05523,Romeo,1.5976213929532168
ddc_dzo_03360,Romeo,1.59736664781294
ddc_dzo_01634,Romeo,1.5961826642630523
ddc_dzo_01575,Romeo,1.5960306180420398
ddc_dzo_09231,Romeo,1.595820492517073
ddc_dzo_03672,Romeo,1.5953360321424404
ddc_dzo_03627,Romeo,1.5950353836916695
ddc_dzo_07037,Romeo,1.5942906252675795
ddc_dzo_03034,Romeo,1.5934529248302924
ddc_dzo_07324,Romeo,1.5905282883219498
ddc_dzo_07781,Romeo,1.5902639880152658
ddc_dzo_05689,Romeo,1.5898023318204357
ddc_dzo_04066,Romeo,1.5897074930693025
ddc_dzo_00319,Romeo,1.58887962400481
ddc_dzo_03905,Romeo,1.5874603516882497
ddc_dzo_05249,Romeo,1.5874186102579821
ddc_dzo_07652,Romeo,1.5858269709725454
ddc_dzo_03730,Romeo,1.5831778838983512
ddc_dzo_04226,Romeo,1.5827392128491191
ddc_dzo_06241,Romeo,1.581660263480345
ddc_dzo_05342,Romeo,1.5816480171567011
ddc_dzo_04738,Romeo,1.581103572400432
ddc_dzo_07395,Romeo,1.5797777686276846
ddc_dzo_04882,Romeo,1.577391339625163
ddc_dzo_07944,Romeo,1.577361700889662
ddc_dzo_09221,Romeo,1.5771601438557834
ddc_dzo_08505,Romeo,1.5758029034148138
ddc_dzo_02271,Romeo,1.574316649312859
ddc_dzo_09584,Romeo,1.5741540680365012
ddc_dzo_02755,Romeo,1.574050435497387
ddc_dzo_06070,Romeo,1.5739364735656254
ddc_dzo_04457,Romeo,1.5737031530423036
ddc_dzo_08832,Romeo,1.5725560320698257
ddc_dzo_05463,Romeo,1.571923920849672
ddc_dzo_04434,Romeo,1.5719142791571727
ddc_dzo_04689,Romeo,1.568940743584513
ddc_dzo_04804,Romeo,1.5688542435248465
ddc_dzo_05790,Romeo,1.5674476023166117
ddc_dzo_01959,Romeo,1.5672522908184074
ddc_dzo_01446,Romeo,1.5669886716097106
ddc_dzo_00842,Romeo,1.5644455491919178
ddc_dzo_04011,Romeo,1.5632329933849678
ddc_dzo_04396,Romeo,1.5618721764492332
ddc_dzo_00813,Romeo,1.5618478407262226
ddc_dzo_04657,Romeo,1.5613789015695416
ddc_dzo_06264,Romeo,1.5605628648076313
ddc_dzo_09694,Romeo,1.5587116087917374
ddc_dzo_08486,Romeo,1.5577187442636113
ddc_dzo_06554,Romeo,1.557191611383895
ddc_dzo_02336,Romeo,1.5570145261489892
ddc_dzo_07562,Romeo,1.5564848615261262
ddc_dzo_07430,Romeo,1.556355974468409
ddc_dzo_08226,Romeo,1.555637773247032
ddc_dzo_07243,Romeo,1.5549461630068961
ddc_dzo_03443,Romeo,1.5545742902392583
ddc_dzo_09391,Romeo,1.552645649946832
ddc_dzo_05377,Romeo,1.5525177831694814
ddc_dzo_08656,Romeo,1.5522836691118456
ddc_dzo_01382,Romeo,1.552248401787701
ddc_dzo_09818,Romeo,1.55101068992418
ddc_dzo_06246,Romeo,1.550920994036372
ddc_dzo_05460,Romeo,1.5504657561608293
ddc_dzo_06355,Romeo,1.549594322044206
ddc_dzo_08755,Romeo,1.5492333289290392
ddc_dzo_08794,Romeo,1.5478884755925935
ddc_dzo_05275,Romeo,1.5473067006855274
ddc_dzo_07841,Romeo,1.5466783041833414
ddc_dzo_03231,Romeo,1.5456726757795711
ddc_dzo_07951,Romeo,1.5451655012201637
ddc_dzo_07264,Romeo,1.540529692038949
ddc_dzo_07257,Romeo,1.540430342031112
ddc_dzo_07165,Romeo,1.5395829897046724
ddc_dzo_06292,Romeo,1.5392789627055272
ddc_dzo_06020,Romeo,1.53759115470179
ddc_dzo_06489,Romeo,1.5372633620205836
ddc_dzo_06371,Romeo,1.5367311987957049
ddc_dzo_05225,Romeo,1.5347479878314823
ddc_dzo_07169,Romeo,1.5328750822296087
ddc_dzo_00762,Romeo,1.5324623023802204
ddc_dzo_00423,Romeo,1.5319340262652341
ddc_dzo_07091,Romeo,1.5317267049606098
ddc_dzo_03353,Romeo,1.5310373910122705
ddc_dzo_06117,Romeo,1.530834636833095
ddc_dzo_08624,Romeo,1.5306126829824258
ddc_dzo_02610,Romeo,1.528086638388649
ddc_dzo_04504,Romeo,1.528056708758044
ddc_dzo_08463,Romeo,1.5276214513955866
ddc_dzo_01426,Romeo,1.526916851958995
ddc_dzo_09540,Romeo,1.5254136650741628
ddc_dzo_08926,Romeo,1.5253636911175505
ddc_dzo_01223,Romeo,1.52520540408573
ddc_dzo_07227,Romeo,1.5250646906224536
ddc_dzo_04269,Romeo,1.5222638400991755
ddc_dzo_01916,Romeo,1.5222522630311048
ddc_dzo_08820,Romeo,1.5211296594698402
ddc_dzo_05442,Romeo,1.52049846730555
ddc_dzo_08043,Romeo,1.5186131704568586
ddc_dzo_00509,Romeo,1.5175842964592094
ddc_dzo_06294,Romeo,1.5171680048377902
ddc_dzo_01087,Romeo,1.5168919974878161
ddc_dzo_04977,Romeo,1.515255780128269
ddc_dzo_00081,Romeo,1.515117811769504
ddc_dzo_01041,Romeo,1.5146252104947915
ddc_dzo_04650,Romeo,1.513488501684515
ddc_dzo_09655,Romeo,1.51290867410732
ddc_dzo_01309,Romeo,1.5119513219294556
ddc_dzo_01349,Romeo,1.5112367529122643
ddc_dzo_06950,Romeo,1.5106696245851838
ddc_dzo_06016,Romeo,1.5102240281769657
ddc_dzo_03531,Romeo,1.5097422734218224
ddc_dzo_09982,Romeo,1.5087314188060343
ddc_dzo_01753,Romeo,1.5080673525180945
ddc_dzo_01494,Romeo,1.5068720633398773
ddc_dzo_05851,Romeo,1.5061314013832694
ddc_dzo_08788,Romeo,1.5050168967395687
ddc_dzo_09133,Romeo,1.504977319358283
ddc_dzo_01815,Romeo,1.504669018849041
ddc_dzo_06216,Romeo,1.5033162247225984
ddc_dzo_02858,Romeo,1.5026564415666621
ddc_dzo_09960,Romeo,1.5014375200934824
ddc_dzo_08467,Romeo,1.49552727045256
ddc_dzo_01336,Romeo,1.4953659107926527
ddc_dzo_05901,Romeo,1.495364183293985
ddc_dzo_03844,Romeo,1.4940703151841195
ddc_dzo_07310,Romeo,1.4938753914113267
ddc_dzo_03992,Romeo,1.4902449247831546
ddc_dzo_05085,Romeo,1.4901559582050627
ddc_dzo_04669,Romeo,1.4883835871753395
ddc_dzo_05057,Romeo,1.4881751395033789
ddc_dzo_06102,Romeo,1.4879908796420902
ddc_dzo_06039,Romeo,1.4871116838685372
ddc_dzo_09669,Romeo,1.4869303316925828
ddc_dzo_08792,Romeo,1.4854541726171473
ddc_dzo_01537,Romeo,1.4853271852840113
ddc_dzo_00022,Romeo,1.4837231108522426
ddc_dzo_01221,Romeo,1.479953460657438
ddc_dzo_04827,Romeo,1.4776415529839073
ddc_dzo_07143,Romeo,1.477473913911853
ddc_dzo_07834,Romeo,1.4769876951247403
ddc_dzo_09036,Romeo,1.4746630494994424
ddc_dzo_06520,Romeo,1.4741925745255915
ddc_dzo_04781,Romeo,1.473891307221502
ddc_dzo_04010,Romeo,1.4710329888959512
ddc_dzo_09968,Romeo,1.4705404267083615
ddc_dzo_08888,Romeo,1.4686113876225204
ddc_dzo_00348,Romeo,1.467626423538288
ddc_dzo_07629,Romeo,1.4670729130934974
ddc_dzo_04024,Romeo,1.466826338415526
ddc_dzo_07199,Romeo,1.4664343280977274
ddc_dzo_00169,Romeo,1.4642507790840467
ddc_dzo_08612,Romeo,1.4639565958854392
ddc_dzo_07574,Romeo,1.4639518969282956
ddc_dzo_08673,Romeo,1.4638847144236944
ddc_dzo_06862,Romeo,1.4637915083760213
ddc_dzo_09198,Romeo,1.463717066115243
ddc_dzo_02773,Romeo,1.4633520453281774
ddc_dzo_00837,Romeo,1.4596130959373774
ddc_dzo_01607,Romeo,1.4592172551571714
ddc_dzo_04016,Romeo,1.4571647633304914
ddc_dzo_09190,Romeo,1.4550700879580307
ddc_dzo_04238,Romeo,1.4540197306221945
ddc_dzo_02594,Romeo,1.4519555194516498
ddc_dzo_02242,Romeo,1.451148131624719
ddc_dzo_01936,Romeo,1.4509525908199856
ddc_dzo_03060,Romeo,1.4505229579797596
ddc_dzo_08988,Romeo,1.4483560243077356
ddc_dzo_08796,Romeo,1.4467936058398405
ddc_dzo_02492,Romeo,1.444385822776721
ddc_dzo_05395,Romeo,1.443383482288254
ddc_dzo_09717,Romeo,1.4425766870472099
ddc_dzo_01767,Romeo,1.4420836455373827
ddc_dzo_01473,Romeo,1.4383999719399112
ddc_dzo_08405,Romeo,1.438363305037417
ddc_dzo_02125,Romeo,1.438230247086106
ddc_dzo_08457,Romeo,1.4381900022469543
ddc_dzo_05720,Romeo,1.437835148475156
ddc_dzo_09454,Romeo,1.4374723118892316
ddc_dzo_02043,Romeo,1.4361582168750628
ddc_dzo_00831,Romeo,1.435404651823662
ddc_dzo_01037,Romeo,1.434161908228901
ddc_dzo_00618,Romeo,1.4340329849865963
ddc_dzo_07098,Romeo,1.433044703853601
ddc_dzo_07622,Romeo,1.4329622086137128
ddc_dzo_05311,Romeo,1.4319633022235245
ddc_dzo_08330,Romeo,1.431702951034452
ddc_dzo_06730,Romeo,1.4313527022061112
ddc_dzo_04863,Romeo,1.4305524265365013
ddc_dzo_06858,Romeo,1.4305000960093475
ddc_dzo_06422,Romeo,1.430475020049526
ddc_dzo_03835,Romeo,1.4304417578764765
ddc_dzo_01099,Romeo,1.4304064894547166
ddc_dzo_07995,Romeo,1.4283699025903032
ddc_dzo_07442,Romeo,1.4266773260037497
ddc_dzo_08009,Romeo,1.4249535623168206
ddc_dzo_07088,Romeo,1.42459091422718
ddc_dzo_04763,Romeo,1.4230457025913141
ddc_dzo_05721,Romeo,1.422317343809245
ddc_dzo_01759,Romeo,1.4220577298741146
ddc_dzo_05123,Romeo,1.4216125808689064
ddc_dzo_09103,Romeo,1.420797755976134
ddc_dzo_05800,Romeo,1.4202813924635043
ddc_dzo_05153,Romeo,1.4195388590062463
ddc_dzo_07201,Romeo,1.4188549962858432
ddc_dzo_06578,Romeo,1.4188120085983562
ddc_dzo_01004,Romeo,1.4178305191515188
ddc_dzo_09767,Romeo,1.4178155800878591
ddc_dzo_04502,Romeo,1.4177592582530594
ddc_dzo_04320,Romeo,1.415875273802296
ddc_dzo_04937,Romeo,1.4143353725248082
ddc_dzo_01500,Romeo,1.41268170064959
ddc_dzo_05087,Romeo,1.4109895937075647
ddc_dzo_01296,Romeo,1.4078736910267322
ddc_dzo_08564,Romeo,1.4070920161089049
ddc_dzo_08269,Romeo,1.4047712990126946
ddc_dzo_01431,Romeo,1.4029296997421017
ddc_dzo_04553,Romeo,1.3977201437306113
ddc_dzo_00789,Romeo,1.3957266303991112
ddc_dzo_06752,Romeo,1.3955656905730438
ddc_dzo_02888,Romeo,1.3946668205139297
ddc_dzo_08094,Romeo,1.3938817542282023
ddc_dzo_03937,Romeo,1.393125739702802
ddc_dzo_09413,Romeo,1.3915986315163986
ddc_dzo_03049,Romeo,1.3911893387060421
ddc_dzo_07998,Romeo,1.3911556851841698
ddc_dzo_06034,Romeo,1.3905236737888744
ddc_dzo_00077,Romeo,1.3899261352243824
ddc_dzo_09996,Romeo,1.3892159583786825
ddc_dzo_01289,Romeo,1.3874444591446853
ddc_dzo_03407,Romeo,1.3836429911873134
ddc_dzo_03106,Romeo,1.382619279172983
ddc_dzo_06588,Romeo,1.3816505902038787
ddc_dzo_06638,Romeo,1.380565630061008
ddc_dzo_01551,Romeo,1.3790981429848934
ddc_dzo_08533,Romeo,1.3759522531595583
ddc_dzo_05439,Romeo,1.3752048248337063
ddc_dzo_07948,Romeo,1.3746343678409148
ddc_dzo_07001,Romeo,1.370487985105204
ddc_dzo_03551,Romeo,1.369969699860662
ddc_dzo_06018,Romeo,1.3694228315786197
ddc_dzo_09301,Romeo,1.3685253555781376
ddc_dzo_05970,Romeo,1.368312236828623
ddc_dzo_03776,Romeo,1.3675698721481027
ddc_dzo_02017,Romeo,1.364504821610435
ddc_dzo_06031,Romeo,1.3644502939720966
ddc_dzo_04068,Romeo,1.3643490663807025
ddc_dzo_05422,Romeo,1.3626992207479258
ddc_dzo_03580,Romeo,1.3624561714508236
ddc_dzo_09312,Romeo,1.3622629121785037
ddc_dzo_00093,Romeo,1.3591666163242428
ddc_dzo_09604,Romeo,1.3570530475393145
ddc_dzo_06582,Romeo,1.356852900655865
ddc_dzo_02797,Romeo,1.3566528781915876
ddc_dzo_09667,Romeo,1.3556474896094095
ddc_dzo_08707,Romeo,1.3555917378949631
ddc_dzo_07284,Romeo,1.3541533043678395
ddc_dzo_02864,Romeo,1.3538148127452434
ddc_dzo_04550,Romeo,1.3525021483229378
ddc_dzo_06635,Romeo,1.3511120896801256
ddc_dzo_04145,Romeo,1.3510885093448797
ddc_dzo_08554,Romeo,1.3509461437567405
ddc_dzo_03479,Romeo,1.3504328791660225
ddc_dzo_02228,Romeo,1.34961720230655
ddc_dzo_03065,Romeo,1.3483669535751694
ddc_dzo_02180,Romeo,1.348193022288789
ddc_dzo_05999,Romeo,1.3473101334282387
ddc_dzo_01792,Romeo,1.3468510515527166
ddc_dzo_03516,Romeo,1.3467377692498823
ddc_dzo_05197,Romeo,1.3455977793842444
ddc_dzo_02321,Romeo,1.3425702683093435
ddc_dzo_08237,Romeo,1.3409354869737715
ddc_dzo_01631,Romeo,1.339549066638066
ddc_dzo_05386,Romeo,1.338366467597113
ddc_dzo_01960,Romeo,1.3378170040720927
ddc_dzo_08864,Romeo,1.3371843327219308
ddc_dzo_04831,Romeo,1.3368647558467357
ddc_dzo_00563,Romeo,1.3365060668288677
ddc_dzo_08404,Romeo,1.336505529269297
ddc_dzo_09897,Romeo,1.3364961251910124
ddc_dzo_01988,Romeo,1.3359006710251613
ddc_dzo_00772,Romeo,1.335186419192353
ddc_dzo_08245,Romeo,1.3351285029443003
ddc_dzo_07155,Romeo,1.3345980611011252
ddc_dzo_05532,Romeo,1.334330480933314
ddc_dzo_01830,Romeo,1.3337091756647383
ddc_dzo_01499,Romeo,1.333586355340736
ddc_dzo_00680,Romeo,1.3330850756024657
ddc_dzo_09428,Romeo,1.3323413854727777
ddc_dzo_02942,Romeo,1.3316749050615824
ddc_dzo_04708,Romeo,1.3302653399222026
ddc_dzo_06483,Romeo,1.3275118719776735
ddc_dzo_05179,Romeo,1.3272055273963685
ddc_dzo_09436,Romeo,1.3269826367131008
ddc_dzo_03119,Romeo,1.3266434305684147
ddc_dzo_01040,Romeo,1.3265677231735966
ddc_dzo_06887,Romeo,1.3262528156190299
ddc_dzo_04463,Romeo,1.3246095504036364
ddc_dzo_09179,Romeo,1.3226165889120696
ddc_dzo_03756,Romeo,1.3224235232537775
ddc_dzo_07011,Romeo,1.3222071808752782
ddc_dzo_00540,Romeo,1.3216270475948653
ddc_dzo_05675,Romeo,1.3214987219210343
ddc_dzo_06227,Romeo,1.3213868334131638
ddc_dzo_03064,Romeo,1.320277169869139
ddc_dzo_09764,Romeo,1.3198565849091772
ddc_dzo_05231,Romeo,1.318237791582296
ddc_dzo_03808,Romeo,1.3176445196630322
ddc_dzo_06431,Romeo,1.3171159558015475
ddc_dzo_05280,Romeo,1.316315871371057
ddc_dzo_01262,Romeo,1.315073087700837
ddc_dzo_09494,Romeo,1.3141325528370862
ddc_dzo_05493,Romeo,1.3139260509783692
ddc_dzo_05672,Romeo,1.313770510694226
ddc_dzo_03173,Romeo,1.312669053747269
ddc_dzo_06055,Romeo,1.3122515275656321
ddc_dzo_05470,Romeo,1.3109586432761857
ddc_dzo_09246,Romeo,1.3104964307571814
ddc_dzo_02668,Romeo,1.307483942995488
ddc_dzo_00664,Romeo,1.3072794047361338
ddc_dzo_00390,Romeo,1.305558483044211
ddc_dzo_06825,Romeo,1.3050348482084666
ddc_dzo_00106,Romeo,1.304767105278842
ddc_dzo_00550,Romeo,1.3042802736135282
ddc_dzo_07013,Romeo,1.3037900137470817
ddc_dzo_03622,Romeo,1.3025687896397398
ddc_dzo_05843,Romeo,1.3019225390891913
ddc_dzo_00343,Romeo,1.3008282235737407
ddc_dzo_08154,Romeo,1.3005831714690597
ddc_dzo_05531,Romeo,1.3001029579573127
ddc_dzo_07942,Romeo,1.298375388448898
ddc_dzo_05828,Romeo,1.2977711859436094
ddc_dzo_00459,Romeo,1.2930735817479775
ddc_dzo_08422,Romeo,1.291026072015326
ddc_dzo_08434,Romeo,1.290455883833936
ddc_dzo_08206,Romeo,1.2845148122232108
ddc_dzo_05255,Romeo,1.284268253601922
ddc_dzo_07926,Romeo,1.2831196575541186
ddc_dzo_05394,Romeo,1.2830923167269117
ddc_dzo_03658,Romeo,1.2804319542199538
ddc_dzo_05886,Romeo,1.279055340859131
ddc_dzo_05335,Romeo,1.2778333789459997
ddc_dzo_03650,Romeo,1.2766270275385905
ddc_dzo_03259,Romeo,1.2762171224636818
ddc_dzo_07354,Romeo,1.2758392588533243
ddc_dzo_08887,Romeo,1.2742975792913918
ddc_dzo_05905,Romeo,1.273893895855985
ddc_dzo_05754,Romeo,1.2684455138810393
ddc_dzo_02013,Romeo,1.2674890359680073
ddc_dzo_09986,Romeo,1.2645138014731667
ddc_dzo_06954,Romeo,1.2631624588268755
ddc_dzo_09808,Romeo,1.262424039613565
ddc_dzo_01564,Romeo,1.2622709256120497
ddc_dzo_03936,Romeo,1.259271242027327
ddc_dzo_00962,Romeo,1.2591041641895888
ddc_dzo_04274,Romeo,1.2569504584464706
ddc_dzo_00846,Romeo,1.256682004243198
ddc_dzo_03722,Romeo,1.254668819886076
ddc_dzo_07269,Romeo,1.2543353866306683
ddc_dzo_07692,Romeo,1.2540876504291718
ddc_dzo_00363,Romeo,1.2532797588277012
ddc_dzo_05692,Romeo,1.2526553779634524
ddc_dzo_01498,Romeo,1.2525492064022963
ddc_dzo_09609,Romeo,1.252450356864638
ddc_dzo_03460,Romeo,1.2511797360475294
ddc_dzo_09014,Romeo,1.2505116769084292
ddc_dzo_04188,Romeo,1.2503096113718077
ddc_dzo_04002,Romeo,1.2402572071687654
ddc_dzo_08999,Romeo,1.2401078570928508
ddc_dzo_05413,Romeo,1.2400651245392786
ddc_dzo_04730,Romeo,1.2398076876175277
ddc_dzo_07855,Romeo,1.2384884738561974
ddc_dzo_03582,Romeo,1.2383264848230644
ddc_dzo_09144,Romeo,1.2378564798292848
ddc_dzo_03296,Romeo,1.237509305091725
ddc_dzo_00360,Romeo,1.2374228029660406
ddc_dzo_09228,Romeo,1.2368183599991558
ddc_dzo_08738,Romeo,1.2365669899600036
ddc_dzo_08739,Romeo,1.2355514145427966
ddc_dzo_03128,Romeo,1.2335273586783535
ddc_dzo_05822,Romeo,1.2333703121398512
ddc_dzo_07232,Romeo,1.2333464071064641
ddc_dzo_04240,Romeo,1.233272299564309
ddc_dzo_05524,Romeo,1.2323774970590993
ddc_dzo_04493,Romeo,1.2311941701682576
ddc_dzo_07891,Romeo,1.2298216274198417
ddc_dzo_03274,Romeo,1.2291976685202295
ddc_dzo_05982,Romeo,1.2283911544175496
ddc_dzo_03318,Romeo,1.2268246756214507
ddc_dzo_07433,Romeo,1.2255100641010328
ddc_dzo_03921,Romeo,1.2254745500437345
ddc_dzo_06876,Romeo,1.2215434865010906
ddc_dzo_08889,Romeo,1.2211877461083445
ddc_dzo_01086,Romeo,1.220782481803183
ddc_dzo_01621,Romeo,1.2205206846977674
ddc_dzo_03739,Romeo,1.2198144592454536
ddc_dzo_05477,Romeo,1.218726308745586
ddc_dzo_02921,Romeo,1.2174449737805546
ddc_dzo_06895,Romeo,1.2164189648297192
ddc_dzo_02076,Romeo,1.2158912561936877
ddc_dzo_03598,Romeo,1.2148544977042168
ddc_dzo_09217,Romeo,1.2127723986879921
ddc_dzo_07281,Romeo,1.2123321776126044
ddc_dzo_01824,Romeo,1.2112307725363296
ddc_dzo_07527,Romeo,1.211184281170109
ddc_dzo_05005,Romeo,1.2102306109232137
ddc_dzo_09273,Romeo,1.2100186497356835
ddc_dzo_04427,Romeo,1.2083666544115739
ddc_dzo_02214,Romeo,1.2047939399276553
ddc_dzo_07711,Romeo,1.2044745222924538
ddc_dzo_03596,Romeo,1.2042414322676578
ddc_dzo_04428,Romeo,1.2022443308884065
ddc_dzo_03661,Romeo,1.201768795165949
ddc_dzo_03075,Romeo,1.2008298667944912
ddc_dzo_08654,Romeo,1.1999232651820442
ddc_dzo_02097,Romeo,1.1994725989252555
ddc_dzo_05077,Romeo,1.1994539663277024
ddc_dzo_04378,Romeo,1.1985203532348188
ddc_dzo_06418,Romeo,1.197918516728517
ddc_dzo_08172,Romeo,1.1965070236424227
ddc_dzo_02703,Romeo,1.196454396638508
ddc_dzo_09932,Romeo,1.1931959534833434
ddc_dzo_06806,Romeo,1.1918572856557348
ddc_dzo_03418,Romeo,1.191339743520323
ddc_dzo_00002,Romeo,1.1901829361137015
ddc_dzo_09261,Romeo,1.1900431768105895
ddc_dzo_01288,Romeo,1.1866677829253622
ddc_dzo_07399,Romeo,1.1848891094353904
ddc_dzo_02819,Romeo,1.1831883851671805
ddc_dzo_08147,Romeo,1.183153235983765
ddc_dzo_00936,Romeo,1.1829529678113653
ddc_dzo_07868,Romeo,1.1820754888987284
ddc_dzo_02508,Romeo,1.181963259512068
ddc_dzo_08207,Romeo,1.1810493198605352
ddc_dzo_06581,Romeo,1.1805292967297474
ddc_dzo_08299,Romeo,1.1794064579496588
ddc_dzo_00088,Romeo,1.179331276534299
ddc_dzo_04645,Romeo,1.178827771294439
ddc_dzo_02475,Romeo,1.1779088450226778
ddc_dzo_05931,Romeo,1.1775558678184421
ddc_dzo_09326,Romeo,1.1766071153194588
ddc_dzo_09024,Romeo,1.174482206105952
ddc_dzo_07362,Romeo,1.1733830894893769
ddc_dzo_01982,Romeo,1.173041879392402
ddc_dzo_01012,Romeo,1.17064651715742
ddc_dzo_06056,Romeo,1.1701110793566794
ddc_dzo_08932,Romeo,1.1698087522162888
ddc_dzo_03390,Romeo,1.1675280998238509
ddc_dzo_07845,Romeo,1.1671321429970702
ddc_dzo_01696,Romeo,1.1641199074593795
ddc_dzo_02799,Romeo,1.163810996447396
ddc_dzo_00880,Romeo,1.1636870377139548
ddc_dzo_01591,Romeo,1.1635320082285199
ddc_dzo_01447,Romeo,1.162558078456945
ddc_dzo_05478,Romeo,1.161661482526662
ddc_dzo_05513,Romeo,1.1614479898370769
ddc_dzo_05317,Romeo,1.1612306693745635
ddc_dzo_00370,Romeo,1.1609522097378095
ddc_dzo_03354,Romeo,1.1604708368752448
ddc_dzo_03502,Romeo,1.1586798717533582
ddc_dzo_01014,Romeo,1.1584798023602745
ddc_dzo_07541,Romeo,1.15523046308667
ddc_dzo_06715,Romeo,1.1550741689594421
ddc_dzo_09736,Romeo,1.1547875512229167
ddc_dzo_00909,Romeo,1.1543455867413002
ddc_dzo_03176,Romeo,1.1530859301918603
ddc_dzo_04636,Romeo,1.15235446673185
ddc_dzo_02072,Romeo,1.152169285937784
ddc_dzo_07388,Romeo,1.15109737872632
ddc_dzo_04717,Romeo,1.1509633105718586
ddc_dzo_03779,Romeo,1.1507834771243073
ddc_dzo_08715,Romeo,1.1506985152709095
ddc_dzo_06429,Romeo,1.14786743450295
ddc_dzo_06276,Romeo,1.144332225228305
ddc_dzo_09408,Romeo,1.1427497564662423
ddc_dzo_09956,Romeo,1.1426119763046836
ddc_dzo_02829,Romeo,1.1421006166210481
ddc_dzo_06443,Romeo,1.140499064217395
ddc_dzo_08676,Romeo,1.139865435288119
ddc_dzo_01069,Romeo,1.1396246107121475
ddc_dzo_08073,Romeo,1.1394902631502317
ddc_dzo_08882,Romeo,1.1391457908086595
ddc_dzo_04733,Romeo,1.1389054243240686
ddc_dzo_06543,Romeo,1.1376382368682407
ddc_dzo_04583,Romeo,1.1361260011315262
ddc_dzo_05655,Romeo,1.1346702128330015
ddc_dzo_09288,Romeo,1.1334231179602825
ddc_dzo_03837,Romeo,1.1326526939323716
ddc_dzo_01775,Romeo,1.1311372132724091
ddc_dzo_02892,Romeo,1.1301863586268788
ddc_dzo_01186,Romeo,1.1288059721558419
ddc_dzo_03483,Romeo,1.1270376539016433
ddc_dzo_05095,Romeo,1.1245482477383613
ddc_dzo_09333,Romeo,1.123671858757531
ddc_dzo_04475,Romeo,1.1235569321019658
ddc_dzo_09879,Romeo,1.1218812109849365
ddc_dzo_06890,Romeo,1.1193966791291858
ddc_dzo_05892,Romeo,1.1173199857216274
ddc_dzo_01423,Romeo,1.1169892783593667
ddc_dzo_06044,Romeo,1.1165729065942473
ddc_dzo_01061,Romeo,1.1161433757162593
ddc_dzo_04063,Romeo,1.1152514197443693
ddc_dzo_01682,Romeo,1.1128459923035876
ddc_dzo_05878,Romeo,1.112358091673109
ddc_dzo_03194,Romeo,1.1114550386105149
ddc_dzo_06015,Romeo,1.1107790265619102
ddc_dzo_09401,Romeo,1.1099935129342604
ddc_dzo_07458,Romeo,1.1083447157312147
ddc_dzo_05985,Romeo,1.1064792625253936
ddc_dzo_04818,Romeo,1.1057696937244768
ddc_dzo_09784,Romeo,1.1039837330740794
ddc_dzo_05818,Romeo,1.1036395675406028
ddc_dzo_08763,Romeo,1.1031093552134972
ddc_dzo_03204,Romeo,1.1014711598416775
ddc_dzo_04299,Romeo,1.0988423666090685
ddc_dzo_01808,Romeo,1.0976696374570358
ddc_dzo_01397,Romeo,1.0973882795856835
ddc_dzo_02937,Romeo,1.0968740374518533
ddc_dzo_06636,Romeo,1.0968180982794664
ddc_dzo_04096,Romeo,1.094818043744855
ddc_dzo_05016,Romeo,1.0929057425642938
ddc_dzo_02328,Romeo,1.0923144818603217
ddc_dzo_03880,Romeo,1.0918623215584717
ddc_dzo_09344,Romeo,1.0905962399480245
ddc_dzo_09254,Romeo,1.0905822656033959
ddc_dzo_04340,Romeo,1.0891045157092356
ddc_dzo_01529,Romeo,1.0884421611338475
ddc_dzo_03197,Romeo,1.088105491330679
ddc_dzo_02345,Romeo,1.087817418971093
ddc_dzo_09386,Romeo,1.087663576763595
ddc_dzo_03087,Romeo,1.0870572998452595
ddc_dzo_07729,Romeo,1.08593869525403
ddc_dzo_09358,Romeo,1.0850534957799116
ddc_dzo_04036,Romeo,1.0849793327920927
ddc_dzo_05739,Romeo,1.0846799250769728
ddc_dzo_03196,Romeo,1.0840473689096581
ddc_dzo_05690,Romeo,1.0838056290313571
ddc_dzo_03971,Romeo,1.083353754597412
ddc_dzo_09016,Romeo,1.0808873236922758
ddc_dzo_06541,Romeo,1.0801083346104952
ddc_dzo_08681,Romeo,1.076380440657425
ddc_dzo_03201,Romeo,1.0758087268148744
ddc_dzo_02762,Romeo,1.073334619938606
ddc_dzo_02660,Romeo,1.0713620479675225
ddc_dzo_04865,Romeo,1.0709030817493923
ddc_dzo_07406,Romeo,1.0706134254473043
ddc_dzo_09682,Romeo,1.067918985263466
ddc_dzo_06271,Romeo,1.0678798995420333
ddc_dzo_03886,Romeo,1.0654783528185852
ddc_dzo_07596,Romeo,1.0647709281988624
ddc_dzo_01070,Romeo,1.0601615071822097
ddc_dzo_07193,Romeo,1.0586329597879167
ddc_dzo_05454,Romeo,1.0578869689708246
ddc_dzo_08019,Romeo,1.0567064089245501
ddc_dzo_07375,Romeo,1.055357485000253
ddc_dzo_01306,Romeo,1.053972937312883
ddc_dzo_01230,Romeo,1.0524771841415166
ddc_dzo_05001,Romeo,1.052455449502149
ddc_dzo_08099,Romeo,1.050831812906316
ddc_dzo_04718,Romeo,1.05046957801166
ddc_dzo_04468,Romeo,1.044550848939307
ddc_dzo_08899,Romeo,1.0378069976660198
ddc_dzo_04506,Romeo,1.0378069880200695
ddc_dzo_04641,Romeo,1.0372116474417425
ddc_dzo_09755,Romeo,1.0356047170127773
ddc_dzo_00220,Romeo,1.0344095173485124
ddc_dzo_01800,Romeo,1.0331136339226037
ddc_dzo_01829,Romeo,1.0329588032854975
ddc_dzo_07455,Romeo,1.0318385133092105
ddc_dzo_08639,Romeo,1.0314667261140105
ddc_dzo_05567,Romeo,1.0301354102779816
ddc_dzo_03757,Romeo,1.0300353463792082
ddc_dzo_08282,Romeo,1.029725024048173
ddc_dzo_03000,Romeo,1.0289354459278464
ddc_dzo_00797,Romeo,1.0289050496080974
ddc_dzo_08493,Romeo,1.027557126780957
ddc_dzo_06661,Romeo,1.0233209087937578
ddc_dzo_04151,Romeo,1.0208809910872172
ddc_dzo_03766,Romeo,1.0201674285935725
ddc_dzo_05117,Romeo,1.0188068067384333
ddc_dzo_01003,Romeo,1.0173998060364386
ddc_dzo_03471,Romeo,1.014171109117858
ddc_dzo_04403,Romeo,1.011754630460815
ddc_dzo_09730,Romeo,1.011643466819106
ddc_dzo_08711,Romeo,1.0112420105176239
ddc_dzo_05189,Romeo,1.0110862771254194
ddc_dzo_09773,Romeo,1.0105973302822788
ddc_dzo_00725,Romeo,1.0102804276385178
ddc_dzo_05469,Romeo,1.0094887484946211
ddc_dzo_00685,Romeo,1.009401869843586
ddc_dzo_01081,Romeo,1.0090144257568454
ddc_dzo_08975,Romeo,1.0084537739127637
ddc_dzo_04123,Romeo,1.0076468675848207
ddc_dzo_03396,Romeo,1.0071986212182475
ddc_dzo_02045,Romeo,1.0068477602268908
ddc_dzo_07638,Romeo,1.0058188228363074
ddc_dzo_07036,Romeo,1.0051089507596405
ddc_dzo_05809,Romeo,1.0049606114065903
ddc_dzo_05725,Romeo,1.0045588230069096
ddc_dzo_08912,Romeo,1.0044548249192313
ddc_dzo_07221,Romeo,1.0034223710641446
ddc_dzo_06910,Romeo,1.002951682800274
ddc_dzo_00751,Romeo,1.0009690416332677
ddc_dzo_01843,Romeo,0.9990390723769034
ddc_dzo_01928,Romeo,0.9963829934952069
ddc_dzo_08714,Romeo,0.9952038121395077
ddc_dzo_02825,Romeo,0.9949816942209377
ddc_dzo_01793,Romeo,0.994379290333276
ddc_dzo_03383,Romeo,0.9938575006234125
ddc_dzo_07376,Romeo,0.9923767289538401
ddc_dzo_09068,Romeo,0.9912764232002773
ddc_dzo_05956,Romeo,0.9911200605871004
ddc_dzo_06674,Romeo,0.9900088435522703
ddc_dzo_02362,Romeo,0.9884302801848914
ddc_dzo_00584,Romeo,0.9881606512341603
ddc_dzo_03583,Romeo,0.9860255471468773
ddc_dzo_06469,Romeo,0.9856854047909562
ddc_dzo_07335,Romeo,0.9848755619657297
ddc_dzo_02615,Romeo,0.9834395578271036
ddc_dzo_08622,Romeo,0.9826928838409434
ddc_dzo_00985,Romeo,0.9805810024054407
ddc_dzo_04899,Romeo,0.9799788123505233
ddc_dzo_06388,Romeo,0.9784061997326992
ddc_dzo_00900,Romeo,0.9777843209612238
ddc_dzo_04050,Romeo,0.9776775729281901
ddc_dzo_08215,Romeo,0.9763327838864797
ddc_dzo_08983,Romeo,0.9763055879282745
ddc_dzo_00036,Romeo,0.9748616638042098
ddc_dzo_08322,Romeo,0.9741103222288412
ddc_dzo_04851,Romeo,0.9735657186597941
ddc_dzo_06601,Romeo,0.9735491320817806
ddc_dzo_02812,Romeo,0.9734258139844731
ddc_dzo_08799,Romeo,0.9723366589366185
ddc_dzo_09894,Romeo,0.9714577559599122
ddc_dzo_05356,Romeo,0.9707000168570925
ddc_dzo_03261,Romeo,0.9704749414349751
ddc_dzo_08609,Romeo,0.9702701595164702
ddc_dzo_02020,Romeo,0.9691913651811919
ddc_dzo_07738,Romeo,0.9685249701588468
ddc_dzo_00522,Romeo,0.96758963069698
ddc_dzo_05856,Romeo,0.9665086004875649
ddc_dzo_09299,Romeo,0.9663484413280257
ddc_dzo_04013,Romeo,0.9653059321247932
ddc_dzo_01150,Romeo,0.9646065178058407
ddc_dzo_02272,Romeo,0.9632115941415567
ddc_dzo_03519,Romeo,0.9623188746051197
ddc_dzo_01229,Romeo,0.9620382706861221
ddc_dzo_03626,Romeo,0.9616336853852565
ddc_dzo_04135,Romeo,0.9614164861245214
ddc_dzo_03941,Romeo,0.961284823135778
ddc_dzo_05959,Romeo,0.9611278319863861
ddc_dzo_08816,Romeo,0.9604528813544064
ddc_dzo_03466,Romeo,0.9583748260876106
ddc_dzo_07345,Romeo,0.9571984039776247
ddc_dzo_03562,Romeo,0.9548472557808574
ddc_dzo_01038,Romeo,0.9546587904966655
ddc_dzo_06204,Romeo,0.9534211521157052
ddc_dzo_09635,Romeo,0.9512824211900872
ddc_dzo_01994,Romeo,0.9508585731939765
ddc_dzo_04078,Romeo,0.9506303671777727
ddc_dzo_02611,Romeo,0.9487427877911319
ddc_dzo_06664,Romeo,0.9479407746035504
ddc_dzo_07434,Romeo,0.947594173960715
ddc_dzo_00561,Romeo,0.9462551973711342
ddc_dzo_02171,Romeo,0.941271070577516
ddc_dzo_04600,Romeo,0.941190049308632
ddc_dzo_03234,Romeo,0.9401068777877448
ddc_dzo_07441,Romeo,0.9369790134408369
ddc_dzo_05927,Romeo,0.9362169141122467
ddc_dzo_07856,Romeo,0.935956421710147
ddc_dzo_02798,Romeo,0.9356739290454368
ddc_dzo_07772,Romeo,0.9354977370738264
ddc_dzo_07319,Romeo,0.9343875895448752
ddc_dzo_04113,Romeo,0.9339589794035092
ddc_dzo_07588,Romeo,0.9338660603496762
ddc_dzo_09687,Romeo,0.9330743029632274
ddc_dzo_05624,Romeo,0.9327965234537832
ddc_dzo_07964,Romeo,0.9303143198523391
ddc_dzo_08492,Romeo,0.9293676486233187
ddc_dzo_07282,Romeo,0.9287121788516333
ddc_dzo_09120,Romeo,0.9281767071538864
ddc_dzo_09207,Romeo,0.9279523616043246
ddc_dzo_09602,Romeo,0.9273790348970306
ddc_dzo_01926,Romeo,0.9263349792344908
ddc_dzo_07885,Romeo,0.9242603029748551
ddc_dzo_00760,Romeo,0.9236627906225279
ddc_dzo_08166,Romeo,0.9184272226716763
ddc_dzo_05925,Romeo,0.916161780576966
ddc_dzo_02652,Romeo,0.9133892738251312
ddc_dzo_06257,Romeo,0.9123117247884274
ddc_dzo_08472,Romeo,0.9100065569374041
ddc_dzo_01333,Romeo,0.9095121594304496
ddc_dzo_01950,Romeo,0.9078632064539824
ddc_dzo_05429,Romeo,0.9071878042453414
ddc_dzo_02767,Romeo,0.9071448931531978
ddc_dzo_02742,Romeo,0.9066239811811774
ddc_dzo_02631,Romeo,0.9064478558052373
ddc_dzo_09128,Romeo,0.9056477523657513
ddc_dzo_08846,Romeo,0.9015173124084797
ddc_dzo_00050,Romeo,0.8984942043189768
ddc_dzo_01523,Romeo,0.8972016088568098
ddc_dzo_01904,Romeo,0.8945440492635179
ddc_dzo_05707,Romeo,0.8889935156898174
ddc_dzo_07662,Romeo,0.8888652105945662
ddc_dzo_07919,Romeo,0.8868643840209081
ddc_dzo_02728,Romeo,0.8842963799496126
ddc_dzo_09910,Romeo,0.8841009399056414
ddc_dzo_03380,Romeo,0.8840317989981024
ddc_dzo_07632,Romeo,0.8839155362091016
ddc_dzo_01697,Romeo,0.8829783780310034
ddc_dzo_08952,Romeo,0.8824497619092684
ddc_dzo_00692,Romeo,0.881910748550423
ddc_dzo_07925,Romeo,0.8807275772073075
ddc_dzo_01838,Romeo,0.8797639424550221
ddc_dzo_05652,Romeo,0.8793577691729444
ddc_dzo_09308,Romeo,0.8785611384904957
ddc_dzo_09131,Romeo,0.8773499718603812
ddc_dzo_03604,Romeo,0.8768161804299721
ddc_dzo_08288,Romeo,0.8754407712188998
ddc_dzo_00499,Romeo,0.8751298106296364
ddc_dzo_09690,Romeo,0.873871193515539
ddc_dzo_09792,Romeo,0.8736395541038005
ddc_dzo_01625,Romeo,0.8704061381797863
ddc_dzo_05954,Romeo,0.8690862508115669
ddc_dzo_04220,Romeo,0.8688229395539446
ddc_dzo_06071,Romeo,0.8686957948797311
ddc_dzo_03904,Romeo,0.8679713344391315
ddc_dzo_07881,Romeo,0.8677333798898978
ddc_dzo_04626,Romeo,0.8666122302000199
ddc_dzo_06779,Romeo,0.864342914927481
ddc_dzo_04881,Romeo,0.8639932947956463
ddc_dzo_07060,Romeo,0.858593001576285
ddc_dzo_02275,Romeo,0.8556011954159224
ddc_dzo_07696,Romeo,0.8551667107148417
ddc_dzo_00695,Romeo,0.8550573615308725
ddc_dzo_03804,Romeo,0.8539375888957885
ddc_dzo_04230,Romeo,0.8523932207888585
ddc_dzo_03222,Romeo,0.8440779741745394
ddc_dzo_00859,Romeo,0.8437867558232026
ddc_dzo_00038,Romeo,0.843038157922029
ddc_dzo_03815,Romeo,0.8400810623146251
ddc_dzo_03953,Romeo,0.8362768959057874
ddc_dzo_00677,Romeo,0.8341881679642091
ddc_dzo_02897,Romeo,0.8315104498964225
ddc_dzo_09856,Romeo,0.8305155855122661
ddc_dzo_08753,Romeo,0.8302821555148943
ddc_dzo_05911,Romeo,0.829000850554954
ddc_dzo_09423,Romeo,0.8264830537343413
ddc_dzo_01773,Romeo,0.8243736300341951
ddc_dzo_06310,Romeo,0.8242936295106489
ddc_dzo_07554,Romeo,0.8212904469141395
ddc_dzo_05551,Romeo,0.8200595165491309
ddc_dzo_03094,Romeo,0.8164820673482778
ddc_dzo_08039,Romeo,0.8153464686248135
ddc_dzo_07740,Romeo,0.8151106810974333
ddc_dzo_09979,Romeo,0.8147990305618911
ddc_dzo_07627,Romeo,0.8139675513229094
ddc_dzo_09722,Romeo,0.8102335652685912
ddc_dzo_08674,Romeo,0.8090276984639979
ddc_dzo_05564,Romeo,0.8074418528148044
ddc_dzo_07780,Romeo,0.8034673742404836
ddc_dzo_05701,Romeo,0.80161321378979
ddc_dzo_06626,Romeo,0.8013259539643622
ddc_dzo_01106,Romeo,0.8002807748645755
ddc_dzo_07365,Romeo,0.8002528374952327
ddc_dzo_06771,Romeo,0.7989187506840805
ddc_dzo_06130,Romeo,0.7978616209511689
ddc_dzo_02237,Romeo,0.7931013772511621
ddc_dzo_00783,Romeo,0.7921831348657966
ddc_dzo_07663,Romeo,0.7908368283715155
ddc_dzo_04596,Romeo,0.7893100290330584
ddc_dzo_07934,Romeo,0.7873487928765595
ddc_dzo_03788,Romeo,0.7861117296193953
ddc_dzo_02733,Romeo,0.7838717886199313
ddc_dzo_04665,Romeo,0.7830726579521141
ddc_dzo_05196,Romeo,0.7818089832316417
ddc_dzo_07937,Romeo,0.7800754640829208
ddc_dzo_01201,Romeo,0.779294080323049
ddc_dzo_03185,Romeo,0.7784651338367843
ddc_dzo_08574,Romeo,0.7762940526374822
ddc_dzo_00044,Romeo,0.7761478853728596
ddc_dzo_06944,Romeo,0.7760723659559505
ddc_dzo_07135,Romeo,0.7757154053392417
ddc_dzo_08589,Romeo,0.7756985986541585
ddc_dzo_05240,Romeo,0.7744980494713247
ddc_dzo_09050,Romeo,0.7726423176061561
ddc_dzo_04409,Romeo,0.7712664190401808
ddc_dzo_09881,Romeo,0.7663892065887177
ddc_dzo_01588,Romeo,0.7643832470115091
ddc_dzo_02315,Romeo,0.7641987035904152
ddc_dzo_07950,Romeo,0.7636353135985454
ddc_dzo_00026,Romeo,0.7635439253401453
ddc_dzo_06793,Romeo,0.7629366933361941
ddc_dzo_08020,Romeo,0.7628344435222012
ddc_dzo_02050,Romeo,0.762648640884271
ddc_dzo_09341,Romeo,0.7596487550345687
ddc_dzo_04784,Romeo,0.759185234677235
ddc_dzo_01026,Romeo,0.7588064598016333
ddc_dzo_04025,Romeo,0.7565578021746477
ddc_dzo_06924,Romeo,0.7543079036413429
ddc_dzo_04622,Romeo,0.7541297977118708
ddc_dzo_00784,Romeo,0.7534598609052903
ddc_dzo_06230,Romeo,0.7498872060833701
ddc_dzo_01055,Romeo,0.7453868445401353
ddc_dzo_05993,Romeo,0.7397202822792002
ddc_dzo_06059,Romeo,0.7336999577198322
ddc_dzo_05177,Romeo,0.7336987605554097
ddc_dzo_08475,Romeo,0.7308056692005298
ddc_dzo_04799,Romeo,0.7306679693345757
ddc_dzo_08821,Romeo,0.7296922355935367
ddc_dzo_09535,Romeo,0.7285108997306795
ddc_dzo_08822,Romeo,0.728077801859023
ddc_dzo_03853,Romeo,0.7278263469169777
ddc_dzo_09738,Romeo,0.7251557429713267
ddc_dzo_05027,Romeo,0.7229306014841552
ddc_dzo_01783,Romeo,0.7206469275715126
ddc_dzo_03872,Romeo,0.718056428580049
ddc_dzo_05646,Romeo,0.7178514506469684
ddc_dzo_06127,Romeo,0.7175881261310677
ddc_dzo_03863,Romeo,0.7171875344097169
ddc_dzo_02772,Romeo,0.7164376921394875
ddc_dzo_00238,Romeo,0.7156493624039058
ddc_dzo_09570,Romeo,0.7151544227981164
ddc_dzo_06777,Romeo,0.7147096397703918
ddc_dzo_06086,Romeo,0.7145680357047663
ddc_dzo_00372,Romeo,0.7139177889753805
ddc_dzo_00942,Romeo,0.7117951560217375
ddc_dzo_03520,Romeo,0.7114752825869295
ddc_dzo_00458,Romeo,0.7101656651335957
ddc_dzo_06743,Romeo,0.7092639230130833
ddc_dzo_05657,Romeo,0.7085279135003248
ddc_dzo_09599,Romeo,0.7074858023446309
ddc_dzo_05917,Romeo,0.7050290396713645
ddc_dzo_04470,Romeo,0.7043777431530718
ddc_dzo_02012,Romeo,0.7029968169337466
ddc_dzo_08694,Romeo,0.69847196868096
ddc_dzo_01816,Romeo,0.6982361858175368
ddc_dzo_04800,Romeo,0.695174361577684
ddc_dzo_01053,Romeo,0.6945778337927346
ddc_dzo_08928,Romeo,0.6908378537751911
ddc_dzo_05664,Romeo,0.6892748573276788
ddc_dzo_08747,Romeo,0.6886063116690226
ddc_dzo_09991,Romeo,0.6850304547011401
ddc_dzo_06043,Romeo,0.683376037999353
ddc_dzo_01641,Romeo,0.6822684418758453
ddc_dzo_04507,Romeo,0.680211529399386
ddc_dzo_09723,Romeo,0.6800899169103407
ddc_dzo_09443,Romeo,0.6797536600762393
ddc_dzo_06498,Romeo,0.6793845263064597
ddc_dzo_04460,Romeo,0.6775449959276574
ddc_dzo_06529,Romeo,0.6752832801730133
ddc_dzo_07847,Romeo,0.6747490101810947
ddc_dzo_01297,Romeo,0.6741136577218949
ddc_dzo_08958,Romeo,0.673672385780109
ddc_dzo_02601,Romeo,0.6712961982573931
ddc_dzo_08366,Romeo,0.6646281820140552
ddc_dzo_09868,Romeo,0.6618487589265005
ddc_dzo_02049,Romeo,0.6612007233372059
ddc_dzo_09708,Romeo,0.6599721069447801
ddc_dzo_08989,Romeo,0.658548883694601
ddc_dzo_04464,Romeo,0.6576344612651144
ddc_dzo_06090,Romeo,0.6569702446471712
ddc_dzo_01367,Romeo,0.6552117413403122
ddc_dzo_03867,Romeo,0.6525338345837386
ddc_dzo_07340,Romeo,0.6518608552319953
ddc_dzo_00030,Romeo,0.6502478863990531
ddc_dzo_04860,Romeo,0.647741805213172
ddc_dzo_06115,Romeo,0.6417525209707585
ddc_dzo_02641,Romeo,0.6352211547303576
ddc_dzo_05752,Romeo,0.6349282512875812
ddc_dzo_03276,Romeo,0.6298514173355537
ddc_dzo_08137,Romeo,0.6298387907990382
ddc_dzo_00796,Romeo,0.6283823623773896
ddc_dzo_07636,Romeo,0.6281202049291323
ddc_dzo_06423,Romeo,0.626769318909386
ddc_dzo_02972,Romeo,0.6267015110498307
ddc_dzo_06542,Romeo,0.6261495065008931
ddc_dzo_05767,Romeo,0.6245864732581092
ddc_dzo_01930,Romeo,0.6243425339676862
ddc_dzo_01135,Romeo,0.6242691870528037
ddc_dzo_05274,Romeo,0.6232174915883506
ddc_dzo_00245,Romeo,0.6207015894597797
ddc_dzo_03458,Romeo,0.6205671996685715
ddc_dzo_01835,Romeo,0.6201314571311448
ddc_dzo_06572,Romeo,0.6197408429562847
ddc_dzo_09416,Romeo,0.6185998728978288
ddc_dzo_07342,Romeo,0.6185267042602636
ddc_dzo_07093,Romeo,0.6163694960944543
ddc_dzo_02400,Romeo,0.6147455537551373
ddc_dzo_02270,Romeo,0.613796618221264
ddc_dzo_04172,Romeo,0.6106709448425605
ddc_dzo_05688,Romeo,0.6092937980458888
ddc_dzo_04229,Romeo,0.6038461948983274
ddc_dzo_05948,Romeo,0.5979810788956899
ddc_dzo_04795,Romeo,0.5979198990681002
ddc_dzo_05228,Romeo,0.5963900319166469
ddc_dzo_03753,Romeo,0.5956354896391853
ddc_dzo_05112,Romeo,0.5939877362211057
ddc_dzo_06580,Romeo,0.5929485914774835
ddc_dzo_09216,Romeo,0.591249064826311
ddc_dzo_06193,Romeo,0.5876200754632701
ddc_dzo_06081,Romeo,0.5872664806475834
ddc_dzo_07366,Romeo,0.5870164096195518
ddc_dzo_05205,Romeo,0.5845413595067868
ddc_dzo_09064,Romeo,0.5837117401321604
ddc_dzo_01606,Romeo,0.5807829749684761
ddc_dzo_00470,Romeo,0.5796876208014841
ddc_dzo_08685,Romeo,0.5788548950219181
ddc_dzo_05736,Romeo,0.5752654573217486
ddc_dzo_05913,Romeo,0.5733862426156594
ddc_dzo_00623,Romeo,0.5722019681518166
ddc_dzo_04855,Romeo,0.571088434105909
ddc_dzo_01878,Romeo,0.5708650627070804
ddc_dzo_08842,Romeo,0.5622904991019861
ddc_dzo_00177,Romeo,0.5615520871215877
ddc_dzo_03687,Romeo,0.5578453785728805
ddc_dzo_03645,Romeo,0.5558004047654733
ddc_dzo_08848,Romeo,0.5552537613404962
ddc_dzo_02101,Romeo,0.5539409743120323
ddc_dzo_07620,Romeo,0.5523143788460405
ddc_dzo_02933,Romeo,0.5502779289596479
ddc_dzo_06078,Romeo,0.5490381380996794
ddc_dzo_07464,Romeo,0.5465082654044241
ddc_dzo_02756,Romeo,0.5457501970982725
ddc_dzo_06149,Romeo,0.541645182602105
ddc_dzo_05465,Romeo,0.5395465323629088
ddc_dzo_04535,Romeo,0.5391176359933129
ddc_dzo_04943,Romeo,0.5369397735734328
ddc_dzo_00040,Romeo,0.5364222069815032
ddc_dzo_03712,Romeo,0.528997547750591
ddc_dzo_05549,Romeo,0.5288308940928803
ddc_dzo_02826,Romeo,0.524883768446681
ddc_dzo_07400,Romeo,0.5192182911318112
ddc_dzo_03656,Romeo,0.5171352624421142
ddc_dzo_01554,Romeo,0.5167287549761125
ddc_dzo_04770,Romeo,0.5152350602331027
ddc_dzo_08357,Romeo,0.5149540362758895
ddc_dzo_08379,Romeo,0.5114590740251969
ddc_dzo_08121,Romeo,0.5110757087084827
ddc_dzo_01653,Romeo,0.5091754029237135
ddc_dzo_08777,Romeo,0.5087063210141022
ddc_dzo_00496,Romeo,0.5041393663573291
ddc_dzo_09415,Romeo,0.5038832523784599
ddc_dzo_05378,Romeo,0.4995353967103856
ddc_dzo_03518,Romeo,0.49596202474253737
ddc_dzo_04517,Romeo,0.49515113757053053
ddc_dzo_07347,Romeo,0.4870130574939757
ddc_dzo_06534,Romeo,0.48623261524006367
ddc_dzo_01380,Romeo,0.4860043902476575
ddc_dzo_08410,Romeo,0.4823936152167081
ddc_dzo_06957,Romeo,0.48150837161797044
ddc_dzo_05048,Romeo,0.48149188062088544
ddc_dzo_01252,Romeo,0.4801497784549722
ddc_dzo_09741,Romeo,0.47672855173912065
ddc_dzo_01267,Romeo,0.4715666354174354
ddc_dzo_05505,Romeo,0.4706997726429776
ddc_dzo_03391,Romeo,0.46816183197524164
ddc_dzo_04328,Romeo,0.4677264581699778
ddc_dzo_04177,Romeo,0.46724489263140945
ddc_dzo_03035,Romeo,0.4621919045327354
ddc_dzo_04047,Romeo,0.4577121717253516
ddc_dzo_08724,Romeo,0.4562613490530799
ddc_dzo_07899,Romeo,0.45281216032780136
ddc_dzo_04677,Romeo,0.452405097273335
ddc_dzo_09839,Romeo,0.4523389051247988
ddc_dzo_06557,Romeo,0.45091662431143
ddc_dzo_03409,Romeo,0.4493998212222985
ddc_dzo_04579,Romeo,0.44865665868979066
ddc_dzo_02094,Romeo,0.4467786551952614
ddc_dzo_08468,Romeo,0.4457194904051822
ddc_dzo_02296,Romeo,0.4445078298804086
ddc_dzo_04715,Romeo,0.4398378946421959
ddc_dzo_06741,Romeo,0.43242324404148147
ddc_dzo_08597,Romeo,0.43187702191773236
ddc_dzo_01411,Romeo,0.4309733683112479
ddc_dzo_00775,Romeo,0.4281258201118223
ddc_dzo_02905,Romeo,0.41962760778114294
ddc_dzo_08504,Romeo,0.4152530695181016
ddc_dzo_05568,Romeo,0.41502238083380893
ddc_dzo_03306,Romeo,0.41100037244436405
ddc_dzo_09637,Romeo,0.4100872663100783
ddc_dzo_09107,Romeo,0.4034704474267279
ddc_dzo_04466,Romeo,0.3963467905502105
ddc_dzo_03257,Romeo,0.3948517943986062
ddc_dzo_05714,Romeo,0.38433413208261114
ddc_dzo_08712,Romeo,0.3816636594326124
ddc_dzo_06531,Romeo,0.37432078601170593
ddc_dzo_03693,Romeo,0.37017262290778574
ddc_dzo_01281,Romeo,0.3609639556763228
ddc_dzo_04234,Romeo,0.35961900840621885
ddc_dzo_05062,Romeo,0.35921972475963215
ddc_dzo_07598,Romeo,0.3551657887437303
ddc_dzo_07315,Romeo,0.35419009144709557
ddc_dzo_04331,Romeo,0.345929441952078
ddc_dzo_03907,Romeo,0.339754489403158
ddc_dzo_01938,Romeo,0.3363810288432172
ddc_dzo_01826,Romeo,0.3282649119323803
ddc_dzo_03490,Romeo,0.32580416827827285
ddc_dzo_05055,Romeo,0.3254457174367482
ddc_dzo_07764,Romeo,0.3219574579326573
ddc_dzo_01247,Romeo,0.31663815527037753
ddc_dzo_01373,Romeo,0.3138380741356581
ddc_dzo_04868,Romeo,0.3106688759522698
ddc_dzo_03699,Romeo,0.3099730547665924
ddc_dzo_04972,Romeo,0.3059102267780359
ddc_dzo_05633,Romeo,0.30074098628262014
ddc_dzo_05389,Romeo,0.29919057803239024
ddc_dzo_05041,Romeo,0.29765635576991367
ddc_dzo_02934,Romeo,0.28692854916395083
ddc_dzo_06486,Romeo,0.2845573760630906
ddc_dzo_02290,Romeo,0.28449977707749874
ddc_dzo_02556,Romeo,0.2834957846639822
ddc_dzo_05489,Romeo,0.28142796527477776
ddc_dzo_00759,Romeo,0.28126902551544686
ddc_dzo_07976,Romeo,0.27809258952742966
ddc_dzo_00446,Romeo,0.2701984266556532
ddc_dzo_01791,Romeo,0.2697448587592506
ddc_dzo_04087,Romeo,0.26033817003364557
ddc_dzo_05450,Romeo,0.2571094931699317
ddc_dzo_04497,Romeo,0.2524122441970089
ddc_dzo_03139,Romeo,0.24949355120528494
ddc_dzo_09337,Romeo,0.24757623977353216
ddc_dzo_08526,Romeo,0.2454362122210545
ddc_dzo_05448,Romeo,0.2429863371804617
ddc_dzo_03749,Romeo,0.23287724219920058
ddc_dzo_08509,Romeo,0.22954392668778378
ddc_dzo_06903,Romeo,0.22928747623521595
ddc_dzo_04570,Romeo,0.2165471524503506
ddc_dzo_05805,Romeo,0.21631385458833507
ddc_dzo_05456,Romeo,0.20411555372408108
ddc_dzo_01834,Romeo,0.2021838689818245
ddc_dzo_03142,Romeo,0.19423632926677503
ddc_dzo_08444,Romeo,0.19309904508955889
ddc_dzo_05107,Romeo,0.1897815823010025
ddc_dzo_04200,Romeo,0.17721563245380945
ddc_dzo_00312,Romeo,0.17550929770583645
ddc_dzo_06837,Romeo,0.17410744997548167
ddc_dzo_05201,Romeo,0.17231396488241424
ddc_dzo_02484,Romeo,0.17214524555871824
ddc_dzo_02957,Romeo,0.16907455454036657
ddc_dzo_01465,Romeo,0.14265945013038472
ddc_dzo_01854,Romeo,0.130120153636599
ddc_dzo_02974,Romeo,0.12366207486786457
ddc_dzo_00833,Romeo,0.11695118276023181
ddc_dzo_08119,Romeo,0.11482210031042328
ddc_dzo_08451,Romeo,0.11091561990509896
ddc_dzo_04251,Romeo,0.10704228506217162
ddc_dzo_05751,Romeo,0.09642665503979997
ddc_dzo_03091,Romeo,0.09628860366683772
ddc_dzo_07533,Romeo,0.08674108033478695
ddc_dzo_05793,Romeo,0.0844274112243073
ddc_dzo_02969,Romeo,0.08081165107804938
ddc_dzo_09057,Romeo,0.05549735020694446
ddc_dzo_01326,Romeo,0.050442911312118366
ddc_dzo_01305,Romeo,0.03309869856369674
ddc_dzo_03453,Romeo,0.03275068363350764
ddc_dzo_08331,Romeo,0.02680518147976052
ddc_dzo_02499,Romeo,0.022693092827819505
ddc_dzo_06523,Romeo,0.01357559936778191
ddc_dzo_01198,Non-Romeo,-0.034158199932761146
ddc_dzo_06254,Non-Romeo,-0.06198999761149804
ddc_dzo_05820,Non-Romeo,-0.0881725069498474
ddc_dzo_02269,Non-Romeo,-0.11664665854210654
ddc_dzo_00894,Non-Romeo,-0.11954503926227242
ddc_dzo_08095,Non-Romeo,-0.14742892317034897
ddc_dzo_01660,Non-Romeo,-0.16601308219903313
ddc_dzo_02378,Non-Romeo,-0.17521895967575013
ddc_dzo_06561,Non-Romeo,-0.1842892449181776
ddc_dzo_07505,Non-Romeo,-0.19709266906671466
ddc_dzo_01734,Non-Romeo,-0.19842960435605317
ddc_dzo_02167,Non-Romeo,-0.21319752468521624
ddc_dzo_04397,Non-Romeo,-0.21716535355805217
ddc_dzo_09607,Non-Romeo,-0.23938463145026903
ddc_dzo_05510,Non-Romeo,-0.29470524290076316
ddc_dzo_09875,Non-Romeo,-0.30918949478781776
ddc_dzo_05808,Non-Romeo,-0.31545629986254825
ddc_dzo_08877,Non-Romeo,-0.34849231198442354
ddc_dzo_01461,Non-Romeo,-0.36145450230305215
ddc_dzo_05060,Non-Romeo,-0.363802137668228
ddc_dzo_08619,Non-Romeo,-0.38029701769709445
ddc_dzo_06121,Non-Romeo,-0.38419940788038265
ddc_dzo_04705,Non-Romeo,-0.38677744906504896
ddc_dzo_06384,Non-Romeo,-0.3948323750578127
ddc_dzo_04471,Non-Romeo,-0.4002983149719488
ddc_dzo_04185,Non-Romeo,-0.4017792107773847
ddc_dzo_03459,Non-Romeo,-0.4171363494418065
ddc_dzo_09347,Non-Romeo,-0.4423436694968483
ddc_dzo_08254,Non-Romeo,-0.4490363171307049
ddc_dzo_09325,Non-Romeo,-0.45891058550867253
ddc_dzo_02002,Non-Romeo,-0.4611482021348854
ddc_dzo_09816,Non-Romeo,-0.4673077041160616
ddc_dzo_08831,Non-Romeo,-0.4703228603996761
ddc_dzo_08876,Non-Romeo,-0.4817332486287228
ddc_dzo_00043,Non-Romeo,-0.4882515048024117
ddc_dzo_09567,Non-Romeo,-0.5048911228933571
ddc_dzo_04104,Non-Romeo,-0.5127948191592676
ddc_dzo_01101,Non-Romeo,-0.5167014880449174
ddc_dzo_03710,Non-Romeo,-0.5183513613621618
ddc_dzo_08502,Non-Romeo,-0.5216220180259169
ddc_dzo_05656,Non-Romeo,-0.5255706312089584
ddc_dzo_05853,Non-Romeo,-0.5258011522362055
ddc_dzo_09053,Non-Romeo,-0.5454925892890246
ddc_dzo_02406,Non-Romeo,-0.5494716489043902
ddc_dzo_04369,Non-Romeo,-0.5503849804558404
ddc_dzo_08561,Non-Romeo,-0.5517790659096735
ddc_dzo_02943,Non-Romeo,-0.5534391828227718
ddc_dzo_07963,Non-Romeo,-0.5575230842984297
ddc_dzo_09336,Non-Romeo,-0.5614461923976264
ddc_dzo_09369,Non-Romeo,-0.5617205234791708
ddc_dzo_07295,Non-Romeo,-0.5674184012606622
ddc_dzo_04698,Non-Romeo,-0.5709764291018938
ddc_dzo_03906,Non-Romeo,-0.5711363066147761
ddc_dzo_08067,Non-Romeo,-0.5736784714868676
ddc_dzo_06551,Non-Romeo,-0.5749411581880024
ddc_dzo_03513,Non-Romeo,-0.5749487719119585
ddc_dzo_02466,Non-Romeo,-0.5781979190200841
ddc_dzo_04106,Non-Romeo,-0.58169751029986
ddc_dzo_02387,Non-Romeo,-0.5902294005375692
ddc_dzo_06231,Non-Romeo,-0.6009022167611653
ddc_dzo_05276,Non-Romeo,-0.6034559228994454
ddc_dzo_02931,Non-Romeo,-0.6049829341001812
ddc_dzo_05570,Non-Romeo,-0.6060028456349554
ddc_dzo_07564,Non-Romeo,-0.6077890022701768
ddc_dzo_04826,Non-Romeo,-0.6079164250616609
ddc_dzo_00605,Non-Romeo,-0.6085601055684011
ddc_dzo_08858,Non-Romeo,-0.6097535307879384
ddc_dzo_06826,Non-Romeo,-0.6144442201405906
ddc_dzo_00756,Non-Romeo,-0.6151657455065326
ddc_dzo_06174,Non-Romeo,-0.6231710568861388
ddc_dzo_03597,Non-Romeo,-0.62461790774033
ddc_dzo_04001,Non-Romeo,-0.6274825678927505
ddc_dzo_00160,Non-Romeo,-0.6320433470695496
ddc_dzo_06213,Non-Romeo,-0.632612905582639
ddc_dzo_06488,Non-Romeo,-0.6329885506516877
ddc_dzo_03324,Non-Romeo,-0.6330243153578077
ddc_dzo_03085,Non-Romeo,-0.638769237424384
ddc_dzo_03800,Non-Romeo,-0.63959656503475
ddc_dzo_01375,Non-Romeo,-0.644753124152388
ddc_dzo_01117,Non-Romeo,-0.6464385567873395
ddc_dzo_05521,Non-Romeo,-0.6477602998315148
ddc_dzo_04257,Non-Romeo,-0.6493031600937528
ddc_dzo_00711,Non-Romeo,-0.6496229798139284
ddc_dzo_02197,Non-Romeo,-0.6501960055246041
ddc_dzo_04261,Non-Romeo,-0.654607374985519
ddc_dzo_05365,Non-Romeo,-0.654815328540802
ddc_dzo_08464,Non-Romeo,-0.6566814222745567
ddc_dzo_04071,Non-Romeo,-0.657588387764822
ddc_dzo_00810,Non-Romeo,-0.6587951295357235
ddc_dzo_03421,Non-Romeo,-0.6599272783169785
ddc_dzo_05163,Non-Romeo,-0.6609502566093133
ddc_dzo_03413,Non-Romeo,-0.6628023320044394
ddc_dzo_01381,Non-Romeo,-0.6628857077660815
ddc_dzo_08522,Non-Romeo,-0.6636017411818871
ddc_dzo_02190,Non-Romeo,-0.6691632072056934
ddc_dzo_07452,Non-Romeo,-0.669228125896116
ddc_dzo_01187,Non-Romeo,-0.6697484483123914
ddc_dzo_07832,Non-Romeo,-0.6698598745841027
ddc_dzo_08219,Non-Romeo,-0.6698775206309421
ddc_dzo_09569,Non-Romeo,-0.6701009907467026
ddc_dzo_05136,Non-Romeo,-0.6731064373323115
ddc_dzo_07086,Non-Romeo,-0.6752593538197923
ddc_dzo_05334,Non-Romeo,-0.6780040942304542
ddc_dzo_09039,Non-Romeo,-0.6809784602939417
ddc_dzo_09382,Non-Romeo,-0.6813645187869128
ddc_dzo_07705,Non-Romeo,-0.682027546375903
ddc_dzo_04429,Non-Romeo,-0.6836102628438263
ddc_dzo_05367,Non-Romeo,-0.6866066328478283
ddc_dzo_09441,Non-Romeo,-0.6890507914180608
ddc_dzo_04159,Non-Romeo,-0.6902013016369396
ddc_dzo_02571,Non-Romeo,-0.6903351931050801
ddc_dzo_06727,Non-Romeo,-0.6912823431703325
ddc_dzo_00575,Non-Romeo,-0.6914643425976663
ddc_dzo_05098,Non-Romeo,-0.6923460557887948
ddc_dzo_05214,Non-Romeo,-0.6929120177897274
ddc_dzo_08871,Non-Romeo,-0.6963061007800114
ddc_dzo_07024,Non-Romeo,-0.6964917725040769
ddc_dzo_06062,Non-Romeo,-0.6967820138692712
ddc_dzo_00919,Non-Romeo,-0.6986097504097573
ddc_dzo_00481,Non-Romeo,-0.6997640242537085
ddc_dzo_03998,Non-Romeo,-0.700515311208812
ddc_dzo_09930,Non-Romeo,-0.7015919010119427
ddc_dzo_00737,Non-Romeo,-0.701886695262662
ddc_dzo_07181,Non-Romeo,-0.7051272152110686
ddc_dzo_01963,Non-Romeo,-0.7058086877359715
ddc_dzo_09586,Non-Romeo,-0.70985840907585
ddc_dzo_09953,Non-Romeo,-0.7129057408224518
ddc_dzo_06594,Non-Romeo,-0.7153562090908427
ddc_dzo_01341,Non-Romeo,-0.7161754333439503
ddc_dzo_02750,Non-Romeo,-0.7166089085762719
ddc_dzo_03856,Non-Romeo,-0.7168664034023653
ddc_dzo_00058,Non-Romeo,-0.7184670781329119
ddc_dzo_00466,Non-Romeo,-0.7185322527954765
ddc_dzo_03930,Non-Romeo,-0.7215780333412349
ddc_dzo_08470,Non-Romeo,-0.7216320685775194
ddc_dzo_03188,Non-Romeo,-0.7221269636066394
ddc_dzo_04461,Non-Romeo,-0.7225210348018871
ddc_dzo_09936,Non-Romeo,-0.7235394120640926
ddc_dzo_01931,Non-Romeo,-0.7237280622476168
ddc_dzo_05514,Non-Romeo,-0.7274352155378416
ddc_dzo_08771,Non-Romeo,-0.7278458826982177
ddc_dzo_05577,Non-Romeo,-0.727868318089784
ddc_dzo_09756,Non-Romeo,-0.7282855902133522
ddc_dzo_06510,Non-Romeo,-0.7283731516488225
ddc_dzo_07131,Non-Romeo,-0.7288813298763908
ddc_dzo_03985,Non-Romeo,-0.728953777659991
ddc_dzo_02939,Non-Romeo,-0.7300349765488399
ddc_dzo_02055,Non-Romeo,-0.7318580219795509
ddc_dzo_06456,Non-Romeo,-0.7368516971537675
ddc_dzo_02726,Non-Romeo,-0.7423132861277622
ddc_dzo_08442,Non-Romeo,-0.7429008398116385
ddc_dzo_02698,Non-Romeo,-0.7445846222184207
ddc_dzo_01675,Non-Romeo,-0.7449331506622606
ddc_dzo_07765,Non-Romeo,-0.7451645581033735
ddc_dzo_04760,Non-Romeo,-0.7453073151581218
ddc_dzo_00709,Non-Romeo,-0.7463217205109962
ddc_dzo_09521,Non-Romeo,-0.7479258646089371
ddc_dzo_00557,Non-Romeo,-0.7505717634191416
ddc_dzo_07744,Non-Romeo,-0.7514121869467822
ddc_dzo_04313,Non-Romeo,-0.7536919214543225
ddc_dzo_07364,Non-Romeo,-0.7542047360480197
ddc_dzo_01161,Non-Romeo,-0.7550469662433081
ddc_dzo_08651,Non-Romeo,-0.7572137205677716
ddc_dzo_06669,Non-Romeo,-0.7578899206326852
ddc_dzo_07676,Non-Romeo,-0.7642523702507348
ddc_dzo_07678,Non-Romeo,-0.7646156274828437
ddc_dzo_09233,Non-Romeo,-0.7656901815266629
ddc_dzo_00233,Non-Romeo,-0.7659663390542603
ddc_dzo_04326,Non-Romeo,-0.767063264715828
ddc_dzo_04264,Non-Romeo,-0.7671502973060704
ddc_dzo_07081,Non-Romeo,-0.7678960731742317
ddc_dzo_08178,Non-Romeo,-0.768407683066593
ddc_dzo_04451,Non-Romeo,-0.7689464302593985
ddc_dzo_02293,Non-Romeo,-0.7690479545545151
ddc_dzo_06653,Non-Romeo,-0.7696337154398036
ddc_dzo_05405,Non-Romeo,-0.7716741581622992
ddc_dzo_04058,Non-Romeo,-0.7722028683957716
ddc_dzo_07461,Non-Romeo,-0.7757478169548899
ddc_dzo_05181,Non-Romeo,-0.7796013991289327
ddc_dzo_05666,Non-Romeo,-0.780563742702224
ddc_dzo_03454,Non-Romeo,-0.7838917339859959
ddc_dzo_05516,Non-Romeo,-0.784132261226336
ddc_dzo_06823,Non-Romeo,-0.7856761767674796
ddc_dzo_09424,Non-Romeo,-0.7858871886122882
ddc_dzo_05877,Non-Romeo,-0.7861815283670476
ddc_dzo_09600,Non-Romeo,-0.7864041699610531
ddc_dzo_06106,Non-Romeo,-0.7870956152745159
ddc_dzo_03330,Non-Romeo,-0.7876295873460966
ddc_dzo_03134,Non-Romeo,-0.7893225617084736
ddc_dzo_04090,Non-Romeo,-0.7906432784432129
ddc_dzo_09531,Non-Romeo,-0.7912141901120664
ddc_dzo_02887,Non-Romeo,-0.7918964028689727
ddc_dzo_07688,Non-Romeo,-0.7919914749152244
ddc_dzo_03310,Non-Romeo,-0.7920583753689391
ddc_dzo_02358,Non-Romeo,-0.7928480175091669
ddc_dzo_01497,Non-Romeo,-0.7931604839321243
ddc_dzo_09858,Non-Romeo,-0.7937356860495068
ddc_dzo_02748,Non-Romeo,-0.7954161750356841
ddc_dzo_09023,Non-Romeo,-0.7970740212755447
ddc_dzo_02193,Non-Romeo,-0.7972484405567971
ddc_dzo_01772,Non-Romeo,-0.7974713567202256
ddc_dzo_05002,Non-Romeo,-0.798258177118436
ddc_dzo_08531,Non-Romeo,-0.7985467351793623
ddc_dzo_02935,Non-Romeo,-0.7987443771239489
ddc_dzo_08195,Non-Romeo,-0.7996610500143506
ddc_dzo_02422,Non-Romeo,-0.8008060415584121
ddc_dzo_02429,Non-Romeo,-0.8009407777853945
ddc_dzo_04400,Non-Romeo,-0.8014975599534484
ddc_dzo_05792,Non-Romeo,-0.8015156877565093
ddc_dzo_08933,Non-Romeo,-0.8038241360332772
ddc_dzo_00705,Non-Romeo,-0.8063461618762133
ddc_dzo_01933,Non-Romeo,-0.8063845076231975
ddc_dzo_04615,Non-Romeo,-0.8077396527617833
ddc_dzo_07895,Non-Romeo,-0.8078589590268137
ddc_dzo_03778,Non-Romeo,-0.8118850134787532
ddc_dzo_05647,Non-Romeo,-0.8120595420768053
ddc_dzo_05064,Non-Romeo,-0.8125161959595562
ddc_dzo_01619,Non-Romeo,-0.8125826977997247
ddc_dzo_00867,Non-Romeo,-0.8126138292381744
ddc_dzo_03725,Non-Romeo,-0.8126325523892072
ddc_dzo_09496,Non-Romeo,-0.8135888920709181
ddc_dzo_09077,Non-Romeo,-0.8147594060417709
ddc_dzo_09431,Non-Romeo,-0.8147723489890442
ddc_dzo_08173,Non-Romeo,-0.8152493334687434
ddc_dzo_07305,Non-Romeo,-0.8192460679433384
ddc_dzo_04828,Non-Romeo,-0.8197192072323062
ddc_dzo_06298,Non-Romeo,-0.821328551268262
ddc_dzo_01571,Non-Romeo,-0.8256065141772839
ddc_dzo_03311,Non-Romeo,-0.826020663860564
ddc_dzo_09150,Non-Romeo,-0.827666343812808
ddc_dzo_05681,Non-Romeo,-0.8282963264993255
ddc_dzo_04131,Non-Romeo,-0.8292389780829573
ddc_dzo_00872,Non-Romeo,-0.829256340532577
ddc_dzo_05159,Non-Romeo,-0.8301048817188745
ddc_dzo_07463,Non-Romeo,-0.8306803305344633
ddc_dzo_08369,Non-Romeo,-0.8314337587675589
ddc_dzo_04026,Non-Romeo,-0.8336676690009754
ddc_dzo_07332,Non-Romeo,-0.8343827417613406
ddc_dzo_00275,Non-Romeo,-0.8369379455014332
ddc_dzo_01989,Non-Romeo,-0.838506107672768
ddc_dzo_08555,Non-Romeo,-0.8392438629338117
ddc_dzo_06085,Non-Romeo,-0.8395856052179587
ddc_dzo_00567,Non-Romeo,-0.8406394750180317
ddc_dzo_05284,Non-Romeo,-0.8407906507544503
ddc_dzo_05591,Non-Romeo,-0.8429490048910353
ddc_dzo_09828,Non-Romeo,-0.8438967658793464
ddc_dzo_07229,Non-Romeo,-0.844983639775762
ddc_dzo_03289,Non-Romeo,-0.8464369865589451
ddc_dzo_03969,Non-Romeo,-0.8476128734855728
ddc_dzo_09759,Non-Romeo,-0.8482282892473012
ddc_dzo_04701,Non-Romeo,-0.8483011299981856
ddc_dzo_05716,Non-Romeo,-0.8508869471124497
ddc_dzo_02669,Non-Romeo,-0.8510743333514962
ddc_dzo_00730,Non-Romeo,-0.8528585084626896
ddc_dzo_06352,Non-Romeo,-0.8529705938867763
ddc_dzo_05458,Non-Romeo,-0.8539932491446588
ddc_dzo_03121,Non-Romeo,-0.8555596379771323
ddc_dzo_00411,Non-Romeo,-0.8558562092869839
ddc_dzo_05223,Non-Romeo,-0.8577347013077241
ddc_dzo_05711,Non-Romeo,-0.8579566725164938
ddc_dzo_00028,Non-Romeo,-0.8590009435627601
ddc_dzo_07927,Non-Romeo,-0.8591350780256787
ddc_dzo_04007,Non-Romeo,-0.8593529616082577
ddc_dzo_03974,Non-Romeo,-0.8612546122784939
ddc_dzo_06137,Non-Romeo,-0.8624003506483985
ddc_dzo_00588,Non-Romeo,-0.8625406333084197
ddc_dzo_00140,Non-Romeo,-0.8629207645707114
ddc_dzo_04516,Non-Romeo,-0.8649912305517862
ddc_dzo_09642,Non-Romeo,-0.8675221897126211
ddc_dzo_04037,Non-Romeo,-0.8677903425651042
ddc_dzo_00997,Non-Romeo,-0.8721782814854241
ddc_dzo_07734,Non-Romeo,-0.8729890137684482
ddc_dzo_06017,Non-Romeo,-0.8730857903055607
ddc_dzo_05212,Non-Romeo,-0.8730984565456411
ddc_dzo_07704,Non-Romeo,-0.8742751705046922
ddc_dzo_09141,Non-Romeo,-0.8742915547779883
ddc_dzo_05111,Non-Romeo,-0.8744746619229063
ddc_dzo_03464,Non-Romeo,-0.8757752741017385
ddc_dzo_00271,Non-Romeo,-0.8759804090142124
ddc_dzo_02823,Non-Romeo,-0.8771479146714143
ddc_dzo_05271,Non-Romeo,-0.8774281364139558
ddc_dzo_08658,Non-Romeo,-0.8777177975952333
ddc_dzo_08731,Non-Romeo,-0.8792452861707184
ddc_dzo_03628,Non-Romeo,-0.8799645369704815
ddc_dzo_09574,Non-Romeo,-0.8808401938862574
ddc_dzo_09955,Non-Romeo,-0.8812081523242364
ddc_dzo_04953,Non-Romeo,-0.8815047653970699
ddc_dzo_03315,Non-Romeo,-0.8816197083901495
ddc_dzo_01019,Non-Romeo,-0.8819053143827019
ddc_dzo_01620,Non-Romeo,-0.884202457738337
ddc_dzo_04120,Non-Romeo,-0.8842757047783888
ddc_dzo_03144,Non-Romeo,-0.8848253864627158
ddc_dzo_06417,Non-Romeo,-0.8850238386227176
ddc_dzo_00818,Non-Romeo,-0.8852784153157646
ddc_dzo_01705,Non-Romeo,-0.8862365306688721
ddc_dzo_04070,Non-Romeo,-0.886302621318602
ddc_dzo_09884,Non-Romeo,-0.8864082384746244
ddc_dzo_06662,Non-Romeo,-0.8872242252304592
ddc_dzo_03713,Non-Romeo,-0.8922453184945304
ddc_dzo_00340,Non-Romeo,-0.8924867164987965
ddc_dzo_01527,Non-Romeo,-0.8927478938466515
ddc_dzo_05042,Non-Romeo,-0.8928148138283905
ddc_dzo_05519,Non-Romeo,-0.8934800708557185
ddc_dzo_05451,Non-Romeo,-0.8962375659113477
ddc_dzo_02999,Non-Romeo,-0.8966644577716415
ddc_dzo_02319,Non-Romeo,-0.8966834184222016
ddc_dzo_03485,Non-Romeo,-0.8985291433116841
ddc_dzo_05874,Non-Romeo,-0.898612733321875
ddc_dzo_04284,Non-Romeo,-0.9005389237168318
ddc_dzo_01079,Non-Romeo,-0.9014759909159593
ddc_dzo_05089,Non-Romeo,-0.9014888243383604
ddc_dzo_08506,Non-Romeo,-0.9017057923639986
ddc_dzo_00625,Non-Romeo,-0.9024226899809193
ddc_dzo_06161,Non-Romeo,-0.9024688431614889
ddc_dzo_08111,Non-Romeo,-0.9030703357694859
ddc_dzo_08807,Non-Romeo,-0.9042372636862666
ddc_dzo_01861,Non-Romeo,-0.9063741076133087
ddc_dzo_00805,Non-Romeo,-0.9065011573420757
ddc_dzo_00975,Non-Romeo,-0.9107288280568786
ddc_dzo_03702,Non-Romeo,-0.9109961598369201
ddc_dzo_09468,Non-Romeo,-0.9113939152127751
ddc_dzo_08525,Non-Romeo,-0.9160389939443081
ddc_dzo_08277,Non-Romeo,-0.9165861849662582
ddc_dzo_05734,Non-Romeo,-0.9178361210447121
ddc_dzo_02714,Non-Romeo,-0.9185375183630875
ddc_dzo_05819,Non-Romeo,-0.9192377840282872
ddc_dzo_08507,Non-Romeo,-0.9204305524804486
ddc_dzo_05393,Non-Romeo,-0.9231284451973072
ddc_dzo_06129,Non-Romeo,-0.9249639257023251
ddc_dzo_04664,Non-Romeo,-0.927070078342858
ddc_dzo_05849,Non-Romeo,-0.9273603830145536
ddc_dzo_06678,Non-Romeo,-0.9274461485432254
ddc_dzo_01417,Non-Romeo,-0.92832413859446
ddc_dzo_00807,Non-Romeo,-0.9293870898985125
ddc_dzo_01260,Non-Romeo,-0.9334410426641604
ddc_dzo_08027,Non-Romeo,-0.9345424302663736
ddc_dzo_07691,Non-Romeo,-0.934587941887759
ddc_dzo_05883,Non-Romeo,-0.936938277580918
ddc_dzo_02876,Non-Romeo,-0.9371431055549657
ddc_dzo_08964,Non-Romeo,-0.938348986956036
ddc_dzo_04528,Non-Romeo,-0.9384917591647753
ddc_dzo_02966,Non-Romeo,-0.9388863174193173
ddc_dzo_09366,Non-Romeo,-0.9428699151743778
ddc_dzo_05821,Non-Romeo,-0.9432519694414199
ddc_dzo_07228,Non-Romeo,-0.9439897272754062
ddc_dzo_05501,Non-Romeo,-0.9453052280001807
ddc_dzo_06217,Non-Romeo,-0.9461109784241589
ddc_dzo_07953,Non-Romeo,-0.9462139441469344
ddc_dzo_08205,Non-Romeo,-0.9466018199376699
ddc_dzo_09479,Non-Romeo,-0.9474590306092692
ddc_dzo_00301,Non-Romeo,-0.9507022580872897
ddc_dzo_05392,Non-Romeo,-0.951496243182778
ddc_dzo_04112,Non-Romeo,-0.9521443305335863
ddc_dzo_00598,Non-Romeo,-0.9529484868875008
ddc_dzo_07213,Non-Romeo,-0.952979612094119
ddc_dzo_00420,Non-Romeo,-0.9532583821505435
ddc_dzo_01729,Non-Romeo,-0.9532639880758448
ddc_dzo_06925,Non-Romeo,-0.9536788177305949
ddc_dzo_02178,Non-Romeo,-0.9558481439377893
ddc_dzo_04719,Non-Romeo,-0.9565433910457066
ddc_dzo_09933,Non-Romeo,-0.9569248370629397
ddc_dzo_04503,Non-Romeo,-0.9569639363319757
ddc_dzo_01580,Non-Romeo,-0.9573337322272746
ddc_dzo_02885,Non-Romeo,-0.9584064856069062
ddc_dzo_04181,Non-Romeo,-0.9601427509089399
ddc_dzo_02538,Non-Romeo,-0.9605403448736238
ddc_dzo_04816,Non-Romeo,-0.9609595833698639
ddc_dzo_06141,Non-Romeo,-0.9620964835944655
ddc_dzo_08886,Non-Romeo,-0.9625167349713415
ddc_dzo_09434,Non-Romeo,-0.9629442675815917
ddc_dzo_03759,Non-Romeo,-0.9631624687679486
ddc_dzo_00020,Non-Romeo,-0.9634917281104978
ddc_dzo_05226,Non-Romeo,-0.9639345339776083
ddc_dzo_06645,Non-Romeo,-0.9641742479200015
ddc_dzo_09163,Non-Romeo,-0.9651010264808526
ddc_dzo_04525,Non-Romeo,-0.9651591702002473
ddc_dzo_06560,Non-Romeo,-0.9656768550005358
ddc_dzo_09162,Non-Romeo,-0.9665587426483655
ddc_dzo_04052,Non-Romeo,-0.9671525458753835
ddc_dzo_08064,Non-Romeo,-0.9674350064290311
ddc_dzo_09252,Non-Romeo,-0.9675755474825978
ddc_dzo_02754,Non-Romeo,-0.9685015694760122
ddc_dzo_09788,Non-Romeo,-0.9696216512133832
ddc_dzo_09488,Non-Romeo,-0.9717462878334095
ddc_dzo_07215,Non-Romeo,-0.9726641472292508
ddc_dzo_06533,Non-Romeo,-0.9757682650662642
ddc_dzo_05082,Non-Romeo,-0.9768665200521469
ddc_dzo_02904,Non-Romeo,-0.9775735444372566
ddc_dzo_07489,Non-Romeo,-0.9809416150134883
ddc_dzo_09490,Non-Romeo,-0.9815513700453642
ddc_dzo_03352,Non-Romeo,-0.981882738690679
ddc_dzo_09729,Non-Romeo,-0.9827432381605244
ddc_dzo_09905,Non-Romeo,-0.9829661682623649
ddc_dzo_07145,Non-Romeo,-0.9829927806671424
ddc_dzo_04354,Non-Romeo,-0.9830484834875912
ddc_dzo_03372,Non-Romeo,-0.9831167106324739
ddc_dzo_03861,Non-Romeo,-0.9835378955432217
ddc_dzo_07238,Non-Romeo,-0.984563060063849
ddc_dzo_01709,Non-Romeo,-0.9850495002661652
ddc_dzo_03570,Non-Romeo,-0.9854942793314778
ddc_dzo_08465,Non-Romeo,-0.9875425965305655
ddc_dzo_03156,Non-Romeo,-0.9922606682304501
ddc_dzo_02715,Non-Romeo,-0.9939904864379755
ddc_dzo_00157,Non-Romeo,-0.9992967633856046
ddc_dzo_07166,Non-Romeo,-0.9994028757667688
ddc_dzo_07020,Non-Romeo,-0.9995354161248102
ddc_dzo_09277,Non-Romeo,-1.0001358601518855
ddc_dzo_03931,Non-Romeo,-1.0009979244439473
ddc_dzo_09165,Non-Romeo,-1.0017524469658174
ddc_dzo_05063,Non-Romeo,-1.0017628023821037
ddc_dzo_09742,Non-Romeo,-1.0019392480383758
ddc_dzo_03430,Non-Romeo,-1.0019740893522848
ddc_dzo_06555,Non-Romeo,-1.0020649432628674
ddc_dzo_08918,Non-Romeo,-1.0020937376439867
ddc_dzo_08136,Non-Romeo,-1.0021151944999696
ddc_dzo_08151,Non-Romeo,-1.002191530958417
ddc_dzo_09977,Non-Romeo,-1.0030788029692477
ddc_dzo_01862,Non-Romeo,-1.0042541197963089
ddc_dzo_08318,Non-Romeo,-1.0047179303421787
ddc_dzo_02375,Non-Romeo,-1.0056832362071844
ddc_dzo_05687,Non-Romeo,-1.006450482273155
ddc_dzo_04124,Non-Romeo,-1.0065873562206966
ddc_dzo_05678,Non-Romeo,-1.006631231821573
ddc_dzo_00480,Non-Romeo,-1.0070572190404046
ddc_dzo_09438,Non-Romeo,-1.008792403317117
ddc_dzo_05091,Non-Romeo,-1.0088593959184262
ddc_dzo_09691,Non-Romeo,-1.0094654524432758
ddc_dzo_05135,Non-Romeo,-1.0097053432936978
ddc_dzo_09121,Non-Romeo,-1.0113978453864108
ddc_dzo_00602,Non-Romeo,-1.0125309553649016
ddc_dzo_09357,Non-Romeo,-1.012962563342278
ddc_dzo_07240,Non-Romeo,-1.0131965109176215
ddc_dzo_02878,Non-Romeo,-1.013205209744278
ddc_dzo_08869,Non-Romeo,-1.0132270820259155
ddc_dzo_08810,Non-Romeo,-1.0134033031384844
ddc_dzo_06094,Non-Romeo,-1.0135872885558603
ddc_dzo_02385,Non-Romeo,-1.0141964203249443
ddc_dzo_09370,Non-Romeo,-1.0142913286123805
ddc_dzo_07244,Non-Romeo,-1.0146045623253417
ddc_dzo_08332,Non-Romeo,-1.0155655541589887
ddc_dzo_09508,Non-Romeo,-1.016689285442085
ddc_dzo_07563,Non-Romeo,-1.0183218778671066
ddc_dzo_04927,Non-Romeo,-1.0184461529193032
ddc_dzo_08833,Non-Romeo,-1.0186336822037332
ddc_dzo_01768,Non-Romeo,-1.0189005671052938
ddc_dzo_03910,Non-Romeo,-1.019351646977527
ddc_dzo_06050,Non-Romeo,-1.0194517420396454
ddc_dzo_08462,Non-Romeo,-1.020128380512162
ddc_dzo_03050,Non-Romeo,-1.0214220723702225
ddc_dzo_02265,Non-Romeo,-1.0219546557767951
ddc_dzo_07200,Non-Romeo,-1.0222038511195715
ddc_dzo_00568,Non-Romeo,-1.0225750170680465
ddc_dzo_05266,Non-Romeo,-1.0228983706032948
ddc_dzo_04228,Non-Romeo,-1.0235568999484213
ddc_dzo_00475,Non-Romeo,-1.0246832214097696
ddc_dzo_02525,Non-Romeo,-1.0253663445337016
ddc_dzo_00607,Non-Romeo,-1.0264192391523523
ddc_dzo_07486,Non-Romeo,-1.026496434756018
ddc_dzo_08812,Non-Romeo,-1.027647161621732
ddc_dzo_05125,Non-Romeo,-1.0287319822197087
ddc_dzo_03116,Non-Romeo,-1.030207507832504
ddc_dzo_04911,Non-Romeo,-1.030254118629212
ddc_dzo_03761,Non-Romeo,-1.0306113887552608
ddc_dzo_01932,Non-Romeo,-1.0312254186026772
ddc_dzo_09048,Non-Romeo,-1.0320785635135323
ddc_dzo_04368,Non-Romeo,-1.0332212252877104
ddc_dzo_00491,Non-Romeo,-1.0340327165909922
ddc_dzo_01285,Non-Romeo,-1.0341179579550777
ddc_dzo_09812,Non-Romeo,-1.0341454602743008
ddc_dzo_03170,Non-Romeo,-1.0342167264939484
ddc_dzo_02780,Non-Romeo,-1.034723023778879
ddc_dzo_02297,Non-Romeo,-1.0348905193529607
ddc_dzo_06167,Non-Romeo,-1.0353906093019911
ddc_dzo_01192,Non-Romeo,-1.0372493296543202
ddc_dzo_04065,Non-Romeo,-1.0377930679195835
ddc_dzo_01895,Non-Romeo,-1.0379229845845468
ddc_dzo_00079,Non-Romeo,-1.0380925420196374
ddc_dzo_01797,Non-Romeo,-1.0381233333231976
ddc_dzo_06448,Non-Romeo,-1.0385176684254762
ddc_dzo_04111,Non-Romeo,-1.0391214495437402
ddc_dzo_08859,Non-Romeo,-1.0392378713377117
ddc_dzo_07172,Non-Romeo,-1.040314005044002
ddc_dzo_00966,Non-Romeo,-1.0419454270660002
ddc_dzo_03469,Non-Romeo,-1.0421320664894078
ddc_dzo_06919,Non-Romeo,-1.0423856771221165
ddc_dzo_03697,Non-Romeo,-1.0438797146117649
ddc_dzo_03041,Non-Romeo,-1.0440218316586076
ddc_dzo_02498,Non-Romeo,-1.0440532454557399
ddc_dzo_08728,Non-Romeo,-1.0440990631333855
ddc_dzo_03677,Non-Romeo,-1.0443498742918704
ddc_dzo_06932,Non-Romeo,-1.0448310398225653
ddc_dzo_04750,Non-Romeo,-1.0449291928309277
ddc_dzo_08212,Non-Romeo,-1.0449909198218128
ddc_dzo_05621,Non-Romeo,-1.045206725256001
ddc_dzo_08347,Non-Romeo,-1.04578096427959
ddc_dzo_04384,Non-Romeo,-1.0458803082903712
ddc_dzo_03789,Non-Romeo,-1.0463328042180666
ddc_dzo_05608,Non-Romeo,-1.0463541498279376
ddc_dzo_08209,Non-Romeo,-1.0467225466593295
ddc_dzo_03338,Non-Romeo,-1.0471546612445939
ddc_dzo_09281,Non-Romeo,-1.0473564952648435
ddc_dzo_01114,Non-Romeo,-1.0477146275218954
ddc_dzo_08850,Non-Romeo,-1.0489268238484757
ddc_dzo_04929,Non-Romeo,-1.0505745106720865
ddc_dzo_02923,Non-Romeo,-1.051782535245659
ddc_dzo_09554,Non-Romeo,-1.0535089588911868
ddc_dzo_09506,Non-Romeo,-1.0538863526147138
ddc_dzo_05581,Non-Romeo,-1.054623000781997
ddc_dzo_03569,Non-Romeo,-1.0567762379831516
ddc_dzo_01335,Non-Romeo,-1.059344775750511
ddc_dzo_00064,Non-Romeo,-1.0596116975926289
ddc_dzo_06971,Non-Romeo,-1.059975822923661
ddc_dzo_00931,Non-Romeo,-1.0607241236936806
ddc_dzo_05021,Non-Romeo,-1.0612479506426233
ddc_dzo_03109,Non-Romeo,-1.0627859576791119
ddc_dzo_03581,Non-Romeo,-1.0628166582248264
ddc_dzo_06526,Non-Romeo,-1.0640327297538987
ddc_dzo_02940,Non-Romeo,-1.0644765949196897
ddc_dzo_00017,Non-Romeo,-1.0663657083701459
ddc_dzo_05122,Non-Romeo,-1.067841834314868
ddc_dzo_00031,Non-Romeo,-1.0678478487353724
ddc_dzo_05380,Non-Romeo,-1.0685880522608568
ddc_dzo_05763,Non-Romeo,-1.069137184179683
ddc_dzo_04444,Non-Romeo,-1.0692055018480735
ddc_dzo_06509,Non-Romeo,-1.069235655373813
ddc_dzo_09090,Non-Romeo,-1.06950101209685
ddc_dzo_00531,Non-Romeo,-1.070528348972212
ddc_dzo_04654,Non-Romeo,-1.071025475440483
ddc_dzo_01756,Non-Romeo,-1.0711779287762098
ddc_dzo_02697,Non-Romeo,-1.0714935709865316
ddc_dzo_02351,Non-Romeo,-1.071778360725024
ddc_dzo_08660,Non-Romeo,-1.074023846462544
ddc_dzo_03301,Non-Romeo,-1.0746614909390682
ddc_dzo_03909,Non-Romeo,-1.0777990665221322
ddc_dzo_02078,Non-Romeo,-1.0780320825979837
ddc_dzo_08935,Non-Romeo,-1.079173788691068
ddc_dzo_08700,Non-Romeo,-1.0797317769988681
ddc_dzo_06267,Non-Romeo,-1.0801264887093303
ddc_dzo_08870,Non-Romeo,-1.080437740897206
ddc_dzo_07928,Non-Romeo,-1.0817364893449186
ddc_dzo_09673,Non-Romeo,-1.081919463395566
ddc_dzo_01202,Non-Romeo,-1.0825473490423785
ddc_dzo_01452,Non-Romeo,-1.084330839643895
ddc_dzo_09947,Non-Romeo,-1.0847887393502367
ddc_dzo_09440,Non-Romeo,-1.0860875434180244
ddc_dzo_01401,Non-Romeo,-1.0868755059570976
ddc_dzo_09726,Non-Romeo,-1.0870444003750732
ddc_dzo_08562,Non-Romeo,-1.0885991206206416
ddc_dzo_03216,Non-Romeo,-1.090848211970938
ddc_dzo_07444,Non-Romeo,-1.0916772362076674
ddc_dzo_02989,Non-Romeo,-1.09172002849163
ddc_dzo_00162,Non-Romeo,-1.091837827910903
ddc_dzo_01957,Non-Romeo,-1.0923269392174184
ddc_dzo_06163,Non-Romeo,-1.0931912570830302
ddc_dzo_09356,Non-Romeo,-1.093313785296694
ddc_dzo_07112,Non-Romeo,-1.0975185690950462
ddc_dzo_09824,Non-Romeo,-1.0976293158534753
ddc_dzo_05322,Non-Romeo,-1.098381317217331
ddc_dzo_05459,Non-Romeo,-1.0994984402782138
ddc_dzo_08478,Non-Romeo,-1.0995752551473301
ddc_dzo_05129,Non-Romeo,-1.101710573692928
ddc_dzo_09226,Non-Romeo,-1.101843405070388
ddc_dzo_00888,Non-Romeo,-1.102261879293903
ddc_dzo_09049,Non-Romeo,-1.1032025617758454
ddc_dzo_05641,Non-Romeo,-1.1036922324103418
ddc_dzo_01984,Non-Romeo,-1.1037087707305753
ddc_dzo_04680,Non-Romeo,-1.1049123316152236
ddc_dzo_03745,Non-Romeo,-1.1056244000161901
ddc_dzo_04481,Non-Romeo,-1.1072054046461242
ddc_dzo_01374,Non-Romeo,-1.1080077615643207
ddc_dzo_04907,Non-Romeo,-1.1097407534531356
ddc_dzo_03339,Non-Romeo,-1.1098879676421163
ddc_dzo_05918,Non-Romeo,-1.110851475916574
ddc_dzo_09218,Non-Romeo,-1.1109725696906763
ddc_dzo_07603,Non-Romeo,-1.1116151921110182
ddc_dzo_04877,Non-Romeo,-1.1119582227381644
ddc_dzo_09541,Non-Romeo,-1.1123069035183664
ddc_dzo_01956,Non-Romeo,-1.1124613188442685
ddc_dzo_04548,Non-Romeo,-1.112932961829535
ddc_dzo_04948,Non-Romeo,-1.1132637386437008
ddc_dzo_03298,Non-Romeo,-1.1134761399238204
ddc_dzo_07512,Non-Romeo,-1.1136518247543274
ddc_dzo_00827,Non-Romeo,-1.1140006936452698
ddc_dzo_03705,Non-Romeo,-1.1152151471217069
ddc_dzo_07168,Non-Romeo,-1.1171412578116526
ddc_dzo_03152,Non-Romeo,-1.1178162844247894
ddc_dzo_08261,Non-Romeo,-1.1179177943647458
ddc_dzo_03051,Non-Romeo,-1.1182678773162251
ddc_dzo_04294,Non-Romeo,-1.1182718409792427
ddc_dzo_07609,Non-Romeo,-1.1183339350242507
ddc_dzo_03005,Non-Romeo,-1.1186154802027157
ddc_dzo_04062,Non-Romeo,-1.1188518276872106
ddc_dzo_07802,Non-Romeo,-1.1194464702305913
ddc_dzo_02553,Non-Romeo,-1.1196844953110112
ddc_dzo_06683,Non-Romeo,-1.12034385899774
ddc_dzo_00552,Non-Romeo,-1.120345337212588
ddc_dzo_05639,Non-Romeo,-1.1218501667108485
ddc_dzo_08487,Non-Romeo,-1.1234147410244328
ddc_dzo_04598,Non-Romeo,-1.1234610449312257
ddc_dzo_09013,Non-Romeo,-1.1244665454429683
ddc_dzo_06047,Non-Romeo,-1.1244910310248253
ddc_dzo_02787,Non-Romeo,-1.1247777930957448
ddc_dzo_06291,Non-Romeo,-1.124863111483739
ddc_dzo_07844,Non-Romeo,-1.126759387539162
ddc_dzo_00234,Non-Romeo,-1.126867444469672
ddc_dzo_07592,Non-Romeo,-1.127844387314874
ddc_dzo_08076,Non-Romeo,-1.1292415833266798
ddc_dzo_09946,Non-Romeo,-1.1302401667336803
ddc_dzo_02451,Non-Romeo,-1.1303218287163805
ddc_dzo_09702,Non-Romeo,-1.1337585650395945
ddc_dzo_04932,Non-Romeo,-1.1358433168973416
ddc_dzo_03781,Non-Romeo,-1.1362982658117957
ddc_dzo_03337,Non-Romeo,-1.1376959999816787
ddc_dzo_06080,Non-Romeo,-1.138740572694588
ddc_dzo_07409,Non-Romeo,-1.1388847024204451
ddc_dzo_05313,Non-Romeo,-1.139016153454642
ddc_dzo_07180,Non-Romeo,-1.1396808122335522
ddc_dzo_04171,Non-Romeo,-1.1406514986448797
ddc_dzo_08702,Non-Romeo,-1.143588745993066
ddc_dzo_07728,Non-Romeo,-1.1442424367916453
ddc_dzo_06507,Non-Romeo,-1.1450618321338148
ddc_dzo_03086,Non-Romeo,-1.145278574003167
ddc_dzo_07547,Non-Romeo,-1.1456272873407616
ddc_dzo_00731,Non-Romeo,-1.147621812044365
ddc_dzo_01656,Non-Romeo,-1.148066512320003
ddc_dzo_03536,Non-Romeo,-1.149061174702305
ddc_dzo_07460,Non-Romeo,-1.1511742289941145
ddc_dzo_00844,Non-Romeo,-1.1512605134499778
ddc_dzo_06689,Non-Romeo,-1.1539361915618511
ddc_dzo_04861,Non-Romeo,-1.1539714066934295
ddc_dzo_00675,Non-Romeo,-1.1540446824140442
ddc_dzo_04745,Non-Romeo,-1.1543868621706017
ddc_dzo_09180,Non-Romeo,-1.1551352072123597
ddc_dzo_08765,Non-Romeo,-1.1562024705091778
ddc_dzo_04829,Non-Romeo,-1.1577879235412372
ddc_dzo_04046,Non-Romeo,-1.1579771382542072
ddc_dzo_03382,Non-Romeo,-1.1600585637090175
ddc_dzo_03374,Non-Romeo,-1.16112275286552
ddc_dzo_07672,Non-Romeo,-1.1615840016960715
ddc_dzo_05628,Non-Romeo,-1.1647124400592554
ddc_dzo_00906,Non-Romeo,-1.1649077273452066
ddc_dzo_00128,Non-Romeo,-1.1654152748350675
ddc_dzo_09027,Non-Romeo,-1.166080992245513
ddc_dzo_07350,Non-Romeo,-1.1664725589832807
ddc_dzo_05703,Non-Romeo,-1.1672675135659116
ddc_dzo_04869,Non-Romeo,-1.1673625610407212
ddc_dzo_04179,Non-Romeo,-1.167758600227006
ddc_dzo_03017,Non-Romeo,-1.16841724942272
ddc_dzo_06972,Non-Romeo,-1.1711747059815192
ddc_dzo_00526,Non-Romeo,-1.1753285234242128
ddc_dzo_06980,Non-Romeo,-1.1758369158523658
ddc_dzo_00321,Non-Romeo,-1.176554513058543
ddc_dzo_05869,Non-Romeo,-1.1770044491120624
ddc_dzo_06839,Non-Romeo,-1.1781031070835795
ddc_dzo_04947,Non-Romeo,-1.1789934999676808
ddc_dzo_04499,Non-Romeo,-1.180958235840626
ddc_dzo_04551,Non-Romeo,-1.1818339185184459
ddc_dzo_08645,Non-Romeo,-1.1825741585416019
ddc_dzo_09721,Non-Romeo,-1.18326317252501
ddc_dzo_04128,Non-Romeo,-1.184641939528171
ddc_dzo_06921,Non-Romeo,-1.1850100771217078
ddc_dzo_09154,Non-Romeo,-1.185244185908705
ddc_dzo_02073,Non-Romeo,-1.1860836187402026
ddc_dzo_02150,Non-Romeo,-1.1867922404280433
ddc_dzo_01603,Non-Romeo,-1.1873367818787792
ddc_dzo_08613,Non-Romeo,-1.1903068671162835
ddc_dzo_04193,Non-Romeo,-1.191075510360902
ddc_dzo_05557,Non-Romeo,-1.1920967637313586
ddc_dzo_06955,Non-Romeo,-1.1954066693840988
ddc_dzo_00714,Non-Romeo,-1.1970294245866049
ddc_dzo_02794,Non-Romeo,-1.1987786512095273
ddc_dzo_01444,Non-Romeo,-1.1993910822674572
ddc_dzo_08419,Non-Romeo,-1.2003395646378046
ddc_dzo_02624,Non-Romeo,-1.2005430015355283
ddc_dzo_01383,Non-Romeo,-1.2023612082839092
ddc_dzo_05588,Non-Romeo,-1.2028538888146718
ddc_dzo_03919,Non-Romeo,-1.2043173998637458
ddc_dzo_04244,Non-Romeo,-1.2057602988895297
ddc_dzo_09363,Non-Romeo,-1.2072187533877856
ddc_dzo_08695,Non-Romeo,-1.209051388017823
ddc_dzo_03589,Non-Romeo,-1.2099426735712062
ddc_dzo_05417,Non-Romeo,-1.2114192106605555
ddc_dzo_06997,Non-Romeo,-1.2132101340132238
ddc_dzo_06753,Non-Romeo,-1.2136867099029973
ddc_dzo_03079,Non-Romeo,-1.21368764583967
ddc_dzo_02736,Non-Romeo,-1.2137723462660404
ddc_dzo_02157,Non-Romeo,-1.2150532917803163
ddc_dzo_09992,Non-Romeo,-1.2151204031550793
ddc_dzo_01760,Non-Romeo,-1.2151517375837555
ddc_dzo_05764,Non-Romeo,-1.2177731945559263
ddc_dzo_05013,Non-Romeo,-1.2187954624213135
ddc_dzo_04197,Non-Romeo,-1.22014898477588
ddc_dzo_06214,Non-Romeo,-1.2207337802193776
ddc_dzo_00114,Non-Romeo,-1.2216159434564333
ddc_dzo_06900,Non-Romeo,-1.2216318724520783
ddc_dzo_03278,Non-Romeo,-1.2217351152318796
ddc_dzo_08341,Non-Romeo,-1.2266365703958728
ddc_dzo_08296,Non-Romeo,-1.227128208088345
ddc_dzo_07769,Non-Romeo,-1.2273681120459115
ddc_dzo_05014,Non-Romeo,-1.2276625717686551
ddc_dzo_08797,Non-Romeo,-1.2277717025454638
ddc_dzo_09608,Non-Romeo,-1.229186816321817
ddc_dzo_07134,Non-Romeo,-1.229492777315624
ddc_dzo_05535,Non-Romeo,-1.2307672991661276
ddc_dzo_07854,Non-Romeo,-1.231582832851914
ddc_dzo_03938,Non-Romeo,-1.2326633927669033
ddc_dzo_03868,Non-Romeo,-1.233206073802827
ddc_dzo_03491,Non-Romeo,-1.2338525032892398
ddc_dzo_05238,Non-Romeo,-1.2350715434386534
ddc_dzo_01076,Non-Romeo,-1.2355935250974135
ddc_dzo_02246,Non-Romeo,-1.2357569106196662
ddc_dzo_08596,Non-Romeo,-1.236370794865101
ddc_dzo_00652,Non-Romeo,-1.240342174114648
ddc_dzo_05241,Non-Romeo,-1.2423177648054566
ddc_dzo_07848,Non-Romeo,-1.2424074308897461
ddc_dzo_03768,Non-Romeo,-1.243035794001893
ddc_dzo_09033,Non-Romeo,-1.2436407652515162
ddc_dzo_04625,Non-Romeo,-1.2447024275383414
ddc_dzo_03040,Non-Romeo,-1.2448617868234917
ddc_dzo_03586,Non-Romeo,-1.245080777215029
ddc_dzo_09678,Non-Romeo,-1.2455534486033961
ddc_dzo_00955,Non-Romeo,-1.2455873753981974
ddc_dzo_05364,Non-Romeo,-1.2465867543855291
ddc_dzo_09929,Non-Romeo,-1.2490817433488517
ddc_dzo_02457,Non-Romeo,-1.2491955740863623
ddc_dzo_03849,Non-Romeo,-1.2497856669111083
ddc_dzo_02216,Non-Romeo,-1.2509796354572706
ddc_dzo_07226,Non-Romeo,-1.2509878852378806
ddc_dzo_04366,Non-Romeo,-1.2553310363084504
ddc_dzo_00074,Non-Romeo,-1.255572020064652
ddc_dzo_08453,Non-Romeo,-1.2563483907697863
ddc_dzo_07147,Non-Romeo,-1.265725066891663
ddc_dzo_04048,Non-Romeo,-1.2660210227769462
ddc_dzo_07532,Non-Romeo,-1.2675713178570285
ddc_dzo_02760,Non-Romeo,-1.2678295167528852
ddc_dzo_09450,Non-Romeo,-1.2680748225890857
ddc_dzo_06968,Non-Romeo,-1.2684141577844317
ddc_dzo_04678,Non-Romeo,-1.2688256897194374
ddc_dzo_03624,Non-Romeo,-1.2707716322290252
ddc_dzo_03718,Non-Romeo,-1.2722238950942435
ddc_dzo_05783,Non-Romeo,-1.2738496523428227
ddc_dzo_05595,Non-Romeo,-1.2752538343050643
ddc_dzo_00137,Non-Romeo,-1.2773317849013293
ddc_dzo_05979,Non-Romeo,-1.2789042175572798
ddc_dzo_00910,Non-Romeo,-1.2789579327139475
ddc_dzo_03300,Non-Romeo,-1.2793567334101112
ddc_dzo_07838,Non-Romeo,-1.2801856102615616
ddc_dzo_07219,Non-Romeo,-1.2811343497633185
ddc_dzo_01393,Non-Romeo,-1.2814259421345384
ddc_dzo_05863,Non-Romeo,-1.2831982284646954
ddc_dzo_03189,Non-Romeo,-1.2837515234532888
ddc_dzo_09461,Non-Romeo,-1.2861136949999423
ddc_dzo_01403,Non-Romeo,-1.287251706349939
ddc_dzo_06973,Non-Romeo,-1.287866001709182
ddc_dzo_00325,Non-Romeo,-1.2896459985849937
ddc_dzo_01462,Non-Romeo,-1.2897081266866448
ddc_dzo_06019,Non-Romeo,-1.2915028465504168
ddc_dzo_09173,Non-Romeo,-1.2926617812904633
ddc_dzo_01060,Non-Romeo,-1.29334570290192
ddc_dzo_04175,Non-Romeo,-1.2950704118058733
ddc_dzo_05619,Non-Romeo,-1.295374421720306
ddc_dzo_04568,Non-Romeo,-1.2987909327809661
ddc_dzo_01406,Non-Romeo,-1.2993872852947117
ddc_dzo_03736,Non-Romeo,-1.2997327277002242
ddc_dzo_04225,Non-Romeo,-1.3001572431793578
ddc_dzo_05101,Non-Romeo,-1.3001702504097696
ddc_dzo_03884,Non-Romeo,-1.3011141144809517
ddc_dzo_09705,Non-Romeo,-1.301323624596472
ddc_dzo_02245,Non-Romeo,-1.30268424724449
ddc_dzo_00945,Non-Romeo,-1.30367661867434
ddc_dzo_09761,Non-Romeo,-1.3036904736243873
ddc_dzo_05291,Non-Romeo,-1.304964944373988
ddc_dzo_00025,Non-Romeo,-1.3080395137651613
ddc_dzo_01577,Non-Romeo,-1.3090294206820126
ddc_dzo_06805,Non-Romeo,-1.3093949596444765
ddc_dzo_01254,Non-Romeo,-1.3139078055188724
ddc_dzo_01605,Non-Romeo,-1.3141607467553889
ddc_dzo_07731,Non-Romeo,-1.315250140187877
ddc_dzo_09257,Non-Romeo,-1.3156775368464073
ddc_dzo_05452,Non-Romeo,-1.3158959244934239
ddc_dzo_03528,Non-Romeo,-1.3164886417093826
ddc_dzo_09713,Non-Romeo,-1.319441823665512
ddc_dzo_09952,Non-Romeo,-1.321670583003408
ddc_dzo_06012,Non-Romeo,-1.3240486240454619
ddc_dzo_07120,Non-Romeo,-1.3256165180654031
ddc_dzo_06040,Non-Romeo,-1.326903761420845
ddc_dzo_08919,Non-Romeo,-1.3270938093906723
ddc_dzo_06258,Non-Romeo,-1.3277703737206596
ddc_dzo_01094,Non-Romeo,-1.3297305589532904
ddc_dzo_07042,Non-Romeo,-1.3298820616611218
ddc_dzo_03473,Non-Romeo,-1.3306306305868552
ddc_dzo_03540,Non-Romeo,-1.330965378633099
ddc_dzo_01475,Non-Romeo,-1.3336347316973616
ddc_dzo_02685,Non-Romeo,-1.33380612781301
ddc_dzo_01545,Non-Romeo,-1.3341218027661412
ddc_dzo_00528,Non-Romeo,-1.3355499318674797
ddc_dzo_03198,Non-Romeo,-1.3357236316878016
ddc_dzo_07260,Non-Romeo,-1.3366862953136174
ddc_dzo_07258,Non-Romeo,-1.3375777778043785
ddc_dzo_03595,Non-Romeo,-1.3389993355762075
ddc_dzo_04833,Non-Romeo,-1.339107316488589
ddc_dzo_07002,Non-Romeo,-1.339836624552874
ddc_dzo_03254,Non-Romeo,-1.34085511358897
ddc_dzo_00125,Non-Romeo,-1.3409590351292393
ddc_dzo_00085,Non-Romeo,-1.3419536794732538
ddc_dzo_09414,Non-Romeo,-1.3421044334462529
ddc_dzo_09462,Non-Romeo,-1.3425691592742344
ddc_dzo_05580,Non-Romeo,-1.3429482234165948
ddc_dzo_03161,Non-Romeo,-1.3432811614285258
ddc_dzo_03852,Non-Romeo,-1.3440875943548107
ddc_dzo_09498,Non-Romeo,-1.346267636731842
ddc_dzo_08211,Non-Romeo,-1.346515626687239
ddc_dzo_04206,Non-Romeo,-1.3529280050492138
ddc_dzo_04595,Non-Romeo,-1.3541480592317727
ddc_dzo_02379,Non-Romeo,-1.3563307269115463
ddc_dzo_00317,Non-Romeo,-1.359855741427194
ddc_dzo_04406,Non-Romeo,-1.3598861034546557
ddc_dzo_00595,Non-Romeo,-1.3601291192141267
ddc_dzo_09603,Non-Romeo,-1.3609953555116359
ddc_dzo_01127,Non-Romeo,-1.3633094933174073
ddc_dzo_04885,Non-Romeo,-1.3633241017925157
ddc_dzo_01851,Non-Romeo,-1.365837959914458
ddc_dzo_07401,Non-Romeo,-1.3659204585802143
ddc_dzo_01579,Non-Romeo,-1.3666232839914378
ddc_dzo_08144,Non-Romeo,-1.3670906997092864
ddc_dzo_06798,Non-Romeo,-1.3672337235112813
ddc_dzo_01308,Non-Romeo,-1.3680344711414232
ddc_dzo_05206,Non-Romeo,-1.3709161461918726
ddc_dzo_01481,Non-Romeo,-1.371020161687354
ddc_dzo_03922,Non-Romeo,-1.3720120248448175
ddc_dzo_01617,Non-Romeo,-1.3731815763561537
ddc_dzo_05351,Non-Romeo,-1.3741469349575524
ddc_dzo_04387,Non-Romeo,-1.3742814410040265
ddc_dzo_06046,Non-Romeo,-1.3744294762937745
ddc_dzo_06799,Non-Romeo,-1.3768263961159557
ddc_dzo_04243,Non-Romeo,-1.3776205365438376
ddc_dzo_03688,Non-Romeo,-1.3795833887350695
ddc_dzo_09200,Non-Romeo,-1.3806703438742218
ddc_dzo_06595,Non-Romeo,-1.3818087800678993
ddc_dzo_04430,Non-Romeo,-1.382464735778938
ddc_dzo_09166,Non-Romeo,-1.3825585072769202
ddc_dzo_03813,Non-Romeo,-1.3826364736928776
ddc_dzo_04125,Non-Romeo,-1.3827269835270686
ddc_dzo_00265,Non-Romeo,-1.382992125447692
ddc_dzo_07483,Non-Romeo,-1.3833297557912754
ddc_dzo_06905,Non-Romeo,-1.3844786969395873
ddc_dzo_02844,Non-Romeo,-1.386681899245936
ddc_dzo_09890,Non-Romeo,-1.3898251555808794
ddc_dzo_08036,Non-Romeo,-1.3911333000789168
ddc_dzo_00318,Non-Romeo,-1.3936632346235633
ddc_dzo_01724,Non-Romeo,-1.3939929654044823
ddc_dzo_09072,Non-Romeo,-1.3956204973900914
ddc_dzo_08528,Non-Romeo,-1.3980001069122234
ddc_dzo_03976,Non-Romeo,-1.3988165514015023
ddc_dzo_06072,Non-Romeo,-1.3999827878495072
ddc_dzo_07984,Non-Romeo,-1.4005832235662279
ddc_dzo_06675,Non-Romeo,-1.4005992012750643
ddc_dzo_03055,Non-Romeo,-1.4006934256669559
ddc_dzo_07789,Non-Romeo,-1.4012258354946558
ddc_dzo_08750,Non-Romeo,-1.4016617620957674
ddc_dzo_05712,Non-Romeo,-1.401795016044894
ddc_dzo_01091,Non-Romeo,-1.4022810518366575
ddc_dzo_04042,Non-Romeo,-1.4028913653639468
ddc_dzo_05546,Non-Romeo,-1.403883135597855
ddc_dzo_05842,Non-Romeo,-1.4042415518990894
ddc_dzo_02088,Non-Romeo,-1.4047707632969244
ddc_dzo_01534,Non-Romeo,-1.4054079407535094
ddc_dzo_03355,Non-Romeo,-1.4133669752502158
ddc_dzo_04839,Non-Romeo,-1.4134167401689748
ddc_dzo_09548,Non-Romeo,-1.4139891003922367
ddc_dzo_07381,Non-Romeo,-1.4154534828592604
ddc_dzo_00326,Non-Romeo,-1.4159629290724067
ddc_dzo_03292,Non-Romeo,-1.4179855335124434
ddc_dzo_09253,Non-Romeo,-1.418273733506112
ddc_dzo_07625,Non-Romeo,-1.4184613635499048
ddc_dzo_08198,Non-Romeo,-1.4198044929317657
ddc_dzo_04216,Non-Romeo,-1.4204994106354527
ddc_dzo_00558,Non-Romeo,-1.4229506156893383
ddc_dzo_03667,Non-Romeo,-1.4237943157836879
ddc_dzo_02040,Non-Romeo,-1.4263059030769911
ddc_dzo_05132,Non-Romeo,-1.4271278470674182
ddc_dzo_01066,Non-Romeo,-1.4274399235290345
ddc_dzo_04662,Non-Romeo,-1.4282364455660412
ddc_dzo_00571,Non-Romeo,-1.4294259728469358
ddc_dzo_06075,Non-Romeo,-1.4304726286256308
ddc_dzo_05578,Non-Romeo,-1.4311560034982573
ddc_dzo_07589,Non-Romeo,-1.4321750158368445
ddc_dzo_00456,Non-Romeo,-1.432979996425132
ddc_dzo_07187,Non-Romeo,-1.4334248590225482
ddc_dzo_04288,Non-Romeo,-1.4338233214487204
ddc_dzo_05994,Non-Romeo,-1.4338815152216495
ddc_dzo_03497,Non-Romeo,-1.4360392559227817
ddc_dzo_03956,Non-Romeo,-1.4376447533684842
ddc_dzo_09395,Non-Romeo,-1.4390351815145217
ddc_dzo_06848,Non-Romeo,-1.4394746531359508
ddc_dzo_04878,Non-Romeo,-1.439957777187721
ddc_dzo_04812,Non-Romeo,-1.4400009037764485
ddc_dzo_04866,Non-Romeo,-1.4403577279868265
ddc_dzo_06484,Non-Romeo,-1.442445286755101
ddc_dzo_05637,Non-Romeo,-1.4433504975246327
ddc_dzo_02894,Non-Romeo,-1.4441529917142315
ddc_dzo_09275,Non-Romeo,-1.444927192374926
ddc_dzo_03575,Non-Romeo,-1.4475381052711909
ddc_dzo_03137,Non-Romeo,-1.4480255219081046
ddc_dzo_02044,Non-Romeo,-1.4481827037748212
ddc_dzo_05213,Non-Romeo,-1.4482329906070996
ddc_dzo_07029,Non-Romeo,-1.4482479738006633
ddc_dzo_05601,Non-Romeo,-1.4484114355342415
ddc_dzo_05509,Non-Romeo,-1.4486571886250201
ddc_dzo_05391,Non-Romeo,-1.4487446170612186
ddc_dzo_07861,Non-Romeo,-1.4492331750550165
ddc_dzo_07336,Non-Romeo,-1.449951490743215
ddc_dzo_04605,Non-Romeo,-1.4506441728453794
ddc_dzo_07367,Non-Romeo,-1.4510918502682124
ddc_dzo_04437,Non-Romeo,-1.4510995894891907
ddc_dzo_03467,Non-Romeo,-1.4516155148621932
ddc_dzo_04412,Non-Romeo,-1.4518717064413815
ddc_dzo_03903,Non-Romeo,-1.4520099346266602
ddc_dzo_08418,Non-Romeo,-1.4531144427369018
ddc_dzo_00547,Non-Romeo,-1.4534224673777127
ddc_dzo_07812,Non-Romeo,-1.453622897760619
ddc_dzo_08620,Non-Romeo,-1.454035002816441
ddc_dzo_04209,Non-Romeo,-1.4572384187728773
ddc_dzo_04994,Non-Romeo,-1.45774532815179
ddc_dzo_06948,Non-Romeo,-1.457962870367304
ddc_dzo_00957,Non-Romeo,-1.4597935001384403
ddc_dzo_04015,Non-Romeo,-1.4611332209687051
ddc_dzo_06904,Non-Romeo,-1.4630780888232395
ddc_dzo_05166,Non-Romeo,-1.4633566759062415
ddc_dzo_08808,Non-Romeo,-1.4638878827651045
ddc_dzo_07214,Non-Romeo,-1.4642016159594087
ddc_dzo_03899,Non-Romeo,-1.465969998912127
ddc_dzo_03918,Non-Romeo,-1.4664964872013455
ddc_dzo_06152,Non-Romeo,-1.4682471711790661
ddc_dzo_04712,Non-Romeo,-1.4704165423365758
ddc_dzo_01710,Non-Romeo,-1.4707153655287317
ddc_dzo_02360,Non-Romeo,-1.4709136064363422
ddc_dzo_06436,Non-Romeo,-1.471806890636259
ddc_dzo_07096,Non-Romeo,-1.4720714374684627
ddc_dzo_05488,Non-Romeo,-1.474367246491504
ddc_dzo_01714,Non-Romeo,-1.4746512826690894
ddc_dzo_04346,Non-Romeo,-1.4750666581696805
ddc_dzo_08923,Non-Romeo,-1.4753697452178094
ddc_dzo_05349,Non-Romeo,-1.477301217463462
ddc_dzo_02793,Non-Romeo,-1.4776279487211275
ddc_dzo_03959,Non-Romeo,-1.4777871486910834
ddc_dzo_00951,Non-Romeo,-1.4778342973592629
ddc_dzo_02229,Non-Romeo,-1.479831787338125
ddc_dzo_00315,Non-Romeo,-1.4806253425465623
ddc_dzo_01054,Non-Romeo,-1.4808747970105482
ddc_dzo_07288,Non-Romeo,-1.4810895044011871
ddc_dzo_00062,Non-Romeo,-1.4813897679714485
ddc_dzo_05081,Non-Romeo,-1.4816622972740778
ddc_dzo_06922,Non-Romeo,-1.482031125500014
ddc_dzo_04981,Non-Romeo,-1.4832990959412338
ddc_dzo_04019,Non-Romeo,-1.4835201856332474
ddc_dzo_04523,Non-Romeo,-1.4840174326513986
ddc_dzo_01006,Non-Romeo,-1.4841501211069057
ddc_dzo_04904,Non-Romeo,-1.484174338793642
ddc_dzo_09821,Non-Romeo,-1.4842602633912128
ddc_dzo_07138,Non-Romeo,-1.48593842478384
ddc_dzo_01716,Non-Romeo,-1.4866324266029138
ddc_dzo_07518,Non-Romeo,-1.4877015818863004
ddc_dzo_06411,Non-Romeo,-1.4880102882185382
ddc_dzo_05261,Non-Romeo,-1.48884038527152
ddc_dzo_04892,Non-Romeo,-1.4889471388172355
ddc_dzo_02638,Non-Romeo,-1.4934093976403222
ddc_dzo_03734,Non-Romeo,-1.496697945617981
ddc_dzo_02366,Non-Romeo,-1.4967198471446748
ddc_dzo_00403,Non-Romeo,-1.4974704304262183
ddc_dzo_04706,Non-Romeo,-1.4987673460366846
ddc_dzo_00542,Non-Romeo,-1.5008063076092844
ddc_dzo_06810,Non-Romeo,-1.5009172322241844
ddc_dzo_01568,Non-Romeo,-1.50147270011007
ddc_dzo_04083,Non-Romeo,-1.5014852594845445
ddc_dzo_04351,Non-Romeo,-1.5045378054712153
ddc_dzo_09143,Non-Romeo,-1.504607312313383
ddc_dzo_05987,Non-Romeo,-1.5056291409267815
ddc_dzo_07680,Non-Romeo,-1.5062383896069407
ddc_dzo_04304,Non-Romeo,-1.5063126495836907
ddc_dzo_00130,Non-Romeo,-1.5088151540518624
ddc_dzo_06000,Non-Romeo,-1.5102207068768247
ddc_dzo_04933,Non-Romeo,-1.5108226757588124
ddc_dzo_02684,Non-Romeo,-1.5111786783560386
ddc_dzo_09610,Non-Romeo,-1.5133154083085543
ddc_dzo_09430,Non-Romeo,-1.5133427053342152
ddc_dzo_07675,Non-Romeo,-1.5136729500645174
ddc_dzo_06574,Non-Romeo,-1.5163136530254033
ddc_dzo_09093,Non-Romeo,-1.5170651209641761
ddc_dzo_05750,Non-Romeo,-1.5172423624095668
ddc_dzo_05981,Non-Romeo,-1.519531784051029
ddc_dzo_05649,Non-Romeo,-1.5210389750498612
ddc_dzo_05974,Non-Romeo,-1.5225595666472842
ddc_dzo_07573,Non-Romeo,-1.5249595772559992
ddc_dzo_02881,Non-Romeo,-1.5254538031988805
ddc_dzo_02048,Non-Romeo,-1.526815005653479
ddc_dzo_01141,Non-Romeo,-1.5294524024872074
ddc_dzo_06982,Non-Romeo,-1.529997366585091
ddc_dzo_06051,Non-Romeo,-1.5299976060975866
ddc_dzo_08337,Non-Romeo,-1.5306177893037904
ddc_dzo_09007,Non-Romeo,-1.5307046927159809
ddc_dzo_00920,Non-Romeo,-1.5315756282523751
ddc_dzo_05119,Non-Romeo,-1.5319457090891855
ddc_dzo_00027,Non-Romeo,-1.5344029422520709
ddc_dzo_05964,Non-Romeo,-1.5353600441480928
ddc_dzo_03080,Non-Romeo,-1.5355140873309077
ddc_dzo_09211,Non-Romeo,-1.5361208347338209
ddc_dzo_09869,Non-Romeo,-1.53626407296551
ddc_dzo_00574,Non-Romeo,-1.537314448638685
ddc_dzo_00817,Non-Romeo,-1.5376952438841611
ddc_dzo_08981,Non-Romeo,-1.538002613110023
ddc_dzo_03566,Non-Romeo,-1.5387058091044883
ddc_dzo_05975,Non-Romeo,-1.5399110123680506
ddc_dzo_09412,Non-Romeo,-1.5410594392242074
ddc_dzo_09523,Non-Romeo,-1.541319049728846
ddc_dzo_01746,Non-Romeo,-1.541352425089018
ddc_dzo_03786,Non-Romeo,-1.541585318228935
ddc_dzo_09876,Non-Romeo,-1.5430600403061745
ddc_dzo_09683,Non-Romeo,-1.5464185737522163
ddc_dzo_03782,Non-Romeo,-1.5465843127295849
ddc_dzo_04028,Non-Romeo,-1.5477843927664492
ddc_dzo_07006,Non-Romeo,-1.5481616631840986
ddc_dzo_06007,Non-Romeo,-1.5483793277170355
ddc_dzo_01560,Non-Romeo,-1.5497794589308431
ddc_dzo_00969,Non-Romeo,-1.5504846865819768
ddc_dzo_02194,Non-Romeo,-1.5508320406619658
ddc_dzo_03509,Non-Romeo,-1.5519782853336426
ddc_dzo_03037,Non-Romeo,-1.5527932062019905
ddc_dzo_04485,Non-Romeo,-1.553635650641027
ddc_dzo_04440,Non-Romeo,-1.5551811487354503
ddc_dzo_07220,Non-Romeo,-1.5553509481537688
ddc_dzo_09882,Non-Romeo,-1.5563750546521575
ddc_dzo_05130,Non-Romeo,-1.5565813865073233
ddc_dzo_05831,Non-Romeo,-1.557869950894893
ddc_dzo_03854,Non-Romeo,-1.5583209824267639
ddc_dzo_07922,Non-Romeo,-1.5588638363186567
ddc_dzo_05171,Non-Romeo,-1.5588970797036106
ddc_dzo_01647,Non-Romeo,-1.559049149221255
ddc_dzo_02421,Non-Romeo,-1.5592055389707844
ddc_dzo_06786,Non-Romeo,-1.5597465901471852
ddc_dzo_07047,Non-Romeo,-1.5615788633507144
ddc_dzo_04898,Non-Romeo,-1.561813175381322
ddc_dzo_07056,Non-Romeo,-1.5630252453541291
ddc_dzo_04242,Non-Romeo,-1.563842779476954
ddc_dzo_04410,Non-Romeo,-1.5646473190403314
ddc_dzo_08898,Non-Romeo,-1.5647370073876323
ddc_dzo_00911,Non-Romeo,-1.5656855435245431
ddc_dzo_08548,Non-Romeo,-1.566204346889936
ddc_dzo_05167,Non-Romeo,-1.566427562669253
ddc_dzo_07062,Non-Romeo,-1.5665794866734764
ddc_dzo_05325,Non-Romeo,-1.567359440258919
ddc_dzo_09378,Non-Romeo,-1.5678294321605062
ddc_dzo_08378,Non-Romeo,-1.5683564382642272
ddc_dzo_09853,Non-Romeo,-1.569215974978535
ddc_dzo_09482,Non-Romeo,-1.57103961185347
ddc_dzo_04983,Non-Romeo,-1.5711416454108635
ddc_dzo_08250,Non-Romeo,-1.5726228472837196
ddc_dzo_07568,Non-Romeo,-1.5729641499341498
ddc_dzo_09903,Non-Romeo,-1.573394146168331
ddc_dzo_04500,Non-Romeo,-1.575045763844448
ddc_dzo_04462,Non-Romeo,-1.5755476717884314
ddc_dzo_06583,Non-Romeo,-1.5763850734418439
ddc_dzo_03108,Non-Romeo,-1.5770671828798226
ddc_dzo_07237,Non-Romeo,-1.5776997879236176
ddc_dzo_01864,Non-Romeo,-1.5777784246772502
ddc_dzo_05536,Non-Romeo,-1.5786259059010395
ddc_dzo_00306,Non-Romeo,-1.5799134655879044
ddc_dzo_02205,Non-Romeo,-1.581731202134176
ddc_dzo_07557,Non-Romeo,-1.5820907272333262
ddc_dzo_08940,Non-Romeo,-1.583468179547712
ddc_dzo_04522,Non-Romeo,-1.5846091138982754
ddc_dzo_00151,Non-Romeo,-1.5865564447150482
ddc_dzo_00204,Non-Romeo,-1.589168731546037
ddc_dzo_03182,Non-Romeo,-1.5899555782334154
ddc_dzo_01880,Non-Romeo,-1.5900902625804176
ddc_dzo_06285,Non-Romeo,-1.5905569044211465
ddc_dzo_05316,Non-Romeo,-1.5911411377642197
ddc_dzo_08754,Non-Romeo,-1.5932356843565376
ddc_dzo_05679,Non-Romeo,-1.5933193736948477
ddc_dzo_08828,Non-Romeo,-1.5957863448064369
ddc_dzo_05563,Non-Romeo,-1.5962860707756998
ddc_dzo_02137,Non-Romeo,-1.596656747645268
ddc_dzo_05512,Non-Romeo,-1.597011671760821
ddc_dzo_04393,Non-Romeo,-1.5998813771515477
ddc_dzo_04514,Non-Romeo,-1.6006688752031413
ddc_dzo_02543,Non-Romeo,-1.601198484500888
ddc_dzo_09214,Non-Romeo,-1.604165651019207
ddc_dzo_06393,Non-Romeo,-1.6043686063647742
ddc_dzo_01398,Non-Romeo,-1.604626506196204
ddc_dzo_05360,Non-Romeo,-1.6053001577402757
ddc_dzo_03594,Non-Romeo,-1.6063121529715008
ddc_dzo_04767,Non-Romeo,-1.6066187154400957
ddc_dzo_08801,Non-Romeo,-1.606991928649761
ddc_dzo_08466,Non-Romeo,-1.6091718018291736
ddc_dzo_06692,Non-Romeo,-1.6116930867034513
ddc_dzo_04353,Non-Romeo,-1.61221696735949
ddc_dzo_04214,Non-Romeo,-1.6141509746809632
ddc_dzo_03532,Non-Romeo,-1.6173774500421003
ddc_dzo_04775,Non-Romeo,-1.6175389670919982
ddc_dzo_06138,Non-Romeo,-1.6182366231218903
ddc_dzo_07590,Non-Romeo,-1.6191196411717157
ddc_dzo_06721,Non-Romeo,-1.6227054408839203
ddc_dzo_04169,Non-Romeo,-1.6230899649823194
ddc_dzo_04779,Non-Romeo,-1.624971065141601
ddc_dzo_01279,Non-Romeo,-1.625128768009102
ddc_dzo_08900,Non-Romeo,-1.6268295164486153
ddc_dzo_08264,Non-Romeo,-1.6275915085715786
ddc_dzo_02818,Non-Romeo,-1.631088375172376
ddc_dzo_08953,Non-Romeo,-1.6315188731725834
ddc_dzo_04740,Non-Romeo,-1.6321008374896941
ddc_dzo_08225,Non-Romeo,-1.6326415173295374
ddc_dzo_07189,Non-Romeo,-1.6341931280707271
ddc_dzo_04480,Non-Romeo,-1.6346659188180068
ddc_dzo_09652,Non-Romeo,-1.6350213342806184
ddc_dzo_02388,Non-Romeo,-1.6355006896589592
ddc_dzo_07391,Non-Romeo,-1.6357382902522444
ddc_dzo_05508,Non-Romeo,-1.6359616047092669
ddc_dzo_05168,Non-Romeo,-1.6362404387332907
ddc_dzo_02503,Non-Romeo,-1.6364004774833039
ddc_dzo_04643,Non-Romeo,-1.6376996946700293
ddc_dzo_07712,Non-Romeo,-1.6378783846500522
ddc_dzo_09964,Non-Romeo,-1.6389048507841355
ddc_dzo_09505,Non-Romeo,-1.639959702103125
ddc_dzo_07394,Non-Romeo,-1.6400156109485877
ddc_dzo_02720,Non-Romeo,-1.640663276912117
ddc_dzo_02575,Non-Romeo,-1.6410809503334947
ddc_dzo_00417,Non-Romeo,-1.641755594814537
ddc_dzo_05250,Non-Romeo,-1.6429200980641487
ddc_dzo_00371,Non-Romeo,-1.6435672820755736
ddc_dzo_07482,Non-Romeo,-1.6441053020205432
ddc_dzo_09219,Non-Romeo,-1.6444295678977898
ddc_dzo_01922,Non-Romeo,-1.6459959494881824
ddc_dzo_06599,Non-Romeo,-1.6463732944172185
ddc_dzo_02127,Non-Romeo,-1.646789174569907
ddc_dzo_09893,Non-Romeo,-1.6468313444337375
ddc_dzo_02962,Non-Romeo,-1.6468777831418913
ddc_dzo_09632,Non-Romeo,-1.6472992319098745
ddc_dzo_07500,Non-Romeo,-1.647834488733431
ddc_dzo_09841,Non-Romeo,-1.6484721794873285
ddc_dzo_04089,Non-Romeo,-1.6504219742961754
ddc_dzo_01655,Non-Romeo,-1.6505887446678404
ddc_dzo_04961,Non-Romeo,-1.6522523572535324
ddc_dzo_01143,Non-Romeo,-1.6540355961713427
ddc_dzo_09389,Non-Romeo,-1.6552820795492384
ddc_dzo_03410,Non-Romeo,-1.6559855618036297
ddc_dzo_03554,Non-Romeo,-1.6577380903774643
ddc_dzo_00320,Non-Romeo,-1.658217672437646
ddc_dzo_09657,Non-Romeo,-1.6586181163984528
ddc_dzo_03881,Non-Romeo,-1.6587878137751098
ddc_dzo_03067,Non-Romeo,-1.659044832608613
ddc_dzo_00889,Non-Romeo,-1.6621491738144194
ddc_dzo_03083,Non-Romeo,-1.6625289938658558
ddc_dzo_01867,Non-Romeo,-1.6637727728244935
ddc_dzo_06649,Non-Romeo,-1.6639321528410411
ddc_dzo_03457,Non-Romeo,-1.6654834073689164
ddc_dzo_05980,Non-Romeo,-1.6665405649637308
ddc_dzo_05464,Non-Romeo,-1.6667368508830227
ddc_dzo_02693,Non-Romeo,-1.6685191262911823
ddc_dzo_02867,Non-Romeo,-1.6691717693680894
ddc_dzo_00591,Non-Romeo,-1.6693674066631117
ddc_dzo_03136,Non-Romeo,-1.6694288099098449
ddc_dzo_08756,Non-Romeo,-1.6699779414477995
ddc_dzo_02817,Non-Romeo,-1.6705150908878248
ddc_dzo_04040,Non-Romeo,-1.6727830478413932
ddc_dzo_03871,Non-Romeo,-1.6733734114686023
ddc_dzo_05185,Non-Romeo,-1.673934030136825
ddc_dzo_03312,Non-Romeo,-1.6739925345401234
ddc_dzo_01587,Non-Romeo,-1.6770432093056191
ddc_dzo_08800,Non-Romeo,-1.6775921792393014
ddc_dzo_09260,Non-Romeo,-1.6777370442333577
ddc_dzo_04032,Non-Romeo,-1.678257816716693
ddc_dzo_00572,Non-Romeo,-1.6790590901509241
ddc_dzo_06845,Non-Romeo,-1.6811267350176522
ddc_dzo_04923,Non-Romeo,-1.6812785663269754
ddc_dzo_07508,Non-Romeo,-1.6813453257986588
ddc_dzo_01011,Non-Romeo,-1.681529490411091
ddc_dzo_00573,Non-Romeo,-1.6819688422990364
ddc_dzo_04890,Non-Romeo,-1.6828909758228212
ddc_dzo_08342,Non-Romeo,-1.6830525842918853
ddc_dzo_08579,Non-Romeo,-1.683919735141913
ddc_dzo_03482,Non-Romeo,-1.6840657849036658
ddc_dzo_03797,Non-Romeo,-1.6843605825964738
ddc_dzo_01785,Non-Romeo,-1.6846102489648096
ddc_dzo_03175,Non-Romeo,-1.6852550711207916
ddc_dzo_00599,Non-Romeo,-1.6872709078954669
ddc_dzo_06386,Non-Romeo,-1.6872926612928243
ddc_dzo_08312,Non-Romeo,-1.6883056258054814
ddc_dzo_05044,Non-Romeo,-1.6909866169680459
ddc_dzo_05333,Non-Romeo,-1.6925418859367065
ddc_dzo_08511,Non-Romeo,-1.6931559439159969
ddc_dzo_03036,Non-Romeo,-1.6931937998135131
ddc_dzo_05399,Non-Romeo,-1.694589088276371
ddc_dzo_00954,Non-Romeo,-1.6948039156750352
ddc_dzo_06414,Non-Romeo,-1.6967402032921275
ddc_dzo_00863,Non-Romeo,-1.697046484441498
ddc_dzo_04099,Non-Romeo,-1.6974264248601587
ddc_dzo_03428,Non-Romeo,-1.6975654376045815
ddc_dzo_05611,Non-Romeo,-1.69881183968859
ddc_dzo_04029,Non-Romeo,-1.6988758420888694
ddc_dzo_03333,Non-Romeo,-1.6989809555303557
ddc_dzo_02221,Non-Romeo,-1.6996687020590575
ddc_dzo_08779,Non-Romeo,-1.7022382954412594
ddc_dzo_09579,Non-Romeo,-1.7022782334919775
ddc_dzo_05339,Non-Romeo,-1.7024221211242225
ddc_dzo_07754,Non-Romeo,-1.7030102223593153
ddc_dzo_00808,Non-Romeo,-1.705355175172022
ddc_dzo_00011,Non-Romeo,-1.7069437106685146
ddc_dzo_07522,Non-Romeo,-1.7087530592463702
ddc_dzo_04126,Non-Romeo,-1.709527995072985
ddc_dzo_08778,Non-Romeo,-1.709687407662803
ddc_dzo_05309,Non-Romeo,-1.7104013952810058
ddc_dzo_06185,Non-Romeo,-1.7112956223952234
ddc_dzo_01442,Non-Romeo,-1.7116140338837342
ddc_dzo_02479,Non-Romeo,-1.7129145428943118
ddc_dzo_02032,Non-Romeo,-1.7136471328287184
ddc_dzo_06358,Non-Romeo,-1.7141460656965524
ddc_dzo_03282,Non-Romeo,-1.7153462913185393
ddc_dzo_02977,Non-Romeo,-1.7163960105513731
ddc_dzo_01136,Non-Romeo,-1.7164248789749548
ddc_dzo_06881,Non-Romeo,-1.7184577700423154
ddc_dzo_04030,Non-Romeo,-1.7194637745490107
ddc_dzo_09185,Non-Romeo,-1.719939986924046
ddc_dzo_04286,Non-Romeo,-1.7212996053323968
ddc_dzo_07879,Non-Romeo,-1.7215334251150263
ddc_dzo_05787,Non-Romeo,-1.7236758185094843
ddc_dzo_01377,Non-Romeo,-1.725247857239727
ddc_dzo_08617,Non-Romeo,-1.7278040882064691
ddc_dzo_01441,Non-Romeo,-1.7287227871483126
ddc_dzo_05660,Non-Romeo,-1.7291894264383387
ddc_dzo_09789,Non-Romeo,-1.7307568474150714
ddc_dzo_07371,Non-Romeo,-1.731212143262769
ddc_dzo_09149,Non-Romeo,-1.7315393382986761
ddc_dzo_09127,Non-Romeo,-1.731895786144346
ddc_dzo_00566,Non-Romeo,-1.732349687303986
ddc_dzo_01146,Non-Romeo,-1.7328476255075098
ddc_dzo_06888,Non-Romeo,-1.7335170577974839
ddc_dzo_08399,Non-Romeo,-1.7343256352095022
ddc_dzo_08263,Non-Romeo,-1.7352319097915359
ddc_dzo_09620,Non-Romeo,-1.7361164441928867
ddc_dzo_04867,Non-Romeo,-1.7361228047024595
ddc_dzo_07630,Non-Romeo,-1.7378826419468185
ddc_dzo_04405,Non-Romeo,-1.7380896565364956
ddc_dzo_03277,Non-Romeo,-1.7390505858270822
ddc_dzo_03666,Non-Romeo,-1.7392873763883911
ddc_dzo_07008,Non-Romeo,-1.7405688230789003
ddc_dzo_09314,Non-Romeo,-1.740944453697769
ddc_dzo_09700,Non-Romeo,-1.7425839422609863
ddc_dzo_02138,Non-Romeo,-1.7443068124306909
ddc_dzo_00347,Non-Romeo,-1.745685839846763
ddc_dzo_02257,Non-Romeo,-1.74597955412733
ddc_dzo_01813,Non-Romeo,-1.74660461899159
ddc_dzo_04338,Non-Romeo,-1.7486005703878698
ddc_dzo_08879,Non-Romeo,-1.749997382987988
ddc_dzo_01470,Non-Romeo,-1.75180054916617
ddc_dzo_01764,Non-Romeo,-1.7554797261418909
ddc_dzo_05106,Non-Romeo,-1.756130780957856
ddc_dzo_08805,Non-Romeo,-1.7565234640867848
ddc_dzo_02536,Non-Romeo,-1.7565986553925317
ddc_dzo_02414,Non-Romeo,-1.7585970225270704
ddc_dzo_03535,Non-Romeo,-1.7613598850833938
ddc_dzo_08773,Non-Romeo,-1.7614011833918455
ddc_dzo_07594,Non-Romeo,-1.7622487253202612
ddc_dzo_04782,Non-Romeo,-1.7626612729042335
ddc_dzo_09303,Non-Romeo,-1.7632164647849904
ddc_dzo_01353,Non-Romeo,-1.7634499331898494
ddc_dzo_07111,Non-Romeo,-1.7634768758282715
ddc_dzo_08558,Non-Romeo,-1.7637846043008487
ddc_dzo_03625,Non-Romeo,-1.7640037629526253
ddc_dzo_02686,Non-Romeo,-1.764237702222453
ddc_dzo_01211,Non-Romeo,-1.7704750551861759
ddc_dzo_03489,Non-Romeo,-1.770949010820353
ddc_dzo_01471,Non-Romeo,-1.7728073471510515
ddc_dzo_03285,Non-Romeo,-1.773876223715768
ddc_dzo_09073,Non-Romeo,-1.7772477174803456
ddc_dzo_06614,Non-Romeo,-1.777708516054666
ddc_dzo_08671,Non-Romeo,-1.7780542613004857
ddc_dzo_01171,Non-Romeo,-1.7794687293831546
ddc_dzo_09663,Non-Romeo,-1.7802887894552863
ddc_dzo_06023,Non-Romeo,-1.7809846038716466
ddc_dzo_07374,Non-Romeo,-1.783111152450003
ddc_dzo_02791,Non-Romeo,-1.7845993570398657
ddc_dzo_07048,Non-Romeo,-1.7869862080309618
ddc_dzo_01840,Non-Romeo,-1.7880775058728173
ddc_dzo_00593,Non-Romeo,-1.7883292746607584
ddc_dzo_02647,Non-Romeo,-1.788461204213885
ddc_dzo_07493,Non-Romeo,-1.7887476461007588
ddc_dzo_08987,Non-Romeo,-1.7895575892224849
ddc_dzo_03924,Non-Romeo,-1.7900261679225815
ddc_dzo_00383,Non-Romeo,-1.7900394600364575
ddc_dzo_05247,Non-Romeo,-1.7933076685222413
ddc_dzo_04973,Non-Romeo,-1.7967010053089394
ddc_dzo_03113,Non-Romeo,-1.7976286680685893
ddc_dzo_00434,Non-Romeo,-1.797667959298521
ddc_dzo_01924,Non-Romeo,-1.7984241757304484
ddc_dzo_04743,Non-Romeo,-1.7999984569952563
ddc_dzo_04057,Non-Romeo,-1.8015196855262305
ddc_dzo_06709,Non-Romeo,-1.8019863186425535
ddc_dzo_08397,Non-Romeo,-1.8041297528169062
ddc_dzo_03367,Non-Romeo,-1.8047798335144944
ddc_dzo_02988,Non-Romeo,-1.8058111181284373
ddc_dzo_03541,Non-Romeo,-1.8064760520589946
ddc_dzo_05402,Non-Romeo,-1.8075922713128094
ddc_dzo_05433,Non-Romeo,-1.8082181355189988
ddc_dzo_08097,Non-Romeo,-1.8088514960404138
ddc_dzo_00728,Non-Romeo,-1.8131318873442106
ddc_dzo_09256,Non-Romeo,-1.8131503968899123
ddc_dzo_00741,Non-Romeo,-1.8150733089197502
ddc_dzo_02959,Non-Romeo,-1.8154141134889166
ddc_dzo_08003,Non-Romeo,-1.8168469081194358
ddc_dzo_01438,Non-Romeo,-1.8172819252050914
ddc_dzo_07767,Non-Romeo,-1.8173439874003254
ddc_dzo_02306,Non-Romeo,-1.8192482477279166
ddc_dzo_01124,Non-Romeo,-1.8194802679336348
ddc_dzo_07725,Non-Romeo,-1.8198209613158087
ddc_dzo_04116,Non-Romeo,-1.8209042716769996
ddc_dzo_06387,Non-Romeo,-1.8214532964286132
ddc_dzo_03701,Non-Romeo,-1.821859530193075
ddc_dzo_07372,Non-Romeo,-1.823460102874568
ddc_dzo_04241,Non-Romeo,-1.824929590189709
ddc_dzo_05188,Non-Romeo,-1.8277069215877404
ddc_dzo_05566,Non-Romeo,-1.8278523929920496
ddc_dzo_07876,Non-Romeo,-1.8289623032488591
ddc_dzo_06668,Non-Romeo,-1.8290868673451768
ddc_dzo_09515,Non-Romeo,-1.8314559988625194
ddc_dzo_05661,Non-Romeo,-1.8341564353782986
ddc_dzo_06615,Non-Romeo,-1.8365518884547525
ddc_dzo_06068,Non-Romeo,-1.8380359732157439
ddc_dzo_00049,Non-Romeo,-1.8395171381209419
ddc_dzo_06803,Non-Romeo,-1.8397508323104017
ddc_dzo_05684,Non-Romeo,-1.8418993453146617
ddc_dzo_01310,Non-Romeo,-1.8421912681599248
ddc_dzo_06309,Non-Romeo,-1.8437922373213
ddc_dzo_05031,Non-Romeo,-1.844408467382775
ddc_dzo_04117,Non-Romeo,-1.84681099941178
ddc_dzo_09237,Non-Romeo,-1.8478130832122555
ddc_dzo_04915,Non-Romeo,-1.8486915985405945
ddc_dzo_00978,Non-Romeo,-1.8493650275170959
ddc_dzo_04315,Non-Romeo,-1.8500648523329088
ddc_dzo_07211,Non-Romeo,-1.851687931533648
ddc_dzo_05810,Non-Romeo,-1.8531475466686693
ddc_dzo_04054,Non-Romeo,-1.8548824271250504
ddc_dzo_07929,Non-Romeo,-1.8577804723462656
ddc_dzo_09710,Non-Romeo,-1.8578875070195406
ddc_dzo_09463,Non-Romeo,-1.8582665580119813
ddc_dzo_05237,Non-Romeo,-1.8602521449323228
ddc_dzo_05180,Non-Romeo,-1.8604360347128615
ddc_dzo_01347,Non-Romeo,-1.8613010194397943
ddc_dzo_00397,Non-Romeo,-1.8616170793456095
ddc_dzo_03635,Non-Romeo,-1.8671798232436732
ddc_dzo_04367,Non-Romeo,-1.8700428126307986
ddc_dzo_09453,Non-Romeo,-1.8721439975446816
ddc_dzo_05862,Non-Romeo,-1.8728028491561497
ddc_dzo_03975,Non-Romeo,-1.8754130225172114
ddc_dzo_06348,Non-Romeo,-1.8766319563872325
ddc_dzo_06453,Non-Romeo,-1.8788293912612621
ddc_dzo_02958,Non-Romeo,-1.8811903728240378
ddc_dzo_00004,Non-Romeo,-1.8821925099161623
ddc_dzo_08954,Non-Romeo,-1.88342154811278
ddc_dzo_02004,Non-Romeo,-1.8834532512363864
ddc_dzo_04372,Non-Romeo,-1.8842685744883476
ddc_dzo_02285,Non-Romeo,-1.886290370796232
ddc_dzo_09638,Non-Romeo,-1.8865928906813925
ddc_dzo_08521,Non-Romeo,-1.8876789366456375
ddc_dzo_07152,Non-Romeo,-1.8884781815892113
ddc_dzo_02308,Non-Romeo,-1.891131353983124
ddc_dzo_05379,Non-Romeo,-1.8912123932703473
ddc_dzo_05305,Non-Romeo,-1.8938853985838755
ddc_dzo_07162,Non-Romeo,-1.8971236260251108
ddc_dzo_06263,Non-Romeo,-1.9006375251625307
ddc_dzo_06408,Non-Romeo,-1.9018250009401694
ddc_dzo_03900,Non-Romeo,-1.908325556419729
ddc_dzo_03612,Non-Romeo,-1.9087821004552503
ddc_dzo_06846,Non-Romeo,-1.9094155705955513
ddc_dzo_03809,Non-Romeo,-1.9098801315931622
ddc_dzo_05542,Non-Romeo,-1.9144215340466126
ddc_dzo_02495,Non-Romeo,-1.9150787623907604
ddc_dzo_07494,Non-Romeo,-1.9161795161219892
ddc_dzo_00601,Non-Romeo,-1.9166797661105963
ddc_dzo_00896,Non-Romeo,-1.917874423435069
ddc_dzo_06687,Non-Romeo,-1.9187372883059928
ddc_dzo_02323,Non-Romeo,-1.9189774746173986
ddc_dzo_00597,Non-Romeo,-1.9210240647464274
ddc_dzo_08598,Non-Romeo,-1.9227641968205016
ddc_dzo_02164,Non-Romeo,-1.9234016400072325
ddc_dzo_00260,Non-Romeo,-1.9288035194145612
ddc_dzo_06988,Non-Romeo,-1.9364333998756802
ddc_dzo_00840,Non-Romeo,-1.941205541395826
ddc_dzo_04392,Non-Romeo,-1.9453344754492443
ddc_dzo_01818,Non-Romeo,-1.9495941597620077
ddc_dzo_05282,Non-Romeo,-1.951390772669498
ddc_dzo_05491,Non-Romeo,-1.9539000018039312
ddc_dzo_02582,Non-Romeo,-1.955938181899982
ddc_dzo_06755,Non-Romeo,-1.957806782273862
ddc_dzo_07549,Non-Romeo,-1.9580502358985188
ddc_dzo_02312,Non-Romeo,-1.9611966476549754
ddc_dzo_02267,Non-Romeo,-1.961825581290984
ddc_dzo_00791,Non-Romeo,-1.9632589712957447
ddc_dzo_06593,Non-Romeo,-1.9638746656219366
ddc_dzo_07384,Non-Romeo,-1.969134874216308
ddc_dzo_08216,Non-Romeo,-1.9860179328049725
ddc_dzo_07050,Non-Romeo,-1.9861480418515676
ddc_dzo_07102,Non-Romeo,-1.9886700371226214
ddc_dzo_08231,Non-Romeo,-1.9887960536505782
ddc_dzo_02749,Non-Romeo,-1.9925740273268493
ddc_dzo_06513,Non-Romeo,-1.9978404642055918
ddc_dzo_07471,Non-Romeo,-2.000414044930344
ddc_dzo_07667,Non-Romeo,-2.0023086164689343
ddc_dzo_07785,Non-Romeo,-2.004710388615827
ddc_dzo_06004,Non-Romeo,-2.0085673884037014
ddc_dzo_07917,Non-Romeo,-2.012880148997371
ddc_dzo_06811,Non-Romeo,-2.0157228191460534
ddc_dzo_02220,Non-Romeo,-2.019330292962669
ddc_dzo_05846,Non-Romeo,-2.024994076877017
ddc_dzo_02014,Non-Romeo,-2.032820292697516
ddc_dzo_03056,Non-Romeo,-2.0355728750562623
ddc_dzo_05934,Non-Romeo,-2.0373814928822287
ddc_dzo_00182,Non-Romeo,-2.0375867396125056
ddc_dzo_03663,Non-Romeo,-2.0435350147066895
ddc_dzo_09282,Non-Romeo,-2.050418885391415
ddc_dzo_04263,Non-Romeo,-2.053317263829415
ddc_dzo_07018,Non-Romeo,-2.075166732374787
ddc_dzo_04073,Non-Romeo,-2.0808444142255187
ddc_dzo_04436,Non-Romeo,-2.081989694638886
ddc_dzo_02384,Non-Romeo,-2.090768620443855
ddc_dzo_04536,Non-Romeo,-2.1074572037038988
ddc_dzo_09703,Non-Romeo,-2.112059015120166
