audio_id,split,speaker,lda_1,lda_2,lda_3,umap_1,umap_2,umap_3
ddc_dzo_04217,labeled,Romeo,3.3765416,-0.48527044,-0.36765945,17.06257,1.382621,5.9094143
ddc_dzo_00009,labeled,Romeo,3.8161209,-0.60964686,0.90225226,14.030298,1.8555577,7.9985695
ddc_dzo_00013,labeled,Romeo,2.9315882,-1.2437246,1.6190037,13.218553,-0.58736205,8.811007
ddc_dzo_00001,labeled,Romeo,3.2895238,0.8832549,0.74833983,15.785221,-0.6602007,5.0812516
ddc_dzo_00015,labeled,Romeo,3.5806882,-0.45574242,-0.46285143,15.350166,-1.0382584,5.073878
ddc_dzo_00014,labeled,Romeo,1.806691,-1.5071006,-0.1736388,12.993395,-0.6077703,9.118177
ddc_dzo_00005,labeled,Romeo,3.8787332,-0.62591666,0.084648766,12.794411,1.7482505,8.663637
ddc_dzo_00006,labeled,Romeo,4.408341,0.011525728,1.1628833,16.536734,1.0252451,4.4536333
ddc_dzo_00023,labeled,Romeo,3.9198964,-0.3624316,0.648033,13.425129,1.9982262,8.030171
ddc_dzo_00003,labeled,Romeo,3.3237734,-0.8988193,0.26223633,12.494501,2.0089679,8.01613
ddc_dzo_00007,labeled,Dorji,-4.34789,11.559323,1.5187297,6.990143,15.380868,2.1170459
ddc_dzo_00008,labeled,Thinley,-11.847087,-4.9492803,-0.27338383,-0.394109,-1.9056561,2.4099693
ddc_dzo_01836,labeled,Namgay,-0.12009071,0.2080995,-4.890263,14.235565,-0.0030683638,13.026575
ddc_dzo_00019,labeled,Romeo,3.723095,-1.2947395,0.7348091,13.194145,0.00094733905,8.287586
ddc_dzo_08853,labeled,Romeo,2.1237879,-0.02587317,-0.23216677,16.72124,1.5166645,5.229981
ddc_dzo_00046,labeled,Romeo,2.5504816,-1.5000156,-0.14774987,16.008375,1.3062046,6.032116
ddc_dzo_00048,labeled,Romeo,3.2162156,-0.35209674,-0.2875825,15.61034,-0.91969484,4.984048
ddc_dzo_00039,labeled,Romeo,2.0402918,-1.8605722,-0.2705817,15.922537,-0.4015815,4.902876
ddc_dzo_00045,labeled,Romeo,2.0954533,1.538543,0.15678139,12.992806,2.1420977,9.081056
ddc_dzo_00051,labeled,Romeo,3.9884505,0.3263623,-0.002364222,13.2927885,-0.9330018,8.704835
ddc_dzo_00029,labeled,Dorji,-2.8582742,11.533366,1.1478633,6.558587,15.234783,1.961891
ddc_dzo_00032,labeled,Romeo,2.3339236,-0.9103643,-0.28060186,16.410673,1.0651565,4.4693723
ddc_dzo_00042,labeled,Romeo,3.1658187,-0.98932636,0.32333297,12.87137,2.3063467,7.8016076
ddc_dzo_00041,labeled,Dorji,-3.8659945,11.991172,1.2777685,6.701545,15.143488,2.663832
ddc_dzo_00053,labeled,Romeo,4.4240003,-1.87705,-0.42161486,15.643159,1.9308932,6.0022554
ddc_dzo_09137,labeled,Romeo,4.367735,-2.0300653,0.15819553,17.31581,0.83360595,5.318933
ddc_dzo_00082,labeled,Romeo,4.0867734,-1.3036585,0.06933981,16.697216,0.8703996,4.975622
ddc_dzo_00073,labeled,Thinley,-10.230938,-2.9412649,0.54479027,-0.54645574,-2.1909935,2.4258568
ddc_dzo_00066,labeled,Romeo,3.150539,-1.0106287,0.22057128,12.898438,-0.6272,8.99037
ddc_dzo_00056,labeled,Romeo,1.8586376,-0.32315993,0.028934577,16.234009,1.187156,1.350881
ddc_dzo_00069,labeled,Dorji,-4.526384,11.777028,2.2956362,6.6803484,15.22691,2.680097
ddc_dzo_00063,labeled,Romeo,3.5695734,-0.7095698,-0.79994714,12.923386,2.1794739,8.283074
ddc_dzo_00075,labeled,Romeo,4.4082146,-2.0633383,0.3416637,13.275051,-0.7586132,8.038023
ddc_dzo_00083,labeled,Romeo,4.369666,-1.3765597,-0.08057015,15.471441,-0.3181046,5.2560115
ddc_dzo_00061,labeled,Thinley,-10.910068,-3.2338278,1.0870212,-0.932364,-2.3340402,1.3151654
ddc_dzo_00070,labeled,Thinley,-11.831744,-3.4640577,1.1275492,-1.1497738,-1.7132028,2.1807456
ddc_dzo_00057,labeled,Romeo,3.251899,-1.3693894,1.2323829,16.975718,1.2978601,5.4551797
ddc_dzo_01034,labeled,Thinley,-10.176114,-2.9165719,0.4742727,-1.1897068,-1.7946917,2.5144498
ddc_dzo_00078,labeled,Dorji,-5.149265,8.873603,0.15822685,6.904652,15.281732,2.7473447
ddc_dzo_00080,labeled,Thinley,-12.504469,-3.2106113,1.8842214,-0.61649156,-1.8956436,1.8004702
ddc_dzo_00067,labeled,Romeo,4.405107,-2.36058,-0.39162922,13.273099,2.144194,7.846546
ddc_dzo_06116,labeled,Romeo,1.5991241,-0.4474013,0.93073714,17.062948,1.9123511,5.843742
ddc_dzo_00100,labeled,Romeo,2.957037,-1.1134795,1.0834792,13.129426,-0.3026761,7.9335494
ddc_dzo_00094,labeled,Romeo,2.2583704,0.27360824,-0.35353643,13.452997,-0.6814573,8.110983
ddc_dzo_00101,labeled,Romeo,5.420279,-0.98135996,0.5026486,17.506134,1.7307047,5.075302
ddc_dzo_00107,labeled,Romeo,4.1761,-1.9910553,0.62678313,17.10832,0.724078,4.9823136
ddc_dzo_00098,labeled,Romeo,2.6331177,-2.3773503,0.09216984,15.665625,-0.4233083,4.6852317
ddc_dzo_00089,labeled,Romeo,4.665794,-0.86308575,0.43593505,17.044687,0.75426173,5.257644
ddc_dzo_03225,labeled,Dorji,-2.227192,10.845454,2.7530704,6.7583327,15.32978,2.699672
ddc_dzo_09420,labeled,Thinley,-9.697099,-3.8129175,0.32506457,-0.8488919,-2.395008,1.5012141
ddc_dzo_00091,labeled,Romeo,0.8516686,0.5761935,0.7207148,15.794727,-0.66004354,4.660727
ddc_dzo_00111,labeled,Romeo,2.258333,-1.2238656,-0.28389475,15.579394,-0.6167123,4.9798617
ddc_dzo_00090,labeled,Romeo,2.5908437,-2.1740997,-0.4697276,12.915289,-0.2500311,9.080328
ddc_dzo_00096,labeled,Romeo,1.6400269,-1.4236763,0.57827157,12.926525,-0.4386117,9.090391
ddc_dzo_00102,labeled,Dorji,-5.3906894,12.188104,1.834324,6.8265495,15.247269,2.583276
ddc_dzo_00092,labeled,Thinley,-13.594201,-4.046564,0.34701687,-1.1780958,-2.2384996,1.2807868
ddc_dzo_00103,labeled,Romeo,2.7317104,-1.3945842,0.30083114,13.422721,1.6154426,8.956361
ddc_dzo_00084,labeled,Romeo,2.3391602,0.60041755,-0.9541146,16.837206,2.089608,5.2428966
ddc_dzo_00105,labeled,Romeo,5.4390817,-0.67481935,-0.892801,15.522902,1.894375,5.935422
ddc_dzo_00138,labeled,Romeo,3.9293308,-1.483476,0.4373981,12.474543,1.6141621,8.650363
ddc_dzo_00123,labeled,Romeo,3.443609,0.63652855,0.96775275,13.283117,2.0444794,8.516042
ddc_dzo_00121,labeled,Namgay,-2.966911,1.289273,-9.532838,3.174718,6.405813,17.288708
ddc_dzo_00131,labeled,Romeo,2.008861,0.40671244,1.1184317,16.675488,1.4052532,4.5698905
ddc_dzo_00113,labeled,Romeo,2.7336285,-1.5155497,1.0364572,13.478038,1.9960467,8.932999
ddc_dzo_00112,labeled,Thinley,-10.110814,-5.2732553,-0.2767372,-1.3578728,-2.0009415,1.745121
ddc_dzo_00124,labeled,Romeo,5.4156146,-1.6465809,2.2636585,13.102608,-0.8563668,8.010901
ddc_dzo_00136,labeled,Romeo,0.9955275,-2.9496663,0.5120414,12.882731,-0.56861943,7.790209
ddc_dzo_00122,labeled,Thinley,-11.929505,-2.983565,-0.7125109,-1.2761557,-1.6597689,2.4311657
ddc_dzo_00115,labeled,Romeo,3.576076,-1.68916,0.5783549,16.919165,0.9225154,5.2935977
ddc_dzo_00126,labeled,Thinley,-10.590692,-3.2065213,1.2220058,-0.95863134,-2.0763242,2.3050995
ddc_dzo_00133,labeled,Romeo,3.026105,-0.8584158,0.19421087,15.552064,1.8289828,5.4882665
ddc_dzo_00134,labeled,Romeo,3.3065827,-0.61252904,-0.24852206,12.954938,-0.69797444,8.967025
ddc_dzo_04727,labeled,Romeo,3.4599826,-2.548116,0.47492063,16.939203,1.5836103,6.1440063
ddc_dzo_09873,labeled,Dorji,-2.2274973,10.135629,0.6797814,6.9109297,15.462817,2.6230757
ddc_dzo_00144,labeled,Romeo,2.4578373,-1.8261806,0.22930075,12.990321,-0.6883592,9.01536
ddc_dzo_00147,labeled,Romeo,2.513358,-1.4415582,0.6806981,13.554369,1.8446572,8.783154
ddc_dzo_00154,labeled,Romeo,3.1717277,-1.4608972,1.2757428,13.569647,1.3054194,8.138252
ddc_dzo_00158,labeled,Romeo,3.555027,-2.4335907,1.1046673,14.8716545,-0.28271723,5.7310524
ddc_dzo_00145,labeled,Romeo,2.6320443,-0.009419644,0.08267498,12.720253,1.3746189,9.2608185
ddc_dzo_00153,labeled,Dorji,-3.3123298,11.425056,2.1587865,6.6369963,14.937561,2.4945357
ddc_dzo_00143,labeled,Romeo,3.804734,0.12227667,-1.1152822,16.437141,1.621172,5.1240864
ddc_dzo_00155,labeled,Dorji,-4.518558,11.774719,2.563543,6.6981606,15.301533,2.7249076
ddc_dzo_00164,labeled,Romeo,3.1867464,-0.3988236,0.8126299,13.534571,1.8378382,9.040645
ddc_dzo_00150,labeled,Romeo,5.109794,0.5147794,0.52699965,15.789067,1.9516001,5.735428
ddc_dzo_00142,labeled,Romeo,2.919998,-3.0489378,0.23331639,12.977346,-0.60889006,9.010815
ddc_dzo_00141,labeled,Romeo,3.910081,-0.8238401,0.22365062,13.237262,-0.29494062,8.712294
ddc_dzo_07644,labeled,Romeo,5.1403265,-1.5077746,1.9705234,16.969677,1.1693314,5.392211
ddc_dzo_00180,labeled,Romeo,2.846943,-1.0754238,-0.45203295,12.827321,-0.43331617,9.313893
ddc_dzo_00188,labeled,Romeo,3.0233972,0.24199636,-0.20245364,12.607911,-0.62219316,9.285431
ddc_dzo_00172,labeled,Romeo,3.8570247,-1.9275798,-0.32842076,14.083704,0.07278661,10.570737
ddc_dzo_00187,labeled,Romeo,3.6227558,-1.1275657,1.0208646,12.899742,1.9901142,8.446673
ddc_dzo_00181,labeled,Romeo,2.7711225,-0.6634685,1.79581,12.783316,-0.3443989,7.8527703
ddc_dzo_00175,labeled,Dorji,-4.4924264,10.882876,-0.19220985,6.755819,15.974286,2.015171
ddc_dzo_00167,labeled,Namgay,-3.373066,1.1939291,-5.6370683,4.0217667,8.10349,9.291698
ddc_dzo_00170,labeled,Dorji,-2.7716186,11.616525,2.1439269,6.820121,15.307888,2.5917387
ddc_dzo_00171,labeled,Romeo,3.8320658,-0.43715036,0.68038076,13.831966,1.2132579,9.534014
ddc_dzo_00189,labeled,Romeo,3.720447,-0.61987007,0.15456751,13.241278,2.0724683,9.058925
ddc_dzo_00183,labeled,Romeo,4.3694196,-0.7887489,1.1190076,13.739044,1.752929,7.8800163
ddc_dzo_00173,labeled,Romeo,3.9540722,-0.7116555,0.6939635,15.613785,1.8738776,6.1659956
ddc_dzo_00191,labeled,Romeo,3.1776576,-1.290057,1.4162825,13.67113,-0.4619077,7.971301
ddc_dzo_00166,labeled,Romeo,4.475101,-0.5514186,0.31650594,15.703386,-0.74828357,4.8948727
ddc_dzo_08529,labeled,Romeo,3.7371342,-0.52415377,0.3216162,17.177443,1.0296316,4.8656898
ddc_dzo_00216,labeled,Romeo,3.8719873,-0.91804075,0.8348781,15.013655,-0.3252273,5.7612505
ddc_dzo_00218,labeled,Romeo,2.1004639,0.7208537,-0.8215726,15.846286,-0.71195847,4.6626883
ddc_dzo_00199,labeled,Romeo,3.9917996,0.04532044,1.0671397,14.132904,0.20309289,10.58843
ddc_dzo_00203,labeled,Romeo,2.2916214,-1.9845711,-0.7091196,13.010077,-0.5843615,8.761894
ddc_dzo_00205,labeled,Thinley,-10.428089,-2.4496746,1.4278399,-1.5824938,-2.3644528,1.3988088
ddc_dzo_00207,labeled,Romeo,3.5385387,-1.3411219,1.2143029,17.2836,0.90617937,5.1955132
ddc_dzo_00217,labeled,Romeo,3.4975605,-2.1431725,1.2934862,15.711723,-0.10484292,4.7409806
ddc_dzo_00196,labeled,Romeo,3.8041756,-2.1181772,0.86807454,13.488849,1.1494497,8.287977
ddc_dzo_00215,labeled,Romeo,2.5357006,-1.0399832,0.38955206,16.842169,1.4684358,5.664119
ddc_dzo_06084,labeled,Dorji,-2.8110082,12.627383,0.0021239559,6.6680384,15.001401,2.4661975
ddc_dzo_00212,labeled,Romeo,2.6724002,0.20396543,1.473417,17.203058,0.74797386,4.8318977
ddc_dzo_06096,labeled,Dorji,-4.4610467,8.6862,0.7106276,6.7952986,15.794406,2.6657217
ddc_dzo_00201,labeled,Romeo,3.0910819,-0.7015527,-0.02386953,17.349361,1.0283297,5.638213
ddc_dzo_00206,labeled,Romeo,3.549803,-0.6647275,-0.16197044,15.481062,1.9348997,5.8362603
ddc_dzo_00213,labeled,Romeo,2.9143987,-0.80366665,0.3698462,17.22081,0.918446,4.867116
ddc_dzo_00195,labeled,Romeo,3.4187617,-1.5737679,0.2870769,13.403181,-0.44840437,8.187353
ddc_dzo_00230,labeled,Dorji,-3.9459713,9.986803,0.029240608,6.8148847,14.955033,2.5361013
ddc_dzo_00239,labeled,Romeo,4.469842,-1.5998095,0.08064566,16.627651,1.2021439,5.3763294
ddc_dzo_09086,labeled,Romeo,2.8223364,-0.8249452,-0.033646084,15.394406,-0.1477514,5.180021
ddc_dzo_03775,labeled,Romeo,2.9923213,0.7215151,-1.0716687,15.397947,-0.332606,4.8716707
ddc_dzo_00229,labeled,Romeo,3.9226756,-0.9314624,1.5238189,12.696865,2.0910668,8.218295
ddc_dzo_00226,labeled,Romeo,3.452681,-0.08405057,0.8323726,16.8636,0.7895752,5.0956454
ddc_dzo_00243,labeled,Nima,-2.2259576,4.308452,-2.3580658,9.26936,2.4390173,1.51747
ddc_dzo_00236,labeled,Thinley,-13.092709,-2.7062294,0.51545244,-0.94583225,-2.072203,2.153542
ddc_dzo_00224,labeled,Thinley,-12.157775,-3.8713121,1.6257141,-0.902862,-2.3656166,2.2041411
ddc_dzo_00232,labeled,Namgay,0.18843472,0.05686948,-3.1897848,14.23311,-0.0034657954,13.018109
ddc_dzo_00237,labeled,Romeo,4.7149296,-1.6262913,0.71534604,15.874699,1.5584712,5.6658263
ddc_dzo_00246,labeled,Romeo,3.0329432,-2.1031892,-0.12297967,13.472111,1.7182525,8.973017
ddc_dzo_00231,labeled,Romeo,2.7367592,0.25016353,0.083423495,13.357595,1.7407405,8.986307
ddc_dzo_00223,labeled,Romeo,1.4358913,-1.1247865,0.54341406,17.12828,1.4001302,4.6715055
ddc_dzo_00241,labeled,Romeo,2.8404493,-1.4657379,-0.5550526,15.859169,-0.71325547,4.626447
ddc_dzo_00222,labeled,Romeo,4.0867896,-1.9182218,1.5801232,13.2805395,-0.27716824,8.340688
ddc_dzo_01378,labeled,Romeo,1.1297745,-1.8737013,-0.71768844,16.930353,1.1602345,5.553053
ddc_dzo_00253,labeled,Romeo,3.6494753,-0.9532136,-0.25627846,16.533766,1.074609,4.776606
ddc_dzo_00248,labeled,Romeo,1.9728671,0.075867265,-0.75562215,13.12575,-0.47391084,8.930541
ddc_dzo_00274,labeled,Romeo,2.6935184,-1.3008705,0.58403254,14.760431,-0.27154696,5.7204995
ddc_dzo_00266,labeled,Romeo,3.7194352,-2.992997,-0.5915513,15.645486,-0.05744479,4.677913
ddc_dzo_00252,labeled,Romeo,2.6976094,-1.1632379,0.62157196,15.475985,-0.53443867,4.67199
ddc_dzo_00268,labeled,Romeo,3.3356104,0.36963552,0.7630187,15.548907,-0.3860734,4.4719143
ddc_dzo_00264,labeled,Thinley,-10.028087,-2.342756,-0.117657185,-1.2745516,-1.9400012,1.3899615
ddc_dzo_00254,labeled,Romeo,3.1193345,-1.3520588,-0.65731066,12.940698,2.3106177,7.8044066
ddc_dzo_00269,labeled,Romeo,2.5742652,-1.5742627,-0.0028795518,13.342454,2.0551538,8.895662
ddc_dzo_01035,labeled,Romeo,3.0234687,-0.433907,-0.24912004,13.394804,1.8014358,9.055784
ddc_dzo_00261,labeled,Namgay,-3.2086656,0.8749045,-13.137882,3.418784,7.044893,16.977488
ddc_dzo_00263,labeled,Namgay,-2.9702768,1.5915064,-11.350888,3.19098,6.5003114,17.258184
ddc_dzo_00262,labeled,Thinley,-12.684152,-3.9270453,1.2259985,-1.2635857,-2.0394287,2.121767
ddc_dzo_00258,labeled,Romeo,3.2902029,-0.593903,0.65639997,16.106396,1.7207134,5.207555
ddc_dzo_00270,labeled,Romeo,3.6670742,-0.7393989,-0.3514673,15.609438,-0.88009965,4.7711625
ddc_dzo_00259,labeled,Romeo,2.4357145,-1.2888453,0.14050846,16.082163,-0.63914645,4.967211
ddc_dzo_08862,labeled,Romeo,5.1974554,0.026234826,1.0064383,16.86401,1.3675594,6.146784
ddc_dzo_00286,labeled,Romeo,3.3123775,-1.5627104,0.42984134,12.758578,1.4656898,8.284634
ddc_dzo_08849,labeled,Thinley,-11.795284,-4.7400975,0.5586214,-0.6241919,-1.8231146,2.178395
ddc_dzo_00290,labeled,Thinley,-11.2004795,-3.5316143,1.5401452,-0.86572206,-2.4554293,1.2093439
ddc_dzo_00297,labeled,Romeo,2.3891363,-1.3711507,0.24669494,12.849835,1.9089086,9.186788
ddc_dzo_00288,labeled,Romeo,3.4884222,-0.5022578,-1.7960395,12.660406,2.179738,8.049852
ddc_dzo_00298,labeled,Thinley,-10.766115,-2.25538,2.5928483,-1.5639414,-1.9699249,1.4160823
ddc_dzo_00295,labeled,Dorji,-2.359573,10.60864,0.71580553,6.902058,15.391569,2.1096184
ddc_dzo_00302,labeled,Thinley,-11.073925,-3.0676641,1.2056531,-1.2334868,-2.2435527,2.2515008
ddc_dzo_00292,labeled,Romeo,3.6783423,-0.4897541,1.101804,12.758663,-0.50513667,9.349312
ddc_dzo_00282,labeled,Romeo,3.7629442,-1.096548,-0.96663123,12.785163,-0.72594523,8.625625
ddc_dzo_00283,labeled,Dorji,-4.5380516,12.054472,-1.3475516,6.602596,15.04462,2.6724863
ddc_dzo_00276,labeled,Romeo,2.4974363,-2.0021908,1.5905554,16.10105,1.60721,5.8328447
ddc_dzo_00289,labeled,Thinley,-10.579903,-3.1214488,1.3828527,-1.3208581,-2.2328389,1.7322179
ddc_dzo_00281,labeled,Thinley,-10.227485,-4.2558737,0.33622533,-1.1387866,-1.540888,2.3416617
ddc_dzo_00300,labeled,Romeo,2.9870498,-1.6191894,-1.0027055,15.526535,1.9029202,5.9505677
ddc_dzo_01823,labeled,Romeo,2.3174803,-1.6912239,0.16246007,17.466145,0.9492895,5.3738213
ddc_dzo_00331,labeled,Romeo,4.4069114,0.8699852,0.5518976,14.666982,-0.31916252,5.7876163
ddc_dzo_00305,labeled,Romeo,2.310912,-2.218686,0.69876504,13.479858,-0.2917686,8.665279
ddc_dzo_00328,labeled,Romeo,4.53911,-1.5326458,0.94189984,12.682856,1.9312809,8.705617
ddc_dzo_00303,labeled,Dorji,-2.0002215,7.217052,0.2846493,6.829207,15.429716,2.6556668
ddc_dzo_00313,labeled,Thinley,-10.615205,-3.5401688,1.3915122,-0.6121659,-1.8835068,2.182998
ddc_dzo_00327,labeled,Romeo,3.5448601,-0.89817786,-0.0029033583,15.76793,1.6432133,5.604124
ddc_dzo_00309,labeled,Romeo,4.107118,0.012691201,-0.13833387,16.478968,1.1233438,4.5309534
ddc_dzo_00304,labeled,Romeo,4.0738964,-0.40050885,0.60171795,15.598635,-0.60263956,4.8202553
ddc_dzo_00310,labeled,Romeo,3.92134,-1.0306679,-0.17719716,15.599144,-0.58765554,4.8175178
ddc_dzo_00323,labeled,Romeo,4.390867,-1.9555632,1.688419,13.3047495,1.0572255,8.35152
ddc_dzo_00330,labeled,Dorji,-2.5989485,9.274131,2.6525097,6.810461,16.183325,1.9766144
ddc_dzo_00311,labeled,Romeo,3.6791837,-0.006310087,1.128059,15.897599,2.0151377,5.811621
ddc_dzo_01169,labeled,Romeo,3.0677948,0.27945182,-0.17298932,17.463202,0.9430373,5.301029
ddc_dzo_00338,labeled,Romeo,1.055188,0.18679945,1.1729629,16.314034,1.6439792,4.832631
ddc_dzo_00353,labeled,Romeo,3.4367642,-1.973031,0.24034843,15.773515,-0.66651636,4.777122
ddc_dzo_00345,labeled,Dorji,-4.011883,13.350506,1.048542,6.646061,15.349945,2.5891404
ddc_dzo_00356,labeled,Dorji,-3.7356973,12.996822,1.4780059,6.6563616,15.19121,2.6441183
ddc_dzo_00349,labeled,Romeo,4.0527296,-1.7000121,1.4282311,17.097425,1.7484883,5.5940447
ddc_dzo_00334,labeled,Romeo,3.1448014,-1.4593941,1.0592158,13.456901,1.6540619,9.311848
ddc_dzo_00355,labeled,Thinley,-11.296902,-2.633304,0.11215277,-1.5855612,-2.2446766,1.3163266
ddc_dzo_00354,labeled,Romeo,4.490211,-0.5015109,1.5223597,12.965769,-0.49522734,9.10519
ddc_dzo_00337,labeled,Romeo,3.6429126,-0.5353904,1.4816701,13.2645,1.4694724,8.295699
ddc_dzo_00346,labeled,Romeo,1.2542895,-1.3724809,1.9342316,13.657873,1.2610106,8.449942
ddc_dzo_00350,labeled,Thinley,-10.675046,-3.4825997,2.704005,-0.8593856,-1.6813934,2.022755
ddc_dzo_00333,labeled,Nima,-3.4493928,1.6348993,-1.6978823,9.271759,2.4377763,1.5088013
ddc_dzo_00344,labeled,Romeo,4.033049,-0.33317336,0.460071,13.329473,-0.4519334,8.227602
ddc_dzo_00342,labeled,Romeo,3.4708204,-1.1981483,-0.25437644,14.991888,-0.75899196,5.088335
ddc_dzo_09573,labeled,Romeo,1.0146278,-0.60697794,0.74921286,16.675404,1.2972964,5.9128757
ddc_dzo_00378,labeled,Romeo,3.15805,-1.6986021,0.5459529,12.875609,-0.6560943,9.021346
ddc_dzo_00375,labeled,Romeo,3.1608725,-0.91671026,-0.22215675,17.075684,0.82541394,5.839591
ddc_dzo_00364,labeled,Romeo,2.8365166,-0.4790726,0.016775081,17.584856,1.4090054,5.446704
ddc_dzo_00382,labeled,Romeo,3.87316,-0.93355495,1.9439409,12.787392,-0.63172054,7.915384
ddc_dzo_00377,labeled,Romeo,3.9053538,-1.3175588,1.0637481,15.6943445,-0.42382097,5.238516
ddc_dzo_00384,labeled,Namgay,-2.221546,2.032584,-4.117294,4.0198174,8.10529,9.293098
ddc_dzo_00365,labeled,Thinley,-12.212263,-3.9842443,1.7859851,-0.81731904,-2.3363976,1.4128209
ddc_dzo_00379,labeled,Thinley,-11.658304,-1.3734612,1.4576812,-1.2831506,-1.9035736,1.2000182
ddc_dzo_00368,labeled,Dorji,-4.8444586,10.545874,3.5810885,6.864431,15.270196,2.6531253
ddc_dzo_00373,labeled,Romeo,1.8596857,-1.0275896,-1.446423,14.136552,0.5150211,10.492065
ddc_dzo_00361,labeled,Romeo,3.974511,-0.3619056,-0.111644916,17.136002,1.3744683,5.2940164
ddc_dzo_00367,labeled,Thinley,-10.637806,-2.3245258,2.7276292,-1.2728934,-2.1828675,1.3193184
ddc_dzo_01645,labeled,Romeo,3.1996038,-0.91892785,0.3137331,17.47541,0.9811754,5.4956856
ddc_dzo_00395,labeled,Romeo,2.943367,-1.8027091,0.8313714,13.035155,1.977689,7.8452034
ddc_dzo_00407,labeled,Romeo,3.7185898,-0.9058249,-0.21621478,16.736084,1.152441,5.4494553
ddc_dzo_00387,labeled,Romeo,3.6835876,0.010072274,0.0682094,13.346853,0.37897986,8.756694
ddc_dzo_00399,labeled,Romeo,2.528686,-1.1131139,0.9910534,12.589298,1.5225703,9.066061
ddc_dzo_00401,labeled,Romeo,0.83917946,-2.0531423,1.8639358,15.481653,-0.0690446,4.4300714
ddc_dzo_00439,labeled,Romeo,2.3654451,-2.631964,0.62037355,15.4192095,-0.08525661,4.8043375
ddc_dzo_00389,labeled,Thinley,-11.564672,-2.2773104,1.5551717,-1.5533934,-2.2887173,1.208526
ddc_dzo_00410,labeled,Dorji,-3.9969318,11.385151,2.9606416,7.03507,15.533273,2.2964652
ddc_dzo_00408,labeled,Dorji,-3.75064,12.078087,1.6995093,6.8974257,15.405057,1.9036353
ddc_dzo_00396,labeled,Dorji,-1.78794,8.866197,1.5708632,6.6907325,15.606484,2.5636868
ddc_dzo_00402,labeled,Dorji,-3.6580658,9.272691,2.6304355,6.9924035,15.607128,2.463862
ddc_dzo_00393,labeled,Dorji,-4.6279874,9.748434,3.3796866,6.922895,15.842819,2.452633
ddc_dzo_00406,labeled,Romeo,0.31420872,0.010818245,-0.15374435,14.18674,0.35514653,10.592945
ddc_dzo_00391,labeled,Romeo,4.0509667,-1.6997925,0.37118185,17.101341,1.6182227,5.641037
ddc_dzo_03077,labeled,Romeo,2.832259,-0.081921324,0.94258916,17.088055,1.3937441,5.451346
ddc_dzo_00421,labeled,Romeo,3.5098574,-1.3649652,0.4767541,13.389672,-0.4535684,9.136475
ddc_dzo_00415,labeled,Thinley,-11.784961,-1.9837884,0.2781659,-1.2347637,-1.96497,2.4044423
ddc_dzo_00425,labeled,Romeo,4.8607163,-1.343008,-0.77011734,14.010774,0.051123593,10.4521055
ddc_dzo_00413,labeled,Thinley,-11.967128,-3.3856251,2.1704972,-1.5032697,-2.1513054,1.3111987
ddc_dzo_00432,labeled,Romeo,1.9962436,-1.1885657,-0.57882655,13.0114975,2.370084,8.006824
ddc_dzo_00430,labeled,Romeo,3.7780383,-0.1128333,0.4781465,12.760696,-0.46477386,7.952513
ddc_dzo_00422,labeled,Romeo,3.5702827,-1.7797303,0.6383893,17.195265,1.487496,5.4713454
ddc_dzo_00424,labeled,Thinley,-12.806927,-4.6490164,0.18715169,-1.3978604,-2.3169124,2.1372154
ddc_dzo_00412,labeled,Romeo,3.6132162,-1.9780245,0.4379289,12.858367,1.5024942,9.091016
ddc_dzo_00433,labeled,Namgay,-2.1192634,2.1547298,-10.029115,0.5407223,12.182398,5.812846
ddc_dzo_00431,labeled,Romeo,2.8207798,-0.34713125,-0.12939763,13.62184,2.2844727,7.8704734
ddc_dzo_00419,labeled,Romeo,2.6940868,-2.2588136,-0.8980219,15.570911,1.9522637,6.0874896
ddc_dzo_00414,labeled,Romeo,3.0428548,-1.0214411,0.55255497,15.527803,1.9657329,5.8212056
ddc_dzo_05134,labeled,Romeo,3.68502,0.19799358,-0.48340362,17.209238,0.8777658,5.2291455
ddc_dzo_00449,labeled,Romeo,4.1964326,0.89451957,-0.18668383,13.093841,-0.20484287,8.693311
ddc_dzo_00460,labeled,Thinley,-11.539896,-4.323169,2.8853598,-0.9041939,-2.2475908,1.4122338
ddc_dzo_00450,labeled,Romeo,3.3539715,-2.1474645,0.6494088,14.155834,0.06332952,10.6634865
ddc_dzo_00463,labeled,Romeo,3.0800662,-0.922241,1.2765433,13.237589,-0.6508941,8.965606
ddc_dzo_00455,labeled,Romeo,3.409495,-2.1598866,0.2993913,15.514202,-0.17493531,4.873181
ddc_dzo_00453,labeled,Thinley,-11.564671,-3.8906128,0.026025234,-1.1267577,-2.0771997,2.2062128
ddc_dzo_00440,labeled,Dorji,-3.9051855,8.476978,1.2233605,6.8291864,15.964624,1.9981636
ddc_dzo_00447,labeled,Romeo,3.969701,-1.4353002,-0.61688405,16.743553,1.3968446,5.957404
ddc_dzo_00464,labeled,Thinley,-12.949478,-3.1779811,1.6838053,-1.0273708,-2.211482,2.1078966
ddc_dzo_00443,labeled,Thinley,-11.539087,-5.168724,0.40127313,-1.0200032,-2.3971424,1.3251024
ddc_dzo_01036,labeled,Romeo,1.7121238,0.27535135,0.0699252,12.88078,1.5321873,9.083804
ddc_dzo_00462,labeled,Romeo,3.7258918,-0.9536646,0.125037,16.993345,1.6734399,4.791517
ddc_dzo_00454,labeled,Romeo,4.107376,-0.856735,0.6117614,16.99458,1.5670794,4.9726996
ddc_dzo_00479,labeled,Romeo,3.6772704,-2.222235,-0.3351407,15.1615505,1.5400319,6.1600885
ddc_dzo_00486,labeled,Romeo,4.1538796,-1.290822,0.010001052,13.7757635,1.1573282,8.739846
ddc_dzo_04020,labeled,Romeo,1.6024908,-0.7726136,1.5163134,13.942641,-0.5412606,7.075905
ddc_dzo_00471,labeled,Romeo,2.2436156,-1.7587757,-0.054966982,12.98189,-0.59307253,9.112399
ddc_dzo_00477,labeled,Romeo,3.9937909,-0.31641117,1.5740521,12.907506,-0.42751482,7.9229937
ddc_dzo_00478,labeled,Dorji,-4.280924,9.765058,1.792647,6.605007,14.883074,2.0876145
ddc_dzo_00468,labeled,Romeo,2.1021934,-0.9370134,0.3380252,12.614229,1.9923881,7.963502
ddc_dzo_00469,labeled,Namgay,-3.241581,0.90184903,-10.018104,3.1603847,6.3926644,17.30355
ddc_dzo_00473,labeled,Thinley,-10.293843,-3.574472,0.15634361,-0.60749686,-1.9738648,2.0833979
ddc_dzo_00467,labeled,Namgay,-1.2660425,2.339259,-11.796939,0.56767666,12.693827,6.041277
ddc_dzo_00485,labeled,Thinley,-12.010219,-3.8261507,1.1232629,-0.7218733,-2.1261563,1.3591875
ddc_dzo_00492,labeled,Romeo,3.9044294,-1.1534358,-0.5919193,16.725412,0.993254,4.6729703
ddc_dzo_00484,labeled,Romeo,5.0205836,-0.9703643,0.5036239,15.621983,1.8812399,5.801792
ddc_dzo_00483,labeled,Romeo,2.837692,-1.1768863,0.011019848,14.299893,0.09733013,10.897545
ddc_dzo_00970,labeled,Romeo,2.7031548,-1.1057441,-0.23910092,17.088963,1.1069639,5.108308
ddc_dzo_00498,labeled,Romeo,1.5918328,-0.14310856,0.77704304,17.330837,1.0456705,5.250547
ddc_dzo_00504,labeled,Romeo,2.4782689,-1.3406256,0.23951842,16.714872,1.5858511,5.7764845
ddc_dzo_00515,labeled,Romeo,3.2798238,-1.5655632,-0.15560727,13.132163,-0.66849595,8.559508
ddc_dzo_00517,labeled,Namgay,-1.948274,2.9441738,-12.852495,3.570797,7.038562,16.953922
ddc_dzo_00500,labeled,Namgay,-4.1117206,2.4480124,-6.3484507,4.0207953,8.104304,9.292856
ddc_dzo_00497,labeled,Dorji,-3.842015,10.598833,1.2798678,6.8371162,15.864,2.1191013
ddc_dzo_00510,labeled,Romeo,3.1916814,-0.2992011,0.80608535,12.839844,-0.5775121,7.8303604
ddc_dzo_00508,labeled,Romeo,3.0752752,-2.081974,-0.6294993,15.164384,-0.2129103,5.252374
ddc_dzo_00516,labeled,Thinley,-12.792392,-3.1939158,1.5779988,-0.7927293,-1.7703496,1.817317
ddc_dzo_00512,labeled,Romeo,3.2842448,0.21087995,0.20734215,12.803844,2.1334946,7.7752094
ddc_dzo_00502,labeled,Thinley,-9.849091,-3.5061991,1.4507624,-0.52668184,-1.7323155,2.5921233
ddc_dzo_00506,labeled,Dorji,-3.4624114,11.365577,1.430906,6.813829,15.312302,2.5797834
ddc_dzo_00501,labeled,Romeo,4.2463274,-0.6728302,1.4476429,15.979716,1.8880739,5.3950057
ddc_dzo_06250,labeled,Romeo,2.8662958,-1.1753656,1.2048668,17.173996,1.0574856,5.3180046
ddc_dzo_00524,labeled,Romeo,2.66032,-0.20873141,0.33263892,16.279844,0.92825466,5.6479373
ddc_dzo_00529,labeled,Romeo,3.3862276,0.9296929,0.30841962,12.667227,-0.54771423,9.383929
ddc_dzo_00537,labeled,Romeo,3.4687808,-1.3071356,0.93274224,17.482239,1.1971467,5.572154
ddc_dzo_00538,labeled,Romeo,3.9981728,-0.8975158,0.20981155,13.289847,-0.78470653,8.354596
ddc_dzo_00539,labeled,Dorji,-3.5339725,12.30636,0.044179272,6.827867,14.880762,1.8820759
ddc_dzo_00532,labeled,Romeo,2.31453,-1.1598783,0.91532624,12.843542,-0.5425158,7.8499284
ddc_dzo_00545,labeled,Dorji,-2.755153,10.159248,1.6678804,6.8253016,16.100323,2.0197563
ddc_dzo_00543,labeled,Thinley,-12.647999,-3.898607,1.6138135,-0.94975024,-2.2551992,1.8878973
ddc_dzo_00534,labeled,Romeo,2.2280586,-1.6145239,-0.66523653,13.312005,-0.9010371,8.739282
ddc_dzo_00530,labeled,Thinley,-11.53197,-2.521875,1.2099241,-1.2032464,-1.5986747,2.0521379
ddc_dzo_00523,labeled,Romeo,4.0559916,-2.0575414,-0.28350586,17.122427,1.7635186,5.2988267
ddc_dzo_00536,labeled,Romeo,4.5595903,-1.5410225,0.37040028,13.928257,1.3826097,7.6792045
ddc_dzo_00533,labeled,Romeo,2.9159966,-0.70017034,1.3527895,13.543644,-0.49420485,8.04814
ddc_dzo_06604,labeled,Romeo,3.7896824,-1.3055162,-0.18924515,16.986853,1.3326223,6.0505266
ddc_dzo_00570,labeled,Romeo,2.4513369,-2.638387,1.616828,15.901817,-0.7373764,4.9626384
ddc_dzo_00562,labeled,Thinley,-11.824624,-2.812515,1.0268328,-0.5253304,-2.0954766,2.548027
ddc_dzo_00548,labeled,Dorji,-4.589799,11.19511,0.569318,6.7694244,16.076973,2.0694246
ddc_dzo_00560,labeled,Romeo,3.5299795,-1.4382207,0.27538022,13.52084,0.13654394,8.246237
ddc_dzo_00569,labeled,Romeo,2.504455,-1.5045644,0.269285,12.936598,-0.87737584,7.986102
ddc_dzo_00559,labeled,Namgay,-2.6550958,4.788773,-11.217466,3.0821319,6.965744,16.98061
ddc_dzo_00549,labeled,Romeo,2.3110938,-0.47802335,1.3441588,17.181581,1.3795624,5.3435035
ddc_dzo_00565,labeled,Dorji,-1.3106555,10.041543,1.0776998,6.836739,15.388259,2.262365
ddc_dzo_01304,labeled,Romeo,3.6972415,-0.50505465,0.71838504,17.321247,0.9785866,5.7087107
ddc_dzo_00594,labeled,Romeo,3.1242754,-1.9769405,-0.5770055,13.433418,-0.6455548,8.624381
ddc_dzo_00585,labeled,Namgay,-1.9076586,1.3777769,-11.000487,3.2908041,6.4226856,17.31051
ddc_dzo_00590,labeled,Romeo,2.6200917,-1.3471707,0.8650049,13.333792,-0.86856705,8.558902
ddc_dzo_00581,labeled,Thinley,-11.371044,-3.0902755,0.8511841,-0.9594637,-1.4828526,2.1536295
ddc_dzo_00587,labeled,Thinley,-12.087226,-5.6401477,-0.15566827,-0.9239,-2.2525012,1.384497
ddc_dzo_00596,labeled,Romeo,3.4002562,-0.6271477,1.1328299,16.47706,1.0605513,4.575422
ddc_dzo_00592,labeled,Romeo,2.3629203,-1.086728,0.12439701,16.5145,0.8739349,5.1338615
ddc_dzo_00578,labeled,Thinley,-11.098634,-4.019465,2.001625,-1.0064193,-1.8794367,2.0314126
ddc_dzo_00580,labeled,Romeo,2.2406406,-0.22550975,0.9033488,12.825767,-0.22225827,8.240763
ddc_dzo_00624,labeled,Romeo,3.2345831,-2.4371433,0.030455144,16.963419,1.1904854,5.338059
ddc_dzo_00619,labeled,Romeo,4.262914,-1.6920255,0.9665557,17.189754,1.2579542,5.8221817
ddc_dzo_00612,labeled,Romeo,1.5837295,-0.8500384,1.112069,15.544665,-0.09371212,4.660917
ddc_dzo_00621,labeled,Romeo,2.3041742,-1.5560112,0.31321934,15.496414,-0.5945928,5.525005
ddc_dzo_00604,labeled,Romeo,4.1627836,-0.1008288,0.046006095,15.422772,-0.50076425,5.2612514
ddc_dzo_00627,labeled,Romeo,4.195227,-0.4460044,0.54836786,13.164937,2.276796,8.132595
ddc_dzo_00606,labeled,Romeo,4.858885,-1.4904922,-1.1687213,13.393338,1.6238884,8.474435
ddc_dzo_00611,labeled,Romeo,4.2244477,-2.6736856,0.28871292,15.703938,-0.13790308,4.6568775
ddc_dzo_00626,labeled,Thinley,-9.60571,-2.8301013,1.2134186,-1.2594651,-1.8777808,2.469096
ddc_dzo_00608,labeled,Thinley,-12.04182,-4.73216,0.8807517,-1.2486444,-2.0679145,2.1045132
ddc_dzo_00616,labeled,Thinley,-8.849613,-1.8506145,2.279763,-1.5950915,-2.2046447,1.6975976
ddc_dzo_09776,labeled,Thinley,-9.37554,-1.9525735,1.1477677,-1.0267488,-1.5857321,2.4280047
ddc_dzo_00613,labeled,Romeo,4.104893,-2.0495641,1.06064,13.403191,1.6723195,8.744483
ddc_dzo_00620,labeled,Romeo,1.3439873,-1.5191033,2.0472572,12.87576,-0.73244107,8.5053
ddc_dzo_00630,labeled,Romeo,3.9821143,-1.6649487,0.3734677,16.886576,1.5705725,6.2502527
ddc_dzo_00636,labeled,Romeo,3.4928918,-1.2216252,0.3143344,13.238847,-0.5679126,8.770652
ddc_dzo_00634,labeled,Thinley,-13.464078,-4.0612564,0.8272651,-0.94089216,-1.8558269,2.319161
ddc_dzo_00631,labeled,Thinley,-11.936448,-3.7760782,0.45030135,-1.0531628,-2.3453965,1.4030169
ddc_dzo_00645,labeled,Romeo,3.6088963,-1.7167366,1.1674749,12.892165,1.7266831,8.53805
ddc_dzo_00643,labeled,Namgay,-5.584671,2.2319095,-12.312959,2.8831377,7.3958616,16.842733
ddc_dzo_00628,labeled,Romeo,2.9697926,-2.5175097,-0.6184618,12.667636,-0.7877219,7.799981
ddc_dzo_00641,labeled,Thinley,-10.815945,-3.1831436,1.3690712,-1.3562878,-1.9112486,1.4505672
ddc_dzo_00651,labeled,Thinley,-13.151021,-4.0212455,0.08487081,-1.320978,-1.9658017,2.1704388
ddc_dzo_00648,labeled,Nima,-5.650941,2.078512,-1.5990545,9.287372,2.4537368,1.5034847
ddc_dzo_00640,labeled,Thinley,-11.51965,-3.7637146,0.8489649,-0.8948888,-2.1906753,1.9172626
ddc_dzo_00646,labeled,Romeo,3.5985131,-1.5452976,-0.46419016,13.860126,1.0644753,9.777991
ddc_dzo_00639,labeled,Romeo,2.628639,-1.778956,0.6287908,16.488232,1.8198476,5.0484953
ddc_dzo_00633,labeled,Romeo,2.317033,-0.8928496,2.6024442,13.071198,-0.78395283,8.450843
ddc_dzo_01073,labeled,Romeo,3.1261337,-0.11685553,0.743399,16.503578,1.1163702,4.4852266
ddc_dzo_00660,labeled,Romeo,3.6372018,1.2014142,1.1365091,15.222266,-1.0710241,5.2704034
ddc_dzo_00670,labeled,Romeo,1.4617245,0.9350028,-0.15130512,15.317101,-0.5001699,4.7414002
ddc_dzo_00658,labeled,Romeo,4.413514,-0.8929381,0.22790313,12.950326,-0.696217,8.175195
ddc_dzo_00653,labeled,Romeo,3.61837,-0.32024413,-0.78612125,12.815868,-0.7228054,7.944661
ddc_dzo_00657,labeled,Romeo,3.0471454,0.2239596,0.9475932,17.145088,1.933108,5.560865
ddc_dzo_00672,labeled,Romeo,4.189483,-1.5919296,0.8637104,15.9135275,1.5391668,5.730796
ddc_dzo_00669,labeled,Romeo,1.945203,-0.11662295,1.0638363,17.032757,1.1574953,5.1258216
ddc_dzo_00662,labeled,Romeo,3.5691636,-0.90290016,0.3395176,12.479844,1.5030873,9.053388
ddc_dzo_00673,labeled,Romeo,3.2117007,-1.9213644,1.0819873,12.840861,0.004757433,8.545802
ddc_dzo_00671,labeled,Romeo,4.59512,-0.39831337,0.14746228,17.09327,0.7647827,4.6987214
ddc_dzo_00667,labeled,Dorji,-3.8652697,11.364048,1.735273,6.760869,15.294441,2.6366925
ddc_dzo_00654,labeled,Romeo,4.6420665,-1.1573424,1.682523,13.685253,1.8884597,7.8179436
ddc_dzo_00656,labeled,Romeo,1.4082184,-0.29326057,1.700049,14.303628,0.12412976,10.931703
ddc_dzo_09749,labeled,Romeo,2.8486876,-1.5821058,0.64991647,15.325565,-0.872076,5.9962616
ddc_dzo_08070,labeled,Romeo,2.5860078,-0.98373824,-1.1417632,13.556402,-0.77901995,8.530118
ddc_dzo_00682,labeled,Romeo,3.1591177,-0.6027681,0.24864829,12.989067,1.7805283,9.118126
ddc_dzo_00683,labeled,Romeo,4.637847,-0.016980791,0.27980635,13.350882,2.038723,8.800632
ddc_dzo_00701,labeled,Romeo,3.1025958,-0.8835536,-0.85804397,16.876892,0.92910874,5.2880163
ddc_dzo_00691,labeled,Romeo,5.1222243,-1.4378533,0.4856486,13.192533,1.7948055,8.241201
ddc_dzo_00697,labeled,Romeo,3.4461553,-1.8498403,1.338928,13.527362,1.9668603,8.093
ddc_dzo_00686,labeled,Romeo,4.769792,-1.4763128,-0.2946858,12.884329,2.072187,7.824526
ddc_dzo_00681,labeled,Romeo,3.9010384,-2.070316,0.4783982,16.853735,1.8067545,5.575004
ddc_dzo_00687,labeled,Dorji,-3.693456,11.86157,1.6320738,6.8164525,15.335776,2.522888
ddc_dzo_00693,labeled,Thinley,-12.41843,-3.7453349,1.5818186,-0.9778855,-1.9198077,1.9369577
ddc_dzo_00699,labeled,Romeo,2.6965754,-1.8878723,1.3873516,13.306283,1.7122326,8.8928385
ddc_dzo_00689,labeled,Romeo,2.533715,-2.40053,0.52222204,17.073763,1.3485501,5.2645135
ddc_dzo_00679,labeled,Romeo,2.8598812,-0.86415905,0.78828984,14.138873,0.05374937,10.670287
ddc_dzo_00698,labeled,Romeo,2.2626886,-1.2905707,1.3928918,13.241144,-0.87204254,8.37474
ddc_dzo_03481,labeled,Romeo,1.7738557,-1.9013355,-0.1884892,17.386787,0.96160454,5.737266
ddc_dzo_00708,labeled,Romeo,3.0974445,-1.2528793,-0.8099205,12.416057,1.8054538,8.123134
ddc_dzo_00712,labeled,Romeo,3.5782065,-1.2720947,0.7343627,13.81281,1.3225209,7.9880996
ddc_dzo_00726,labeled,Romeo,2.683316,-0.959077,0.9837103,17.04367,1.2210948,5.4616866
ddc_dzo_00710,labeled,Romeo,3.9107187,2.1440544,-0.3227447,12.97726,1.6289794,8.991488
ddc_dzo_00722,labeled,Romeo,1.747459,-1.2681332,0.46589687,14.097718,0.07391221,10.598639
ddc_dzo_00718,labeled,Namgay,-2.6695585,4.860713,-11.566707,2.9981766,7.323045,16.886797
ddc_dzo_00716,labeled,Romeo,3.35595,-1.8739891,0.88359183,12.731128,1.7290181,9.044314
ddc_dzo_00723,labeled,Romeo,3.7304857,-1.13869,-0.37683338,12.70527,1.4104681,9.143045
ddc_dzo_04477,labeled,Dorji,-4.0921025,11.353695,3.522249,6.93981,15.462775,2.5724733
ddc_dzo_00707,labeled,Romeo,2.1424935,-1.3896533,-0.2693703,13.476046,1.8676187,9.185429
ddc_dzo_00729,labeled,Romeo,3.0578885,-1.4673657,0.8677376,13.594611,2.2372227,7.886112
ddc_dzo_00704,labeled,Romeo,4.505065,-0.8187342,-1.149601,16.712238,1.1084557,4.8166575
ddc_dzo_00719,labeled,Romeo,3.9188232,-1.2901653,0.56961054,15.36684,0.9765736,5.85898
ddc_dzo_00055,labeled,Romeo,3.6235077,-1.0595396,-0.28734988,17.08788,1.2137622,5.907885
ddc_dzo_02390,labeled,Romeo,3.464493,-0.21929505,0.78846556,17.37789,0.82405275,5.65961
ddc_dzo_00744,labeled,Romeo,2.0241973,-0.41470602,0.6237548,17.407526,1.0421814,5.522365
ddc_dzo_00733,labeled,Romeo,3.3348467,-0.25846782,0.9382028,12.67392,-0.58730716,9.327877
ddc_dzo_00742,labeled,Romeo,4.311089,0.19599591,0.2279653,12.977755,1.8088801,8.551515
ddc_dzo_00746,labeled,Romeo,4.1250997,0.064872146,0.049482353,13.345559,2.05058,8.416381
ddc_dzo_00753,labeled,Romeo,3.8480558,-1.062981,-0.37187698,15.308023,-0.44281137,5.411641
ddc_dzo_00754,labeled,Romeo,2.678301,0.09569365,0.5321066,15.698788,-0.6852796,4.706287
ddc_dzo_00738,labeled,Romeo,3.2110074,-0.059607983,0.6608104,15.625265,-0.7445364,5.3335853
ddc_dzo_00748,labeled,Romeo,3.3357747,-1.0687711,0.4756161,15.775604,-0.794875,4.7723327
ddc_dzo_00752,labeled,Romeo,3.8213203,-1.6687771,0.1738209,15.886494,1.7977495,5.691101
ddc_dzo_00745,labeled,Romeo,1.4244684,-1.2967668,-1.656258,15.982201,1.8000774,5.012877
ddc_dzo_00734,labeled,Romeo,3.4763603,0.076746546,1.2865616,13.2588005,-0.4926999,8.574736
ddc_dzo_00739,labeled,Romeo,3.176019,-0.569981,0.6860794,13.234372,-0.91133183,8.601651
ddc_dzo_07741,labeled,Romeo,1.8885883,-0.93202865,0.3056992,17.404463,0.97283405,5.5588145
ddc_dzo_00758,labeled,Romeo,0.45958146,-1.5819207,-0.9513846,14.380852,0.16062185,11.040055
ddc_dzo_00780,labeled,Romeo,4.1437607,-2.3160162,0.84188986,12.667247,1.5995625,8.865062
ddc_dzo_00773,labeled,Namgay,-3.5189297,3.738578,-9.696698,-3.8355176,12.3719225,5.9312596
ddc_dzo_00767,labeled,Romeo,4.3530746,-2.2719812,0.8355373,13.75237,1.2874764,9.491198
ddc_dzo_00778,labeled,Romeo,0.5521509,0.23924485,1.1174045,16.583254,1.0602126,4.485691
ddc_dzo_00763,labeled,Thinley,-11.175866,-3.621855,1.4651535,-1.393926,-2.3047147,1.2797468
ddc_dzo_00782,labeled,Romeo,2.0977147,-0.88717055,2.5149875,16.439287,1.0168374,4.4539614
ddc_dzo_00769,labeled,Romeo,3.6153095,-1.0383123,0.7317539,13.431443,1.8403393,8.232059
ddc_dzo_00771,labeled,Romeo,2.9393153,-1.8001496,0.112178415,15.995285,-0.56173664,4.945998
ddc_dzo_00764,labeled,Thinley,-7.542337,-2.2233627,1.5829601,-1.0683702,-1.9805759,2.5671427
ddc_dzo_00766,labeled,Romeo,1.4830166,-2.3612761,0.13635428,17.24474,1.1413518,5.6699843
ddc_dzo_00781,labeled,Romeo,1.4763579,-0.7695844,-0.16660447,14.214632,0.029823035,10.777479
ddc_dzo_02148,labeled,Romeo,3.2465901,-0.9828858,0.54392964,17.337584,1.0255996,5.5547676
ddc_dzo_04736,labeled,Thinley,-10.0056305,-4.6377625,0.29155132,-0.35647392,-2.1600554,2.4977493
ddc_dzo_08275,labeled,Romeo,1.8377509,-1.2702876,-0.23726696,16.005451,-0.6756308,4.549262
ddc_dzo_09954,labeled,Thinley,-12.264768,-3.5479426,1.2445074,-0.49047437,-1.7590408,2.0916412
ddc_dzo_04811,labeled,Thinley,-8.663553,-2.011032,-2.9910386,-1.1020828,-1.43504,2.1057003
ddc_dzo_00790,labeled,Romeo,3.8902187,-2.1932886,-0.2596793,12.951616,2.2773507,8.533678
ddc_dzo_00792,labeled,Romeo,4.227828,-2.2391376,0.8171825,17.027042,1.2881954,5.5335155
ddc_dzo_00804,labeled,Romeo,3.5381303,-1.3057091,0.43626073,16.636967,0.96264523,5.068019
ddc_dzo_00785,labeled,Romeo,4.2156973,-1.0594565,1.2554212,13.228216,1.3565283,8.307222
ddc_dzo_00802,labeled,Romeo,3.321048,-1.6478945,1.1532931,13.587399,1.609251,7.933741
ddc_dzo_00800,labeled,Dorji,-1.8789073,8.366678,0.15812558,6.815561,15.518409,1.8375568
ddc_dzo_00788,labeled,Nima,-1.4541885,-2.0675411,-3.2365503,9.304256,2.4633567,1.5422422
ddc_dzo_08161,labeled,Romeo,2.9603226,-1.5540259,-0.7208876,17.298231,0.9729351,5.5398226
ddc_dzo_00835,labeled,Romeo,2.8450003,-1.391104,-0.094632894,13.894423,-0.013484482,10.240829
ddc_dzo_00811,labeled,Romeo,3.069256,-1.1900065,0.8903097,13.239389,1.8315779,9.02562
ddc_dzo_00826,labeled,Romeo,3.9423995,0.5726032,0.056684338,12.980146,2.395634,8.7312155
ddc_dzo_00834,labeled,Dorji,-2.3773189,9.468875,1.736536,6.8958535,15.381853,2.2039876
ddc_dzo_00820,labeled,Thinley,-12.29142,-4.90716,0.12238265,-1.1863333,-2.2707083,1.7219547
ddc_dzo_00815,labeled,Romeo,3.4711094,-1.4753406,-0.10266738,16.693136,1.2830247,5.1095295
ddc_dzo_00829,labeled,Thinley,-12.410545,-3.3299031,1.0702581,-1.0892521,-1.8595043,2.590852
ddc_dzo_00825,labeled,Romeo,2.9587789,-0.93866163,0.70546293,15.893473,1.8397146,6.336775
ddc_dzo_00821,labeled,Romeo,3.9536033,0.3060901,-1.3992659,14.144457,0.48710406,10.494051
ddc_dzo_00836,labeled,Romeo,3.179205,-1.0616045,-0.35534284,16.283684,0.91366404,4.706258
ddc_dzo_00819,labeled,Romeo,4.7605615,-0.5434994,-0.6270448,16.806757,0.84743524,4.774398
ddc_dzo_00814,labeled,Romeo,3.0292346,-0.40651348,-0.7848074,13.036769,0.12905346,8.255171
ddc_dzo_09534,labeled,Romeo,3.1382928,-1.364677,0.5271674,17.16956,1.4190826,5.9949737
ddc_dzo_00862,labeled,Romeo,1.1869607,-0.007323436,0.45057008,15.092336,-0.70481944,5.129928
ddc_dzo_00847,labeled,Romeo,3.7931247,-1.323708,0.80795866,15.910296,-0.47154558,4.7330146
ddc_dzo_00838,labeled,Romeo,2.6473618,-0.5859346,-1.024053,16.4456,1.2229608,6.428372
ddc_dzo_00854,labeled,Dorji,-4.512109,12.334848,1.6926727,6.8798585,15.148949,2.51125
ddc_dzo_00845,labeled,Romeo,5.080748,-0.03831071,0.4067546,13.520686,1.7530049,8.88165
ddc_dzo_00849,labeled,Romeo,3.7736716,-0.36311027,0.38365504,12.727008,2.1891522,8.393913
ddc_dzo_00860,labeled,Romeo,3.2037659,-0.57111996,1.3555279,13.212815,-0.6387989,7.613574
ddc_dzo_00848,labeled,Romeo,2.0228393,-2.35662,-0.6107463,16.041107,-0.45788538,5.0097895
ddc_dzo_00855,labeled,Romeo,3.7170117,-1.5982873,-0.021242555,13.503238,1.4587586,8.3308
ddc_dzo_00861,labeled,Dorji,-4.334885,11.077086,0.18903632,6.955173,15.528603,1.9836427
ddc_dzo_00841,labeled,Romeo,3.676698,-1.0235984,-0.13205384,16.49817,1.1280174,6.1460376
ddc_dzo_00852,labeled,Romeo,3.2000847,-2.769676,0.5832477,15.864448,1.5861948,5.765789
ddc_dzo_01318,labeled,Romeo,3.450032,-1.0910722,0.6016382,16.60099,1.7585703,6.2257614
ddc_dzo_00881,labeled,Romeo,2.501482,-1.2762368,0.00089534215,17.003662,0.987246,4.8034797
ddc_dzo_00971,labeled,Romeo,3.7837095,0.23873869,0.73182577,16.375908,1.6414077,5.026465
ddc_dzo_00883,labeled,Romeo,1.8958453,-0.35039544,1.1736574,12.710621,-0.5199078,9.412682
ddc_dzo_00876,labeled,Romeo,2.4574494,-1.7004025,1.4400499,15.869057,-0.6842375,4.80738
ddc_dzo_00873,labeled,Namgay,-1.7971387,0.7791855,-10.916591,3.5477333,6.41966,17.393726
ddc_dzo_00886,labeled,Romeo,1.8629996,0.09551136,0.13774477,12.637929,-0.8018807,7.842911
ddc_dzo_00871,labeled,Thinley,-12.011381,-3.5783532,1.4583253,-1.2761556,-2.2723927,1.6158723
ddc_dzo_00874,labeled,Dorji,-1.7147005,9.8351555,1.9796597,6.6351433,15.376671,2.0202076
ddc_dzo_00887,labeled,Romeo,3.2902129,-0.19450699,-0.65787244,12.985185,2.3520033,7.91751
ddc_dzo_00884,labeled,Romeo,2.3437977,-0.74272305,-0.06800326,13.163608,-0.8318545,8.616584
ddc_dzo_00877,labeled,Romeo,3.722311,0.008442799,0.37723947,17.382824,1.3649467,5.6891046
ddc_dzo_00864,labeled,Thinley,-12.368096,-1.9750772,1.1917671,-0.65434146,-1.7548465,1.755888
ddc_dzo_09186,labeled,Namgay,-0.73126453,1.0343829,-5.3898463,14.234576,-0.004243445,13.028522
ddc_dzo_00885,labeled,Romeo,2.7067454,-2.0239878,-1.0392338,12.784471,1.3099889,8.200692
ddc_dzo_00882,labeled,Romeo,1.0502312,0.5215221,0.9465933,13.381386,-0.5338105,8.130828
ddc_dzo_04365,labeled,Romeo,3.7579708,-2.2191577,0.48075098,17.047277,1.3217231,5.975308
ddc_dzo_00891,labeled,Thinley,-10.937195,-2.107204,1.6022199,-0.54324645,-1.9376339,1.5145234
ddc_dzo_00897,labeled,Romeo,2.79116,-1.2782794,0.013448752,15.959616,-0.24514394,5.0608473
ddc_dzo_00905,labeled,Thinley,-11.061682,-2.7957928,0.7497082,-1.2623922,-1.5815126,2.1083572
ddc_dzo_00915,labeled,Romeo,3.2844799,-1.8218696,0.29423428,13.181209,-0.8648848,8.58426
ddc_dzo_00898,labeled,Thinley,-9.352206,-3.5147471,0.6220697,-1.1879125,-1.7188779,2.2131336
ddc_dzo_00907,labeled,Thinley,-10.5435705,-3.8763955,1.0311526,-0.31857687,-1.8464438,2.497283
ddc_dzo_00912,labeled,Dorji,-4.4702744,10.869704,0.33300605,6.7165203,15.398016,2.6769238
ddc_dzo_00914,labeled,Thinley,-11.046119,-4.8154545,1.6273472,-1.4172975,-2.2542567,1.5829409
ddc_dzo_00913,labeled,Romeo,3.437528,-0.31397125,0.07639537,13.562727,2.371626,7.77957
ddc_dzo_00904,labeled,Romeo,3.7996702,-0.19113113,0.13343397,16.992302,1.8952218,5.216242
ddc_dzo_00939,labeled,Romeo,4.284864,-1.2985142,-0.13393246,16.432728,1.2625985,4.8793793
ddc_dzo_00937,labeled,Romeo,1.9720104,0.5575189,0.33901238,15.574044,-0.96300185,5.5173745
ddc_dzo_00925,labeled,Romeo,2.711851,-1.1336902,-0.024762167,15.456607,-0.76607716,4.7882996
ddc_dzo_09478,labeled,Thinley,-10.660879,-1.824105,1.3045629,-0.7879424,-1.7438055,1.915719
ddc_dzo_00922,labeled,Romeo,3.7796545,-1.7022176,-0.93522227,12.913746,-0.5219152,9.049309
ddc_dzo_00923,labeled,Thinley,-11.492469,-3.202644,1.07571,-0.8064631,-1.8775296,1.6003131
ddc_dzo_00921,labeled,Romeo,3.179975,-1.1748782,0.4501817,12.68728,-0.6570574,8.022876
ddc_dzo_00933,labeled,Romeo,3.0182874,-2.2018752,0.934865,15.850922,-0.2870222,4.8027954
ddc_dzo_00941,labeled,Romeo,2.5475614,-1.8316236,-0.6460916,12.690756,1.64869,8.102287
ddc_dzo_00917,labeled,Dorji,-3.2981064,11.32967,1.7560111,6.8263803,15.963141,2.0279562
ddc_dzo_00926,labeled,Thinley,-11.582776,-3.6922894,1.0010147,-1.3168651,-2.1815593,1.2910066
ddc_dzo_05473,labeled,Thinley,-9.413008,-2.4738405,0.25869104,-0.6430625,-1.7910789,2.4429922
ddc_dzo_05147,labeled,Thinley,-11.085262,-2.0910642,0.34812483,-1.2169033,-1.5985383,2.152422
ddc_dzo_00929,labeled,Romeo,2.3615263,-0.077744916,0.12809132,13.314121,-0.5037266,8.164731
ddc_dzo_00934,labeled,Romeo,3.7146087,-0.9259518,-0.3499703,13.0948,-0.3769665,8.1944685
ddc_dzo_00950,labeled,Romeo,3.273136,0.15647626,-0.48931056,17.39078,1.0732054,5.5731716
ddc_dzo_00959,labeled,Dorji,-3.1346095,11.890798,2.4653704,6.921331,15.206708,2.58847
ddc_dzo_09747,labeled,Romeo,3.979282,-1.6545205,-0.45614606,15.355072,-0.87958753,5.935536
ddc_dzo_00944,labeled,Romeo,4.214238,-1.9466356,-0.15309325,13.145116,-0.10380223,7.705656
ddc_dzo_00946,labeled,Romeo,3.4841163,-2.3234103,1.502378,16.165337,1.2398928,5.7215157
ddc_dzo_00967,labeled,Romeo,2.3921251,-0.1448467,-1.2706221,17.149096,0.85273385,4.7460017
ddc_dzo_00956,labeled,Romeo,2.233737,-0.49230072,0.5520068,12.745731,1.9347385,8.869142
ddc_dzo_00965,labeled,Namgay,-2.9048333,3.1889102,-11.626644,3.5472896,6.4111824,17.401018
ddc_dzo_00943,labeled,Romeo,3.4615402,-1.0714415,0.6490263,12.942976,2.3026419,7.8932886
ddc_dzo_00960,labeled,Dorji,-3.0297234,11.584231,2.1386108,6.7934723,15.738772,2.2317715
ddc_dzo_00949,labeled,Romeo,2.3171623,-1.6454241,1.1093528,16.69064,1.1428264,5.68173
ddc_dzo_00963,labeled,Romeo,2.5849829,0.11227661,0.8078371,15.494097,1.853623,6.022256
ddc_dzo_00495,labeled,Romeo,2.8372896,-0.7525146,0.5362805,16.856653,1.2134367,5.5827928
ddc_dzo_00995,labeled,Romeo,2.0300746,-0.6865221,-0.40801015,15.914234,-0.7481906,4.58334
ddc_dzo_01521,labeled,Romeo,4.265483,-0.7666523,1.1059469,12.804311,-0.64557797,8.650008
ddc_dzo_00981,labeled,Thinley,-9.728211,-3.7901516,1.6405301,-0.5533354,-2.212893,1.6108392
ddc_dzo_00984,labeled,Romeo,3.2735195,-1.6066893,0.7940448,13.019726,1.675238,7.886631
ddc_dzo_00990,labeled,Namgay,-3.2152019,2.879804,-6.512917,4.0200396,8.105015,9.293155
ddc_dzo_00979,labeled,Romeo,3.312638,-0.7582516,0.512122,13.01939,2.3154929,8.196682
ddc_dzo_00994,labeled,Romeo,3.1863923,-0.5374061,1.3101326,16.908752,1.0140435,5.1224475
ddc_dzo_00993,labeled,Thinley,-11.695519,-3.8096297,2.7825997,-1.2290356,-2.361845,1.7444886
ddc_dzo_00977,labeled,Romeo,3.4665267,-0.7382277,0.42570278,12.8147135,-0.39858472,8.266158
ddc_dzo_00980,labeled,Romeo,3.5322695,-1.0798905,-0.90060586,15.213703,-0.39959064,4.960154
ddc_dzo_00976,labeled,Thinley,-11.115097,-3.4325564,1.3464987,-1.2364866,-1.7653619,2.5145996
ddc_dzo_00982,labeled,Thinley,-11.939866,-4.2728224,1.4554693,-1.0202003,-2.021232,2.3835053
ddc_dzo_00986,labeled,Romeo,3.48926,-1.5866306,0.78777945,14.013726,0.7213605,10.123373
ddc_dzo_00992,labeled,Romeo,2.645195,-1.5748621,0.8514984,13.242319,0.47461367,8.38125
ddc_dzo_03553,labeled,Romeo,3.4343345,-1.2495102,0.22141421,17.371506,0.9326755,4.8082247
ddc_dzo_01030,labeled,Romeo,3.1281543,-1.2848164,0.5936114,17.51686,0.9649815,5.524181
ddc_dzo_01022,labeled,Romeo,3.8185086,-0.97932935,-0.37768584,13.439454,1.1808376,8.522194
ddc_dzo_00999,labeled,Romeo,3.9129794,-1.0557952,-0.013019994,12.890454,-0.5463124,9.13173
ddc_dzo_05719,labeled,Romeo,3.8221033,-2.22103,1.1219641,15.552222,-0.6788522,5.248437
ddc_dzo_01033,labeled,Thinley,-9.357205,-1.7410544,1.3522165,-0.67577887,-1.7118616,2.5227485
ddc_dzo_01018,labeled,Romeo,2.4225605,0.094233766,0.2714372,12.936815,2.3609447,8.326778
ddc_dzo_01031,labeled,Dorji,-3.5954137,10.572084,-1.2813079,6.731598,15.005684,1.9814149
ddc_dzo_01007,labeled,Romeo,3.676712,-0.5838681,-0.15817046,16.712612,1.3283175,6.0838246
ddc_dzo_01025,labeled,Romeo,3.7437546,0.7877787,0.6062058,16.860762,0.7294908,4.928294
ddc_dzo_01002,labeled,Dorji,-3.2025461,10.821375,0.5731672,6.916023,15.646508,2.30714
ddc_dzo_01021,labeled,Thinley,-8.909026,-1.704287,0.5130176,-1.3483957,-1.7155769,1.9873447
ddc_dzo_01015,labeled,Dorji,-3.3949757,10.62537,3.2264764,7.0382447,15.378499,2.4698164
ddc_dzo_01001,labeled,Romeo,1.7235626,-0.41960067,1.6023098,16.509493,2.2661393,5.7155695
ddc_dzo_01020,labeled,Romeo,3.0132444,-0.7964483,-0.9023947,13.449459,2.4267914,7.8736124
ddc_dzo_01029,labeled,Romeo,3.9181507,-0.300157,1.1137025,13.590209,-0.6618768,8.244742
ddc_dzo_01013,labeled,Romeo,3.3617635,-2.7836177,-1.9132797,13.333707,0.2772457,8.127019
ddc_dzo_01039,labeled,Romeo,2.3047516,-1.7899113,-0.7318709,13.557956,1.4271944,8.339665
ddc_dzo_01050,labeled,Romeo,1.9628907,-1.6924126,1.2422916,15.54268,-0.97326547,5.3640738
ddc_dzo_01044,labeled,Romeo,3.6950216,-1.9370629,0.9794347,16.301252,1.0039258,5.5584354
ddc_dzo_01064,labeled,Romeo,3.9132874,-0.20059477,-0.076412395,14.049482,0.10302621,10.491162
ddc_dzo_09142,labeled,Thinley,-11.245362,-3.9015355,2.7812986,-1.2271745,-2.3504996,1.8794932
ddc_dzo_01046,labeled,Thinley,-10.265965,-1.4942662,0.46402612,-0.9708383,-1.5754763,2.112137
ddc_dzo_01042,labeled,Namgay,-1.3207716,4.983723,-13.357436,0.5677968,12.682691,6.0384474
ddc_dzo_01068,labeled,Thinley,-10.378539,-2.227708,0.24670798,-0.7216621,-1.896338,1.8450594
ddc_dzo_01059,labeled,Romeo,4.058427,-0.24241258,1.0683845,13.050957,2.093762,8.737879
ddc_dzo_01045,labeled,Romeo,2.581724,-1.2417789,-0.3874864,12.763176,1.5792111,8.333989
ddc_dzo_01058,labeled,Romeo,3.6442266,-2.0179431,0.04281135,14.24662,1.768652,8.087074
ddc_dzo_01072,labeled,Romeo,3.0458043,-1.1420847,-0.13128251,13.302167,-0.46600363,8.921331
ddc_dzo_01071,labeled,Romeo,3.7319293,-1.5920769,0.043764297,16.254204,1.3388476,6.3253794
ddc_dzo_01049,labeled,Romeo,3.3947105,-0.5720819,1.3754747,13.271987,-0.12889051,8.753559
ddc_dzo_01107,labeled,Romeo,3.2587657,-0.5693379,0.62034005,17.422773,1.0841395,5.6017556
ddc_dzo_00339,labeled,Dorji,-3.2420125,11.288498,1.8770682,6.7737126,15.713196,2.3769333
ddc_dzo_06303,labeled,Romeo,2.8115678,-0.99919844,0.9107145,17.155903,0.8415013,5.4084854
ddc_dzo_01097,labeled,Romeo,4.261148,-1.7242634,0.32168987,12.652162,1.9283557,7.93103
ddc_dzo_01082,labeled,Romeo,2.624186,-0.32897466,-0.09322498,14.112833,0.049078334,10.633529
ddc_dzo_01083,labeled,Romeo,1.8514646,-1.1247499,-0.1765476,12.939835,1.8639363,9.01121
ddc_dzo_01077,labeled,Romeo,4.475538,-0.91384757,0.012944021,12.89855,1.7229173,8.87009
ddc_dzo_01095,labeled,Romeo,3.32177,0.3838269,-0.77426505,15.617093,-0.50094277,4.658689
ddc_dzo_01103,labeled,Dorji,-2.5068352,12.357949,2.0275917,6.570676,15.162513,2.200742
ddc_dzo_01084,labeled,Romeo,3.6483495,-1.4978051,1.289948,16.892588,0.9702325,5.809435
ddc_dzo_01078,labeled,Dorji,-3.953827,11.875238,0.35438007,6.7922,15.143448,2.7040124
ddc_dzo_01093,labeled,Dorji,-4.9996576,12.548321,2.8186386,6.749144,15.354289,2.693333
ddc_dzo_01100,labeled,Romeo,3.179879,2.613078,-0.44292066,16.913248,1.3783394,4.9376173
ddc_dzo_01090,labeled,Romeo,4.5834928,-1.0430925,0.40129638,15.677078,1.8555269,5.7645283
ddc_dzo_01129,labeled,Romeo,4.4545918,-0.7324646,0.22226723,16.75672,1.0170538,4.9846663
ddc_dzo_01139,labeled,Romeo,4.5560703,-0.11613828,-0.31409794,15.152764,-0.9256808,6.0745707
ddc_dzo_01132,labeled,Romeo,3.2947083,0.37762755,-0.29754052,15.199825,-0.6639406,4.9204283
ddc_dzo_01110,labeled,Romeo,4.639593,-0.33904195,-1.2787641,15.946453,-0.55530477,4.548287
ddc_dzo_01522,labeled,Namgay,-3.1466587,2.269414,-9.216923,2.6794116,7.430399,16.737276
ddc_dzo_01126,labeled,Namgay,-1.7224962,1.6352866,-11.841284,3.506201,6.4573817,17.344664
ddc_dzo_01138,labeled,Romeo,1.3857838,-0.46584323,-0.8099032,17.100977,0.94354093,5.3480244
ddc_dzo_01133,labeled,Thinley,-10.444604,-3.4947014,1.5512903,-1.2611568,-2.154569,1.2580308
ddc_dzo_01130,labeled,Thinley,-12.141402,-3.1763575,0.5680924,-1.2411711,-1.8360535,1.9457766
ddc_dzo_01125,labeled,Romeo,3.7451785,-2.8731694,-1.281649,16.930458,1.6682765,6.177177
ddc_dzo_01108,labeled,Thinley,-11.397109,-3.6522431,2.555529,-1.2080622,-2.1342695,2.1148388
ddc_dzo_01122,labeled,Thinley,-10.965895,-2.617033,1.7355821,-0.40336645,-2.0155554,2.5124528
ddc_dzo_01118,labeled,Dorji,-4.6616426,12.058038,2.7258933,6.8580585,15.834687,2.546217
ddc_dzo_01113,labeled,Romeo,2.9403038,-0.6318285,0.6258992,13.486458,2.4066842,7.836016
ddc_dzo_01121,labeled,Romeo,2.142779,-0.15018798,-0.74059784,13.459712,-0.65241355,8.68074
ddc_dzo_01134,labeled,Romeo,2.602327,-0.8534966,0.18212864,12.947223,-0.11177067,8.322295
ddc_dzo_01112,labeled,Romeo,3.5635467,-0.79848206,0.71687084,12.940916,-0.047911666,8.504215
ddc_dzo_01165,labeled,Romeo,2.1375074,-1.9862217,-0.29282477,17.12942,0.9077074,4.878673
ddc_dzo_01155,labeled,Romeo,2.9869597,-1.3209249,0.7567669,16.906998,1.3383504,5.1623554
ddc_dzo_03896,labeled,Dorji,-3.2477977,10.71651,2.1484058,6.695559,14.828383,2.3720968
ddc_dzo_03647,labeled,Romeo,3.1741967,-0.9632757,1.1330161,16.734282,0.97746086,5.7285175
ddc_dzo_01140,labeled,Romeo,3.761744,-0.9242827,1.3451805,13.347328,0.15013199,8.764977
ddc_dzo_01593,labeled,Romeo,1.0144618,0.8181363,0.907282,13.033594,-0.5588274,7.928489
ddc_dzo_01154,labeled,Romeo,4.5293984,-1.2596556,-0.33849683,12.566636,1.5494585,8.253123
ddc_dzo_01145,labeled,Romeo,2.6006842,-0.5775933,0.9746913,15.633603,-0.54892004,4.848038
ddc_dzo_01152,labeled,Romeo,4.0101995,-1.55693,0.6547549,17.156183,1.7366054,5.9794145
ddc_dzo_01162,labeled,Namgay,-3.958672,0.28710932,-11.260344,0.56638575,11.758776,6.306862
ddc_dzo_01142,labeled,Romeo,3.2739992,-1.0453155,0.9835759,12.546064,1.66412,8.126324
ddc_dzo_01163,labeled,Dorji,-3.303793,11.46179,1.9667461,6.7766843,15.029962,2.4862113
ddc_dzo_01156,labeled,Romeo,2.0296447,-0.5072121,0.7240077,14.14775,1.5064089,8.08276
ddc_dzo_01166,labeled,Romeo,3.8886445,-1.3857728,1.9024926,13.03685,1.8037765,8.883199
ddc_dzo_01168,labeled,Romeo,2.452237,-0.5869181,-3.349948,14.397757,0.1925808,11.037985
ddc_dzo_01164,labeled,Romeo,4.428349,-0.53967357,1.0122412,16.149927,1.8887055,6.049652
ddc_dzo_01149,labeled,Romeo,3.5285375,-0.41302598,-0.6894689,13.165231,-0.38482708,8.666743
ddc_dzo_01172,labeled,Romeo,3.1749303,-1.2088568,1.4628614,16.459776,1.6089592,4.9231563
ddc_dzo_05435,labeled,Romeo,3.824271,-0.24395901,0.73684263,15.412088,-0.72865784,4.530845
ddc_dzo_01203,labeled,Thinley,-10.39775,-1.0354114,0.33539212,-0.95447296,-2.3304875,2.1354003
ddc_dzo_01193,labeled,Romeo,4.866028,-1.8409117,-0.6277533,12.809314,1.5935398,8.688531
ddc_dzo_01196,labeled,Romeo,2.8289611,-0.25838202,0.43092373,13.173756,-0.57044107,9.102492
ddc_dzo_01195,labeled,Romeo,3.4518669,-1.5510914,0.25637215,15.212548,-0.44405487,5.5553823
ddc_dzo_06052,labeled,Thinley,-11.250645,-3.679691,0.017620845,-1.0905589,-1.5674118,2.431624
ddc_dzo_01182,labeled,Romeo,3.815681,0.4081687,0.8828251,12.571792,1.4908177,8.862563
ddc_dzo_01184,labeled,Romeo,2.4089727,-0.5808434,-0.2767739,12.717725,2.130739,7.830817
ddc_dzo_01178,labeled,Romeo,2.9103968,-1.9391319,0.14440238,13.09081,-0.62943673,7.812079
ddc_dzo_01185,labeled,Thinley,-10.871504,-1.1582794,-1.4915367,-1.3709717,-1.7843438,1.4025754
ddc_dzo_01176,labeled,Romeo,3.9736083,-0.8906784,1.2703053,16.452599,1.6777116,5.294874
ddc_dzo_01191,labeled,Romeo,2.2615943,-0.49863586,-0.23565297,15.212565,-0.6316271,5.47058
ddc_dzo_04620,labeled,Namgay,-0.29874733,4.060896,-12.253075,0.5673856,12.733414,6.0565515
ddc_dzo_08986,labeled,Thinley,-9.107705,-3.2403352,0.293329,-1.1159225,-1.6589758,1.6912361
ddc_dzo_01183,labeled,Thinley,-10.9544735,-3.2185454,-1.6591718,-1.1236951,-1.4845622,2.435748
ddc_dzo_01204,labeled,Romeo,2.8312783,-2.4407809,-0.14310691,13.457561,1.4823847,9.25237
ddc_dzo_01179,labeled,Romeo,4.257124,-0.95798296,0.3435146,13.557762,1.6747386,9.339496
ddc_dzo_01180,labeled,Romeo,3.6736593,-2.5624948,0.6433448,14.125691,0.46380776,10.450065
ddc_dzo_01199,labeled,Romeo,2.3608415,-0.53347194,0.5661792,17.455492,1.446614,5.72688
ddc_dzo_01205,labeled,Romeo,3.094228,-0.71425116,-0.8724208,15.523372,1.926889,5.9133973
ddc_dzo_01216,labeled,Romeo,2.05399,0.57383657,1.2722907,12.772178,-0.5621698,9.275793
ddc_dzo_01213,labeled,Romeo,4.160575,-1.4205512,0.5615747,15.429294,-0.73482776,5.320949
ddc_dzo_01242,labeled,Romeo,4.391934,0.019335864,0.6079119,16.59709,1.653724,4.8549323
ddc_dzo_01214,labeled,Romeo,2.8623438,-2.5083592,-1.0497189,13.2483015,1.7618392,8.917469
ddc_dzo_01225,labeled,Thinley,-10.047612,-3.1166747,0.867621,-1.6072912,-2.2305596,1.3166707
ddc_dzo_01222,labeled,Romeo,3.7598689,-1.2237602,-2.3147185,12.526103,1.4854426,8.824084
ddc_dzo_01215,labeled,Thinley,-12.098728,-2.9007452,2.2265496,-1.4004033,-1.7995855,1.8077253
ddc_dzo_01237,labeled,Romeo,4.1925335,-3.2527544,0.6590459,13.436728,1.4409114,8.4414
ddc_dzo_01220,labeled,Thinley,-11.202864,-4.248548,-0.4699476,-1.3604,-2.1224558,1.918875
ddc_dzo_01241,labeled,Thinley,-8.455791,-1.0889899,0.885218,-1.2280838,-1.6154056,2.311852
ddc_dzo_01238,labeled,Romeo,1.5434835,0.2134469,1.9021145,12.679971,2.0660977,7.824975
ddc_dzo_01219,labeled,Thinley,-12.927223,-3.1184626,1.321407,-0.7782397,-1.8972627,1.3885535
ddc_dzo_01236,labeled,Romeo,2.7037919,0.05995544,1.6006906,12.9761715,0.96257854,8.469836
ddc_dzo_01234,labeled,Romeo,3.0346594,-1.2323916,0.67934406,15.560605,1.8770884,5.9262395
ddc_dzo_01235,labeled,Romeo,3.9938552,-1.2474736,0.14912644,16.027502,1.8761379,6.238963
ddc_dzo_01224,labeled,Romeo,4.730292,-0.5874083,0.46678698,13.33295,2.0689178,8.522151
ddc_dzo_01239,labeled,Romeo,4.1358857,-0.6303006,0.81255996,13.336596,0.019075152,8.535077
ddc_dzo_01244,labeled,Romeo,1.7939907,-1.372103,0.91862845,13.258161,-0.25636834,8.073729
ddc_dzo_01264,labeled,Romeo,2.2096689,-1.0182208,-0.41115156,17.410316,1.1276205,5.4506803
ddc_dzo_01251,labeled,Dorji,-5.38185,8.097322,0.6070705,6.868283,15.140064,2.3216689
ddc_dzo_01261,labeled,Romeo,4.8584566,-1.5216265,0.14879243,16.573456,1.0725806,4.4695816
ddc_dzo_01248,labeled,Romeo,3.302055,-0.21817736,2.3624852,15.071297,-0.5478749,5.488771
ddc_dzo_01256,labeled,Romeo,1.4358846,-0.1481491,-0.25083843,15.908357,-0.59336966,4.5816193
ddc_dzo_01273,labeled,Romeo,3.8666344,-0.67663026,-0.783423,16.511343,1.4583528,6.3066807
ddc_dzo_01257,labeled,Romeo,2.8842235,-1.7927225,-0.31915027,12.834946,1.7527038,9.031748
ddc_dzo_01270,labeled,Romeo,3.0317981,-0.57147723,-0.8321631,12.315752,1.638076,8.470748
ddc_dzo_01249,labeled,Dorji,-5.4634986,6.8577156,1.0998921,6.932204,15.31843,2.1703973
ddc_dzo_01269,labeled,Romeo,4.780682,0.3999114,0.15319815,16.488396,0.7362327,4.5855308
ddc_dzo_01278,labeled,Romeo,3.5684452,-0.060068797,-0.36040744,15.694571,-0.65187895,5.307975
ddc_dzo_01268,labeled,Romeo,3.3306007,-0.7088319,0.5519006,12.818868,1.9647523,8.842839
ddc_dzo_01253,labeled,Thinley,-9.262875,-1.522036,-0.9767406,-1.3120191,-1.8474276,0.90179914
ddc_dzo_01255,labeled,Dorji,-5.267119,8.41352,2.173134,6.80238,15.401116,1.9280587
ddc_dzo_01263,labeled,Romeo,2.6337287,-2.2288342,0.01614263,12.599947,2.0295148,7.8665867
ddc_dzo_01266,labeled,Dorji,-3.044224,9.505965,0.848691,6.8441143,15.957678,2.4473705
ddc_dzo_01276,labeled,Romeo,4.3335195,-0.31942457,-0.78186506,13.496651,1.5886946,9.3057995
ddc_dzo_01250,labeled,Romeo,3.9029,-0.6586572,0.16111365,13.582792,-0.43911985,8.026743
ddc_dzo_01283,labeled,Romeo,4.0673065,-0.23684135,-0.7985612,17.452606,0.9933555,5.511243
ddc_dzo_01307,labeled,Romeo,3.418309,-0.77586097,-0.08652847,15.354181,-0.92530787,5.7797346
ddc_dzo_09644,labeled,Thinley,-10.870059,-1.6693578,2.159001,-1.2155958,-1.5541381,1.9112434
ddc_dzo_01280,labeled,Dorji,-3.3220308,10.476893,1.7820557,6.80244,15.973909,2.3207655
ddc_dzo_03404,labeled,Namgay,-0.59273034,3.6506584,-9.02086,-3.7855673,12.322192,5.981042
ddc_dzo_04425,labeled,Thinley,-12.440681,-3.0117671,-1.0187634,-1.0667684,-1.8196535,2.2458892
ddc_dzo_09240,labeled,Dorji,-4.3035965,9.747048,1.6840819,6.752991,14.914821,2.6103036
ddc_dzo_01301,labeled,Romeo,3.6245742,-1.1013087,0.12349915,12.992474,-0.21010743,8.911181
ddc_dzo_01302,labeled,Romeo,1.1813549,0.9457854,0.55820453,17.237312,0.66809237,5.042873
ddc_dzo_01293,labeled,Romeo,2.4577599,-1.3252325,0.66564435,17.429302,0.91723806,5.253574
ddc_dzo_01298,labeled,Dorji,-2.8336031,11.636148,1.4963309,6.793686,15.399507,1.8728421
ddc_dzo_01311,labeled,Romeo,3.4341493,-0.39523202,1.3594431,16.453438,1.4967396,6.0946145
ddc_dzo_01303,labeled,Dorji,-4.0701056,9.204733,0.9018114,6.561709,15.172176,2.3322027
ddc_dzo_01331,labeled,Romeo,4.8320117,-0.71375,2.2742982,17.651064,1.8655387,5.0520473
ddc_dzo_01338,labeled,Romeo,3.6461315,-1.8540522,0.5750587,13.075909,2.035348,7.8828588
ddc_dzo_01315,labeled,Dorji,-2.6271796,12.133865,2.079265,6.81257,15.378859,2.685772
ddc_dzo_01344,labeled,Romeo,4.9334655,-0.4874747,0.1930877,16.967463,1.0421463,4.812272
ddc_dzo_01314,labeled,Romeo,2.628737,-0.81810874,0.03554191,15.987142,-0.63818216,4.917921
ddc_dzo_01325,labeled,Namgay,-1.833075,4.397151,-11.123376,3.5383196,7.0534353,16.956627
ddc_dzo_01337,labeled,Romeo,4.3139963,-1.0469341,0.29824564,13.158804,1.4254143,8.211964
ddc_dzo_01319,labeled,Dorji,-3.5230103,11.576946,2.135315,6.7614374,15.384166,2.074087
ddc_dzo_01346,labeled,Romeo,3.9248197,-0.6446103,1.3729613,12.76088,1.892195,8.403259
ddc_dzo_01330,labeled,Romeo,2.746241,-0.44438064,0.67527795,12.876254,-0.6225702,7.871137
ddc_dzo_01321,labeled,Romeo,1.483207,2.7952545,-1.4961952,13.2996025,-0.4704153,8.818279
ddc_dzo_01320,labeled,Thinley,-7.5746045,-3.378384,0.76034254,-1.0155582,-1.7447582,2.2020476
ddc_dzo_01327,labeled,Thinley,-11.603309,-3.7894597,1.6897042,-0.67978716,-2.1621563,2.2679958
ddc_dzo_01340,labeled,Dorji,-3.4042592,10.606842,0.4028809,6.9668813,15.525836,1.9511623
ddc_dzo_01317,labeled,Romeo,3.8351269,-1.2734474,0.6177237,13.292911,1.3896024,8.859066
ddc_dzo_01339,labeled,Romeo,3.9154093,-0.87146515,-0.017815907,17.06752,1.9398893,5.658122
ddc_dzo_01313,labeled,Romeo,3.1595068,-1.2679281,1.414581,17.300161,1.8029087,5.49815
ddc_dzo_01323,labeled,Romeo,3.2816925,-2.369519,0.9082521,16.00514,-0.6223977,4.781975
ddc_dzo_01369,labeled,Romeo,3.0377238,-2.2140486,-0.0019703927,16.674095,1.2881122,6.04474
ddc_dzo_01370,labeled,Dorji,-2.1580184,10.5257225,0.8720942,7.0372415,15.512977,2.6398952
ddc_dzo_01356,labeled,Romeo,3.5159574,-1.04028,1.330995,15.080226,-0.56652534,5.3384624
ddc_dzo_01366,labeled,Romeo,3.9564443,-1.6854085,-0.19203961,13.35839,1.8723496,8.862277
ddc_dzo_01359,labeled,Thinley,-11.239477,-3.553422,1.0556151,-0.72668326,-1.8332545,2.3519857
ddc_dzo_01354,labeled,Romeo,3.4240785,-1.8707583,-0.13964964,13.417488,1.787778,8.646169
ddc_dzo_01350,labeled,Romeo,2.8895504,-0.7023182,1.4652418,15.714523,2.0135183,5.8978496
ddc_dzo_01361,labeled,Thinley,-12.129672,0.40775752,0.09546826,-1.5221152,-1.8709468,1.2450615
ddc_dzo_01360,labeled,Dorji,-3.5574305,10.709681,1.0254302,6.7984304,16.125095,2.010104
ddc_dzo_01352,labeled,Nima,-0.74303377,0.91242766,-4.872304,9.268501,2.4372225,1.5090258
ddc_dzo_01379,labeled,Thinley,-7.965209,-3.7210965,0.63045526,-0.6174716,-2.1198015,2.4989178
ddc_dzo_01376,labeled,Romeo,4.0560684,-1.1890426,0.12746283,17.061264,1.4992553,5.90149
ddc_dzo_01351,labeled,Dorji,-3.4306264,13.363062,1.6555512,6.7262883,15.171805,2.3276489
ddc_dzo_01364,labeled,Romeo,2.7566452,-1.1974354,0.5765392,16.384794,2.058564,5.5367327
ddc_dzo_01365,labeled,Romeo,4.916582,-1.0517265,0.49443245,13.448402,0.10850914,8.238962
ddc_dzo_00386,labeled,Dorji,-4.129867,11.869819,2.813454,6.5114026,15.106433,2.466377
ddc_dzo_01413,labeled,Romeo,2.9537477,0.32592064,-0.2019128,12.741719,-0.17445865,9.31946
ddc_dzo_01386,labeled,Thinley,-12.160631,-3.9415195,-0.025247864,-0.39362174,-1.8273408,2.3330147
ddc_dzo_01408,labeled,Thinley,-11.7440815,-1.1066766,1.0932872,-1.1703961,-1.6138688,2.2188692
ddc_dzo_01415,labeled,Romeo,2.959327,-1.2641997,-0.2125189,12.795514,-0.41619977,9.180555
ddc_dzo_01384,labeled,Thinley,-10.592513,-3.2621732,2.6883512,-1.203779,-1.8562806,1.2611165
ddc_dzo_01394,labeled,Romeo,1.9000562,-1.7260596,0.8588964,17.329458,0.64510095,5.555859
ddc_dzo_01414,labeled,Romeo,3.8837996,0.20831539,0.3287577,17.289246,0.8294273,4.9121914
ddc_dzo_01391,labeled,Romeo,2.0922723,-0.9355813,1.5158484,13.077703,-0.92805475,7.914913
ddc_dzo_01407,labeled,Romeo,1.3173695,0.4305209,-1.7415488,12.72056,-0.808236,8.065862
ddc_dzo_01410,labeled,Romeo,4.630506,-1.1235737,0.4694364,16.823057,1.3133035,6.195656
ddc_dzo_01404,labeled,Romeo,1.2109547,1.248897,-1.0928719,15.560192,1.8453826,5.5128517
ddc_dzo_01390,labeled,Romeo,4.0439186,-1.7486968,0.8020494,16.906063,1.5216812,5.9489236
ddc_dzo_01405,labeled,Romeo,3.928348,-1.2099663,0.53337127,12.638317,0.31268466,8.553679
ddc_dzo_02209,labeled,Dorji,-2.409961,11.135172,1.4719026,6.5758286,15.1548605,2.2605762
ddc_dzo_01430,labeled,Romeo,2.9525874,-0.5786752,-0.07028056,12.644997,1.5053154,9.013513
ddc_dzo_01424,labeled,Romeo,4.520228,-1.2174647,0.49166504,14.0677595,0.122636765,10.517061
ddc_dzo_01425,labeled,Thinley,-10.636876,-2.5150661,0.6375907,-0.31001237,-1.7724134,2.1982121
ddc_dzo_01418,labeled,Thinley,-12.606914,-1.2849936,1.4257939,-1.3408184,-2.177888,1.3887002
ddc_dzo_01428,labeled,Romeo,-0.82423884,-0.6304095,-3.0399942,14.561906,0.24013804,11.5380945
ddc_dzo_01420,labeled,Thinley,-10.853845,-4.070563,0.18487231,-0.9053188,-2.2013988,1.4165608
ddc_dzo_01433,labeled,Romeo,3.803285,-1.7391258,0.014738418,13.029586,2.271562,8.750842
ddc_dzo_01443,labeled,Romeo,3.0436752,0.68711114,1.3479799,17.393957,1.405338,5.4517593
ddc_dzo_01450,labeled,Romeo,1.8383267,-0.9387597,-0.11289873,13.412521,1.8338256,9.304509
ddc_dzo_01421,labeled,Romeo,2.9501,1.1052315,0.30673394,17.063526,1.4197139,4.7891884
ddc_dzo_01429,labeled,Romeo,2.4898415,-0.96337825,-0.6046614,13.558313,-0.4317555,8.204574
ddc_dzo_01437,labeled,Romeo,4.1933475,-0.5375912,-0.6076721,13.524556,2.0752392,7.984087
ddc_dzo_01440,labeled,Romeo,3.46754,-1.4492669,0.46764088,17.05179,1.4539744,5.9187584
ddc_dzo_01457,labeled,Dorji,-2.3595529,11.110916,1.1683075,6.9060416,15.539135,2.3621116
ddc_dzo_01460,labeled,Romeo,3.3568676,-0.3915956,-0.09859887,17.379145,0.93100125,5.755327
ddc_dzo_09130,labeled,Thinley,-9.331625,-1.5156233,1.7985102,-0.65716445,-2.0074606,2.5100315
ddc_dzo_01482,labeled,Romeo,1.6590248,-1.309333,-0.27739936,12.648563,-0.6246025,8.551084
ddc_dzo_07183,labeled,Thinley,-8.232995,-2.3372817,-2.2096252,-0.8832748,-1.6302,2.1149213
ddc_dzo_01467,labeled,Romeo,3.1908069,-0.64102846,0.70616955,12.784237,1.8864248,8.920589
ddc_dzo_01476,labeled,Romeo,2.7409523,-1.0936507,-0.1323961,12.679084,2.0226202,8.639444
ddc_dzo_01484,labeled,Namgay,-3.67431,1.6070397,-11.271799,3.5665019,6.493929,17.31157
ddc_dzo_01478,labeled,Thinley,-9.897429,-2.117054,0.71514666,-1.4949454,-1.6769254,1.4404129
ddc_dzo_01455,labeled,Romeo,3.3185413,-2.786889,-0.07341321,13.320412,-0.63496965,8.114092
ddc_dzo_01472,labeled,Romeo,3.8791785,0.7519078,0.3936985,15.289955,-0.3524757,4.9424453
ddc_dzo_01454,labeled,Romeo,3.5664032,-1.0681405,-0.33775055,17.034332,1.2291898,5.9806066
ddc_dzo_01485,labeled,Dorji,-3.6448445,11.364767,2.430408,6.8043113,15.8531275,2.4640589
ddc_dzo_01466,labeled,Romeo,1.7659371,-1.691586,-0.29099265,13.197949,0.9346463,8.935359
ddc_dzo_01477,labeled,Romeo,3.983191,-0.92953277,0.7122217,16.20896,1.4897391,5.7586765
ddc_dzo_01469,labeled,Romeo,2.0210965,-0.6543298,0.95117354,12.928275,0.26550335,8.637603
ddc_dzo_02903,labeled,Dorji,-4.523649,11.100634,2.5927982,6.730901,15.190189,2.141137
ddc_dzo_02239,labeled,Romeo,2.1147244,-0.29699475,1.1534824,17.3756,0.9477455,5.281093
ddc_dzo_01506,labeled,Romeo,4.125594,-1.8122127,-0.9480916,13.687598,1.0199814,8.985665
ddc_dzo_01488,labeled,Romeo,0.59733635,-0.78158164,-1.0886443,14.438089,0.20996548,11.105831
ddc_dzo_01509,labeled,Romeo,3.2458365,-1.1275853,0.5109165,15.219327,-0.72137666,5.1186037
ddc_dzo_01512,labeled,Romeo,3.2209067,-0.20048563,-0.12691192,17.475962,1.2621061,5.2333
ddc_dzo_01492,labeled,Romeo,2.9620135,0.13060623,0.84199953,13.173064,2.3675792,8.293551
ddc_dzo_01511,labeled,Namgay,-1.5352556,1.3787112,-12.682169,3.519003,6.4770956,17.328415
ddc_dzo_01496,labeled,Romeo,3.3176882,0.16913621,0.09145608,12.67527,-0.78459316,7.795017
ddc_dzo_01503,labeled,Dorji,-3.2575433,9.407915,2.2735162,6.8568635,16.045448,2.087466
ddc_dzo_01495,labeled,Romeo,2.5653296,-1.6302338,0.2619692,12.999826,-0.69120324,8.629943
ddc_dzo_01486,labeled,Thinley,-11.282814,-2.8346667,2.1425433,-0.92314416,-1.7198832,2.0492702
ddc_dzo_01519,labeled,Romeo,4.4194365,-2.083888,0.7118985,13.478105,1.3349766,9.120528
ddc_dzo_01510,labeled,Romeo,4.053573,-0.39203337,1.3062936,15.590334,1.8316622,5.5191526
ddc_dzo_01515,labeled,Romeo,4.399114,-0.7958545,1.097601,15.572674,1.7582603,5.4893084
ddc_dzo_01487,labeled,Romeo,2.712138,-1.1508613,0.49212563,15.674701,-0.59114724,5.016641
ddc_dzo_01516,labeled,Romeo,3.3175104,-1.5912364,0.54715645,13.139311,-0.29279906,8.334934
ddc_dzo_01524,labeled,Romeo,3.4789965,-1.6739861,-0.2883823,16.929522,1.1671884,4.701113
ddc_dzo_01548,labeled,Romeo,1.933926,-1.851423,0.17134231,15.773283,-0.6335837,5.2819185
ddc_dzo_01550,labeled,Romeo,3.2593217,-0.61677074,-0.16220143,17.649712,1.279282,5.509475
ddc_dzo_01547,labeled,Romeo,3.2550483,-1.5664096,-0.16665933,13.384076,1.7704788,8.428488
ddc_dzo_01546,labeled,Romeo,3.4358566,-0.6625188,-1.0495502,13.214679,-0.9015135,8.306955
ddc_dzo_01549,labeled,Romeo,3.1024199,-0.45020407,-0.6597154,14.085095,0.13007379,10.53515
ddc_dzo_01526,labeled,Thinley,-10.054373,-1.3928134,1.0496378,-1.133593,-1.5137522,2.37317
ddc_dzo_01539,labeled,Thinley,-10.666415,-5.334279,0.7027445,-0.9203526,-1.6329687,2.2847183
ddc_dzo_01538,labeled,Romeo,3.893553,-1.8423774,0.85067654,12.818188,1.7356489,8.514403
ddc_dzo_01542,labeled,Romeo,3.309751,-0.3002558,0.2502018,16.72116,1.0680223,4.7291703
ddc_dzo_01543,labeled,Thinley,-12.88825,-5.0924797,1.0682812,-1.3680129,-2.2260928,1.7120388
ddc_dzo_01540,labeled,Romeo,3.6074305,-2.9181025,0.93741035,12.887749,2.3052897,7.8062606
ddc_dzo_01541,labeled,Thinley,-10.402426,-4.4765964,0.038231026,-1.1705211,-1.7065926,2.0377717
ddc_dzo_01556,labeled,Romeo,2.4787226,-0.67013633,-0.5308102,13.43907,2.2232988,8.451593
ddc_dzo_04074,labeled,Dorji,-2.678858,11.061999,1.1231326,6.533773,15.228654,2.2460852
ddc_dzo_02557,labeled,Romeo,3.407127,-1.4640393,-0.4899898,16.99159,0.888648,5.679848
ddc_dzo_01558,labeled,Romeo,3.2088633,-0.8286963,-0.67581135,13.646365,1.2185924,8.5812025
ddc_dzo_01592,labeled,Romeo,3.2077048,-1.8950738,-0.25040033,13.116826,-0.4921623,8.751674
ddc_dzo_01573,labeled,Namgay,-4.754794,4.132719,-11.799425,3.406541,7.1452475,16.932755
ddc_dzo_01562,labeled,Romeo,2.461024,-0.58310944,-0.4274723,12.998421,1.2134662,9.028697
ddc_dzo_01584,labeled,Romeo,3.3410177,0.07130331,-0.17646214,12.909526,1.4795316,9.163265
ddc_dzo_01559,labeled,Romeo,2.5240555,-0.87913185,-1.7238328,13.657232,1.8130877,8.026516
ddc_dzo_01586,labeled,Romeo,3.5997777,-0.34261745,-0.364593,13.338028,1.9783345,8.517873
ddc_dzo_01576,labeled,Dorji,-2.9935238,10.391583,1.537114,6.776484,16.141512,2.0015423
ddc_dzo_01566,labeled,Romeo,3.6109395,-1.2880574,2.1437812,17.48344,0.94718766,5.513851
ddc_dzo_01569,labeled,Thinley,-10.711275,-2.176915,0.20815329,-0.49918503,-1.9324214,1.6554881
ddc_dzo_01585,labeled,Romeo,2.5137753,-1.9379896,-0.23606223,16.715424,1.0515207,4.7103486
ddc_dzo_01561,labeled,Romeo,2.445391,0.010298334,-1.0031279,13.54691,-0.80202496,8.510547
ddc_dzo_01574,labeled,Romeo,3.6324549,-2.0001845,1.182043,14.230081,0.1592995,10.769021
ddc_dzo_01596,labeled,Romeo,4.2157955,-0.50802696,0.6838754,15.479888,-0.7890801,5.2160807
ddc_dzo_01595,labeled,Romeo,2.8703578,-1.8249913,1.0557692,13.352213,-0.54512674,8.398976
ddc_dzo_01600,labeled,Romeo,3.5356028,0.27845314,-1.8689864,16.93976,1.4816022,6.2845798
ddc_dzo_01609,labeled,Romeo,1.9402173,-1.228718,-0.36633655,17.189548,1.7326821,5.2353854
ddc_dzo_01624,labeled,Romeo,3.408677,1.1880873,-0.82042253,16.461376,1.6144909,4.721588
ddc_dzo_08214,labeled,Thinley,-10.309584,-3.0911937,0.5249848,-0.98318887,-1.4743967,1.9409397
ddc_dzo_05555,labeled,Thinley,-12.74662,-5.1237297,0.47678107,-1.0601094,-1.7934147,2.2765632
ddc_dzo_01604,labeled,Romeo,3.6193936,-0.4826239,0.7541988,12.941729,1.9238015,8.786448
ddc_dzo_01602,labeled,Dorji,-2.9534955,9.730316,-0.90776044,6.560056,15.045258,2.0508087
ddc_dzo_01610,labeled,Romeo,3.2101352,-2.7410142,0.34062102,16.780842,0.9693453,4.8191495
ddc_dzo_01628,labeled,Romeo,3.1105874,0.6698857,0.33771673,15.03893,-0.4681605,5.1936083
ddc_dzo_01626,labeled,Romeo,3.1602237,-2.4271166,1.2682023,17.246271,1.5902524,5.8075356
ddc_dzo_01599,labeled,Romeo,3.926073,-0.16705313,0.7104134,17.199942,1.1168829,5.5141125
ddc_dzo_01612,labeled,Romeo,2.4455984,-0.4696303,-0.35279098,13.716107,1.5388944,8.926679
ddc_dzo_01594,labeled,Romeo,3.7795491,-0.5871123,0.5882946,17.40414,1.123266,4.975857
ddc_dzo_01611,labeled,Romeo,1.9556738,-2.0111914,0.34818703,15.620835,-0.4802684,4.93369
ddc_dzo_01629,labeled,Romeo,3.5408826,-0.31403357,2.4287279,17.265457,1.6155833,4.8994927
ddc_dzo_01638,labeled,Romeo,3.4142087,-0.8807487,-0.1503842,17.345406,1.1626917,5.2107077
ddc_dzo_01630,labeled,Romeo,3.4183395,-0.15037501,-0.034546364,13.249965,2.2275949,8.716926
ddc_dzo_01632,labeled,Romeo,0.14703383,1.539839,-3.129826,14.576252,0.24139975,11.5741005
ddc_dzo_01659,labeled,Romeo,3.1164699,-1.0549148,-0.32474464,13.510622,2.3445203,7.7983003
ddc_dzo_01640,labeled,Romeo,1.8792888,-1.3006535,1.182867,13.481925,2.1969771,7.715694
ddc_dzo_01635,labeled,Romeo,3.1079416,-0.5266422,0.35343993,13.177581,-0.23904544,8.40808
ddc_dzo_01639,labeled,Romeo,3.622533,-0.35294992,0.0054239393,16.569376,0.9565332,4.888509
ddc_dzo_01644,labeled,Romeo,2.882793,0.91869617,-0.5374712,13.312515,0.6403958,8.315842
ddc_dzo_01636,labeled,Romeo,4.610228,-0.49667403,0.07191468,12.689246,-0.7925349,7.861585
ddc_dzo_01633,labeled,Romeo,4.4498463,-3.071663,0.24826571,13.251403,-0.65046513,7.8678823
ddc_dzo_01663,labeled,Romeo,1.1483939,-0.42916343,0.029911455,15.240939,-0.4143554,4.9067826
ddc_dzo_01643,labeled,Dorji,-4.3527794,6.9855285,-0.12948741,6.702689,15.367979,2.4573925
ddc_dzo_01654,labeled,Dorji,-3.4527543,9.463249,1.0581323,7.035629,15.52429,2.271504
ddc_dzo_01649,labeled,Romeo,3.9671352,-0.23280412,-0.22090259,16.72262,1.2758192,5.640342
ddc_dzo_01650,labeled,Romeo,1.5859522,0.16347854,-0.06520123,16.736326,1.0036696,4.881111
ddc_dzo_01681,labeled,Romeo,2.5150096,-1.613068,0.73804474,17.406725,1.0329387,5.584894
ddc_dzo_07775,labeled,Dorji,-3.058566,11.10118,1.3123386,6.6608005,15.3375225,2.690018
ddc_dzo_01668,labeled,Romeo,3.547404,-1.0196044,0.8208194,17.563202,1.0369408,5.505085
ddc_dzo_00324,labeled,Romeo,2.6802905,-1.0389465,0.64820373,15.323555,-0.8586006,5.7951264
ddc_dzo_01680,labeled,Romeo,3.9768202,-1.345302,1.3092805,15.699557,-0.7461547,4.712451
ddc_dzo_01676,labeled,Dorji,-4.9015,11.762342,1.9991981,6.679627,14.937774,2.236125
ddc_dzo_01678,labeled,Romeo,2.461356,-1.2296339,0.2815011,15.978133,-0.24288298,4.60185
ddc_dzo_01692,labeled,Romeo,2.8913298,-1.4719281,0.92104644,12.605084,1.7508303,7.9736285
ddc_dzo_01679,labeled,Romeo,3.453156,0.13552819,-0.38353753,13.257426,-0.34619892,9.150258
ddc_dzo_01691,labeled,Romeo,4.219647,0.20710972,0.4105509,13.372152,2.1708274,8.828087
ddc_dzo_01690,labeled,Romeo,4.169556,-2.1600487,-0.35982016,13.009743,-0.69463664,8.984702
ddc_dzo_01671,labeled,Thinley,-10.955273,-2.144924,-0.4656099,-1.1276737,-1.3589625,2.1146545
ddc_dzo_01664,labeled,Romeo,2.8196027,-0.8624091,-0.95881987,12.83475,1.411535,9.254913
ddc_dzo_01673,labeled,Romeo,2.214322,-1.4176272,-2.4150624,14.568907,0.24138385,11.545725
ddc_dzo_01684,labeled,Thinley,-10.275313,-1.6840014,1.9158678,-0.38208017,-1.8997759,2.098052
ddc_dzo_01699,labeled,Romeo,1.6976279,-1.9702444,0.9458082,13.892596,1.8272576,8.638634
ddc_dzo_01666,labeled,Romeo,4.569032,-0.62079567,0.9232117,15.720707,1.888406,6.246115
ddc_dzo_01665,labeled,Romeo,3.4931204,-0.59531343,-0.21404643,13.547765,-0.5726629,8.33691
ddc_dzo_01674,labeled,Romeo,1.4389368,-0.31186643,-0.09697562,14.168835,0.04352304,10.711919
ddc_dzo_01704,labeled,Romeo,2.665189,-2.1456826,0.34554532,17.247753,1.0602545,5.2458615
ddc_dzo_01701,labeled,Romeo,3.938826,-1.8138542,1.2689645,13.124347,1.8967924,7.6495857
ddc_dzo_05768,labeled,Romeo,3.0138547,-3.1964252,0.6059975,15.294735,-0.85852057,5.9864435
ddc_dzo_01717,labeled,Romeo,2.4349227,-1.6852928,-0.17780413,17.296017,1.4655575,5.332874
ddc_dzo_01725,labeled,Romeo,3.222892,-0.71633404,0.29819924,15.408661,-0.07592617,5.915548
ddc_dzo_01730,labeled,Romeo,4.1651735,-0.5684266,-0.15843482,17.356049,1.1578239,5.122483
ddc_dzo_01718,labeled,Romeo,2.8256373,0.18456897,0.3539529,12.811686,1.4785976,9.327592
ddc_dzo_01708,labeled,Romeo,4.514277,-0.67185473,1.6281308,16.26387,0.9344682,6.3649592
ddc_dzo_01702,labeled,Thinley,-10.045193,-4.37852,0.20406477,-1.6328214,-2.2062964,1.3098787
ddc_dzo_01700,labeled,Thinley,-12.289554,-2.1825273,1.2329682,-1.3444558,-2.3836331,1.7872137
ddc_dzo_01713,labeled,Thinley,-9.644499,-5.2670703,0.8315948,-0.9010804,-2.2521906,1.4837757
ddc_dzo_01723,labeled,Romeo,2.3438518,-1.338245,-1.0988309,16.75445,1.788211,5.1135483
ddc_dzo_01726,labeled,Thinley,-10.720709,-4.5721188,0.22424866,-0.4565014,-1.9733437,2.564402
ddc_dzo_01715,labeled,Romeo,4.0985527,-1.4644728,1.6810824,13.814255,1.7986209,8.366102
ddc_dzo_01706,labeled,Romeo,3.4179006,-0.464904,-0.71598905,17.62438,1.4825062,5.665767
ddc_dzo_01727,labeled,Romeo,2.5136716,-1.8171067,0.8673365,13.421211,-0.3409386,8.282995
ddc_dzo_01728,labeled,Romeo,2.4295073,-1.5928466,0.9009004,12.92091,-0.031127796,8.06609
ddc_dzo_01741,labeled,Romeo,3.1493685,-1.0616325,0.08478771,16.5824,1.1126096,4.579834
ddc_dzo_01758,labeled,Romeo,1.8349161,-0.13307926,1.4253196,17.001263,0.80845517,4.7832847
ddc_dzo_01744,labeled,Romeo,3.2536829,-0.5168049,-0.059129924,17.234358,1.7688252,5.3929195
ddc_dzo_01742,labeled,Namgay,-2.1883256,0.5499457,-11.980484,0.57189286,12.214709,5.845229
ddc_dzo_01745,labeled,Dorji,-2.946333,10.519107,2.9982555,6.826224,15.021822,2.407316
ddc_dzo_01743,labeled,Thinley,-12.723547,-2.7448704,1.984944,-1.0819978,-2.4251552,1.3737744
ddc_dzo_01752,labeled,Romeo,3.221171,-1.5616022,1.850145,13.325739,0.057795335,8.042483
ddc_dzo_01738,labeled,Thinley,-12.1315775,-2.7898767,1.6913693,-1.3145984,-1.8511158,1.9009224
ddc_dzo_01739,labeled,Romeo,1.932375,-1.2195394,0.056408785,17.093342,0.8427046,5.4673862
ddc_dzo_01766,labeled,Romeo,2.8911357,-2.0215857,0.20730728,12.7928,-0.5934527,7.805698
ddc_dzo_01747,labeled,Romeo,0.124492206,-1.1711116,0.82318217,12.714686,-0.7578594,7.7936206
ddc_dzo_01757,labeled,Dorji,-3.2556422,11.852851,2.82911,6.9097257,15.365286,2.021186
ddc_dzo_01754,labeled,Romeo,2.7835824,-0.15085503,1.4181218,16.803133,1.2788314,6.172393
ddc_dzo_01737,labeled,Romeo,3.259832,-1.2824999,0.6208145,12.777472,2.259563,7.8102264
ddc_dzo_01740,labeled,Romeo,1.7206765,2.554479,0.19645052,17.17557,0.81545186,4.859288
ddc_dzo_00928,labeled,Dorji,-2.597051,11.128184,2.1042442,6.837512,15.552461,2.081339
ddc_dzo_01784,labeled,Romeo,2.6525342,0.09126811,0.2624227,12.768151,-0.6133539,9.308927
ddc_dzo_01794,labeled,Romeo,2.9030921,-2.6572838,0.14148384,12.736263,-0.19206089,9.171318
ddc_dzo_01771,labeled,Romeo,4.1159024,-0.06829457,0.43302166,15.699715,-0.6355371,5.3317575
ddc_dzo_01796,labeled,Romeo,1.3341829,0.629789,-0.26643878,15.798158,-0.5171187,4.642062
ddc_dzo_01777,labeled,Romeo,2.9047315,-1.1878016,-0.26518092,17.120993,1.1241837,5.4820952
ddc_dzo_01786,labeled,Romeo,2.9121892,-0.67834806,-0.13588482,13.266045,2.1739993,8.874351
ddc_dzo_01801,labeled,Romeo,4.2455306,-0.19600594,-0.06017313,14.054984,0.06234106,10.502974
ddc_dzo_01802,labeled,Dorji,-3.4544497,11.225783,0.9948412,6.7140107,15.108852,1.8686782
ddc_dzo_01779,labeled,Romeo,2.1422775,0.3965961,1.3782641,16.491257,1.1085321,4.5275497
ddc_dzo_01782,labeled,Thinley,-11.295675,-3.7602296,-0.86651415,-1.4915828,-2.3804686,1.2470589
ddc_dzo_01790,labeled,Thinley,-11.299946,-0.90135837,-0.34031218,-1.0355511,-2.0412407,1.8257687
ddc_dzo_01798,labeled,Namgay,-3.036154,4.150201,-10.400517,3.5758297,7.0326,16.95892
ddc_dzo_04801,labeled,Thinley,-9.640177,-2.083566,0.6257527,-0.8847047,-1.5970162,2.3355243
ddc_dzo_08134,labeled,Dorji,-2.864813,10.009874,0.28515276,6.7641134,15.253457,2.7194843
ddc_dzo_01814,labeled,Romeo,3.2049336,0.1775818,1.3911457,12.673486,-0.43186662,9.410954
ddc_dzo_02842,labeled,Thinley,-12.83846,-3.7017362,2.2241929,-0.5618893,-2.0686142,2.5239766
ddc_dzo_08235,labeled,Namgay,-4.688215,0.7373975,-7.184163,0.5666647,11.754869,6.3098254
ddc_dzo_01827,labeled,Dorji,-5.3207297,10.522152,2.2748086,6.7201414,15.840388,2.1720462
ddc_dzo_01811,labeled,Thinley,-11.990179,-3.0824013,1.076022,-1.174184,-1.8881052,2.4654205
ddc_dzo_01817,labeled,Romeo,4.7238984,-1.0975493,1.5959051,16.793844,1.8319271,5.381591
ddc_dzo_01831,labeled,Romeo,3.0478148,-1.2115862,1.0899396,16.534624,1.914585,5.3232794
ddc_dzo_01822,labeled,Romeo,2.3657494,-1.6073935,0.5852063,13.251689,2.2273,8.7929735
ddc_dzo_01819,labeled,Romeo,5.2002254,-0.6174969,0.023224717,16.668375,0.8053573,5.0309196
ddc_dzo_01804,labeled,Thinley,-12.172492,-3.3440351,1.544076,-1.4853516,-2.34146,1.4922229
ddc_dzo_01828,labeled,Romeo,3.913786,-1.0838817,0.26111278,17.293242,1.7947694,5.7758236
ddc_dzo_01809,labeled,Romeo,4.0314617,-0.8067828,0.36412498,16.830805,1.3168199,5.7696443
ddc_dzo_01807,labeled,Romeo,0.8991839,-1.5620203,1.2871253,14.102512,0.16569789,10.546973
ddc_dzo_01825,labeled,Romeo,2.9016178,-0.8906606,0.4673339,13.496285,-0.30883926,8.21747
ddc_dzo_01803,labeled,Romeo,3.1153429,-1.115038,1.2673159,13.378065,-0.7132986,8.642848
ddc_dzo_01590,labeled,Dorji,-2.564378,10.851197,1.1080896,6.6885285,15.310369,2.5092201
ddc_dzo_05084,labeled,Romeo,3.1829503,-2.915484,0.069287874,13.822667,-0.10175059,10.051245
ddc_dzo_01852,labeled,Romeo,3.6228223,-0.81830925,0.6369022,13.351211,-0.8416703,7.9037843
ddc_dzo_01858,labeled,Romeo,3.4298904,-0.8002575,0.66837543,16.256245,0.6613417,5.4150105
ddc_dzo_01853,labeled,Romeo,3.033068,-0.4425009,-0.67293084,13.636666,1.6957171,8.347682
ddc_dzo_01866,labeled,Romeo,2.345477,-1.4573462,1.1377012,14.037373,0.031004986,10.478095
ddc_dzo_01860,labeled,Romeo,2.739999,0.057488557,0.7929012,12.559916,1.7999743,8.331824
ddc_dzo_01837,labeled,Romeo,2.8511434,-1.3683797,0.8151976,15.483404,-0.20482798,4.6284046
ddc_dzo_01839,labeled,Romeo,3.530071,-1.9988054,1.0253482,16.222155,-0.32237864,4.98332
ddc_dzo_01848,labeled,Romeo,3.8631556,-0.7163751,0.5909076,13.431311,1.2436125,8.488269
ddc_dzo_01842,labeled,Namgay,-4.0745106,0.865403,-5.9335985,4.018114,8.107046,9.294315
ddc_dzo_01855,labeled,Romeo,0.83848405,2.1130688,-1.784827,14.566945,0.23819692,11.551583
ddc_dzo_01856,labeled,Thinley,-10.988268,-1.9048257,1.2128704,-0.55221295,-1.8346505,1.6318406
ddc_dzo_01849,labeled,Romeo,3.986496,-1.140161,-1.0598476,16.78645,1.0227276,4.557284
ddc_dzo_01868,labeled,Romeo,4.080945,-0.6622814,-0.57027626,16.974518,1.4170927,4.974402
ddc_dzo_01896,labeled,Romeo,2.457455,-0.70701444,0.121226594,17.158924,0.74334025,4.964337
ddc_dzo_03928,labeled,Dorji,-2.0739105,7.842559,2.587104,6.991591,15.56362,2.4898012
ddc_dzo_01898,labeled,Romeo,3.423284,-0.3187287,0.2566993,17.044937,1.1654518,5.844149
ddc_dzo_01890,labeled,Romeo,3.2561023,-0.43585593,-0.35268435,12.663227,-0.44657162,9.44154
ddc_dzo_01902,labeled,Romeo,1.1603308,-0.56259626,-0.53145075,15.318787,-0.67362946,5.250933
ddc_dzo_01885,labeled,Romeo,3.4557154,-1.452152,0.44681713,13.36832,1.1335264,9.096274
ddc_dzo_01877,labeled,Romeo,2.0238674,-0.6906006,-0.87461597,14.254284,0.26843035,10.762856
ddc_dzo_01889,labeled,Romeo,1.3751631,1.4597952,0.3409425,13.802497,1.6498753,7.758488
ddc_dzo_01888,labeled,Romeo,3.179494,-1.7161564,1.2122947,12.743387,2.2386208,8.305416
ddc_dzo_01872,labeled,Romeo,3.472324,-0.42838418,0.761234,15.685975,-0.4038068,4.6591673
ddc_dzo_01884,labeled,Romeo,1.8055693,-0.22776642,-1.6854112,14.439455,0.21470211,11.091846
ddc_dzo_01882,labeled,Dorji,-2.9612882,10.012171,2.1171932,6.8160787,16.136332,1.9960383
ddc_dzo_01879,labeled,Thinley,-10.24358,-2.872931,0.8638387,-1.1401271,-2.1775477,1.7123573
ddc_dzo_01897,labeled,Romeo,3.480633,-1.0039777,1.4036438,12.767225,1.8936324,7.887096
ddc_dzo_01901,labeled,Romeo,3.2614026,-1.1681242,0.039031122,13.005244,2.3238678,7.761539
ddc_dzo_01886,labeled,Romeo,2.5563588,0.1716474,-0.33080596,16.473637,1.7229857,6.2219296
ddc_dzo_01893,labeled,Romeo,2.9928062,-0.48328638,1.718817,13.137654,-0.53885293,8.447284
ddc_dzo_01876,labeled,Romeo,3.127242,-1.9496633,1.5826515,13.4807005,-0.50721914,8.276795
ddc_dzo_03544,labeled,Dorji,-1.5447578,9.850801,1.503573,6.8926105,15.3624,2.1200612
ddc_dzo_01939,labeled,Romeo,2.5378036,0.828205,0.29910186,17.37922,1.1028785,5.116133
ddc_dzo_01907,labeled,Romeo,3.5580535,-0.3276483,-1.181187,13.243503,1.5613335,8.880774
ddc_dzo_01913,labeled,Romeo,2.5852013,0.55865,0.43985808,12.660854,1.45726,8.993566
ddc_dzo_01914,labeled,Romeo,-0.27041468,-2.5601287,-3.1342266,14.56404,0.23743829,11.561593
ddc_dzo_01923,labeled,Namgay,-1.7216617,2.2062464,-13.885965,0.5553873,12.212791,5.834672
ddc_dzo_01920,labeled,Romeo,3.9640305,-1.8203785,0.548276,12.983445,1.6577169,8.993725
ddc_dzo_01937,labeled,Romeo,4.869947,-0.4424995,0.36693937,17.044798,2.077401,5.5846314
ddc_dzo_01935,labeled,Romeo,3.9579766,-1.3750442,-0.11673508,15.88532,0.068025246,5.366372
ddc_dzo_01934,labeled,Romeo,3.0978053,-1.5194303,-0.98297894,15.724441,-0.506515,5.3250365
ddc_dzo_01906,labeled,Thinley,-10.047268,-2.8340418,-1.6015941,-1.3625063,-1.947728,2.3769665
ddc_dzo_01921,labeled,Romeo,3.4307158,-0.082459964,0.7458114,12.790178,2.2476208,7.821655
ddc_dzo_01908,labeled,Dorji,-3.9034245,12.274699,1.5916181,6.6017423,15.2980995,2.3019156
ddc_dzo_01919,labeled,Romeo,2.5640352,-1.52879,0.41519767,14.308874,0.1719425,10.888378
ddc_dzo_01915,labeled,Romeo,3.7170596,0.32133517,0.79541993,13.071404,-0.6405439,8.641751
ddc_dzo_04970,labeled,Dorji,-3.6259155,9.214918,1.4924794,6.692227,14.953334,2.0413966
ddc_dzo_01941,labeled,Romeo,3.1722002,-0.39579493,0.944057,12.742989,-0.037557486,8.099295
ddc_dzo_06279,labeled,Romeo,4.5991282,0.20411164,0.6223304,16.889872,0.9016644,5.6018777
ddc_dzo_01969,labeled,Romeo,3.3800387,0.7851035,1.7152116,15.06263,-0.57612705,5.404016
ddc_dzo_01966,labeled,Romeo,4.089702,-0.99408275,0.76146424,15.557086,-0.743007,4.762694
ddc_dzo_01971,labeled,Romeo,2.65196,-1.0979937,0.6427251,13.581006,1.938912,8.6243725
ddc_dzo_01942,labeled,Romeo,3.4787133,-1.2264264,0.18959992,13.480319,1.8600249,8.480463
ddc_dzo_01947,labeled,Romeo,3.2834835,-1.1344517,-1.0858513,13.246046,2.1545606,8.316043
ddc_dzo_01970,labeled,Romeo,4.0228353,-0.17215548,1.0999604,13.027081,2.1913056,8.517807
ddc_dzo_01973,labeled,Romeo,3.9027908,-0.705268,-0.31773615,15.450608,-0.57598364,5.5109167
ddc_dzo_01968,labeled,Dorji,-2.2417378,9.634246,-1.1613998,6.7936606,16.187939,1.9878104
ddc_dzo_01946,labeled,Romeo,4.0051107,0.14341052,-1.4492365,14.067578,0.051263873,10.595676
ddc_dzo_01972,labeled,Romeo,4.3346124,-1.2484839,-1.3188269,15.390921,-0.9056783,5.479483
ddc_dzo_01949,labeled,Romeo,3.2309542,0.13062285,1.1650435,13.882001,1.7481856,8.60575
ddc_dzo_01944,labeled,Romeo,3.5772998,-0.584019,0.29110795,13.563008,2.2316587,7.9561076
ddc_dzo_01948,labeled,Romeo,3.1610074,0.06386364,0.67484915,12.792173,-0.5330281,8.1235285
ddc_dzo_01964,labeled,Romeo,3.1795716,-1.9459379,1.0498447,13.362168,-0.3589884,8.156278
ddc_dzo_08471,labeled,Dorji,-2.4715385,8.518407,1.2316862,7.0502105,15.425976,2.4014845
ddc_dzo_01841,labeled,Romeo,3.4132812,-1.7302004,0.8818847,17.483131,0.87191665,5.4918113
ddc_dzo_01983,labeled,Thinley,-9.249117,-4.1687784,1.5293889,-0.8084386,-2.0445216,2.5034902
ddc_dzo_01975,labeled,Romeo,4.2475233,-0.7601435,-1.3155774,17.324873,1.4647669,5.5957904
ddc_dzo_02001,labeled,Romeo,3.2035542,-0.31000948,0.56579965,13.255012,-0.87795746,8.385895
ddc_dzo_02000,labeled,Romeo,2.2222717,-0.61322105,-0.005679668,12.678721,-0.40687189,8.541041
ddc_dzo_01990,labeled,Romeo,3.3305511,-2.0943277,0.72629744,16.698902,1.781296,5.8372917
ddc_dzo_01985,labeled,Romeo,1.4524318,-0.91466165,-0.84190613,15.433983,-0.42203206,4.511608
ddc_dzo_01980,labeled,Thinley,-12.5028715,-3.8022006,0.908497,-1.1383024,-2.2425811,1.1959416
ddc_dzo_01996,labeled,Dorji,-2.9202645,8.809644,0.5346455,6.9657493,15.548305,1.9240841
ddc_dzo_01979,labeled,Thinley,-10.602259,-4.2484956,-0.53641975,-0.4023913,-1.8832327,2.6132512
ddc_dzo_01981,labeled,Romeo,3.5206234,-1.6131742,-0.63346636,12.48432,1.4453799,8.566945
ddc_dzo_01998,labeled,Romeo,4.0240426,-1.8321795,0.9058452,13.101142,1.5805045,8.948254
ddc_dzo_01991,labeled,Romeo,3.431263,-1.2463769,0.5151227,13.760053,1.730748,7.7140794
ddc_dzo_02003,labeled,Romeo,4.37966,-0.77290857,-0.17893796,15.831659,1.8813149,5.63727
ddc_dzo_01987,labeled,Romeo,2.9904213,-0.5995213,0.7812181,13.947634,-0.52455556,7.141022
ddc_dzo_01686,labeled,Dorji,-3.0426745,11.405839,1.3638644,6.65864,15.246077,2.2229211
ddc_dzo_08044,labeled,Romeo,2.6345108,-1.403098,1.070748,17.188599,0.98874354,5.234027
ddc_dzo_02027,labeled,Romeo,1.451909,0.7930059,0.20407398,17.233282,0.7489901,4.9348283
ddc_dzo_02016,labeled,Romeo,3.2899263,-0.53265506,-0.25910497,15.731344,-0.62359494,5.2315845
ddc_dzo_02025,labeled,Romeo,5.069015,-1.7276509,0.9119792,13.349545,1.3048354,8.288095
ddc_dzo_02021,labeled,Romeo,2.5993896,-1.8084102,-0.028056297,12.690534,2.066492,7.94428
ddc_dzo_02011,labeled,Romeo,0.35216784,-0.49356866,1.0634482,15.351724,-0.05023772,4.463832
ddc_dzo_02029,labeled,Romeo,3.3840792,-1.073569,-0.03657912,14.059923,0.063955076,10.53221
ddc_dzo_02036,labeled,Dorji,-2.436019,9.387095,2.1774328,6.833995,15.189725,2.698482
ddc_dzo_02031,labeled,Romeo,2.974839,-1.0281557,0.9326779,13.99634,1.6208638,8.478351
ddc_dzo_02008,labeled,Romeo,3.2196276,-0.5611294,1.6744246,13.416382,1.9892968,9.182792
ddc_dzo_02033,labeled,Romeo,3.562331,-1.5123348,1.3897747,13.456029,1.7555423,8.490878
ddc_dzo_02024,labeled,Romeo,3.6086557,-0.5744278,1.2026275,13.322935,1.5478442,8.82489
ddc_dzo_02028,labeled,Romeo,3.870888,-0.108840436,-1.0351319,16.414824,1.4388431,4.5889063
ddc_dzo_02009,labeled,Romeo,2.0599952,0.6444822,0.6654736,15.559145,1.8252537,5.5462976
ddc_dzo_02022,labeled,Romeo,2.4910936,0.53223705,0.3216754,13.188418,-0.75084513,8.660734
ddc_dzo_02987,labeled,Dorji,-3.4694426,11.255846,1.0423144,6.7359304,15.277505,2.59665
ddc_dzo_02038,labeled,Romeo,4.959829,-0.66039157,0.3393124,16.982674,1.342155,5.676943
ddc_dzo_02064,labeled,Romeo,1.0404024,-0.47925556,-0.6901642,12.772725,1.1140839,8.839744
ddc_dzo_02067,labeled,Romeo,3.9985223,-1.5524856,-0.9525294,13.666226,1.5705713,9.271243
ddc_dzo_02062,labeled,Romeo,4.2110944,-2.0136945,-0.5947983,13.993904,0.00635064,10.42668
ddc_dzo_02058,labeled,Romeo,3.453494,-1.8888599,-0.021301657,15.461204,1.7597455,5.600173
ddc_dzo_02068,labeled,Romeo,4.464606,-0.25430602,0.79096454,13.405765,-0.3484872,8.493309
ddc_dzo_02061,labeled,Romeo,4.877847,-1.8515261,0.70764536,13.362477,0.016500344,8.213302
ddc_dzo_02053,labeled,Romeo,3.1564014,-0.2532664,0.2090701,13.385592,2.0536118,8.026544
ddc_dzo_02054,labeled,Romeo,2.1627855,-1.6318848,-0.7942906,12.7685,-0.90375453,8.338313
ddc_dzo_02056,labeled,Romeo,4.316989,-2.5673614,0.7696726,12.714682,-0.7679661,7.805279
ddc_dzo_02041,labeled,Romeo,2.140776,-1.699413,-1.1644697,15.549816,-0.2708915,4.925673
ddc_dzo_02065,labeled,Romeo,2.9625704,-1.4015197,-0.23621826,12.752308,1.5510274,8.200331
ddc_dzo_02046,labeled,Dorji,-4.0453663,7.2269197,0.43387124,6.969074,15.450118,1.9988204
ddc_dzo_02047,labeled,Romeo,3.980929,0.08230377,0.6912037,17.027636,1.8123739,5.10588
ddc_dzo_04617,labeled,Dorji,-2.8748007,9.33485,1.4921099,6.6838093,15.097028,2.299686
ddc_dzo_02083,labeled,Romeo,2.285331,-0.08225893,-0.16120876,13.229101,1.8299598,7.8090568
ddc_dzo_08439,labeled,Romeo,3.217194,-0.32199717,1.2513396,17.490152,0.92818975,5.4054813
ddc_dzo_02074,labeled,Thinley,-12.707928,-3.0305815,0.41555378,-1.1311829,-2.4192314,1.7145683
ddc_dzo_02099,labeled,Romeo,4.718382,0.3942603,-1.1871878,12.9798,0.0018445874,9.15002
ddc_dzo_02079,labeled,Romeo,1.2037042,-1.1987015,-0.14140172,13.114249,2.2366805,8.86551
ddc_dzo_02093,labeled,Romeo,3.8266754,0.9774706,-0.6824789,14.096135,0.4192094,10.423389
ddc_dzo_02089,labeled,Dorji,-4.6618924,10.708511,2.3707938,6.660627,15.143733,1.8656583
ddc_dzo_02087,labeled,Romeo,3.4753692,-1.6744889,-0.3714545,16.694752,1.1230948,5.7686105
ddc_dzo_02086,labeled,Romeo,2.0062697,0.29249614,0.25673673,13.185363,-0.85782766,8.18306
ddc_dzo_02096,labeled,Romeo,1.906991,-0.7778054,-1.2771032,12.540805,1.8591791,7.99247
ddc_dzo_02098,labeled,Thinley,-10.599601,-4.942469,1.3229176,-1.0655957,-2.1635435,2.245527
ddc_dzo_02071,labeled,Romeo,3.4873617,-0.33960864,0.76159596,17.154543,1.9026439,5.539782
ddc_dzo_02077,labeled,Romeo,4.3709497,-1.6030021,-0.0897027,15.971184,1.7411731,5.688544
ddc_dzo_02070,labeled,Romeo,3.9323385,-0.54230446,1.2778518,13.14214,-0.48601896,8.64896
ddc_dzo_02103,labeled,Romeo,3.147982,-0.7293416,0.7013711,16.581083,0.4989227,4.7268114
ddc_dzo_08196,labeled,Romeo,3.3812277,-0.8525479,-0.020239547,15.158877,-0.8950401,6.113099
ddc_dzo_02130,labeled,Romeo,2.6915421,-0.7230129,0.6707446,15.789175,-0.70998406,4.9268107
ddc_dzo_02109,labeled,Romeo,3.6865985,-1.7781954,1.2796819,13.128924,-0.61553997,7.8515887
ddc_dzo_02104,labeled,Romeo,2.8328137,-1.6474699,0.77497864,17.24361,1.0028065,4.916299
ddc_dzo_02131,labeled,Namgay,-2.2345772,4.2333565,-11.199163,3.0934963,7.300906,16.85056
ddc_dzo_02122,labeled,Romeo,3.238829,-1.5524197,1.3302819,13.306758,-0.8599277,8.821667
ddc_dzo_02114,labeled,Romeo,3.1689413,0.24012412,-0.11499816,12.803059,1.5038869,9.2041235
ddc_dzo_02120,labeled,Dorji,-3.9321134,9.512824,2.3535721,6.907682,15.318865,2.470161
ddc_dzo_02115,labeled,Thinley,-10.366788,-3.528513,0.6158395,-0.908631,-1.7597799,2.3553753
ddc_dzo_02102,labeled,Thinley,-9.825131,-4.3760004,0.12902799,-1.0856805,-2.0996866,2.3655596
ddc_dzo_02117,labeled,Romeo,3.6334014,0.10599343,1.1757327,13.420733,1.5979759,9.2248125
ddc_dzo_02118,labeled,Romeo,1.0349853,0.45757,-0.82808506,14.010751,0.7189742,10.106936
ddc_dzo_02124,labeled,Romeo,3.0782607,-1.5413308,0.9354857,17.090607,1.1113608,4.9502664
ddc_dzo_02106,labeled,Romeo,4.2551703,-0.69841397,-0.13264255,15.5755625,2.0550845,5.8824887
ddc_dzo_02121,labeled,Romeo,1.6771007,-0.13883172,0.87596816,13.390468,-0.6574672,8.406109
ddc_dzo_02108,labeled,Romeo,3.1241205,-0.3416265,0.22770713,13.595224,-0.56532866,8.396031
ddc_dzo_02123,labeled,Romeo,3.1348207,-1.3422238,-1.1736796,15.435808,-0.6095975,5.0216413
ddc_dzo_02154,labeled,Dorji,-3.2679996,9.86598,2.4252124,7.0561304,15.374048,2.2745245
ddc_dzo_02156,labeled,Romeo,2.9315143,-2.615843,0.9159184,17.605341,1.7848916,5.0311704
ddc_dzo_02161,labeled,Romeo,1.901731,-0.28085774,0.7105602,16.759483,0.8289169,4.9317145
ddc_dzo_02146,labeled,Romeo,2.9920979,-0.3906006,0.61275095,15.784941,-0.90220547,5.0569997
ddc_dzo_02142,labeled,Romeo,3.3753798,-0.19744685,0.41697025,13.13353,-0.39316797,9.036821
ddc_dzo_02155,labeled,Romeo,2.940371,-1.188607,-0.4269451,13.447066,1.0320191,8.378939
ddc_dzo_02136,labeled,Romeo,3.628639,-2.6562786,0.4575088,13.119117,-0.53988624,8.877252
ddc_dzo_02158,labeled,Romeo,2.8959658,-0.3650897,-0.020587888,15.381966,-0.29824343,4.7641582
ddc_dzo_02135,labeled,Romeo,2.8110132,-1.4885981,0.40117922,15.48257,-0.42397934,5.196492
ddc_dzo_02149,labeled,Romeo,3.2321641,-1.4597037,1.490957,16.642572,0.80820376,4.693523
ddc_dzo_02152,labeled,Thinley,-11.937879,-2.1808116,1.5207876,-0.5391272,-1.7332678,2.3580732
ddc_dzo_02134,labeled,Dorji,-2.2192123,12.235077,2.064725,6.807358,15.290028,2.5032127
ddc_dzo_02144,labeled,Dorji,-2.9801638,11.424196,1.9530655,6.900676,15.740147,2.456162
ddc_dzo_02162,labeled,Thinley,-10.756915,-3.33437,1.6308943,-0.80624664,-1.944965,1.5296558
ddc_dzo_02139,labeled,Romeo,3.5224576,-0.44971335,0.9658937,15.639342,1.9875441,5.8071413
ddc_dzo_02163,labeled,Romeo,2.8294773,-0.3713151,0.7524129,16.132858,-0.67680544,5.0329967
ddc_dzo_06278,labeled,Dorji,-3.429097,12.14657,1.7624776,6.9206877,15.153947,2.058387
ddc_dzo_02166,labeled,Romeo,3.156507,-0.350753,1.7667618,15.378137,-0.84421474,5.692026
ddc_dzo_02165,labeled,Romeo,2.9874153,-0.36544064,0.6828585,13.046512,-0.06651879,8.5079975
ddc_dzo_02186,labeled,Romeo,4.438511,-2.0492747,0.7062565,12.785399,1.6488639,8.884563
ddc_dzo_02188,labeled,Thinley,-11.642409,-4.019573,0.25088,-0.9726448,-1.6439886,2.4749753
ddc_dzo_02181,labeled,Romeo,3.825049,-1.124838,0.40220988,15.404436,-0.73345995,4.7990913
ddc_dzo_02182,labeled,Romeo,3.060334,-0.8348583,0.920032,12.6381035,1.6000443,8.90283
ddc_dzo_02172,labeled,Romeo,2.136371,-1.5536054,1.8063661,12.870499,-0.6432612,7.811625
ddc_dzo_02173,labeled,Romeo,2.7228634,-1.6690795,1.1223836,12.798818,-0.8363869,7.9102197
ddc_dzo_02169,labeled,Romeo,3.158758,-1.4810915,0.78074527,12.725906,-0.647195,7.90517
ddc_dzo_02191,labeled,Romeo,3.0406644,-1.8321029,0.73012215,16.143635,0.38371518,5.331858
ddc_dzo_02187,labeled,Romeo,2.8261738,-0.92197436,-1.1639549,12.869419,2.3461351,7.678214
ddc_dzo_02179,labeled,Romeo,3.7710028,0.15498134,0.73088855,13.2376,0.9829867,8.794471
ddc_dzo_02192,labeled,Romeo,2.7027214,0.32831874,0.6115807,17.380768,1.0779957,4.95042
ddc_dzo_02176,labeled,Romeo,3.4090757,-1.2273393,-0.024074111,16.568947,1.2789382,5.3948236
ddc_dzo_02201,labeled,Romeo,2.4162383,1.088635,1.0824354,16.189722,1.003224,5.6680255
ddc_dzo_02206,labeled,Romeo,3.9163427,0.67496777,0.028030116,16.030893,0.41855335,6.324884
ddc_dzo_02196,labeled,Romeo,4.863684,-2.699975,-0.70983315,15.889792,-0.4513885,4.9786654
ddc_dzo_02204,labeled,Romeo,3.8066196,-1.402351,0.35332078,16.948318,1.1034797,5.5186286
ddc_dzo_02202,labeled,Romeo,3.4750214,0.32089868,-0.790184,12.738857,1.4514649,9.136508
ddc_dzo_02195,labeled,Romeo,1.9444585,-0.2685626,-0.2599734,13.228016,1.3836569,8.516673
ddc_dzo_02213,labeled,Romeo,4.5045204,-0.38858724,-0.84058946,12.702414,-0.8162278,7.815963
ddc_dzo_02208,labeled,Romeo,3.041257,0.073698245,2.1484947,15.659079,-0.3347339,4.6583815
ddc_dzo_02694,labeled,Romeo,2.0009527,0.25068057,-0.56870466,12.79215,-0.3063592,9.258297
ddc_dzo_02203,labeled,Romeo,2.2253892,-1.8689914,0.23488985,17.328356,1.0544332,4.903572
ddc_dzo_02215,labeled,Romeo,4.157179,-1.1544479,1.2754613,13.493337,-0.5413239,8.327894
ddc_dzo_02200,labeled,Romeo,4.701355,-0.86685205,-0.32463434,17.124071,1.3820517,5.7253795
ddc_dzo_02219,labeled,Romeo,3.3767867,-0.376533,1.1646003,13.725687,-0.6446084,7.81349
ddc_dzo_07874,labeled,Dorji,-3.5554905,12.487479,1.1007347,6.910143,15.381496,1.9998963
ddc_dzo_02184,labeled,Romeo,3.2022355,-0.61801124,-0.013382358,16.83943,0.9619852,5.4392433
ddc_dzo_02236,labeled,Romeo,2.82448,-0.20192276,0.04601364,12.900079,-0.61946756,9.178706
ddc_dzo_02247,labeled,Thinley,-12.416272,-3.8350258,-0.06805449,-0.5940759,-2.136292,2.135538
ddc_dzo_02230,labeled,Romeo,3.3585541,-1.9396573,-0.43019155,13.275126,2.1873953,8.821744
ddc_dzo_02225,labeled,Romeo,2.7629943,-0.787552,-0.013624785,12.803714,-0.3305522,9.313617
ddc_dzo_02224,labeled,Romeo,3.5651042,-0.96373004,1.3253821,13.408334,1.6793454,8.282859
ddc_dzo_02235,labeled,Romeo,4.2040167,-0.8433133,0.7718346,16.10583,-0.063821115,4.6337504
ddc_dzo_02232,labeled,Thinley,-12.475416,-2.8588388,0.71760035,-0.8291249,-2.0181577,2.1441517
ddc_dzo_02250,labeled,Romeo,3.2275965,-0.5900432,0.08541597,16.950241,1.4822834,6.181911
ddc_dzo_02248,labeled,Romeo,4.3209643,-1.8691295,-0.5114147,15.666945,1.8831109,5.9134135
ddc_dzo_02231,labeled,Romeo,2.7362874,-1.3605998,1.1023301,13.400749,1.6273824,8.502888
ddc_dzo_02238,labeled,Romeo,4.7969933,0.33135477,1.1519394,16.862226,1.267531,5.0948877
ddc_dzo_03393,labeled,Romeo,4.5929832,0.24924931,-0.11376071,16.88525,0.37155804,4.800709
ddc_dzo_02278,labeled,Romeo,3.7340343,0.3213979,1.4400165,15.601696,-0.80590624,5.394064
ddc_dzo_02263,labeled,Romeo,2.681558,-0.39430797,-0.1140529,13.511358,1.8462483,8.9111595
ddc_dzo_02258,labeled,Namgay,-2.4533894,1.0395399,-10.468658,3.1881583,6.4177895,17.288086
ddc_dzo_02274,labeled,Romeo,3.3849444,-2.0348911,0.5895779,13.005449,1.6938614,9.059144
ddc_dzo_02255,labeled,Romeo,3.679226,-1.580619,1.8881649,17.25318,0.9283405,5.460537
ddc_dzo_02277,labeled,Romeo,2.6177084,-0.13116857,0.5788376,15.335244,-0.4716059,5.3463845
ddc_dzo_02251,labeled,Romeo,3.6359422,-0.35596728,0.37155315,17.310951,1.8313224,5.7262707
ddc_dzo_02264,labeled,Dorji,-4.713815,11.965975,0.65642834,6.596048,15.230519,2.5675695
ddc_dzo_02259,labeled,Thinley,-12.899316,-4.2602744,0.68418837,-1.0650517,-2.187656,1.2310332
ddc_dzo_02252,labeled,Romeo,2.5337057,-1.15288,2.5040212,15.941262,2.0505862,5.5957327
ddc_dzo_02261,labeled,Romeo,3.8055792,0.21564813,0.08234279,17.166035,1.5249065,4.809933
ddc_dzo_02266,labeled,Romeo,2.5509384,-1.8116603,-0.058620606,14.408878,0.20975865,11.053396
ddc_dzo_02256,labeled,Romeo,3.8914528,-0.34107456,0.16354881,15.636207,-0.8065778,4.5875473
ddc_dzo_07033,labeled,Dorji,-4.4428234,10.092757,0.84047985,6.757503,14.9975815,2.2342083
ddc_dzo_02284,labeled,Romeo,2.0887942,-1.9196372,0.5836806,17.448082,1.3752859,5.2791047
ddc_dzo_02309,labeled,Romeo,1.974768,-0.81476945,0.0677884,12.747749,0.99051005,8.748191
ddc_dzo_02283,labeled,Namgay,-2.4026408,1.6539932,-10.683968,0.5535796,12.195359,5.8243856
ddc_dzo_02288,labeled,Namgay,-2.3209922,2.0887275,-11.175796,0.5464273,12.177638,5.839847
ddc_dzo_02300,labeled,Thinley,-11.024653,-1.9682261,0.62198704,-0.63102365,-1.8605262,1.4038523
ddc_dzo_02289,labeled,Romeo,2.059139,0.03767931,-0.07301279,15.252644,-0.5323446,5.4183435
ddc_dzo_02281,labeled,Romeo,4.048046,-0.7995659,1.4200996,13.605064,1.4054772,8.333493
ddc_dzo_02294,labeled,Dorji,-3.410656,9.18677,0.16304573,6.7796226,16.11636,2.0878446
ddc_dzo_02304,labeled,Romeo,2.653585,-1.8353804,0.7930959,17.362051,1.224772,5.6555643
ddc_dzo_02280,labeled,Romeo,3.3767514,-0.042352147,0.72251046,16.909555,0.9208682,4.8632
ddc_dzo_02298,labeled,Romeo,3.3003762,-1.2216771,0.47116986,13.14094,-0.3750409,8.440924
ddc_dzo_02295,labeled,Romeo,4.4025927,-0.6821806,0.060727578,12.987128,-0.23147084,8.576201
ddc_dzo_00875,labeled,Dorji,-3.3037488,11.994598,2.6551375,6.8977704,15.18624,2.4068353
ddc_dzo_03851,labeled,Dorji,-2.8621402,9.880766,1.1664215,6.978359,15.4818325,2.5816789
ddc_dzo_02333,labeled,Romeo,3.6228876,-1.1048828,0.86566347,15.865289,-0.6442144,4.7392344
ddc_dzo_02331,labeled,Romeo,3.5552952,-2.189138,0.41003087,13.284648,-0.6305791,8.451317
ddc_dzo_02330,labeled,Namgay,-2.8927655,2.4280295,-11.544529,0.5386289,12.18921,5.810007
ddc_dzo_02310,labeled,Dorji,-3.8875446,11.474985,1.4575752,6.7635107,15.462822,2.4706895
ddc_dzo_02338,labeled,Thinley,-10.790645,-4.284097,-0.29923135,-0.89201134,-2.312191,1.8474877
ddc_dzo_02326,labeled,Romeo,4.0886836,-0.35618854,0.90294266,13.253699,-0.5470337,7.895231
ddc_dzo_02329,labeled,Nima,-2.8184977,1.0088898,-0.03368228,9.288024,2.455965,1.50482
ddc_dzo_02334,labeled,Romeo,3.1977236,-2.0812538,0.46520013,17.291183,1.6669174,5.882435
ddc_dzo_02325,labeled,Thinley,-11.86886,-4.1480145,0.648829,-0.843535,-2.2757208,2.1228747
ddc_dzo_02324,labeled,Romeo,3.3516214,0.16644086,1.0029141,13.467027,1.6002301,9.305612
ddc_dzo_02318,labeled,Romeo,3.9980204,-3.0044308,1.1274836,13.216336,1.6074085,8.940331
ddc_dzo_02320,labeled,Romeo,3.8856099,0.52694476,0.30913642,12.98926,-0.73559374,8.721344
ddc_dzo_02352,labeled,Thinley,-12.383732,-2.5449157,2.3202724,-1.002524,-2.063011,1.4623655
ddc_dzo_02354,labeled,Romeo,3.1134825,1.1945388,0.13058785,15.926664,-0.6441699,4.465443
ddc_dzo_02353,labeled,Romeo,3.6905346,-0.553749,0.57287437,13.114282,0.22534926,8.010354
ddc_dzo_02344,labeled,Romeo,3.0119305,-1.8581742,-0.37769508,12.816542,0.98989534,9.063392
ddc_dzo_02347,labeled,Romeo,4.6352825,-0.005466893,1.4486605,13.26513,1.548872,8.892071
ddc_dzo_02369,labeled,Romeo,3.9623017,-1.3690797,-0.05638638,15.547848,1.9434853,6.0205493
ddc_dzo_02367,labeled,Romeo,3.2646754,-0.21953996,-0.1378993,13.187807,-0.56223017,8.695669
ddc_dzo_02364,labeled,Romeo,3.151576,-1.3533521,0.72096765,16.887058,1.0517246,5.041454
ddc_dzo_02350,labeled,Romeo,2.734866,-0.7040403,-0.17106824,16.893738,0.88990384,5.278633
ddc_dzo_02349,labeled,Romeo,2.2675886,-2.474879,0.8653706,13.269336,1.8130082,8.960352
ddc_dzo_02363,labeled,Romeo,2.7885897,-1.5456069,0.42043078,15.797927,-0.42574388,4.5583105
ddc_dzo_02356,labeled,Thinley,-11.002128,-2.6367474,0.24091165,-1.2990762,-1.7440866,2.386837
ddc_dzo_02355,labeled,Romeo,4.2725453,-0.5185165,0.9313673,17.179926,1.2928867,5.322079
ddc_dzo_02346,labeled,Dorji,-3.904402,9.347563,2.5171206,6.754203,15.485325,1.9832503
ddc_dzo_02359,labeled,Romeo,3.827676,-2.2929971,1.0783907,15.633782,-0.85486215,4.86101
ddc_dzo_02399,labeled,Romeo,1.4941938,0.02655645,0.08658827,17.546947,1.0488579,5.4820104
ddc_dzo_02391,labeled,Dorji,-2.3756924,11.156997,0.1090667,6.959707,15.800502,2.1090524
ddc_dzo_07323,labeled,Romeo,2.536429,-1.9354495,1.6846861,15.337119,-0.872158,5.885688
ddc_dzo_01284,labeled,Romeo,2.7663825,-1.7276688,1.1875727,15.192637,-0.89879066,6.0560193
ddc_dzo_02397,labeled,Thinley,-10.981087,-2.9220226,1.2427316,-1.1136805,-1.4420187,2.37412
ddc_dzo_02395,labeled,Dorji,-1.6486266,9.22429,0.27415317,6.7982597,16.186003,2.002056
ddc_dzo_02372,labeled,Romeo,2.9795225,-0.8876123,-0.39957905,13.187537,-0.004041962,8.689488
ddc_dzo_02386,labeled,Romeo,3.857358,-1.7840365,0.42845413,15.998611,-0.31050757,4.83162
ddc_dzo_02371,labeled,Nima,-3.5105507,1.5625983,-0.09361473,9.288622,2.4557438,1.5006691
ddc_dzo_02377,labeled,Romeo,2.8911915,-0.28366342,-0.06636999,17.587215,1.2371291,5.631367
ddc_dzo_02393,labeled,Romeo,3.5579188,-1.754391,0.6575833,15.742147,1.5366057,5.9428954
ddc_dzo_02376,labeled,Romeo,-0.4340986,0.95100045,0.29553792,14.217808,0.35592082,10.643977
ddc_dzo_02394,labeled,Romeo,3.8169565,-0.2611687,0.11410348,15.752145,1.8231591,6.274857
ddc_dzo_02373,labeled,Romeo,3.0891538,-1.4390279,-1.924754,14.129793,0.056243755,10.628454
ddc_dzo_02398,labeled,Romeo,3.4795556,-0.5649342,0.23461281,13.187532,-0.30191317,8.535548
ddc_dzo_02428,labeled,Romeo,2.5601366,-1.7824712,0.21750547,13.009373,2.0447464,7.7144103
ddc_dzo_02417,labeled,Thinley,-10.711563,-4.1990523,0.5178133,-0.7731505,-2.2422438,1.7318724
ddc_dzo_08210,labeled,Romeo,2.8927355,-0.81028706,0.112974994,13.263566,0.9731824,8.356749
ddc_dzo_02423,labeled,Romeo,2.1649792,-1.5776327,0.6988389,17.57322,1.4388828,5.4491916
ddc_dzo_02413,labeled,Romeo,3.4195683,-2.6010253,-0.5279725,13.485673,-0.66693956,8.199725
ddc_dzo_02412,labeled,Romeo,3.846769,-2.088745,0.53417945,12.953024,1.9044094,8.176778
ddc_dzo_02427,labeled,Romeo,2.9852297,-2.6665518,0.97285944,13.507755,1.4242898,8.312443
ddc_dzo_02419,labeled,Thinley,-11.731362,-2.4003184,-0.18272963,-0.8430002,-2.1650424,2.074184
ddc_dzo_02410,labeled,Romeo,3.1004395,0.0348754,0.20122612,16.850882,1.483633,5.6214757
ddc_dzo_02424,labeled,Romeo,3.5739727,-1.9073874,1.4466714,13.94704,1.9190121,8.372786
ddc_dzo_02405,labeled,Romeo,3.0186727,-0.6851126,1.5322748,16.211239,1.9559768,5.1949944
ddc_dzo_02425,labeled,Romeo,3.1591496,-0.6930351,1.0337778,13.068268,1.7088398,9.16349
ddc_dzo_02426,labeled,Romeo,2.837107,-0.75799155,0.9980358,15.262057,-0.5784264,5.3627467
ddc_dzo_02401,labeled,Romeo,3.330604,-0.5282887,0.13922033,15.788401,-0.83034074,4.6311765
ddc_dzo_00853,labeled,Dorji,-2.9448285,9.902398,0.34450755,6.658195,15.699498,2.1997578
ddc_dzo_02438,labeled,Romeo,-0.08336536,-0.34600818,1.3449948,14.263409,0.2089262,10.79759
ddc_dzo_02447,labeled,Romeo,3.600831,-0.31487414,1.181756,13.039116,-0.57574606,9.160786
ddc_dzo_02452,labeled,Romeo,2.0426,0.037554998,-1.2021769,13.368568,2.15959,8.659421
ddc_dzo_02446,labeled,Romeo,5.9302344,-0.7422166,0.50179875,12.830028,-0.7063375,7.825786
ddc_dzo_02435,labeled,Thinley,-11.636812,-4.0871696,0.04707412,-1.3182412,-1.9728369,2.4818952
ddc_dzo_02441,labeled,Romeo,4.033017,-1.2068322,0.86533844,17.591257,1.4353566,5.603186
ddc_dzo_02448,labeled,Romeo,3.094266,-0.9720724,1.3971066,14.093268,0.13269916,10.580285
ddc_dzo_02431,labeled,Romeo,4.785297,-0.9194129,1.0253683,15.697728,-0.7888494,4.7861476
ddc_dzo_02444,labeled,Romeo,4.1966453,-0.91744846,0.42366263,15.275572,-0.98974913,5.192327
ddc_dzo_02454,labeled,Dorji,-2.5191743,11.604753,2.7055345,6.7181735,15.280123,2.6048198
ddc_dzo_02442,labeled,Dorji,-3.1234512,11.581029,1.167202,6.7313776,15.113461,2.5318706
ddc_dzo_02439,labeled,Romeo,2.678916,-1.2401595,-0.67089057,16.694786,1.8065201,4.943452
ddc_dzo_02437,labeled,Romeo,3.0164058,-2.1437345,-0.8332014,15.573567,1.9104326,5.8925643
ddc_dzo_02443,labeled,Romeo,3.5716512,-0.23856273,0.042805668,14.07722,0.16287042,10.535913
ddc_dzo_02458,labeled,Romeo,4.0924306,-1.2972957,0.6724664,12.857032,-0.067754105,8.982901
ddc_dzo_04391,labeled,Dorji,-2.656278,8.463171,1.4682524,6.7140102,15.865077,2.3365505
ddc_dzo_08069,labeled,Romeo,2.5531077,0.8307802,0.745117,16.797241,0.9677919,5.431415
ddc_dzo_02467,labeled,Romeo,4.4103065,-1.4277906,0.9539584,13.194683,-0.5197607,8.581429
ddc_dzo_02460,labeled,Romeo,3.7199833,-1.8371338,-0.39799508,13.446364,1.5545053,8.391915
ddc_dzo_02477,labeled,Romeo,2.9078908,-0.22574137,0.0031888064,12.766455,2.0551503,8.789729
ddc_dzo_02461,labeled,Romeo,3.4280658,-0.99555683,-1.2352482,15.759816,-0.09728424,4.6276937
ddc_dzo_02463,labeled,Romeo,3.9799364,-1.6349679,0.6453318,13.300719,1.6242741,8.968638
ddc_dzo_02473,labeled,Romeo,3.543592,-0.2773982,0.5131231,12.441575,1.4358555,8.979157
ddc_dzo_02485,labeled,Thinley,-8.556966,-3.0951405,1.91824,-0.7149767,-2.1186483,2.5172093
ddc_dzo_02476,labeled,Dorji,-3.524734,12.322128,2.1647534,6.936553,15.30485,2.2304165
ddc_dzo_02464,labeled,Romeo,4.7480826,-1.9510053,1.1841705,13.34079,1.9963968,8.593188
ddc_dzo_02483,labeled,Romeo,2.9543204,-1.3184427,-0.2429015,13.213267,1.037679,8.859771
ddc_dzo_02465,labeled,Romeo,3.3647466,0.08615061,-0.12593618,13.003419,2.3340595,7.790064
ddc_dzo_02486,labeled,Romeo,2.5533211,-0.89607596,0.30350474,14.138522,0.16323577,10.618003
ddc_dzo_02462,labeled,Romeo,2.4490008,-0.6552682,0.8029248,15.608466,-0.8336855,4.6359506
ddc_dzo_02471,labeled,Romeo,1.0686138,-1.590202,-1.5291374,15.196679,-0.36097914,4.7293725
ddc_dzo_02478,labeled,Romeo,4.3065114,-0.53905743,-0.7442444,16.184637,-0.67672116,4.980878
ddc_dzo_01977,labeled,Dorji,-4.230501,10.271195,1.1274687,6.8284907,15.625721,2.162213
ddc_dzo_02506,labeled,Romeo,4.389287,-0.38448572,1.5759827,12.869667,-0.49211234,9.295417
ddc_dzo_02500,labeled,Thinley,-9.0173235,-4.4385004,0.53258556,-0.37581548,-1.9660186,2.5626009
ddc_dzo_02509,labeled,Romeo,4.3412857,-0.54639065,0.046997245,13.141246,-0.32741755,8.826711
ddc_dzo_02512,labeled,Romeo,2.528785,-0.30288768,1.8173177,13.309278,-0.531577,9.118732
ddc_dzo_02511,labeled,Romeo,3.7457676,-1.1865228,-1.2081504,13.163658,-0.9095485,7.9093814
ddc_dzo_02501,labeled,Romeo,3.0088656,0.19901396,0.12452805,16.762197,1.4994925,6.1374226
ddc_dzo_02496,labeled,Romeo,3.6253042,-1.3234842,0.4610649,13.526919,-0.66576225,8.142012
ddc_dzo_02513,labeled,Romeo,2.569626,-0.9634011,-0.21707512,12.65824,-0.5569155,8.6095085
ddc_dzo_02515,labeled,Romeo,1.739675,-1.4375654,-1.164721,14.350211,0.15910508,10.98498
ddc_dzo_08498,labeled,Thinley,-8.27249,-3.4688208,0.6631948,-1.5270807,-2.3569818,1.4223422
ddc_dzo_02491,labeled,Romeo,3.5542977,-3.2145305,0.6086116,13.904198,1.7831941,8.2258215
ddc_dzo_02497,labeled,Romeo,2.1587758,-1.3925455,-2.3870058,14.416675,0.19076854,11.0659
ddc_dzo_02488,labeled,Romeo,1.3868551,-1.332764,1.9608792,13.765124,-0.5207718,7.8921723
ddc_dzo_05020,labeled,Dorji,-2.4635026,9.751155,1.0740726,6.878695,15.311047,2.5629773
ddc_dzo_02529,labeled,Romeo,4.000142,-1.8719425,1.1918199,16.77552,1.1378487,5.5925894
ddc_dzo_02546,labeled,Romeo,2.745797,-1.279033,-0.628183,16.80922,0.878425,4.847536
ddc_dzo_02527,labeled,Romeo,4.8776193,-0.26612145,1.2459606,12.83856,1.883043,8.684127
ddc_dzo_02545,labeled,Romeo,3.4470468,-2.349212,-0.32724077,15.658283,-0.34126914,4.593152
ddc_dzo_02547,labeled,Romeo,1.6573962,-2.0223248,0.013213995,16.588049,0.7256562,5.1176867
ddc_dzo_02537,labeled,Romeo,3.4167309,-1.4522885,0.44958916,16.838865,1.2645316,4.6579905
ddc_dzo_01992,labeled,Romeo,4.4150777,-2.54291,-0.080858335,17.021978,1.3547884,6.101194
ddc_dzo_02526,labeled,Romeo,3.930071,-1.7365927,0.4290278,17.341913,1.1822777,5.3602047
ddc_dzo_02520,labeled,Romeo,5.037267,-0.7552794,0.48564205,14.078242,0.06746616,10.5570545
ddc_dzo_02544,labeled,Romeo,-0.4262894,0.9014672,-1.4214451,14.517865,0.24422516,11.267402
ddc_dzo_02539,labeled,Romeo,3.5226998,-2.3897676,1.7310362,14.320553,0.1472218,10.925058
ddc_dzo_02542,labeled,Thinley,-11.307678,-3.54412,0.116748676,-0.39831483,-1.8927599,2.545201
ddc_dzo_02521,labeled,Romeo,5.7117867,-0.28244543,-0.6995998,16.027576,1.673581,5.6871076
ddc_dzo_02522,labeled,Romeo,4.27373,-0.6221155,0.8220946,13.705561,1.7032208,7.7950664
ddc_dzo_02523,labeled,Romeo,3.6194618,-0.7014478,0.8573541,16.542562,1.1814462,5.495418
ddc_dzo_02540,labeled,Romeo,1.5193831,-0.1885276,1.28164,15.829401,-0.73337704,4.6193633
ddc_dzo_02554,labeled,Dorji,-0.41564608,11.903117,2.9904613,6.690338,15.187052,2.427935
ddc_dzo_03221,labeled,Dorji,-1.32597,11.748928,1.4681375,6.9800453,15.432859,2.3021963
ddc_dzo_02551,labeled,Romeo,3.291267,-1.1006398,0.98785615,13.1825905,1.6890838,7.8545566
ddc_dzo_02559,labeled,Romeo,3.9879928,-1.0499022,1.0695033,13.10577,1.9763802,7.7188115
ddc_dzo_02577,labeled,Romeo,4.1020713,0.14361978,0.12534617,16.821928,1.0416313,4.72229
ddc_dzo_02548,labeled,Romeo,4.0825124,-0.3400209,1.3196921,17.051064,1.0446626,5.4177537
ddc_dzo_02576,labeled,Romeo,2.5208926,-0.85489726,0.64172065,15.46977,-0.40327382,4.4071736
ddc_dzo_02566,labeled,Thinley,-11.8672495,-2.7030816,-1.2670729,-1.3560786,-2.2413578,2.235444
ddc_dzo_04282,labeled,Romeo,4.262887,0.27626252,0.48793662,17.213469,1.2110215,5.9439297
ddc_dzo_02563,labeled,Romeo,3.1689243,-1.7160982,-0.96159077,12.9336405,-0.41570628,8.953404
ddc_dzo_02550,labeled,Romeo,2.8098266,-1.1653335,1.1534806,15.887028,-0.47989944,4.7484016
ddc_dzo_02573,labeled,Romeo,3.8899257,-1.0327287,0.12125472,13.025424,-0.62966096,8.866616
ddc_dzo_02565,labeled,Namgay,-2.452242,5.209328,-5.3922896,4.0160193,8.109598,9.296993
ddc_dzo_02570,labeled,Romeo,3.290572,0.2652217,1.3566406,13.390513,2.2210832,8.598159
ddc_dzo_02574,labeled,Thinley,-11.389813,-4.4595633,0.14705138,-0.33826017,-1.9216564,2.3627589
ddc_dzo_02560,labeled,Dorji,-3.264559,13.089332,1.7356017,6.72112,14.928874,2.4910586
ddc_dzo_02549,labeled,Romeo,3.1405387,0.8949238,-0.4125761,17.199575,1.3893126,4.9009857
ddc_dzo_02572,labeled,Romeo,2.5102718,-0.8753765,1.2603892,13.337172,-0.52412945,8.474713
ddc_dzo_01874,labeled,Dorji,-4.558365,9.445867,-0.06485461,6.622754,15.176078,2.2565906
ddc_dzo_02587,labeled,Romeo,4.1758976,-2.2371008,0.31840584,13.10405,1.8011484,7.8393292
ddc_dzo_02603,labeled,Romeo,4.0591803,-1.0239921,-0.8827298,16.91227,1.0797422,4.7355375
ddc_dzo_02591,labeled,Romeo,2.8381162,-1.8349224,1.0842947,15.8238325,-0.62780243,4.624077
ddc_dzo_02605,labeled,Dorji,-4.8289013,10.797004,0.20849009,6.663697,15.106222,1.92957
ddc_dzo_02604,labeled,Romeo,3.5027387,-0.41775954,0.021289503,12.645524,-0.5574264,8.129854
ddc_dzo_02607,labeled,Romeo,2.69438,-1.4732322,0.08092289,12.75156,2.1166458,7.783925
ddc_dzo_02588,labeled,Romeo,3.7147853,-1.11809,2.1303115,15.749049,1.4957393,5.9624925
ddc_dzo_02583,labeled,Romeo,3.9409864,-0.6297751,0.5918269,13.370124,1.3311942,8.800398
ddc_dzo_02593,labeled,Namgay,-4.6298265,3.387635,-10.69954,0.5675583,12.678257,6.037184
ddc_dzo_02597,labeled,Romeo,2.5658054,-1.0434788,-0.11276949,12.794488,1.5508729,9.162312
ddc_dzo_02586,labeled,Romeo,1.8982089,-0.8417931,-0.54392034,17.133001,1.6236342,5.892075
ddc_dzo_02590,labeled,Romeo,4.3291345,-1.2305611,0.40610632,16.844889,1.1381285,4.840628
ddc_dzo_02596,labeled,Romeo,3.715538,-0.9681804,-0.20568143,15.659366,1.9047776,5.931975
ddc_dzo_02606,labeled,Romeo,2.890486,-1.6490442,-0.45470607,13.454468,-0.32158417,8.199164
ddc_dzo_02595,labeled,Romeo,2.273509,-0.03980217,-0.44348302,16.06245,-0.64510804,4.88183
ddc_dzo_02599,labeled,Romeo,4.053038,-0.27552953,-0.056857284,16.095886,-0.62603176,5.030807
ddc_dzo_02516,labeled,Dorji,-3.6593769,8.492131,0.99236596,6.9625716,15.4880905,2.3407836
ddc_dzo_04132,labeled,Romeo,3.5727425,-0.73847413,-0.98053485,17.155754,0.81939226,5.479269
ddc_dzo_02634,labeled,Romeo,3.560099,-1.7097523,-1.1781392,12.893372,0.7215695,8.309997
ddc_dzo_02619,labeled,Romeo,4.87411,0.82137483,2.6494079,14.965328,-0.34902346,5.7496586
ddc_dzo_02609,labeled,Thinley,-12.097426,-2.4481971,1.5062793,-0.43217525,-2.085079,2.4766247
ddc_dzo_02633,labeled,Romeo,3.245297,-0.5034298,1.4272177,15.708659,-0.013433931,5.3733845
ddc_dzo_02618,labeled,Romeo,3.9067383,-1.6953031,-0.22867554,15.576096,-0.18913065,5.3269076
ddc_dzo_02630,labeled,Dorji,-2.7642412,10.280968,1.4140462,6.779898,15.647488,1.9953016
ddc_dzo_02635,labeled,Romeo,2.611627,-1.6335325,-0.6556644,13.655334,1.647493,8.140328
ddc_dzo_02614,labeled,Romeo,3.4635208,-1.1105698,0.45279196,12.92286,-0.66618276,8.491621
ddc_dzo_02623,labeled,Romeo,3.8698082,-0.10326556,1.100256,17.236305,0.9500083,4.8496614
ddc_dzo_02617,labeled,Dorji,-3.459593,10.207117,1.5878309,7.0642304,15.390734,2.1820755
ddc_dzo_02629,labeled,Romeo,2.910778,-1.0405326,0.68678373,13.1682625,1.5333785,9.224474
ddc_dzo_02620,labeled,Romeo,1.2044196,-1.2854239,-0.41061783,12.826218,1.1711465,8.307815
ddc_dzo_02612,labeled,Romeo,3.7845323,-1.5185113,1.2701784,13.11513,-0.24596877,8.42743
ddc_dzo_02636,labeled,Romeo,4.3801165,-1.5653019,0.06851799,13.16428,-0.5528384,8.803157
ddc_dzo_02616,labeled,Romeo,3.6493716,-0.39389166,1.525638,13.461308,-0.4874718,8.276965
ddc_dzo_02651,labeled,Romeo,3.5602918,-1.5821158,0.44035473,12.799806,1.2564273,8.995538
ddc_dzo_02663,labeled,Romeo,1.8092643,-0.89471257,-0.3798389,14.494432,0.23566201,11.2195425
ddc_dzo_02643,labeled,Romeo,3.7056758,-0.36781284,1.4304757,12.789131,2.153691,8.595752
ddc_dzo_02661,labeled,Thinley,-11.242464,-3.8490217,0.68990463,-0.42322809,-1.8672869,2.4177675
ddc_dzo_02657,labeled,Romeo,2.6103482,-0.6111226,0.112677194,16.832834,1.334799,4.769855
ddc_dzo_02646,labeled,Romeo,3.3220944,-0.93431854,-0.25272378,17.087862,0.8581481,5.6197042
ddc_dzo_02664,labeled,Romeo,2.678353,-0.26480988,0.45827806,12.878727,2.0534523,8.301051
ddc_dzo_02650,labeled,Romeo,4.4536796,-0.2981282,1.5360131,16.880444,1.1979024,6.000012
ddc_dzo_02640,labeled,Romeo,4.18202,-1.4204134,-0.61492264,16.395765,1.8364654,6.3133225
ddc_dzo_09919,labeled,Dorji,-4.0207105,13.127568,2.0885754,6.5824094,15.315005,2.5273418
ddc_dzo_02637,labeled,Romeo,1.950902,-1.4129224,1.4821361,13.629399,1.5952528,7.9428687
ddc_dzo_02642,labeled,Romeo,1.4925404,-0.63012046,1.4814265,17.20925,1.651889,5.3183913
ddc_dzo_02649,labeled,Romeo,3.411581,-1.2376168,-0.39113086,15.840043,1.8661013,6.307238
ddc_dzo_02682,labeled,Romeo,2.0746453,-1.3314131,-0.6274646,17.56715,0.9441809,5.5854635
ddc_dzo_02145,labeled,Dorji,-2.4557195,10.833078,2.4361598,6.671256,15.037389,2.280444
ddc_dzo_02672,labeled,Romeo,2.1713352,-1.5796596,-0.03360304,15.741533,-0.80962926,4.7017417
ddc_dzo_02680,labeled,Romeo,3.685257,-0.5468142,0.7953666,15.687545,-0.74528265,4.8345675
ddc_dzo_02687,labeled,Romeo,3.0973046,-2.0142286,0.92233884,13.14614,-0.7496831,8.382067
ddc_dzo_02681,labeled,Namgay,-2.8489907,2.4824102,-11.348656,3.5483904,6.448022,17.368654
ddc_dzo_02670,labeled,Dorji,-4.9016714,10.784241,0.6570977,6.6301737,15.204758,1.9345831
ddc_dzo_02688,labeled,Romeo,1.7091911,-0.07004899,-0.003148825,13.159662,2.2906952,8.027425
ddc_dzo_02691,labeled,Romeo,4.0737777,-1.5752729,0.052084506,12.852214,2.3109171,7.6996093
ddc_dzo_02689,labeled,Romeo,3.3108122,-0.85434073,-0.710083,12.566025,1.4324849,8.948167
ddc_dzo_02679,labeled,Thinley,-12.132408,-3.7011256,1.9414625,-1.2967737,-1.9571135,1.1960033
ddc_dzo_02678,labeled,Romeo,2.0800984,-1.3925881,1.3067499,15.604233,0.90637666,5.771722
ddc_dzo_02676,labeled,Romeo,2.7008896,-1.431662,0.7323644,13.390475,1.8676217,9.221021
ddc_dzo_02690,labeled,Romeo,2.7348967,-2.100198,0.53812397,13.078044,-0.23494908,7.9763474
ddc_dzo_02674,labeled,Romeo,2.996306,0.08257474,0.70322645,13.414865,-0.14873478,8.752576
ddc_dzo_01720,labeled,Romeo,1.819259,-1.3089134,-0.92096895,15.388192,-0.55554754,5.045707
ddc_dzo_02702,labeled,Romeo,3.5257096,-1.3514273,-0.3595397,16.027166,1.5700436,5.853671
ddc_dzo_02722,labeled,Romeo,2.3384616,-0.6436879,1.9364799,17.095318,0.872721,5.738916
ddc_dzo_02721,labeled,Romeo,3.8791218,-1.5470937,-0.8982273,13.0224,-0.26844576,8.91576
ddc_dzo_02719,labeled,Thinley,-11.339632,-4.899897,-0.31531096,-0.3041571,-1.7168361,2.4998062
ddc_dzo_01622,labeled,Dorji,-3.6264312,8.557305,1.6688842,6.9097114,15.844914,2.0473063
ddc_dzo_02707,labeled,Romeo,3.1838653,-2.027242,1.1284283,12.97379,1.6828455,8.078107
ddc_dzo_02706,labeled,Romeo,4.4206905,-1.3092494,-0.62010086,16.785461,1.4489894,6.2185264
ddc_dzo_02700,labeled,Thinley,-13.331154,-3.5896213,0.49825683,-1.0879357,-2.0788655,1.4904034
ddc_dzo_02704,labeled,Romeo,2.433669,0.13127509,1.7254194,17.381739,1.1805617,5.13253
ddc_dzo_02712,labeled,Romeo,3.3585231,-0.85280806,-1.3017832,15.629617,1.9428155,5.884541
ddc_dzo_02723,labeled,Romeo,3.5050206,-1.8642089,0.35048553,13.897519,1.919174,7.767214
ddc_dzo_02699,labeled,Romeo,4.871723,-2.2573137,1.5500664,13.467006,-0.29908434,8.087616
ddc_dzo_09939,labeled,Romeo,2.5091944,1.8543038,0.45478386,15.275357,-0.78468716,4.5722327
ddc_dzo_02729,labeled,Romeo,1.8703271,-0.8955988,0.89688224,12.785996,-0.1576233,9.293232
ddc_dzo_02738,labeled,Romeo,2.7580118,-1.7026684,0.81456727,15.5627775,-0.3486256,5.338608
ddc_dzo_08648,labeled,Romeo,3.827997,0.6607637,1.9300208,17.275501,0.89523965,5.0744343
ddc_dzo_02743,labeled,Romeo,4.240699,-0.6600809,0.52030575,13.215774,1.8583857,8.385979
ddc_dzo_02730,labeled,Romeo,3.679134,-2.0740776,-0.4192097,14.086084,0.15310818,10.542459
ddc_dzo_02732,labeled,Romeo,2.491814,-1.6888987,1.7333508,12.935107,-0.7732916,8.007992
ddc_dzo_02744,labeled,Thinley,-11.648018,-0.75273657,1.4125525,-1.4245288,-1.939793,1.0074071
ddc_dzo_03048,labeled,Romeo,3.8243916,-2.264908,0.32007718,16.50361,1.6440065,6.038247
ddc_dzo_02746,labeled,Thinley,-11.412634,-0.084013894,-0.4210731,-1.0885038,-1.3462583,2.1794312
ddc_dzo_02737,labeled,Romeo,4.2463865,-0.73192894,1.2369721,12.638087,1.6389403,9.190007
ddc_dzo_02734,labeled,Dorji,-4.690534,11.600525,2.3120341,6.7931557,15.273935,2.710278
ddc_dzo_02725,labeled,Romeo,2.5579813,-1.2239753,0.35924867,13.241713,2.1407459,9.056834
ddc_dzo_02740,labeled,Romeo,2.9619837,-1.7975496,-0.9325065,13.531925,-0.08201342,8.337062
ddc_dzo_00060,labeled,Romeo,2.2542896,-1.5881423,-0.96219283,15.365149,-0.78562135,4.492212
ddc_dzo_02761,labeled,Romeo,1.5760783,-1.2781968,1.1249748,17.593811,1.2725313,5.84945
ddc_dzo_00287,labeled,Romeo,3.5863872,-1.1409198,0.76927006,16.457745,1.2362584,4.7551284
ddc_dzo_02757,labeled,Thinley,-11.423113,-4.719867,1.9277568,-0.388854,-1.9178246,2.5064256
ddc_dzo_02776,labeled,Romeo,2.9747334,-0.18853666,-0.7442446,17.083183,0.64690673,5.229471
ddc_dzo_02777,labeled,Romeo,3.4680421,-1.372955,0.59128785,13.013721,2.0752714,9.01029
ddc_dzo_02766,labeled,Romeo,2.9808533,0.4651964,0.98475504,12.552605,2.0324001,8.340561
ddc_dzo_02763,labeled,Romeo,1.8212566,-2.3210597,0.50454134,12.662563,-0.7865377,7.784286
ddc_dzo_02770,labeled,Namgay,-2.4796937,1.33406,-10.38809,3.3211708,6.4162645,17.321121
ddc_dzo_02758,labeled,Romeo,4.122956,-0.7337326,0.22799739,16.115906,1.9245701,6.1196556
ddc_dzo_02769,labeled,Romeo,3.9232376,-0.7748141,1.1138194,13.423382,-0.4012893,8.194113
ddc_dzo_02765,labeled,Romeo,1.9952134,-0.95121086,1.3633761,13.141727,-0.8540814,8.790551
ddc_dzo_08272,labeled,Romeo,2.1659987,-0.53231436,0.1512458,13.015385,-0.68083984,8.206597
ddc_dzo_02782,labeled,Romeo,3.0914142,1.3834692,0.81387836,15.939573,-0.44228563,4.644566
ddc_dzo_02789,labeled,Thinley,-9.979197,-3.908436,-0.5415156,-0.29282606,-1.899985,2.5491452
ddc_dzo_02806,labeled,Thinley,-12.031615,-1.5839384,2.23494,-0.995185,-1.5053942,1.8415223
ddc_dzo_02808,labeled,Dorji,-2.1984026,10.493789,2.1862373,6.739466,15.174871,2.4324653
ddc_dzo_02792,labeled,Dorji,-1.9796088,10.116438,0.11360857,6.812596,16.09606,2.2668192
ddc_dzo_02796,labeled,Romeo,3.5270631,0.9133894,0.4434619,15.48189,1.8189352,5.588213
ddc_dzo_02810,labeled,Thinley,-9.847069,-4.7742667,0.5608702,-1.5391686,-1.7034632,1.7948135
ddc_dzo_02807,labeled,Romeo,3.1242704,-1.1388148,0.8288013,13.06603,2.0475922,8.242694
ddc_dzo_02784,labeled,Romeo,0.66535467,-2.4658785,0.32093906,15.649934,-0.16261053,4.4629636
ddc_dzo_02811,labeled,Romeo,2.3328,-1.0977618,-0.043242436,13.443818,0.2734552,8.686499
ddc_dzo_02783,labeled,Romeo,2.536942,-0.7125914,0.59798104,12.815603,2.3458927,7.801236
ddc_dzo_02802,labeled,Romeo,2.5392818,-1.2153636,0.13681798,17.276684,1.6075593,5.9843554
ddc_dzo_02786,labeled,Dorji,-2.186343,10.645441,-1.1062555,6.6220574,15.199458,2.0718994
ddc_dzo_02801,labeled,Romeo,4.0731335,-1.5777522,0.35073033,13.323078,0.025514271,8.369797
ddc_dzo_02804,labeled,Romeo,1.0566608,0.47533712,0.10718654,13.12996,0.9462697,8.582816
ddc_dzo_04921,labeled,Romeo,2.338933,-1.3550625,-1.112554,13.544614,-0.56714094,7.9583526
ddc_dzo_02824,labeled,Romeo,2.5657866,-0.90055484,0.3976275,17.432623,1.5111868,5.326534
ddc_dzo_02839,labeled,Romeo,4.1333046,-0.26247105,0.3210725,13.045908,2.1541011,7.7837753
ddc_dzo_07904,labeled,Romeo,3.0695806,-1.8004829,0.37594047,16.898367,1.6357394,6.253287
ddc_dzo_02813,labeled,Romeo,4.233178,0.5845912,-0.17728828,17.182997,1.5613494,5.511034
ddc_dzo_02821,labeled,Romeo,3.1455438,-2.3625934,-0.46228307,17.355043,1.3050787,5.623705
ddc_dzo_02815,labeled,Romeo,2.5639837,0.4541921,-0.40224615,15.444446,-0.28662276,4.5738935
ddc_dzo_02822,labeled,Romeo,2.8738892,-2.2268524,0.6941534,14.379862,0.18617174,11.021372
ddc_dzo_02830,labeled,Dorji,-3.4699247,10.956496,1.2254038,6.967734,15.463134,2.4947536
ddc_dzo_02814,labeled,Thinley,-8.228475,-4.4035697,0.11126018,-1.1729292,-1.5952877,2.4956267
ddc_dzo_02816,labeled,Romeo,2.821867,-1.4540458,-0.3617662,12.761915,1.8360559,9.104707
ddc_dzo_02820,labeled,Romeo,1.6398793,-1.713589,0.21243973,16.867268,1.9073143,5.159005
ddc_dzo_02836,labeled,Romeo,3.3766155,0.72524154,0.6837557,13.213553,-0.53673255,8.88368
ddc_dzo_02872,labeled,Dorji,-4.3917747,10.539167,1.9224138,6.7938566,15.522339,2.18645
ddc_dzo_06162,labeled,Romeo,2.9227445,-1.5972931,0.27958763,13.510357,-0.2103587,8.096361
ddc_dzo_02849,labeled,Romeo,4.129539,-0.08523212,0.57194084,13.614735,-0.6140697,7.495723
ddc_dzo_02862,labeled,Romeo,2.9912493,-1.6419029,0.11637157,13.032783,-0.900978,8.39336
ddc_dzo_02869,labeled,Romeo,3.3873963,-1.4755642,0.8120969,16.610176,1.447192,5.3921404
ddc_dzo_02850,labeled,Romeo,3.4394262,-0.20774892,1.451544,15.637531,-0.28784707,5.1146755
ddc_dzo_02851,labeled,Romeo,3.4435897,-0.41660693,-1.6042013,14.055144,0.04359741,10.538432
ddc_dzo_02856,labeled,Romeo,3.3043647,-2.362805,1.729843,13.349931,-0.71429664,8.732208
ddc_dzo_02868,labeled,Romeo,1.0998253,-0.25792843,1.3075181,12.428066,1.4587735,8.865032
ddc_dzo_02863,labeled,Romeo,2.5707078,-0.048406538,-0.8589352,16.32033,0.012751166,5.2156887
ddc_dzo_02853,labeled,Dorji,-3.4580188,10.707896,1.391261,6.6244793,14.971269,2.5208168
ddc_dzo_02860,labeled,Romeo,3.2151344,-0.4574773,0.18632951,13.033971,1.9752795,8.932655
ddc_dzo_02848,labeled,Romeo,3.5656374,-0.94932544,1.33908,13.883411,1.824749,7.771944
ddc_dzo_02843,labeled,Romeo,3.589038,0.72961557,-0.9966957,14.15401,0.16772366,10.640306
ddc_dzo_02865,labeled,Romeo,4.1794567,-1.2586958,0.24020532,16.282257,1.5142578,5.9725647
ddc_dzo_02857,labeled,Romeo,4.11371,-0.25676933,0.38408816,15.544722,-0.82525367,4.606263
ddc_dzo_02861,labeled,Romeo,4.6965303,-1.9234571,0.98929036,12.908329,-0.26899147,8.331185
ddc_dzo_02870,labeled,Romeo,2.873813,-0.10056538,0.14518152,13.189709,-0.59017795,8.995382
ddc_dzo_02889,labeled,Romeo,2.0174448,-0.515621,1.5401372,16.157495,-0.57528496,4.941651
ddc_dzo_02879,labeled,Romeo,2.98965,-0.6479589,0.29583395,15.323171,-0.7407133,5.1985817
ddc_dzo_02902,labeled,Romeo,4.257757,-1.621196,0.8900539,13.408958,1.1620196,8.302427
ddc_dzo_02874,labeled,Namgay,-3.1517527,1.8436795,-10.560743,-3.808466,12.345215,5.958031
ddc_dzo_02877,labeled,Romeo,4.3067513,-1.0417029,0.76477474,13.858728,1.6453476,8.037676
ddc_dzo_02900,labeled,Romeo,3.7664752,-1.9492196,0.45627347,15.523476,1.9097235,5.9317536
ddc_dzo_02883,labeled,Romeo,3.7004373,-0.32607755,1.7651807,12.653033,-0.58032995,7.969312
ddc_dzo_02873,labeled,Romeo,3.5794516,0.8222281,-0.28283954,15.55894,-0.29285994,4.588104
ddc_dzo_02895,labeled,Romeo,3.3976552,-0.63665104,0.66487,13.753901,1.5015022,8.258135
ddc_dzo_02880,labeled,Dorji,-1.3919234,10.259838,1.7049185,6.9757013,15.391533,2.0471654
ddc_dzo_02896,labeled,Romeo,4.2015696,-1.0647396,0.2668379,12.853954,0.21419568,8.318175
ddc_dzo_02901,labeled,Romeo,2.8439407,-0.01841152,0.5395865,13.35858,-0.60355,8.5479355
ddc_dzo_02875,labeled,Romeo,4.126901,-0.91571385,0.65204525,13.229009,-0.17161086,8.502144
ddc_dzo_02912,labeled,Romeo,3.2853458,-1.2165158,0.343044,16.535263,1.1033272,5.1294737
ddc_dzo_06442,labeled,Romeo,3.1967955,0.27745488,1.0625125,13.32009,-0.4643839,8.364853
ddc_dzo_02929,labeled,Dorji,-5.2986627,11.972608,3.842163,7.038166,15.478395,2.527318
ddc_dzo_02928,labeled,Romeo,4.1417255,-0.20138611,-1.0919015,13.171882,-0.38326398,9.049441
ddc_dzo_02924,labeled,Romeo,3.9853892,-1.9945959,0.07596542,12.869315,2.1890807,8.6721325
ddc_dzo_02907,labeled,Romeo,3.9893284,-0.90540004,0.65658957,13.269349,2.2063203,8.677578
ddc_dzo_02916,labeled,Romeo,3.94445,-0.6140606,-0.20302646,16.305595,1.3675255,4.8323874
ddc_dzo_02927,labeled,Dorji,-2.5612748,8.549077,0.46680936,6.8067427,16.096323,2.014259
ddc_dzo_02930,labeled,Nima,-3.2660694,-2.193021,-3.4050124,9.308374,2.481567,1.5578147
ddc_dzo_02926,labeled,Romeo,4.077872,-1.760246,1.0281917,16.76382,1.3711364,6.0868006
ddc_dzo_02919,labeled,Romeo,1.270707,-2.4936903,-2.2519069,13.940375,1.7006106,8.720402
ddc_dzo_02917,labeled,Romeo,3.8538213,-1.2899227,-0.095773645,15.56531,1.7807287,5.716379
ddc_dzo_02918,labeled,Romeo,3.3284125,-0.693197,1.394923,16.913809,1.9557439,5.289273
ddc_dzo_02910,labeled,Romeo,1.6915313,-0.1139542,-0.42283222,13.486929,-0.790849,8.651664
ddc_dzo_03089,labeled,Romeo,3.7595577,-0.8010898,1.079605,12.888634,-0.15793699,8.318205
ddc_dzo_07997,labeled,Romeo,4.7017837,-0.759615,-0.571378,13.558022,-0.48194355,8.029202
ddc_dzo_02961,labeled,Romeo,1.8486003,-0.7058385,0.33363014,13.606248,1.2302618,8.613131
ddc_dzo_02965,labeled,Romeo,2.961468,-0.9062207,1.0077616,13.286838,2.239403,8.3252735
ddc_dzo_02951,labeled,Namgay,-5.4831586,2.966774,-11.604938,3.0068998,7.275738,16.909822
ddc_dzo_02945,labeled,Romeo,2.597108,-1.0230225,-0.058338616,13.022938,-0.66982305,9.208548
ddc_dzo_02955,labeled,Romeo,4.446435,-1.3387387,1.2051145,13.014895,2.5049753,8.655645
ddc_dzo_02954,labeled,Dorji,-2.8506196,13.652277,1.4791347,6.9008446,15.076829,2.468349
ddc_dzo_02952,labeled,Romeo,3.2882898,-0.079250336,-0.6494212,12.763597,1.2451535,8.204671
ddc_dzo_02960,labeled,Romeo,2.5795631,-0.6993473,2.0185995,12.447636,1.8801553,8.297844
ddc_dzo_02950,labeled,Romeo,3.0287063,0.12946634,1.878316,12.635778,-0.50964296,8.073613
ddc_dzo_02956,labeled,Romeo,3.6175516,-0.65737796,0.99722934,16.992184,1.6356083,5.516409
ddc_dzo_02946,labeled,Romeo,5.209231,-0.76803863,1.5499276,15.709215,1.88874,5.89858
ddc_dzo_02949,labeled,Romeo,3.3496816,-0.05640574,1.3157235,15.684135,1.7444,5.4356256
ddc_dzo_02938,labeled,Romeo,2.9477735,0.56700253,-0.53352475,12.85176,-0.0123031875,8.389697
ddc_dzo_02994,labeled,Romeo,3.4840176,-1.7882112,-0.0703147,17.342112,1.0296321,5.7683635
ddc_dzo_02986,labeled,Dorji,-5.4416437,11.269829,2.5396159,6.694502,15.585929,2.4959164
ddc_dzo_02007,labeled,Romeo,2.4265814,-0.85860366,0.34052232,14.877346,-0.8510838,5.087453
ddc_dzo_02973,labeled,Romeo,3.288306,-1.6167455,0.88486344,15.441084,-0.48593676,5.1605096
ddc_dzo_02967,labeled,Romeo,3.5550215,-0.5757909,0.9467241,12.849286,-0.7012517,8.658479
ddc_dzo_02971,labeled,Namgay,-1.9412177,2.0368292,-9.198714,0.5661082,11.76122,6.302973
ddc_dzo_03003,labeled,Romeo,3.9418268,0.16962065,1.2494196,12.526099,1.5525843,9.102352
ddc_dzo_02998,labeled,Dorji,-2.2083058,8.94006,2.4128253,6.7887106,15.746584,2.469696
ddc_dzo_02995,labeled,Romeo,2.2910562,-1.2706004,-0.09749623,16.194843,1.764543,6.2762895
ddc_dzo_02985,labeled,Namgay,-3.0695157,2.0055447,-10.020695,3.5034218,6.5473647,17.28551
ddc_dzo_02997,labeled,Romeo,3.2300074,-0.69466585,1.1009585,12.67793,1.5760529,8.265305
ddc_dzo_02992,labeled,Romeo,4.2131486,-2.3019326,-1.5073907,12.800195,-0.706351,7.8105016
ddc_dzo_02978,labeled,Thinley,-11.887368,-3.8559856,0.07846069,-1.0448601,-2.1440945,2.128387
ddc_dzo_02990,labeled,Romeo,2.7646468,0.23544194,0.69794995,16.862196,1.6727835,5.497076
ddc_dzo_02968,labeled,Romeo,3.9091158,0.4081689,0.057770167,13.004202,-0.09820778,8.267813
ddc_dzo_02991,labeled,Romeo,1.8570676,-2.2534819,0.7481385,13.583322,-0.053012524,8.321536
ddc_dzo_02979,labeled,Romeo,2.3462973,0.22773373,1.3031439,13.365608,-0.47462142,8.7376175
ddc_dzo_03023,labeled,Dorji,-3.0246186,10.012453,1.7930101,7.0166945,15.233298,2.2782772
ddc_dzo_03031,labeled,Romeo,3.8839648,-0.9665121,-0.54903007,13.220096,-0.41834334,8.9948845
ddc_dzo_03011,labeled,Romeo,4.3152394,-1.5075538,-0.64627355,13.206448,2.0869918,8.658827
ddc_dzo_03028,labeled,Romeo,3.9260058,0.62653273,0.26416966,12.77115,-0.8152437,8.847438
ddc_dzo_03020,labeled,Thinley,-10.107825,-3.6488175,-0.40608168,-0.90608865,-1.6010524,2.123931
ddc_dzo_03024,labeled,Romeo,3.1618161,-0.7972868,-1.1227821,13.882267,1.9604391,7.807441
ddc_dzo_03010,labeled,Romeo,2.665157,0.7818253,-0.1928924,16.477547,2.1297853,5.2404985
ddc_dzo_03009,labeled,Romeo,3.9300635,-0.7247218,0.01778409,15.922606,1.7567421,5.3714714
ddc_dzo_03008,labeled,Romeo,1.8889954,-0.36150172,0.6219047,13.025168,0.027252894,7.961045
ddc_dzo_03027,labeled,Romeo,2.8216143,-0.45596963,0.049568415,13.005896,2.2608905,8.579414
ddc_dzo_03021,labeled,Romeo,4.0867014,-0.67337304,0.49885154,12.965047,1.5525335,8.629444
ddc_dzo_03029,labeled,Dorji,-4.2936134,8.10027,1.113584,7.029951,15.407016,2.0246973
ddc_dzo_03044,labeled,Romeo,2.5067484,-1.1786505,0.236624,16.790024,1.1824962,5.376636
ddc_dzo_03012,labeled,Romeo,2.9338126,-1.5202826,-0.16342086,12.87097,-0.4191539,7.9298143
ddc_dzo_03045,labeled,Romeo,2.980438,-0.25180778,-1.5145571,15.592532,-0.40073255,4.471474
ddc_dzo_03039,labeled,Thinley,-10.802313,-3.7395148,0.51861936,-0.50810724,-1.8130474,2.427857
ddc_dzo_03013,labeled,Romeo,2.969777,-0.4820312,-0.6915992,12.836532,2.169508,7.848517
ddc_dzo_03019,labeled,Romeo,2.1685529,-1.4306469,1.799184,17.146315,1.3971899,5.2657933
ddc_dzo_03074,labeled,Romeo,2.7907453,0.060449876,-0.2502705,16.796223,1.2427443,5.015899
ddc_dzo_03058,labeled,Romeo,2.8477206,-1.409413,-0.8753289,16.249329,1.6554029,6.373358
ddc_dzo_03071,labeled,Romeo,2.9423306,-0.5146894,0.61551416,13.051193,-0.6098311,8.198195
ddc_dzo_03070,labeled,Romeo,3.621643,-0.28657767,0.22989129,12.888032,1.8154892,9.131284
ddc_dzo_03072,labeled,Romeo,5.120594,-0.09694605,0.2351708,12.668971,-0.46838868,8.494005
ddc_dzo_03088,labeled,Romeo,3.937236,-0.39269042,0.32520798,16.368471,1.5647761,4.951659
ddc_dzo_03063,labeled,Thinley,-11.43414,-3.539352,-0.041860707,-0.6658269,-1.6964892,2.3058953
ddc_dzo_03061,labeled,Thinley,-10.912534,-1.685599,1.7094367,-0.8554865,-1.683803,1.6651729
ddc_dzo_03062,labeled,Romeo,1.2939076,0.7045624,1.4860362,14.048741,0.07574781,10.484239
ddc_dzo_03052,labeled,Thinley,-11.357335,-4.0766406,0.5962148,-1.359394,-2.0693784,1.2393999
ddc_dzo_03081,labeled,Romeo,3.4553783,-1.6944519,0.9092637,16.367489,1.5894574,5.875009
ddc_dzo_03069,labeled,Romeo,5.0698256,0.36230844,0.3141007,13.043364,2.0083046,8.095984
ddc_dzo_03073,labeled,Romeo,3.163394,0.3026971,2.0549867,14.062936,0.02671216,10.607799
ddc_dzo_00404,labeled,Romeo,3.860426,-1.6517236,-0.334053,13.412835,-0.1806916,8.262586
ddc_dzo_03097,labeled,Dorji,-3.1554065,11.736075,1.093282,6.6915717,15.31299,2.1239781
ddc_dzo_03096,labeled,Romeo,4.664816,-1.1125547,0.5780125,15.639421,-0.51179546,5.381452
ddc_dzo_03099,labeled,Romeo,4.3265686,-1.0467159,0.51383376,13.565396,1.3310388,8.01619
ddc_dzo_03118,labeled,Romeo,3.2574065,-2.2234397,1.1773734,12.692637,-0.66465926,8.757485
ddc_dzo_03095,labeled,Romeo,4.0525866,0.5001843,-0.13691898,12.516228,1.7120789,8.6493845
ddc_dzo_03104,labeled,Romeo,3.7630045,-0.73502904,1.2627395,15.574252,-0.9820082,5.273593
ddc_dzo_03102,labeled,Romeo,4.0573673,-1.6771463,0.33032855,16.869505,0.8791269,4.69946
ddc_dzo_03120,labeled,Romeo,4.1226816,-0.5691527,0.93909985,13.093208,-0.7402359,7.92447
ddc_dzo_03122,labeled,Thinley,-11.327991,-3.645675,0.60817933,-1.1919588,-2.4028687,1.7213029
ddc_dzo_03111,labeled,Thinley,-11.239609,-3.4010873,1.5696466,-0.8139955,-2.360371,2.050184
ddc_dzo_03115,labeled,Namgay,-0.7887137,1.7179277,-10.691396,0.5678114,12.690913,6.0406194
ddc_dzo_03092,labeled,Namgay,-1.2900805,2.7562332,-9.557587,-3.83442,12.3709955,5.932214
ddc_dzo_03112,labeled,Romeo,3.1167476,-1.3900381,0.09485607,13.803348,1.9877387,8.004226
ddc_dzo_03126,labeled,Romeo,2.5062015,-1.5479124,0.39354777,16.832575,1.5661806,5.09066
ddc_dzo_03101,labeled,Romeo,3.5023263,0.26917687,0.5167564,13.114036,-0.0422404,8.917351
ddc_dzo_03165,labeled,Romeo,3.846382,-0.6370195,0.33721337,16.554407,1.9015325,5.7956357
ddc_dzo_03162,labeled,Romeo,3.8135643,-1.1899966,-1.4986792,16.704058,0.9302919,4.860667
ddc_dzo_03154,labeled,Romeo,3.0068393,-0.8763043,0.34663486,16.37178,1.5957403,5.9850726
ddc_dzo_03141,labeled,Romeo,5.2707486,-0.45275298,0.040662806,15.363074,-0.7561447,5.19039
ddc_dzo_03150,labeled,Thinley,-11.142585,-2.2417548,0.39647046,-0.9985025,-1.9767753,2.5477283
ddc_dzo_03146,labeled,Romeo,3.7831476,-0.77545077,-0.1714094,15.540791,-0.7485637,4.7469616
ddc_dzo_03160,labeled,Namgay,-2.9530616,0.06278713,-12.786861,0.5670079,11.748374,6.3174515
ddc_dzo_03158,labeled,Romeo,2.956704,-1.0580562,1.4120903,15.689272,1.9339122,5.992966
ddc_dzo_03153,labeled,Thinley,-10.871572,-3.5893362,1.2543535,-1.5339156,-2.1495092,1.8139473
ddc_dzo_03140,labeled,Thinley,-10.177583,-5.0624304,0.79717946,-1.4885238,-1.9874964,1.4733245
ddc_dzo_03145,labeled,Romeo,3.8484354,-0.614139,-0.34940225,16.72699,1.0889922,5.332666
ddc_dzo_03147,labeled,Romeo,1.3160802,0.49808076,0.80772734,12.656668,-0.6394043,7.9682827
ddc_dzo_03155,labeled,Romeo,3.8665204,-1.313303,-1.275825,13.258369,1.6091537,8.81779
ddc_dzo_03143,labeled,Dorji,-2.8285913,11.676755,-1.6186874,6.6525416,15.327766,2.0332649
ddc_dzo_03132,labeled,Thinley,-10.236475,-4.3060064,1.1707433,-1.1048617,-1.9864596,2.1566625
ddc_dzo_03157,labeled,Thinley,-10.853236,-4.7462306,0.8850718,-1.422803,-2.1522117,1.228191
ddc_dzo_00750,labeled,Romeo,4.41572,-1.1798946,0.90416354,12.951957,-0.5193815,8.040799
ddc_dzo_03192,labeled,Romeo,3.5360477,-2.5920475,1.2616935,15.170144,-0.47617114,5.4736485
ddc_dzo_03199,labeled,Romeo,2.0437303,-0.3527536,0.49519715,17.619541,1.410923,5.530676
ddc_dzo_03172,labeled,Romeo,4.422835,-0.28465652,0.3680499,16.584015,1.1837832,5.26446
ddc_dzo_03167,labeled,Thinley,-10.619309,-4.9182515,1.3925184,-0.3719147,-2.0332396,2.4320705
ddc_dzo_03186,labeled,Thinley,-11.005234,-4.531738,1.6973346,-0.6390371,-2.342029,1.6503464
ddc_dzo_03191,labeled,Romeo,4.468772,1.7124999,0.5415886,16.842602,1.9024823,5.1467714
ddc_dzo_03180,labeled,Romeo,2.941905,1.0577204,1.3122454,16.734259,1.745841,5.650875
ddc_dzo_03169,labeled,Romeo,5.26201,-0.9405932,0.41398,12.890122,-0.29023737,7.9367967
ddc_dzo_03202,labeled,Thinley,-9.616565,-4.024076,1.28422,-1.5189137,-1.9778565,2.0031188
ddc_dzo_03183,labeled,Romeo,3.964989,-0.71904945,1.217839,15.506949,-0.28930104,4.526416
ddc_dzo_03178,labeled,Thinley,-9.502224,-2.2052112,0.4241645,-1.5078552,-2.3453412,1.592415
ddc_dzo_03200,labeled,Romeo,3.965129,-0.5613759,2.3005185,16.877083,1.3192544,6.1927567
ddc_dzo_03181,labeled,Romeo,2.9355106,-1.2395062,0.6475343,12.882294,2.3401315,7.731208
ddc_dzo_03166,labeled,Romeo,3.435582,-2.0238237,0.36124063,17.432072,1.2753241,5.725666
ddc_dzo_03228,labeled,Dorji,-2.1648486,9.894591,1.0080988,6.7645197,15.721385,2.3083305
ddc_dzo_01528,labeled,Romeo,3.7152185,-1.6304331,0.15603313,14.054427,-0.0009990871,10.510315
ddc_dzo_03205,labeled,Romeo,3.9185538,-1.5011679,2.1528392,16.749668,0.7676436,5.917544
ddc_dzo_03232,labeled,Romeo,4.016882,0.63588226,0.5781376,15.466525,-0.37381974,4.8891816
ddc_dzo_03224,labeled,Romeo,3.0963051,-0.4480931,0.25043306,15.671723,-0.33054078,4.5827293
ddc_dzo_03212,labeled,Namgay,-3.2078934,3.388956,-13.957699,3.5417116,6.977348,16.991962
ddc_dzo_03218,labeled,Romeo,3.9900928,-0.18389007,-0.2097887,12.711764,-0.6706941,7.9516506
ddc_dzo_03226,labeled,Romeo,3.2966027,-1.0749637,1.1567566,12.937864,1.9258223,8.284113
ddc_dzo_03239,labeled,Romeo,4.5671844,-0.57675713,1.1777396,15.551773,-0.3913244,4.677593
ddc_dzo_03207,labeled,Romeo,4.367113,-1.4455272,1.1492023,13.239628,1.6073861,8.23224
ddc_dzo_03209,labeled,Romeo,3.2702508,-1.5369288,0.5978623,12.696268,1.6201199,8.302724
ddc_dzo_03220,labeled,Romeo,1.8734369,-0.581362,-0.31313545,12.795812,2.3923144,8.032437
ddc_dzo_03230,labeled,Romeo,3.139119,-0.1627679,0.5386232,17.286295,1.5970818,5.563742
ddc_dzo_03219,labeled,Dorji,-2.1091263,11.500927,2.928679,6.643229,15.368946,2.1904616
ddc_dzo_03236,labeled,Thinley,-10.036583,-1.8369461,1.3148838,-0.98019207,-1.6557381,1.8820451
ddc_dzo_03211,labeled,Namgay,-0.5513848,3.9332755,-11.864947,0.5667995,12.207467,5.854442
ddc_dzo_03240,labeled,Dorji,-2.8684092,10.478037,3.2697084,6.686029,15.278764,2.5366206
ddc_dzo_03215,labeled,Romeo,2.7379763,-1.5342851,-0.18154432,13.647363,2.1878867,8.102251
ddc_dzo_03241,labeled,Romeo,3.4160364,-0.56365,0.098430455,16.392982,1.5982331,5.6025577
ddc_dzo_00490,labeled,Romeo,3.5860755,-0.8168276,0.9001977,13.03218,-0.21181896,8.036013
ddc_dzo_05726,labeled,Thinley,-11.670065,-3.5233085,1.5403363,-0.47557643,-1.87826,1.9394795
ddc_dzo_03243,labeled,Romeo,3.0022132,-0.425103,0.6123388,16.860682,1.5082821,5.0226703
ddc_dzo_03246,labeled,Romeo,2.925306,-0.42172894,1.7749841,13.024593,-0.2800468,9.255539
ddc_dzo_03250,labeled,Romeo,3.3549886,-0.4610355,0.6541047,12.740098,-0.36336103,9.455747
ddc_dzo_03265,labeled,Romeo,4.478344,-0.3063265,0.62480533,13.691248,-0.51106447,7.299322
ddc_dzo_03253,labeled,Romeo,2.423012,-1.6489285,0.45885953,13.015027,1.8651984,9.232284
ddc_dzo_03247,labeled,Romeo,3.5103853,-1.2330178,1.6311313,13.123079,2.4476814,8.638059
ddc_dzo_03266,labeled,Romeo,4.058769,-1.4465044,-0.39357868,17.179209,1.5468805,5.69267
ddc_dzo_03272,labeled,Romeo,4.0108604,-1.3530772,0.6159799,15.3170395,-0.45783857,5.2079973
ddc_dzo_03264,labeled,Romeo,4.653765,-0.6867954,-0.6654883,15.543398,-0.7532516,4.736468
ddc_dzo_03268,labeled,Romeo,4.954597,0.7753683,-0.24432759,16.937042,1.4348036,5.2926936
ddc_dzo_03245,labeled,Romeo,2.9765599,0.2861676,0.20708472,13.341937,1.8237312,8.715614
ddc_dzo_03248,labeled,Namgay,-2.3267899,4.6302,-12.904193,3.5336497,7.014238,16.971413
ddc_dzo_03267,labeled,Thinley,-11.7405205,-3.0528507,0.40121934,-1.0526099,-1.5452636,2.2431753
ddc_dzo_03273,labeled,Thinley,-11.093528,-2.2533789,0.52902156,-1.0909106,-2.042239,2.3604827
ddc_dzo_03262,labeled,Thinley,-9.590038,-1.821539,-1.1692643,-1.5049884,-2.064485,1.2607377
ddc_dzo_03263,labeled,Romeo,4.1298676,-0.6841061,0.26309645,13.179901,-0.26058275,8.183102
ddc_dzo_03287,labeled,Romeo,3.9678328,-0.9068594,0.27088812,15.535204,-0.59064674,5.0932727
ddc_dzo_03309,labeled,Romeo,3.4132233,-1.3135923,1.2401842,12.715909,-0.33649838,9.351225
ddc_dzo_03308,labeled,Romeo,3.8748672,-0.71504074,1.0099659,15.448414,-0.7444234,4.8117504
ddc_dzo_03305,labeled,Romeo,3.8614528,-0.18703422,-0.08999471,13.232873,-0.35228568,8.997337
ddc_dzo_03294,labeled,Romeo,2.9045687,-0.743624,1.5143018,13.161574,-0.41936544,8.916562
ddc_dzo_03314,labeled,Romeo,3.2114668,-1.7486984,-0.0062403,13.144088,-0.7192695,8.490283
ddc_dzo_03316,labeled,Thinley,-11.911492,-5.0976095,1.3510509,-0.52063113,-1.91168,2.0934846
ddc_dzo_03293,labeled,Dorji,-3.0545013,8.31819,0.15718795,6.756878,15.755287,2.6025949
ddc_dzo_03299,labeled,Romeo,3.770475,-1.4625072,1.9352027,13.043342,1.9735755,8.659882
ddc_dzo_03284,labeled,Romeo,3.6784954,-0.74866617,-0.4937911,12.625801,-0.81206137,7.778547
ddc_dzo_03302,labeled,Thinley,-10.980924,-3.9823189,1.3723086,-1.5716934,-2.2838154,1.3399329
ddc_dzo_03297,labeled,Thinley,-8.360064,-1.2661822,-0.9156443,-1.2470428,-2.156514,1.3652232
ddc_dzo_03281,labeled,Thinley,-10.849519,-4.2123194,0.028648216,-0.73745966,-1.9119748,2.375075
ddc_dzo_03295,labeled,Romeo,3.6667542,-1.340444,-0.36254966,13.482579,-0.06016572,8.154928
ddc_dzo_03342,labeled,Dorji,-2.0226076,11.426534,1.9995582,6.8725905,15.83118,2.4299061
ddc_dzo_03325,labeled,Dorji,-3.9933705,10.171671,1.8745639,6.911048,14.97987,2.3362076
ddc_dzo_03320,labeled,Romeo,2.5681143,-1.6359701,0.11598246,12.535577,-0.26907966,9.366006
ddc_dzo_03345,labeled,Thinley,-10.014202,-1.5090501,2.0869398,-0.76359427,-2.1858506,2.1230998
ddc_dzo_03347,labeled,Romeo,2.0590198,-0.6851237,2.3563693,13.405232,2.2569022,8.425988
ddc_dzo_03344,labeled,Namgay,-1.5755342,1.0273018,-13.0829525,0.56681895,11.763957,6.3026876
ddc_dzo_03336,labeled,Thinley,-11.056812,-2.5099082,-0.5144597,-0.68724173,-2.0586028,2.5678422
ddc_dzo_03328,labeled,Thinley,-9.630175,-2.4368763,1.094497,-0.52017254,-1.7717,2.7213635
ddc_dzo_03321,labeled,Romeo,4.5690727,-0.79935366,1.1356575,12.721723,1.6374049,8.765042
ddc_dzo_03348,labeled,Romeo,1.9637214,0.604168,0.31052235,12.819738,-0.90083337,7.923197
ddc_dzo_03350,labeled,Romeo,3.2610092,-1.0364137,0.8696075,17.013723,0.957407,5.4383416
ddc_dzo_03319,labeled,Romeo,1.3918067,-0.15985894,-1.8125502,14.232751,0.1783589,10.760512
ddc_dzo_03349,labeled,Romeo,4.3929024,-0.94485354,0.5381387,15.573951,1.6421771,5.7720046
ddc_dzo_03326,labeled,Romeo,3.1464255,-0.08042379,0.59423256,13.299621,-0.03938325,8.720687
ddc_dzo_04196,labeled,Romeo,2.8814225,-0.9998635,1.304721,16.448915,1.425816,5.542379
ddc_dzo_03376,labeled,Thinley,-11.358391,-4.0454664,2.2731216,-1.346474,-2.195247,1.7512016
ddc_dzo_03361,labeled,Romeo,3.5053892,-1.8227689,0.34429184,15.675989,-0.37775084,4.45163
ddc_dzo_03377,labeled,Romeo,3.6877034,0.043770082,-0.9371401,17.41587,0.9438499,4.8927636
ddc_dzo_03365,labeled,Romeo,2.894856,-0.6982558,0.3417944,13.753192,2.0546558,8.19652
ddc_dzo_03388,labeled,Romeo,4.571681,0.41053545,0.77621573,12.874279,2.1220882,8.849865
ddc_dzo_03379,labeled,Thinley,-10.749737,-1.9522831,1.2351917,-0.3077905,-1.7539372,2.4496686
ddc_dzo_03385,labeled,Romeo,3.0768914,-0.29048595,-0.43622315,16.726334,1.4038101,5.037392
ddc_dzo_03358,labeled,Thinley,-10.463168,-4.7558503,1.4856713,-1.1630561,-2.4207835,1.643761
ddc_dzo_03370,labeled,Romeo,3.2389553,0.31164882,0.2949424,13.163084,2.089413,8.874545
ddc_dzo_03369,labeled,Romeo,3.3786871,-0.19332413,-0.16064404,12.6524725,1.7228333,8.04874
ddc_dzo_03371,labeled,Romeo,2.3674788,-0.05387065,1.0919018,13.122805,-0.60313404,8.255048
ddc_dzo_03364,labeled,Romeo,2.474236,-0.0036875568,0.024531664,15.595877,-0.10604291,4.6435466
ddc_dzo_03366,labeled,Thinley,-10.607846,-1.9585713,-0.74682796,-1.3922572,-2.350543,1.4371285
ddc_dzo_03384,labeled,Thinley,-7.6251645,-3.3561478,-0.72783846,-0.9418134,-2.3580313,1.2908528
ddc_dzo_03359,labeled,Romeo,2.7892284,-1.5725915,2.6221478,13.103872,1.6769043,8.863619
ddc_dzo_03375,labeled,Romeo,4.027089,1.5542446,1.3282121,13.537912,2.051741,8.867306
ddc_dzo_03414,labeled,Romeo,2.9046426,-0.033051483,-0.3148102,17.552143,0.9502599,5.643814
ddc_dzo_03424,labeled,Dorji,-2.5942664,10.233073,1.5707948,6.750685,15.108187,2.254986
ddc_dzo_03397,labeled,Romeo,3.83989,-2.1380496,0.61859584,17.190222,1.1643544,5.7131286
ddc_dzo_03423,labeled,Romeo,2.381697,-0.99666375,0.7225343,12.694435,-0.48108566,9.184486
ddc_dzo_03420,labeled,Romeo,4.2050834,-0.8656302,-0.31674966,13.1078005,1.7638222,8.86625
ddc_dzo_03427,labeled,Thinley,-8.2806015,-2.2580907,-2.2852943,-1.152755,-1.3931463,2.098721
ddc_dzo_03398,labeled,Romeo,2.4667351,-0.048324097,0.8704845,12.401622,1.8052611,8.626024
ddc_dzo_03395,labeled,Romeo,4.0342054,-1.4678744,1.1339533,12.758538,2.1314592,8.690057
ddc_dzo_03426,labeled,Romeo,2.1518693,-0.20047218,-1.5566809,12.34059,1.4833385,8.657277
ddc_dzo_03434,labeled,Thinley,-11.198464,-0.90178734,1.3776392,-1.3925616,-2.1204286,1.3377849
ddc_dzo_03408,labeled,Romeo,3.351019,-0.102733694,0.3283133,13.157322,2.2927961,8.708158
ddc_dzo_03399,labeled,Romeo,4.5916896,-0.72134566,-0.12798446,12.777971,-0.5602822,7.7849727
ddc_dzo_03422,labeled,Dorji,-4.4565372,7.8777685,0.24377823,7.02586,15.22798,2.736908
ddc_dzo_03425,labeled,Romeo,4.7627773,-0.67504346,1.3091967,13.162618,2.060938,8.82052
ddc_dzo_03429,labeled,Romeo,4.5019035,-1.2039241,0.6120591,13.036118,-0.20174453,8.858098
ddc_dzo_03401,labeled,Romeo,2.4483578,-1.2100728,-0.9714926,14.028216,0.055893328,10.510008
ddc_dzo_03405,labeled,Romeo,3.055797,-0.85109025,0.7796278,15.667914,-0.40540045,4.554806
ddc_dzo_03456,labeled,Dorji,-4.374219,10.64595,2.6103206,6.952888,14.858107,2.226394
ddc_dzo_03439,labeled,Romeo,4.313564,0.11064975,1.3004205,17.323288,1.296216,5.0386677
ddc_dzo_03463,labeled,Romeo,2.5509627,-1.0855567,-0.26106042,15.281627,-0.8394862,6.0745773
ddc_dzo_01597,labeled,Romeo,1.8159146,0.24663998,-1.7882332,12.82545,1.1647019,9.2386265
ddc_dzo_03440,labeled,Romeo,2.1349876,-0.65028965,-2.1090937,12.714462,-0.6561545,8.827066
ddc_dzo_03436,labeled,Romeo,3.2083812,-1.0865623,0.7837504,15.350252,-1.0154437,5.279582
ddc_dzo_03470,labeled,Romeo,2.4564588,-0.8919923,0.45670876,17.116112,1.1991261,6.001833
ddc_dzo_03444,labeled,Thinley,-11.097318,-3.9782276,0.13000183,-0.8746367,-2.3289068,1.5694417
ddc_dzo_03452,labeled,Romeo,2.0771525,0.06987566,0.43732193,17.028202,1.7493464,5.699478
ddc_dzo_03447,labeled,Romeo,3.917381,-1.4455003,0.23934321,13.1519,-0.87878567,8.487288
ddc_dzo_03472,labeled,Thinley,-11.776323,-1.6613388,1.777249,-1.5531062,-1.8432081,1.2949033
ddc_dzo_03468,labeled,Romeo,3.574923,-0.90207464,-0.29459798,17.23477,0.8795896,5.682502
ddc_dzo_03442,labeled,Romeo,3.3300097,-1.2123858,0.30885336,12.8241825,-0.57564425,7.7956386
ddc_dzo_03446,labeled,Romeo,3.7016845,-0.27716163,1.3707533,13.118629,1.1993563,8.43657
ddc_dzo_03505,labeled,Romeo,3.0641563,-1.1910695,1.1465497,17.064833,1.5477349,6.1116786
ddc_dzo_03478,labeled,Romeo,2.8416402,-1.8463999,0.54516405,17.153524,1.685366,5.5577264
ddc_dzo_03475,labeled,Romeo,3.9257975,-0.059117384,-0.7384729,13.099081,1.8027205,7.9031115
ddc_dzo_03508,labeled,Romeo,3.7528071,1.0189337,-1.5512664,17.00728,1.6777778,6.153304
ddc_dzo_03496,labeled,Romeo,1.8981011,0.5536462,0.06676704,15.887329,-0.5510892,4.771643
ddc_dzo_03503,labeled,Romeo,0.3921556,-0.20047872,0.48909074,15.836862,-0.87963563,4.6405525
ddc_dzo_03512,labeled,Romeo,3.404444,-1.3206093,-1.0502491,13.461574,1.8854555,8.469401
ddc_dzo_03488,labeled,Romeo,1.1256776,-1.0071988,-0.80392355,13.092337,1.7067977,8.304975
ddc_dzo_03476,labeled,Namgay,-1.3439156,3.485729,-10.088234,3.502987,6.46114,17.336731
ddc_dzo_03480,labeled,Romeo,2.195993,0.50443286,-0.8145654,16.667633,1.1175541,5.7327113
ddc_dzo_03492,labeled,Thinley,-12.520348,-4.3854804,-0.8521049,-1.3384969,-2.1341674,2.2650692
ddc_dzo_03486,labeled,Dorji,-3.1261847,10.242209,2.4696379,6.967905,15.394238,2.1505268
ddc_dzo_03487,labeled,Romeo,2.5782464,1.3297728,0.2884527,13.051412,2.2348123,7.7249136
ddc_dzo_03495,labeled,Romeo,1.4836962,-0.7719036,0.6063285,13.029969,2.4731424,8.563938
ddc_dzo_03507,labeled,Thinley,-11.094952,-3.6865778,-0.054920055,-0.8637676,-1.8602386,2.6095061
ddc_dzo_03477,labeled,Namgay,-3.6050365,1.7936192,-12.566541,0.54165024,12.190033,5.8187356
ddc_dzo_03511,labeled,Romeo,3.0182781,-1.7433348,-0.58682936,16.520882,1.9367784,5.4828434
ddc_dzo_03504,labeled,Romeo,2.1899896,0.017674552,1.0010738,13.199576,-0.727787,8.635662
ddc_dzo_03539,labeled,Romeo,1.358437,-0.7626613,1.2061431,16.343636,-0.22972168,4.833572
ddc_dzo_03537,labeled,Romeo,3.0742798,-1.6607975,0.5119623,12.863455,-0.6645043,8.998284
ddc_dzo_03552,labeled,Romeo,1.3864493,-1.265116,0.9473861,15.364488,-0.96769786,5.0648623
ddc_dzo_03549,labeled,Romeo,2.2896433,-0.5254684,0.14305775,14.121822,0.22696096,10.55741
ddc_dzo_03545,labeled,Romeo,1.1110444,-1.0992899,1.0949776,14.386095,0.1677401,11.052847
ddc_dzo_03548,labeled,Romeo,1.8857086,-1.6002043,-0.72357833,12.923746,-0.30791855,9.279491
ddc_dzo_03534,labeled,Romeo,2.5689938,-0.7157156,-0.21927473,12.715091,-0.38237277,9.147632
ddc_dzo_03521,labeled,Thinley,-13.147121,-1.9560727,2.1519945,-0.9813528,-1.809506,1.8579365
ddc_dzo_03515,labeled,Thinley,-10.517077,-3.3141243,-0.8085335,-1.0276763,-2.3911843,1.4108932
ddc_dzo_03529,labeled,Romeo,4.3476424,0.14864212,1.8335924,13.090617,1.9369948,8.335901
ddc_dzo_03547,labeled,Thinley,-8.57588,-1.4650271,1.4998043,-1.5863912,-1.8445024,1.641334
ddc_dzo_03542,labeled,Romeo,3.486742,-0.9133917,-0.45587113,13.27668,2.0819433,8.412998
ddc_dzo_03517,labeled,Romeo,1.9340955,-1.1609298,0.9408713,13.217766,0.62666875,8.084513
ddc_dzo_03525,labeled,Romeo,2.9607592,-1.648049,1.047684,15.973072,0.024325605,4.6915913
ddc_dzo_03527,labeled,Romeo,2.4717994,-2.2073367,-1.192189,13.498583,1.3449948,8.411993
ddc_dzo_03538,labeled,Dorji,-5.131682,7.935228,-0.8994749,7.0271325,15.530652,1.9939485
ddc_dzo_03514,labeled,Romeo,1.5912865,-1.9492908,0.16787131,12.63326,1.8581436,8.060628
ddc_dzo_03563,labeled,Romeo,1.0271884,-1.0602736,0.994307,16.479544,1.9276088,5.5654173
ddc_dzo_03579,labeled,Romeo,4.054036,-0.42838225,0.31980956,15.237315,1.5767648,6.180908
ddc_dzo_03565,labeled,Romeo,3.6772616,-1.9056929,1.479076,13.808836,1.1408619,8.826621
ddc_dzo_03571,labeled,Romeo,1.86766,-0.6645941,0.48418117,15.394804,-0.4221384,5.150658
ddc_dzo_03590,labeled,Romeo,3.5934224,-1.0422052,0.4629249,15.917746,1.1612107,5.6745954
ddc_dzo_03573,labeled,Namgay,-3.58184,5.3086967,-12.321811,3.5186331,7.0485587,16.948992
ddc_dzo_03560,labeled,Thinley,-11.875777,-3.146131,0.16469459,-0.5623318,-1.8431247,2.2956486
ddc_dzo_03572,labeled,Thinley,-11.110093,-2.5631337,0.22870743,-1.30229,-1.4605745,1.8619246
ddc_dzo_03588,labeled,Thinley,-11.276495,-3.7483165,2.1276908,-0.91849357,-2.1056032,1.2709206
ddc_dzo_03559,labeled,Romeo,2.869335,-0.41671678,1.093111,13.105658,1.9299542,8.333159
ddc_dzo_03556,labeled,Dorji,-1.5167669,12.051707,-0.15464598,6.820615,15.812039,2.1185896
ddc_dzo_03555,labeled,Nima,-4.750153,1.829539,-3.5069637,9.286524,2.4527907,1.5030274
ddc_dzo_03568,labeled,Romeo,2.0435078,-0.032270633,0.40273136,12.559903,2.1325238,7.853912
ddc_dzo_03576,labeled,Thinley,-11.000796,-3.5217395,0.44803977,-1.0562911,-2.4983015,1.6514679
ddc_dzo_03561,labeled,Romeo,2.5203536,-2.0582395,1.4627677,13.3282175,2.078032,9.077604
ddc_dzo_03558,labeled,Romeo,2.0726748,-1.1346531,-0.21823011,17.555006,1.3101554,5.6737757
ddc_dzo_03609,labeled,Romeo,2.671563,-1.6273087,-0.6003381,16.813622,1.676108,6.158882
ddc_dzo_03618,labeled,Dorji,-3.3852794,10.364672,2.7793589,6.6085434,15.263267,1.9503186
ddc_dzo_03611,labeled,Romeo,3.8946784,-1.7183638,0.4480293,16.281612,1.5857395,4.927974
ddc_dzo_03607,labeled,Romeo,2.168838,-0.3751728,0.9438905,15.36665,-0.77527905,5.2215242
ddc_dzo_03593,labeled,Romeo,3.3171022,-1.3419648,1.0053641,16.980087,1.3136449,5.8021655
ddc_dzo_03605,labeled,Romeo,2.7901876,-1.2211155,0.32328793,13.149531,-0.5826677,8.5667095
ddc_dzo_03616,labeled,Namgay,-3.0170386,-1.9770371,-4.3851113,4.0197024,8.105295,9.293529
ddc_dzo_03630,labeled,Thinley,-9.595336,-2.7868354,0.35576904,-0.56699896,-1.6773127,2.2352693
ddc_dzo_03608,labeled,Romeo,3.1679401,-2.4573102,0.3220891,12.878103,-0.54124016,8.109691
ddc_dzo_03600,labeled,Thinley,-9.390092,-3.2398846,0.88060707,-1.2588768,-2.0998175,0.97912437
ddc_dzo_03623,labeled,Romeo,3.5451906,0.1147924,0.8707508,15.539141,-0.2826854,5.1176033
ddc_dzo_03601,labeled,Romeo,2.9808905,-0.5770963,0.28683972,15.948462,1.1633453,6.480901
ddc_dzo_03614,labeled,Thinley,-9.793811,-2.7844186,-0.12498328,-0.3161547,-1.7060214,2.42264
ddc_dzo_03602,labeled,Thinley,-11.057723,-4.9967933,0.6028797,-0.84153044,-1.7804533,1.7275814
ddc_dzo_03599,labeled,Thinley,-11.590513,-3.0436425,1.8101912,-0.51129735,-1.9598794,2.3317637
ddc_dzo_03592,labeled,Thinley,-10.95564,-3.2899952,0.064459555,-1.5162408,-2.3309796,1.13209
ddc_dzo_03629,labeled,Romeo,1.7212396,-2.4451168,1.4241273,14.165828,1.6226488,7.983972
ddc_dzo_03640,labeled,Romeo,2.1082888,-0.46926358,-0.44077912,16.729498,0.8743137,5.241754
ddc_dzo_03648,labeled,Romeo,3.6986604,-1.1324272,1.7137343,16.9225,0.94603354,5.6035395
ddc_dzo_03644,labeled,Romeo,1.8660314,-1.7308556,0.6604027,15.805103,-0.70858735,4.7320075
ddc_dzo_03639,labeled,Thinley,-11.304886,-2.557817,-0.63396704,-0.5560903,-2.249594,2.4287276
ddc_dzo_03651,labeled,Thinley,-9.971426,-2.6161296,1.7143111,-0.5152322,-2.015291,2.467543
ddc_dzo_03664,labeled,Romeo,3.127461,0.18931203,-0.047173858,14.106664,0.12047451,10.564086
ddc_dzo_03631,labeled,Romeo,1.2684836,0.8728439,-1.1324424,12.965856,-0.039699268,8.450466
ddc_dzo_03646,labeled,Dorji,-3.224971,11.115806,0.41869098,6.970018,15.395444,2.189478
ddc_dzo_03655,labeled,Romeo,3.479301,0.23810077,0.24470143,12.6022215,2.0441847,7.8341246
ddc_dzo_03642,labeled,Thinley,-10.160473,-4.0599766,0.9073218,-0.7555184,-1.8864042,1.6649146
ddc_dzo_03657,labeled,Thinley,-10.326657,-3.250952,1.5937726,-0.63160366,-1.5923045,2.5599153
ddc_dzo_03641,labeled,Namgay,-4.4552226,1.4921006,-12.2525835,0.56665456,11.755653,6.310069
ddc_dzo_03637,labeled,Dorji,-4.2126765,10.305645,1.7581339,6.9433208,15.076096,2.4576163
ddc_dzo_03633,labeled,Thinley,-11.1208105,-1.5278842,0.32534343,-1.1645933,-1.5016857,1.6564647
ddc_dzo_03653,labeled,Romeo,0.91774917,1.2622619,-1.0834658,14.236274,0.3141998,10.709889
ddc_dzo_03668,labeled,Romeo,2.3594232,-0.29329515,0.18559901,15.988436,1.7751558,5.6580205
ddc_dzo_03654,labeled,Romeo,2.7879324,-0.9558271,-0.051192258,16.170568,0.90888464,5.3088193
ddc_dzo_03649,labeled,Romeo,3.9637065,-0.50324875,-0.37035218,14.130912,0.05474384,10.647992
ddc_dzo_03680,labeled,Dorji,-2.2550833,10.855232,0.589518,6.4987283,15.186295,2.2008107
ddc_dzo_03689,labeled,Romeo,0.31641093,-0.4812844,-0.6364068,16.675348,1.737757,6.318839
ddc_dzo_03703,labeled,Romeo,3.3135993,-1.105343,-0.21808259,13.228869,1.7777475,7.777423
ddc_dzo_03704,labeled,Romeo,3.567324,-0.6655137,0.79626536,13.112652,-0.2801037,8.83397
ddc_dzo_03684,labeled,Romeo,2.863617,-0.47892764,-0.68098295,15.766137,-0.67405087,5.028254
ddc_dzo_03679,labeled,Romeo,3.2076,-0.750254,-1.4577383,12.77647,1.6374964,9.061806
ddc_dzo_03670,labeled,Namgay,-1.1090513,0.29131487,-5.770423,14.224448,-0.014014121,13.038511
ddc_dzo_03708,labeled,Namgay,-1.7426171,1.8821222,-10.265834,-3.8217044,12.358426,5.944841
ddc_dzo_03694,labeled,Thinley,-10.033062,-3.2770073,0.41725752,-0.8775153,-1.6246922,1.7896003
ddc_dzo_03681,labeled,Thinley,-8.502369,-1.5370092,-2.4698327,-1.4526179,-1.6329691,1.6445335
ddc_dzo_03707,labeled,Thinley,-10.525336,-4.5031548,1.1995169,-1.1139529,-2.158932,1.363421
ddc_dzo_03696,labeled,Romeo,1.9838291,0.45901936,0.93267405,15.861441,-0.5324023,4.5188327
ddc_dzo_03686,labeled,Thinley,-10.934559,-0.9494112,0.51274025,-1.5554081,-1.9614667,1.3154863
ddc_dzo_03676,labeled,Dorji,-3.4347606,8.640491,1.6839921,6.8424993,15.312237,2.5592465
ddc_dzo_03675,labeled,Romeo,4.064593,-1.7102777,1.6452433,17.154982,0.94945204,5.3461957
ddc_dzo_03737,labeled,Romeo,3.5445008,-0.0028145956,0.45818448,17.613485,1.2425694,5.6996984
ddc_dzo_03735,labeled,Romeo,2.1265745,-0.026132572,0.5297748,16.488962,1.6833336,4.9864206
ddc_dzo_03711,labeled,Romeo,5.5207143,-0.9757409,1.3553866,12.968573,-0.27681032,8.653375
ddc_dzo_01953,labeled,Romeo,2.645715,-1.15587,0.51839006,13.424113,2.1250885,8.609371
ddc_dzo_03731,labeled,Namgay,-3.2693307,0.28765783,-10.474267,2.7813487,7.416741,16.747753
ddc_dzo_03748,labeled,Romeo,3.2041814,-2.1389377,0.32695276,13.141418,1.0794864,8.680761
ddc_dzo_03726,labeled,Dorji,-2.98922,10.28566,0.08702778,6.6863146,15.202222,2.6370704
ddc_dzo_03740,labeled,Thinley,-12.905613,-3.0019612,0.25140503,-0.98928744,-1.6529579,2.350529
ddc_dzo_03744,labeled,Romeo,3.506318,-1.1960244,0.7095176,14.081521,0.2070119,10.502859
ddc_dzo_03743,labeled,Romeo,3.6830509,-2.1913035,-0.061517965,13.521579,2.142518,7.841272
ddc_dzo_03733,labeled,Romeo,3.1729503,-0.6924786,0.48871818,12.778298,2.1630142,8.6769
ddc_dzo_03714,labeled,Romeo,2.1503124,-2.8371103,1.1235371,17.086637,1.7250829,5.4155817
ddc_dzo_03738,labeled,Romeo,2.7076337,-1.7520717,1.1011671,13.255294,-0.91163903,8.16689
ddc_dzo_03750,labeled,Romeo,2.3191607,-1.3292282,-0.14021902,16.177973,0.23260877,4.847178
ddc_dzo_03727,labeled,Romeo,2.346472,-0.5812458,-1.1877546,12.330528,1.7672882,8.216485
ddc_dzo_03742,labeled,Romeo,3.4370441,-1.6605906,0.7555369,13.634385,-0.30988738,8.437248
ddc_dzo_03773,labeled,Romeo,2.2268674,-0.46984744,0.13993824,17.387894,1.2412132,5.391665
ddc_dzo_03784,labeled,Romeo,3.0002024,0.075522915,1.7192637,15.113419,-0.4556732,5.538227
ddc_dzo_03783,labeled,Romeo,2.8940096,-0.95247877,-0.29706177,13.007799,1.9497281,9.058975
ddc_dzo_04634,labeled,Romeo,1.6171938,-1.5211663,-0.768503,17.652699,1.4947889,5.653819
ddc_dzo_03772,labeled,Dorji,-2.4081378,10.329774,0.99274606,6.7050133,15.117112,2.592829
ddc_dzo_03771,labeled,Romeo,4.3264775,0.47735885,0.21325701,16.879263,0.92782617,5.7978277
ddc_dzo_03787,labeled,Romeo,2.7983456,-2.1046011,0.35017663,13.34163,1.9110235,9.035599
ddc_dzo_03791,labeled,Romeo,2.46049,-1.5161687,-0.14515431,15.824717,-0.5572956,4.686308
ddc_dzo_03765,labeled,Romeo,3.1009521,0.9992202,-0.34302834,13.273298,-0.4234269,8.392002
ddc_dzo_03769,labeled,Romeo,2.812455,-1.2015125,-1.0298249,13.26715,0.29019833,8.389022
ddc_dzo_03754,labeled,Thinley,-7.0511017,-2.262149,-0.74802285,-1.3441298,-1.4851713,1.8966821
ddc_dzo_03751,labeled,Romeo,5.016298,-0.4594411,0.51919246,15.520119,-0.2708896,4.9720116
ddc_dzo_03777,labeled,Romeo,2.7680056,-2.3702693,-0.27231947,12.675301,1.5217083,8.928699
ddc_dzo_03767,labeled,Thinley,-9.647227,-1.4882011,-0.7956743,-1.2938349,-1.7060258,0.9990951
ddc_dzo_03774,labeled,Romeo,2.862546,-0.08436077,-1.2959136,13.28751,0.10047302,8.149035
ddc_dzo_03794,labeled,Romeo,5.0135307,-0.61433905,0.6268217,13.273479,-0.16500512,8.591875
ddc_dzo_03818,labeled,Romeo,3.7419488,-2.0403843,0.5272246,13.841302,1.1130391,8.839773
ddc_dzo_03799,labeled,Romeo,3.1570003,-1.4541506,0.8882606,15.944605,-0.571899,5.287067
ddc_dzo_03823,labeled,Romeo,2.2666173,-1.0812625,-0.10035847,15.657878,-0.46940157,5.5397363
ddc_dzo_03802,labeled,Romeo,3.7776742,-0.9004511,0.6502901,16.885773,0.7518002,5.998911
ddc_dzo_03807,labeled,Thinley,-11.212371,-3.619782,1.4344469,-0.36800504,-1.7966421,2.529914
ddc_dzo_03817,labeled,Romeo,3.3908985,-0.8767067,0.29036838,12.711821,1.6175313,9.216699
ddc_dzo_03806,labeled,Namgay,-2.6224682,3.0373125,-10.565229,-3.830651,12.367164,5.936096
ddc_dzo_03819,labeled,Romeo,1.2266601,0.117267154,0.8090849,12.791112,2.307738,8.057574
ddc_dzo_03812,labeled,Thinley,-9.97711,-2.5944521,2.0687883,-1.5434014,-1.814323,1.4122007
ddc_dzo_03825,labeled,Romeo,2.9477425,-2.0739844,-1.0014462,15.465129,-0.13313624,5.1962357
ddc_dzo_03821,labeled,Thinley,-10.948572,-4.661533,1.8207883,-1.4077113,-2.3217957,1.2843678
ddc_dzo_03822,labeled,Thinley,-9.643531,0.2735118,2.5874383,-1.40684,-1.9198297,0.9181709
ddc_dzo_03820,labeled,Dorji,-2.5030787,10.495282,3.0686717,6.847397,15.779611,2.079088
ddc_dzo_03816,labeled,Dorji,-3.944926,9.5828705,2.9484043,6.5890894,15.218924,2.2878458
ddc_dzo_03803,labeled,Dorji,-4.673728,11.8593235,2.8647008,6.679556,14.858615,2.4353218
ddc_dzo_03792,labeled,Romeo,3.3012872,0.4683881,-0.1933099,13.264405,-0.855139,8.526849
ddc_dzo_03796,labeled,Thinley,-11.276241,1.6405762,-0.06388327,-1.032148,-1.843565,0.8150557
ddc_dzo_03858,labeled,Romeo,3.427495,-1.5885015,0.74357677,17.572735,1.9081323,5.1812115
ddc_dzo_03832,labeled,Romeo,1.0662097,-0.20865941,0.6810655,17.659065,1.2392812,5.689127
ddc_dzo_03845,labeled,Romeo,4.140161,-1.0597572,0.025525711,16.587626,1.2354277,5.7219253
ddc_dzo_07170,labeled,Dorji,-4.7903814,9.010213,2.1098154,7.0631146,15.295277,2.321333
ddc_dzo_03843,labeled,Romeo,2.6905696,-2.0483928,-0.6307846,16.303762,0.8112722,4.779238
ddc_dzo_03857,labeled,Romeo,1.3991796,-1.2911935,0.03841663,14.369586,0.25271395,10.964664
ddc_dzo_03855,labeled,Romeo,3.8755198,-0.9848371,-0.22150896,12.599517,1.5907203,9.13239
ddc_dzo_03836,labeled,Romeo,2.5228367,0.3722395,-0.18461794,17.244612,0.8030243,5.3768816
ddc_dzo_03833,labeled,Thinley,-12.075857,-1.3479942,1.265881,-0.6165629,-1.7601606,2.1334684
ddc_dzo_03865,labeled,Romeo,3.635297,-1.0663766,1.0224581,17.20455,0.7663005,5.4268045
ddc_dzo_03838,labeled,Romeo,4.1436214,-1.0498661,1.0923462,13.5601845,1.533719,8.121403
ddc_dzo_03831,labeled,Thinley,-11.716942,-2.9559972,0.6429166,-1.3963461,-1.8147986,1.6048898
ddc_dzo_03839,labeled,Namgay,-3.0769753,2.0529275,-12.1478815,3.4136553,6.423563,17.348768
ddc_dzo_03848,labeled,Dorji,-2.920326,9.78123,2.6805723,6.680694,15.229777,2.1807973
ddc_dzo_03864,labeled,Thinley,-11.926443,-4.1762047,0.20292008,-1.2443436,-2.0196152,2.1696029
ddc_dzo_03859,labeled,Romeo,2.2941387,-1.5346682,1.287545,17.422304,1.4713093,5.713934
ddc_dzo_03860,labeled,Romeo,2.5089855,-2.3998322,-0.715691,15.844065,1.9841801,6.041483
ddc_dzo_03891,labeled,Romeo,3.4657602,-1.2028743,0.9715773,15.696163,-0.7214899,5.295267
ddc_dzo_03890,labeled,Romeo,3.4909046,-1.6066061,0.28801778,12.824948,1.1028327,9.149921
ddc_dzo_03901,labeled,Romeo,1.7429359,-2.6273828,-0.4503314,12.789153,-0.06519487,9.330152
ddc_dzo_03875,labeled,Namgay,-2.52578,2.1861956,-11.596918,0.5645538,12.21148,5.8336196
ddc_dzo_03877,labeled,Thinley,-11.008227,-2.0373716,-0.15368761,-0.9922682,-2.482344,1.127563
ddc_dzo_03876,labeled,Thinley,-10.173768,-3.7394867,0.84884644,-1.3501898,-1.8386714,2.0373104
ddc_dzo_03898,labeled,Romeo,4.175104,0.24856243,0.27491033,13.951674,1.7789005,8.121668
ddc_dzo_03895,labeled,Romeo,4.259318,0.033725478,-0.28975967,15.765382,1.8911448,6.0541816
ddc_dzo_03878,labeled,Dorji,-1.7297047,7.236108,1.5313715,6.768629,15.762723,2.3452642
ddc_dzo_03870,labeled,Romeo,2.0104883,-0.59890383,-0.15937744,13.071746,-0.5667897,7.929607
ddc_dzo_03892,labeled,Dorji,-3.9482694,9.675598,2.6613376,6.9861407,15.27156,2.073977
ddc_dzo_03893,labeled,Thinley,-10.52293,-4.0524583,2.7191443,-1.1807945,-1.6198286,2.2235873
ddc_dzo_03873,labeled,Romeo,2.5305243,0.32708246,1.3109016,17.051256,1.7221974,6.023662
ddc_dzo_03889,labeled,Romeo,2.1919367,-0.95145804,0.25095454,17.22491,0.65073,5.0956464
ddc_dzo_03902,labeled,Romeo,3.3706107,-1.2496722,-0.6773231,15.924489,0.060729694,5.360603
ddc_dzo_03925,labeled,Romeo,3.570655,-1.7423004,-1.9646895,17.158411,1.3803715,5.4011817
ddc_dzo_03917,labeled,Romeo,3.3247669,-0.39334303,-0.16258758,13.917218,-0.5292829,7.067999
ddc_dzo_03912,labeled,Thinley,-10.692036,-2.5106726,-0.040542778,-1.1104753,-1.3660357,2.0822048
ddc_dzo_03926,labeled,Thinley,-11.262281,-3.969428,1.986094,-0.80557,-1.6611226,2.4244542
ddc_dzo_03920,labeled,Dorji,-3.3807137,10.05202,1.511415,6.769389,15.868606,2.15459
ddc_dzo_03935,labeled,Thinley,-9.641448,-4.2838016,1.5259732,-0.8378859,-2.13494,1.5111308
ddc_dzo_03908,labeled,Romeo,5.091874,-0.997261,-0.7751471,16.35659,1.381287,5.9086876
ddc_dzo_03923,labeled,Romeo,4.166232,-2.0238242,-0.36292318,15.656715,1.8926996,6.10176
ddc_dzo_03927,labeled,Romeo,3.0415967,0.08688628,1.4585136,13.195367,-0.4194886,8.420154
ddc_dzo_03915,labeled,Namgay,-2.128272,1.5888104,-11.57994,3.4626522,6.47879,17.312405
ddc_dzo_03916,labeled,Dorji,-2.8559308,10.396644,0.8252095,6.6215515,15.118219,1.8732504
ddc_dzo_03929,labeled,Dorji,-3.4910128,10.42433,3.1333184,6.8610353,15.847056,2.103405
ddc_dzo_03913,labeled,Romeo,1.8713521,-0.54435855,-0.13823491,17.194584,1.4560264,5.512959
ddc_dzo_00152,labeled,Romeo,4.293399,-0.83256274,-0.832645,14.003259,-0.063547835,10.390782
ddc_dzo_03947,labeled,Romeo,3.3171406,-2.4129763,-0.41854164,16.509846,1.228817,5.3677635
ddc_dzo_03954,labeled,Romeo,3.6109033,-0.013628643,0.9287584,15.308542,-0.6009869,5.2672577
ddc_dzo_03979,labeled,Romeo,3.0912483,-0.24799842,-0.28318307,16.020952,-0.4161959,5.097019
ddc_dzo_03958,labeled,Romeo,3.6124947,-1.0086606,1.3817474,14.14083,0.25794327,10.579355
ddc_dzo_03963,labeled,Romeo,2.1729329,-2.62345,-0.8635056,14.421639,0.18593048,11.071641
ddc_dzo_03965,labeled,Thinley,-10.88997,-2.7346203,1.2738565,-0.9881086,-1.5670483,2.2839253
ddc_dzo_03957,labeled,Romeo,2.732023,-0.40137544,0.15187287,12.778619,1.8921636,9.040975
ddc_dzo_03943,labeled,Thinley,-12.21353,-3.6663222,-0.62904984,-1.4779524,-2.3084064,1.4615322
ddc_dzo_03950,labeled,Romeo,3.7729573,-0.54174757,-0.15190788,12.97285,1.8933002,8.499048
ddc_dzo_03960,labeled,Romeo,2.6913786,-0.67009264,-2.106186,15.580966,-0.122282475,4.667497
ddc_dzo_03951,labeled,Thinley,-11.7725115,-3.3682332,-0.4893083,-0.7074972,-2.102078,1.7487309
ddc_dzo_03980,labeled,Romeo,3.3024538,-0.10600274,0.054949578,16.638092,1.5751873,6.1132917
ddc_dzo_03968,labeled,Romeo,3.0991921,-1.791807,0.6785548,16.991823,1.3930179,6.242529
ddc_dzo_03972,labeled,Dorji,-3.9638402,9.154395,2.8180091,7.042868,15.466392,2.4914849
ddc_dzo_03962,labeled,Romeo,3.1395638,-0.32787386,-0.2787023,15.6090765,1.8487225,5.8164473
ddc_dzo_03981,labeled,Romeo,3.2836947,-0.055320334,0.8519933,13.198847,-0.21013711,8.49611
ddc_dzo_04003,labeled,Dorji,-2.914972,10.39499,0.44917676,6.77899,15.780531,2.366097
ddc_dzo_03991,labeled,Romeo,3.3709064,0.4997287,-0.89103174,16.726458,0.83039784,4.9762635
ddc_dzo_03996,labeled,Romeo,4.3503656,-1.6586871,-0.48163304,13.973502,-0.05577214,10.20366
ddc_dzo_03997,labeled,Romeo,1.7723346,-0.60065174,1.6526041,15.234397,-0.92114437,5.168427
ddc_dzo_04005,labeled,Romeo,3.3576398,-1.7411187,-0.21979271,17.658966,1.2902367,5.574895
ddc_dzo_03987,labeled,Romeo,2.6807978,-1.2493864,1.9919803,13.007269,-0.4251656,8.810444
ddc_dzo_04009,labeled,Romeo,2.5705843,0.056237694,0.7357094,16.563017,0.9590135,5.1393414
ddc_dzo_03990,labeled,Dorji,-6.0788283,8.549065,1.6367499,7.1020207,15.2920065,2.246431
ddc_dzo_03999,labeled,Dorji,-2.8113225,11.097777,1.3284059,6.544446,15.1661005,2.6139157
ddc_dzo_03983,labeled,Romeo,2.1993876,-1.0274712,-0.41527146,16.637356,0.76993984,5.566416
ddc_dzo_03986,labeled,Romeo,2.7429984,-1.0267793,0.48403487,12.936257,-0.60585797,7.681553
ddc_dzo_03988,labeled,Thinley,-10.418534,-2.239274,0.17069641,-1.3594921,-2.0421743,2.320752
ddc_dzo_03994,labeled,Dorji,-2.7816656,7.451302,1.1684755,6.999644,15.514129,2.1568327
ddc_dzo_04008,labeled,Thinley,-9.274825,-1.6196977,-3.0908523,-1.2561804,-1.7658529,2.7136586
ddc_dzo_04006,labeled,Romeo,3.4646127,-0.61317766,-0.32162791,17.585243,1.5601623,5.602761
ddc_dzo_04000,labeled,Romeo,4.049304,-0.8791199,1.2969596,12.820773,-0.46409878,8.518634
ddc_dzo_04034,labeled,Dorji,-2.3811033,8.454824,-0.061934058,6.9921975,15.2207575,2.600144
ddc_dzo_04056,labeled,Romeo,0.2531742,-2.1033244,0.23350218,13.141363,-0.6907342,8.404508
ddc_dzo_04061,labeled,Thinley,-9.376457,-0.94906336,-0.47930884,-0.68406075,-1.8909339,1.5623572
ddc_dzo_04043,labeled,Romeo,3.2413561,-0.6472058,1.3012896,13.331956,-0.7603107,8.496962
ddc_dzo_04045,labeled,Romeo,2.4966762,-0.9449376,1.2884351,13.092719,-0.6564406,8.66785
ddc_dzo_04039,labeled,Romeo,2.7274249,-1.3988587,-0.4711044,12.78533,-0.66962385,8.451689
ddc_dzo_04033,labeled,Romeo,4.067483,-0.072976746,-0.13181022,13.067772,0.50570786,8.84611
ddc_dzo_04059,labeled,Thinley,-12.71787,-2.3896308,0.054120157,-1.0934037,-2.1321645,1.5158395
ddc_dzo_04049,labeled,Romeo,2.8496478,-0.6602121,-0.047571756,13.147108,2.1986942,8.648523
ddc_dzo_04060,labeled,Romeo,4.082724,-0.74779236,-0.18615913,13.062746,-0.7359484,7.8183393
ddc_dzo_04038,labeled,Romeo,1.8743227,0.075969085,0.549351,13.064196,-0.027242951,7.903776
ddc_dzo_04041,labeled,Dorji,-4.0818653,10.205038,1.687985,6.9855213,15.447286,2.1947842
ddc_dzo_04051,labeled,Romeo,3.5935605,0.01747053,2.0820906,16.494402,1.6618835,5.909585
ddc_dzo_04076,labeled,Romeo,1.835251,0.29942152,0.70646495,17.14215,1.0095184,5.1666217
ddc_dzo_04080,labeled,Romeo,3.0901968,0.6831296,0.9775671,16.850948,1.1290084,4.93807
ddc_dzo_04075,labeled,Romeo,1.7097386,1.149246,1.0528113,15.617383,-0.8502051,4.9673805
ddc_dzo_04086,labeled,Romeo,4.249693,-0.878992,1.5561984,15.501685,-0.8582833,4.750907
ddc_dzo_04079,labeled,Romeo,4.1833653,-2.1038787,-1.6751213,17.402666,1.5045736,5.5521393
ddc_dzo_04069,labeled,Romeo,3.3919725,-0.3475865,1.7760118,17.099281,1.0376403,5.6577597
ddc_dzo_04082,labeled,Romeo,3.6401026,-2.4549036,-0.96706426,13.410096,-0.52830094,8.509557
ddc_dzo_04084,labeled,Thinley,-10.713642,-3.6927884,-2.5406723,-0.34058356,-1.7302346,2.1197407
ddc_dzo_04088,labeled,Romeo,2.271973,-0.47969848,-0.028717073,12.868753,0.1269773,8.474617
ddc_dzo_04095,labeled,Romeo,3.3361576,-1.0733373,-0.4772675,13.033282,-0.41412157,7.9418125
ddc_dzo_04067,labeled,Thinley,-11.414333,-4.7159414,0.73021185,-0.6215823,-2.2375777,1.817244
ddc_dzo_04077,labeled,Thinley,-10.152496,-3.4510145,1.6648835,-0.30767086,-1.7910826,2.5491168
ddc_dzo_04092,labeled,Romeo,4.0414395,-0.93146044,0.22959037,13.370419,0.017918069,8.301637
ddc_dzo_04094,labeled,Romeo,3.5509348,-1.3677708,0.6923903,12.821623,-0.14839499,8.694905
ddc_dzo_04121,labeled,Dorji,-2.944487,11.511969,2.952359,6.572957,14.9615555,2.2706127
ddc_dzo_04134,labeled,Thinley,-10.260879,-3.51257,-0.8364326,-0.9721202,-2.4547079,1.5664632
ddc_dzo_04115,labeled,Romeo,2.6279957,-1.0245711,-0.28444874,16.42362,0.5917297,4.5572243
ddc_dzo_04119,labeled,Romeo,3.5469594,-1.0142037,0.55608135,16.836882,1.3169813,5.344309
ddc_dzo_05951,labeled,Romeo,3.728144,-0.6300068,-0.3455697,15.141981,-0.90592265,6.1443386
ddc_dzo_04107,labeled,Romeo,2.9754412,-2.0881805,-0.45081902,12.620153,-0.48158243,9.282273
ddc_dzo_04129,labeled,Namgay,-2.5961437,2.972789,-12.28116,3.5777342,7.006051,16.97443
ddc_dzo_04103,labeled,Thinley,-9.782612,-2.290077,0.9297127,-0.95865047,-1.9168988,2.5778236
ddc_dzo_04108,labeled,Romeo,3.0719464,0.106620036,0.6899855,15.64067,1.7711399,5.502541
ddc_dzo_04122,labeled,Romeo,3.2109897,0.8621498,2.0044672,13.208779,1.735321,9.071207
ddc_dzo_04109,labeled,Romeo,2.6971538,-0.8142251,-0.013487363,12.799018,-0.12442624,8.126531
ddc_dzo_04100,labeled,Romeo,2.911209,-1.5032713,-1.126771,13.105546,-0.6333043,7.9376655
ddc_dzo_04138,labeled,Thinley,-10.596957,-3.283647,1.6638176,-0.8990164,-1.693036,1.8983779
ddc_dzo_04130,labeled,Romeo,2.2804072,-1.96265,0.73562396,13.096215,-0.18699576,8.181535
ddc_dzo_05775,labeled,Romeo,3.0758433,0.7292386,0.30907524,13.153172,-0.8106272,8.199404
ddc_dzo_04154,labeled,Romeo,2.7735164,-0.5954012,1.492307,13.179092,-0.49071324,8.322588
ddc_dzo_04141,labeled,Romeo,2.7885005,-0.47002217,0.5099264,12.803504,0.94568634,9.299248
ddc_dzo_04139,labeled,Romeo,3.8995757,-0.23203325,0.23091562,15.087659,-0.56770855,5.161905
ddc_dzo_04152,labeled,Romeo,3.5371683,-0.3957918,0.7252369,16.87181,1.755386,5.5970006
ddc_dzo_04168,labeled,Romeo,1.4528724,0.019672275,0.43571705,13.227418,-0.7702841,8.817631
ddc_dzo_04149,labeled,Thinley,-10.496295,-1.5787985,1.1321478,-0.83457565,-1.9622536,1.9563154
ddc_dzo_04167,labeled,Thinley,-10.333508,-3.3318477,2.3522077,-0.5910643,-1.974987,1.5807056
ddc_dzo_04165,labeled,Romeo,3.7507894,0.533711,0.3757945,12.992584,-0.6601888,8.168624
ddc_dzo_04156,labeled,Romeo,2.897604,-2.0796814,1.2847108,12.814086,0.31561026,8.2511
ddc_dzo_04143,labeled,Romeo,3.6811678,-0.14287996,0.9088293,16.525967,1.5129907,5.064212
ddc_dzo_04164,labeled,Thinley,-9.716401,-4.0098624,-0.90227234,-1.208735,-2.1543138,2.1147316
ddc_dzo_04140,labeled,Romeo,3.2202826,-1.7408564,1.0188172,16.319399,1.474407,4.8515487
ddc_dzo_04147,labeled,Romeo,3.5135076,-0.2031294,-1.417866,13.033035,1.3306384,9.064107
ddc_dzo_04155,labeled,Dorji,-3.6905177,6.905196,-0.6345994,6.8133926,15.446226,2.6603556
ddc_dzo_04144,labeled,Romeo,3.752091,-2.5949435,-0.93917185,12.806149,2.3930814,8.619698
ddc_dzo_04142,labeled,Romeo,2.714331,-1.0697327,0.2165758,13.163376,-0.12158442,8.753125
ddc_dzo_09245,labeled,Romeo,3.8760262,-0.751962,-0.22364026,13.144211,-0.90839857,8.178798
ddc_dzo_04190,labeled,Romeo,2.979502,-1.7397028,0.74493307,15.58391,-0.3386324,5.522647
ddc_dzo_04186,labeled,Romeo,3.358241,0.4518975,1.1036174,15.348636,-0.74203306,5.524163
ddc_dzo_04198,labeled,Romeo,1.9312209,1.7758838,0.79385895,12.85777,1.395858,9.113533
ddc_dzo_04210,labeled,Thinley,-12.080444,-2.5980453,1.1250123,-1.0736746,-1.4522444,2.4249833
ddc_dzo_04204,labeled,Romeo,-0.24703687,0.95766556,-1.9253267,14.572845,0.24198043,11.561186
ddc_dzo_04199,labeled,Thinley,-13.3442335,-3.4181504,1.6077445,-1.0104601,-1.7544425,1.772794
ddc_dzo_04184,labeled,Dorji,-2.1737013,10.1479645,1.5777155,6.7994285,15.877992,2.3716772
ddc_dzo_04191,labeled,Romeo,0.5661202,-2.7379348,-1.0258877,15.413556,0.14668395,5.235494
ddc_dzo_04212,labeled,Romeo,3.0921402,-0.42879412,0.22753613,13.076929,2.2255154,8.667692
ddc_dzo_04194,labeled,Dorji,-4.569242,10.464579,3.0286314,6.718588,14.948473,2.1143353
ddc_dzo_04178,labeled,Thinley,-9.552826,-4.095459,0.026981978,-1.4547967,-2.4983478,1.1412116
ddc_dzo_04189,labeled,Namgay,-5.737214,1.2615464,-9.333669,2.9805956,6.9629827,16.96283
ddc_dzo_04180,labeled,Thinley,-11.372639,-2.8788743,-1.3169206,-1.377663,-2.3436701,1.7496706
ddc_dzo_04201,labeled,Romeo,2.9433022,-0.62798417,0.4268962,12.975596,2.262022,7.8127036
ddc_dzo_04187,labeled,Thinley,-11.845327,-2.4578729,0.29129633,-1.0697824,-1.9396232,0.9948372
ddc_dzo_04182,labeled,Romeo,2.2414327,-0.8897306,-0.5274664,16.123432,-0.71548057,4.9946904
ddc_dzo_00104,labeled,Romeo,3.542325,-1.8865627,0.40708816,13.024235,-0.2915359,7.9743867
ddc_dzo_04232,labeled,Thinley,-11.343051,-3.232509,1.1324198,-1.0344,-1.8989727,1.9614576
ddc_dzo_04253,labeled,Romeo,4.1712403,-0.49628955,-0.23391613,15.441169,-0.6968728,4.966066
ddc_dzo_04247,labeled,Romeo,4.127635,-1.2086741,-0.96915066,12.776814,-0.3524923,9.322884
ddc_dzo_04231,labeled,Romeo,1.3166313,-0.5019974,-1.3569671,12.478543,-0.18393372,9.331448
ddc_dzo_04235,labeled,Romeo,1.542055,-2.1051009,0.67273086,12.765432,1.8565104,8.796474
ddc_dzo_04239,labeled,Romeo,4.126671,0.026872585,-0.36824343,13.085184,1.2006676,8.913604
ddc_dzo_04222,labeled,Romeo,2.8372898,0.1759213,-0.20369697,13.4779625,1.6973894,8.6357565
ddc_dzo_04233,labeled,Thinley,-11.136933,-2.9699204,2.14496,-1.5872607,-2.2690053,1.3884645
ddc_dzo_04218,labeled,Thinley,-9.410734,-2.149959,-3.3918827,-1.6186384,-2.1917176,1.2774506
ddc_dzo_04221,labeled,Thinley,-10.470061,-6.145088,0.30805746,-1.2196894,-2.6361458,1.2540148
ddc_dzo_04224,labeled,Thinley,-8.539111,-2.128731,0.50363123,-0.85377306,-2.1875446,1.3634114
ddc_dzo_04250,labeled,Romeo,2.3939776,-0.37139496,-0.7818323,13.5577545,-0.543264,8.009795
ddc_dzo_04280,labeled,Thinley,-11.490459,-3.4613495,1.355626,-0.9557762,-2.4214537,1.1697644
ddc_dzo_04260,labeled,Romeo,3.8447366,-1.2297518,2.593023,15.842001,-0.37662715,4.7305293
ddc_dzo_04255,labeled,Romeo,3.8207,-0.9252623,1.6815332,13.80062,-0.52464527,7.229758
ddc_dzo_04289,labeled,Romeo,3.0384424,-1.171382,-0.58442307,13.125534,-0.50617975,9.053029
ddc_dzo_04281,labeled,Namgay,-2.20864,-0.3929394,-12.970057,3.1886036,6.7010207,17.163284
ddc_dzo_04276,labeled,Dorji,-2.8702872,9.708252,1.3638211,6.7900195,16.071651,2.283361
ddc_dzo_04256,labeled,Romeo,1.7852951,-2.1187594,0.92757535,13.187328,2.054055,8.981893
ddc_dzo_04275,labeled,Romeo,3.6116042,-0.069740064,-0.3893487,13.9679165,1.7369027,7.828116
ddc_dzo_04267,labeled,Romeo,2.3539767,-0.556138,2.0612276,12.724623,1.957787,8.222425
ddc_dzo_04266,labeled,Namgay,-1.1123837,2.5608652,-9.881547,3.5838249,6.3826795,17.4289
ddc_dzo_04258,labeled,Romeo,2.236352,-1.7407457,0.12779112,12.937992,-0.8276076,7.9391494
ddc_dzo_04287,labeled,Romeo,1.8491677,-1.4310097,-0.5255172,13.519643,0.9507736,8.382899
ddc_dzo_04277,labeled,Dorji,-4.569902,12.426166,1.2913904,6.6945047,15.270295,2.2336748
ddc_dzo_04279,labeled,Romeo,3.8230858,-1.8426687,-0.10942607,12.609428,1.9191979,7.830032
ddc_dzo_04265,labeled,Romeo,2.707111,-1.5094205,0.13208513,12.716444,2.157961,8.050435
ddc_dzo_04290,labeled,Romeo,2.7903047,-0.12829545,0.13705939,15.683982,1.796029,5.930974
ddc_dzo_04285,labeled,Romeo,3.886488,-1.6932963,-0.12370536,15.800915,1.794023,5.5955596
ddc_dzo_04273,labeled,Romeo,3.530421,0.06024029,0.25128856,14.268111,0.04758641,10.84909
ddc_dzo_05559,labeled,Romeo,2.483398,-0.86739874,-0.35266593,13.456558,-0.595868,8.075766
ddc_dzo_04307,labeled,Romeo,1.7883434,-0.91126424,0.86601734,16.304602,0.30575415,4.7019997
ddc_dzo_04306,labeled,Romeo,3.94648,0.45740187,1.7188144,16.521877,1.2503074,5.598696
ddc_dzo_04311,labeled,Romeo,0.17499658,1.4439772,-1.6688311,15.675342,-0.95123136,5.4635916
ddc_dzo_04300,labeled,Romeo,2.7653184,0.04021804,-1.5623121,14.131124,0.46466997,10.457895
ddc_dzo_04305,labeled,Romeo,1.7732474,1.8275325,0.42993748,15.9906025,-0.4019696,4.6211386
ddc_dzo_04321,labeled,Romeo,2.8113654,-1.7241775,-0.70585775,13.970452,0.023612536,10.39757
ddc_dzo_04316,labeled,Romeo,2.6366832,-2.6294892,-0.92430526,15.386598,-0.31970948,4.803074
ddc_dzo_04327,labeled,Dorji,-2.4651055,8.981969,0.5065456,6.776518,16.005352,2.0233958
ddc_dzo_04319,labeled,Thinley,-11.932219,-2.67517,-0.15596496,-1.3966842,-2.2410574,2.27031
ddc_dzo_04308,labeled,Romeo,4.4258556,-1.5260844,0.2022017,12.502712,1.5369419,8.953646
ddc_dzo_04292,labeled,Romeo,4.656627,-0.5274387,0.5024414,15.314725,-0.8839641,5.328128
ddc_dzo_04293,labeled,Romeo,3.1975632,0.4558627,0.9699633,13.015809,2.0529015,8.957909
ddc_dzo_04303,labeled,Namgay,0.0025560744,3.7246358,-7.6252913,-3.8457007,12.382244,5.920952
ddc_dzo_04330,labeled,Thinley,-10.108147,-3.7181418,1.1226325,-1.3367834,-2.1678212,1.5016797
ddc_dzo_04295,labeled,Dorji,-2.511193,11.288398,1.376508,6.7676187,15.2795315,2.6872501
ddc_dzo_04312,labeled,Thinley,-10.970528,-3.8311515,0.45674542,-1.0878786,-1.7605163,2.4133646
ddc_dzo_04302,labeled,Romeo,3.1702807,-0.6586239,0.4040989,13.427599,1.8930731,9.249702
ddc_dzo_04318,labeled,Romeo,3.9759703,-0.2839242,0.36751267,13.558329,1.9724929,8.616201
ddc_dzo_04358,labeled,Dorji,-3.9481006,9.801954,3.5361648,6.744528,15.97308,2.2803116
ddc_dzo_04335,labeled,Romeo,2.6633856,-0.7201893,0.97241217,13.102844,1.9216665,8.309534
ddc_dzo_04336,labeled,Romeo,3.7820704,-3.0587091,0.38535187,17.281784,0.97146803,5.4983373
ddc_dzo_04356,labeled,Romeo,1.7656139,-1.3901652,0.6390689,12.986158,-0.6769933,8.851204
ddc_dzo_04348,labeled,Romeo,-0.1024587,-1.6051291,1.7633412,15.963656,-0.4237241,5.104024
ddc_dzo_04343,labeled,Romeo,3.87116,-0.100161955,1.676083,16.559647,1.2718468,5.6057463
ddc_dzo_04361,labeled,Romeo,2.520014,-0.6332347,0.34829247,16.97083,1.1150469,5.5912623
ddc_dzo_04341,labeled,Dorji,-5.1648746,11.371613,1.504916,6.9433775,15.266248,1.9445086
ddc_dzo_04352,labeled,Thinley,-9.477035,-4.1166267,0.8021403,-1.5966399,-2.2991488,1.4633186
ddc_dzo_04362,labeled,Romeo,3.7454994,-2.27757,-0.8257645,15.458827,-0.20000336,4.831307
ddc_dzo_04344,labeled,Romeo,5.0950847,-1.9483178,0.39356938,13.399351,1.5762093,8.283296
ddc_dzo_04357,labeled,Thinley,-10.440502,-3.2541988,3.4241972,-0.6101073,-2.0492423,1.9624984
ddc_dzo_04334,labeled,Romeo,2.7306743,-1.1976007,-0.4556753,13.996419,0.33985776,10.351704
ddc_dzo_04337,labeled,Romeo,5.0175405,-2.4740486,-1.0468416,12.722454,1.180481,9.17451
ddc_dzo_04349,labeled,Namgay,-2.744386,3.2901285,-10.338464,-3.8238146,12.36023,5.943016
ddc_dzo_04364,labeled,Thinley,-12.631411,-4.1582003,0.2646794,-1.1185588,-2.1123354,2.3381968
ddc_dzo_04355,labeled,Thinley,-12.0392,-4.2724886,1.1862441,-0.9949672,-1.9364686,1.3920346
ddc_dzo_04347,labeled,Romeo,2.6379669,-1.0747752,-0.4950795,13.161121,-0.16747613,9.048365
ddc_dzo_04399,labeled,Romeo,1.9073055,-0.32687026,1.0947092,13.115612,-0.8252183,8.006061
ddc_dzo_04388,labeled,Romeo,3.5782084,0.018615225,0.029054891,15.634486,-0.49246404,4.890835
ddc_dzo_04390,labeled,Romeo,2.269973,-0.37884578,0.43542525,16.480154,1.0784005,4.799473
ddc_dzo_04389,labeled,Romeo,2.5553446,-0.53003824,-0.06864739,13.546888,1.8110969,8.679022
ddc_dzo_04383,labeled,Namgay,-1.9198503,3.2217216,-12.463918,3.5073247,7.049891,16.965216
ddc_dzo_04375,labeled,Namgay,-2.9833968,2.8024201,-11.254474,3.5291345,7.02499,16.981977
ddc_dzo_04382,labeled,Romeo,1.5559384,-0.86408913,0.7687887,12.780692,-0.6310006,8.712851
ddc_dzo_04381,labeled,Romeo,2.3502994,-0.6991196,-0.5108917,12.867387,1.5806552,9.149132
ddc_dzo_04404,labeled,Romeo,2.9804237,-0.6015312,-1.7520936,13.5562525,0.076701626,8.215353
ddc_dzo_04385,labeled,Dorji,-3.1612468,10.439505,0.53925014,6.6382413,15.21361,1.8116112
ddc_dzo_04370,labeled,Romeo,3.6040938,-1.9287192,-0.08572994,13.024122,1.9953737,8.212146
ddc_dzo_04402,labeled,Romeo,2.5987105,-1.5093889,-0.43083575,12.997768,-0.66456825,7.721152
ddc_dzo_04395,labeled,Romeo,3.2267065,0.971507,3.661539,14.440014,0.22325885,11.103803
ddc_dzo_04380,labeled,Thinley,-9.408975,-2.9911563,0.74799794,-0.5127115,-1.8794961,2.3646762
ddc_dzo_04386,labeled,Thinley,-9.319271,-2.993089,-0.80053735,-1.3236357,-1.9065956,2.4805346
ddc_dzo_04376,labeled,Romeo,2.8385966,-2.0068212,0.037119843,16.508568,1.9758329,5.0604606
ddc_dzo_04438,labeled,Dorji,-3.85588,9.350373,-0.06761136,6.782684,16.06167,2.113746
ddc_dzo_04418,labeled,Romeo,3.6192486,1.0698341,1.093168,14.941106,-0.9331544,5.8209867
ddc_dzo_04435,labeled,Romeo,3.5281575,-0.47208586,0.41177735,15.214582,-0.8495251,5.272656
ddc_dzo_04413,labeled,Romeo,3.3981123,0.6183391,0.015272639,15.406435,-0.8043551,5.120535
ddc_dzo_04421,labeled,Romeo,3.2189038,-0.36443016,0.87543595,12.710019,-0.5558068,9.381213
ddc_dzo_04445,labeled,Romeo,2.0050166,-0.90352863,0.30716798,12.557999,1.2969445,9.039484
ddc_dzo_04426,labeled,Thinley,-10.482678,-1.7744906,0.3305698,-0.57192004,-1.8717092,1.9955965
ddc_dzo_04431,labeled,Thinley,-9.344628,-3.8387792,-0.8955332,-1.1779567,-2.3490634,1.9340488
ddc_dzo_04408,labeled,Thinley,-9.54065,-2.0083978,2.7566078,-1.3646536,-2.3136015,1.6911764
ddc_dzo_04420,labeled,Romeo,2.0847795,1.8086681,-0.031129474,16.734598,2.0341864,5.1909266
ddc_dzo_04424,labeled,Romeo,3.0125928,-1.609875,-0.40771118,13.408752,1.6350846,8.762294
ddc_dzo_04415,labeled,Dorji,-3.7728183,10.799493,-0.32695556,6.6324735,15.355575,1.8873664
ddc_dzo_04433,labeled,Thinley,-10.556809,-2.8400488,0.2706323,-1.2451583,-2.0223763,2.2668812
ddc_dzo_04439,labeled,Romeo,3.1050167,-1.9553539,-0.028722001,17.663054,1.0883391,5.5485396
ddc_dzo_04417,labeled,Romeo,3.8996139,0.47769886,0.31096706,13.544837,-0.038675338,8.3170395
ddc_dzo_04482,labeled,Dorji,-4.032452,8.104404,2.831161,6.9224205,15.444104,2.0689244
ddc_dzo_04476,labeled,Romeo,3.9437203,-0.84746313,-0.8352235,16.925436,1.2111624,5.492961
ddc_dzo_04483,labeled,Romeo,0.3322802,-0.574689,0.119096085,17.573442,1.1290158,5.543123
ddc_dzo_04487,labeled,Romeo,3.6095202,-0.9367331,0.36416718,15.581655,-0.8044524,5.120146
ddc_dzo_04474,labeled,Romeo,3.3723075,0.054292474,-0.5560323,16.997057,1.2664895,5.441559
ddc_dzo_04469,labeled,Romeo,4.748558,-1.3742526,-0.6174371,17.303679,0.9200964,5.316029
ddc_dzo_04458,labeled,Romeo,2.5467885,0.03783419,0.5773458,13.014052,-0.9081398,8.755009
ddc_dzo_04472,labeled,Romeo,4.376413,1.038435,0.6993988,12.642732,1.996306,8.949979
ddc_dzo_04456,labeled,Thinley,-12.340175,-4.261673,1.838943,-0.9606966,-1.8421913,2.5242562
ddc_dzo_04484,labeled,Romeo,0.10962692,-1.7840414,1.306026,16.094734,0.001555261,4.707134
ddc_dzo_04453,labeled,Romeo,4.042896,-2.4263537,0.47047377,12.841649,2.0897548,7.7553325
ddc_dzo_04478,labeled,Dorji,-1.6147135,10.213222,1.4215689,6.684851,15.379933,2.6631143
ddc_dzo_04488,labeled,Namgay,-1.9384736,3.2815506,-8.778073,0.5852132,12.238038,5.8726935
ddc_dzo_04454,labeled,Thinley,-11.448184,-4.3095775,0.97655344,-0.9777554,-1.5319188,1.9337258
ddc_dzo_04473,labeled,Romeo,2.5653405,-0.30460775,0.9608386,13.352464,-0.24263412,8.335971
ddc_dzo_09556,labeled,Romeo,2.762601,-0.8507662,0.8278632,13.428729,-0.29503328,8.161721
ddc_dzo_04501,labeled,Thinley,-11.103548,-1.7827444,0.11807414,-0.9762292,-2.2667103,1.1861918
ddc_dzo_04508,labeled,Romeo,3.1804092,-1.7515274,0.6999539,16.873274,1.8750845,5.169672
ddc_dzo_04515,labeled,Romeo,2.6378393,-1.5866531,0.4580135,16.879362,0.45047998,5.2569222
ddc_dzo_04526,labeled,Namgay,-3.9699626,4.221323,-5.125219,4.015717,8.107277,9.309496
ddc_dzo_04505,labeled,Thinley,-10.687525,-2.2058012,-0.8930071,-1.1921419,-1.5059491,2.2779336
ddc_dzo_04512,labeled,Romeo,3.0368721,-1.0266771,-0.18345435,12.997197,1.8792863,9.101632
ddc_dzo_04521,labeled,Namgay,-0.8089692,1.7573447,-9.524375,0.5921047,14.071181,6.5417995
ddc_dzo_04496,labeled,Dorji,-3.4903371,9.334297,0.24948066,7.0319715,15.578182,2.4825385
ddc_dzo_04492,labeled,Romeo,2.8320048,-1.8272848,-0.5260745,12.885839,-0.49124193,8.908012
ddc_dzo_04513,labeled,Romeo,2.9245632,-1.0929457,0.3539049,15.799364,0.26278803,4.6597815
ddc_dzo_04495,labeled,Romeo,3.3042781,-1.2019597,0.11967091,16.562256,1.1144795,5.7332616
ddc_dzo_04489,labeled,Romeo,3.159558,0.86664236,-0.62902063,15.675171,1.917526,5.937679
ddc_dzo_04532,labeled,Romeo,3.19964,-0.722253,0.63448524,17.179619,1.2026385,5.3051677
ddc_dzo_04546,labeled,Romeo,3.6452801,-0.3472823,0.24334271,13.03469,-0.21824113,8.044239
ddc_dzo_03451,labeled,Romeo,2.078969,-1.4182416,1.089739,15.186784,-0.9368986,5.8956285
ddc_dzo_04562,labeled,Romeo,3.1761668,-0.7081511,0.47716412,12.762942,-0.4709751,9.213493
ddc_dzo_04552,labeled,Romeo,2.5906103,-1.678383,0.39157158,17.34777,1.127369,5.84929
ddc_dzo_04545,labeled,Dorji,-4.1341114,12.495614,1.6409708,6.769628,15.231006,2.7296872
ddc_dzo_04530,labeled,Thinley,-10.74291,-3.6832886,-0.15067315,-1.0050979,-1.7893108,2.336332
ddc_dzo_04529,labeled,Romeo,3.2121449,-0.5955051,-0.10194021,15.794715,0.30132484,5.411946
ddc_dzo_04563,labeled,Romeo,2.6439583,-1.3465675,-0.120321974,17.084244,1.5787281,5.0032673
ddc_dzo_04567,labeled,Romeo,1.0035149,-1.7575485,1.2131238,17.039085,0.941225,4.8855405
ddc_dzo_04537,labeled,Namgay,-0.32706153,1.6671896,-11.332817,3.4874337,6.4231987,17.364326
ddc_dzo_04539,labeled,Thinley,-10.069476,-2.9529314,-1.0337447,-1.2880156,-1.5320269,2.2071438
ddc_dzo_04557,labeled,Romeo,1.7123145,-0.5299609,-0.15060598,12.68691,-0.756431,7.7521996
ddc_dzo_04565,labeled,Romeo,2.773827,-1.1611092,0.30110466,14.756807,-0.6778472,5.3163686
ddc_dzo_04544,labeled,Thinley,-9.339013,-2.939111,-0.34940118,-1.2600331,-2.0284736,2.2499447
ddc_dzo_04543,labeled,Thinley,-9.837538,-1.7918473,-0.29078045,-1.2716451,-2.248479,1.9692906
ddc_dzo_04533,labeled,Dorji,-4.402027,8.429884,1.6389002,6.7893915,15.3634615,2.038972
ddc_dzo_04542,labeled,Romeo,2.5278842,0.5357363,0.59069556,14.038659,0.048092093,10.516172
ddc_dzo_04603,labeled,Romeo,5.2175727,-0.64527225,-1.2636136,13.390371,-0.3451428,8.126663
ddc_dzo_04606,labeled,Romeo,1.6711576,-2.01173,0.26725125,17.524912,1.0734618,5.458407
ddc_dzo_04601,labeled,Dorji,-5.170328,10.50114,0.826741,6.8792334,15.0370655,2.5336702
ddc_dzo_04599,labeled,Romeo,2.5337677,-0.42635515,0.3566015,13.727261,-0.16780898,10.003317
ddc_dzo_04588,labeled,Romeo,1.1058971,-2.238302,0.5255256,15.445746,-0.77656066,5.3806267
ddc_dzo_04572,labeled,Thinley,-8.385519,-2.3209822,2.4117315,-1.3038012,-2.3611221,1.0543866
ddc_dzo_04584,labeled,Romeo,2.8820357,0.07262685,0.53918445,14.55741,0.2393668,11.529144
ddc_dzo_04578,labeled,Thinley,-8.682433,-2.0120432,1.4377172,-1.5237358,-2.3090985,1.3477911
ddc_dzo_04577,labeled,Thinley,-10.885461,0.04139159,0.99490666,-1.264569,-2.0740337,1.5559974
ddc_dzo_04576,labeled,Romeo,3.2971046,-1.4948242,1.9789183,15.372309,-0.1864397,5.294672
ddc_dzo_04594,labeled,Thinley,-9.515312,-2.342832,-0.40965086,-1.3736606,-2.257906,2.2815766
ddc_dzo_04593,labeled,Romeo,2.0275772,-1.604805,-0.23488592,12.619583,1.6892784,8.486802
ddc_dzo_04573,labeled,Romeo,1.9846382,-0.2150886,0.8015654,17.070452,1.7573259,6.0424714
ddc_dzo_04574,labeled,Namgay,-3.9725971,3.2560837,-12.072859,3.1719954,7.263314,16.98694
ddc_dzo_04580,labeled,Thinley,-10.57927,-2.6711404,1.4232494,-0.6653892,-1.6580294,2.4751434
ddc_dzo_04581,labeled,Thinley,-10.301495,-4.1517606,2.5246158,-1.1751425,-2.4008594,1.5158051
ddc_dzo_04591,labeled,Thinley,-11.310985,-2.8310025,2.5774295,-1.0242417,-2.2750547,1.1775665
ddc_dzo_04575,labeled,Romeo,1.8815179,-0.16624607,1.2814876,13.2037525,-0.2458221,8.244549
ddc_dzo_04644,labeled,Romeo,3.1922476,-1.5152154,-0.0054943464,17.150604,1.2513825,5.2266073
ddc_dzo_04642,labeled,Romeo,3.4206364,-0.77234423,-0.9711997,17.132357,1.100843,5.8143287
ddc_dzo_04621,labeled,Romeo,2.7718291,-1.8335303,1.3180162,17.535557,1.3305211,5.5595217
ddc_dzo_04607,labeled,Romeo,2.444856,-1.5693345,0.47050524,16.359467,1.189216,5.6055994
ddc_dzo_02984,labeled,Romeo,3.7164748,-0.6216995,0.6896715,15.037989,-0.8301704,5.7824
ddc_dzo_04612,labeled,Romeo,2.644475,-2.117167,2.045228,15.178355,-0.4476383,5.435426
ddc_dzo_04628,labeled,Namgay,-0.8702239,2.614615,-11.119347,3.560084,7.0315666,16.970211
ddc_dzo_04638,labeled,Romeo,3.635595,-1.0119622,1.8696331,12.795233,-0.5328507,8.284325
ddc_dzo_04631,labeled,Namgay,-2.0091634,3.3462214,-10.655587,3.5182538,6.4465,17.36375
ddc_dzo_04647,labeled,Namgay,-3.1713402,1.8554713,-11.897347,3.5493553,6.465762,17.35417
ddc_dzo_04646,labeled,Thinley,-11.563621,-3.6066034,0.058837514,-1.538694,-2.2779145,1.2487818
ddc_dzo_04637,labeled,Thinley,-11.74092,-2.8036304,0.16567245,-1.331604,-2.3273356,2.0880053
ddc_dzo_04609,labeled,Dorji,-2.1461594,9.517571,2.155361,6.48662,15.208801,2.0742276
ddc_dzo_04624,labeled,Romeo,2.7325673,-1.6523135,-0.050181746,12.759234,1.9346457,8.980592
ddc_dzo_04627,labeled,Romeo,3.4138534,0.06147963,0.38150066,16.603203,1.3747928,4.944711
ddc_dzo_04610,labeled,Namgay,-0.4547794,3.923329,-10.577366,0.5601914,12.222335,5.8438745
ddc_dzo_04611,labeled,Romeo,3.9786472,0.57995206,-0.24154705,13.682041,1.3578864,9.5129385
ddc_dzo_04616,labeled,Romeo,2.4204834,-0.31173757,-0.35289097,17.671585,1.3850662,5.60168
ddc_dzo_04619,labeled,Romeo,3.411393,-2.5267663,0.8134129,13.452209,-0.5767491,8.350479
ddc_dzo_04635,labeled,Romeo,3.9327395,-0.6027503,-0.044932704,13.386932,-0.24444085,8.225643
ddc_dzo_04682,labeled,Dorji,-3.7501736,11.77869,2.6382189,6.6689343,15.416301,2.5935369
ddc_dzo_04666,labeled,Romeo,4.1867676,-0.55653393,0.07419722,13.316313,1.3732415,8.281407
ddc_dzo_04658,labeled,Romeo,2.8403127,-2.0919018,-0.4189449,17.134636,1.8357306,5.824698
ddc_dzo_04659,labeled,Romeo,4.334246,0.064915724,0.33839363,12.858211,-0.45391652,9.24606
ddc_dzo_04663,labeled,Thinley,-8.646192,0.017019704,-1.5728158,-1.1807252,-1.5608444,2.3652298
ddc_dzo_04660,labeled,Romeo,4.108982,0.5823942,0.70831585,15.417999,1.7246606,6.168337
ddc_dzo_04648,labeled,Romeo,3.0371788,-2.3523002,0.5687302,15.881768,-0.5895264,5.0036287
ddc_dzo_04674,labeled,Romeo,2.1751437,-2.1402075,0.41266206,13.365538,-0.6227217,8.760562
ddc_dzo_04667,labeled,Romeo,2.8219333,-0.9703553,-0.08943648,13.377292,-0.67542005,8.360063
ddc_dzo_04656,labeled,Romeo,2.6840708,-2.4939747,0.4283897,12.927284,0.029158391,8.254496
ddc_dzo_04670,labeled,Thinley,-12.268081,-3.667992,0.76011056,-1.4474294,-1.7561728,1.9555598
ddc_dzo_04673,labeled,Thinley,-9.548463,-3.0187106,2.0928102,-1.6134778,-2.2594671,1.5160568
ddc_dzo_04653,labeled,Thinley,-10.914168,-2.2749047,-0.96200657,-0.9045963,-2.1644337,1.9420018
ddc_dzo_04675,labeled,Romeo,3.0286477,-0.74702555,-0.594436,12.666942,2.1507995,7.8299513
ddc_dzo_04649,labeled,Thinley,-9.985201,-2.9838917,2.0849936,-1.2294042,-1.8644441,2.1567888
ddc_dzo_02340,labeled,Romeo,3.47916,-1.3091958,1.023733,13.529768,-0.5678897,8.055798
ddc_dzo_04695,labeled,Romeo,2.6909084,-1.5724342,1.2282225,13.4635315,1.4299426,8.8476515
ddc_dzo_04707,labeled,Romeo,2.322595,-1.555385,0.39697945,13.396685,2.082624,9.063021
ddc_dzo_04720,labeled,Namgay,-4.4713936,2.778076,-12.7441025,3.546325,7.086255,16.945683
ddc_dzo_04688,labeled,Thinley,-11.367114,-4.7324967,0.8726554,-0.7271979,-1.5796139,2.5654962
ddc_dzo_04710,labeled,Thinley,-11.905544,-4.0577946,0.060270842,-0.56063896,-2.0100791,1.881558
ddc_dzo_04721,labeled,Thinley,-10.323845,-2.516967,-0.97615296,-0.5138547,-1.8227339,2.2139075
ddc_dzo_04714,labeled,Dorji,-5.8531914,10.9816265,2.9090874,6.631135,15.218455,2.6923165
ddc_dzo_04704,labeled,Thinley,-9.230871,-2.8085515,2.1240678,-1.4370877,-2.314598,1.1074927
ddc_dzo_04690,labeled,Romeo,4.205195,-0.111374065,0.123791955,13.067635,0.04153702,8.890523
ddc_dzo_04716,labeled,Thinley,-9.658659,-3.2312417,0.4566541,-1.5307161,-2.2061439,1.3317429
ddc_dzo_04702,labeled,Thinley,-10.259194,-3.510238,0.94263995,-1.1717665,-2.121438,1.0569129
ddc_dzo_04687,labeled,Romeo,3.6808147,-1.0252472,1.3063381,13.146009,1.960637,9.160399
ddc_dzo_04693,labeled,Romeo,1.9360238,-0.79253393,1.197046,13.413001,2.1044655,9.041714
ddc_dzo_04692,labeled,Romeo,2.7737465,-0.84574825,0.5323232,13.035623,-0.2987909,8.128593
ddc_dzo_04728,labeled,Dorji,-3.8512704,11.821979,1.4598111,6.6292415,15.201424,2.1793144
ddc_dzo_04744,labeled,Romeo,2.71463,-0.23531777,0.7810879,16.980484,0.8445234,4.838257
ddc_dzo_04737,labeled,Romeo,3.30593,-1.8550997,0.9068738,15.497122,-0.447095,5.2888303
ddc_dzo_05172,labeled,Romeo,1.9470952,0.10283679,0.22056225,12.883083,-0.28672576,9.070787
ddc_dzo_04761,labeled,Thinley,-11.309706,-3.1815906,-0.071050696,-0.41131684,-2.2065256,2.4740508
ddc_dzo_04742,labeled,Romeo,1.6615514,0.2264805,-0.341476,15.260764,-0.7189392,4.7741356
ddc_dzo_04752,labeled,Namgay,-2.395079,1.7690903,-7.846992,2.7280447,7.49214,16.722578
ddc_dzo_04741,labeled,Romeo,2.1795015,1.5860842,-0.12408065,12.855649,1.9808702,9.256922
ddc_dzo_04735,labeled,Romeo,3.1565588,0.14130071,-0.39310983,12.850592,1.159992,9.213282
ddc_dzo_04726,labeled,Romeo,2.3346884,-1.0558411,0.7037963,12.908671,-0.94044954,8.089506
ddc_dzo_04758,labeled,Namgay,-1.4666333,1.7798785,-10.141514,3.5527954,6.5460324,17.294876
ddc_dzo_04757,labeled,Romeo,4.01454,-2.058717,-0.7489706,16.990889,1.0794187,5.0755987
ddc_dzo_04739,labeled,Romeo,1.4525169,-1.277866,0.81090623,13.693824,1.6063501,8.168681
ddc_dzo_04746,labeled,Romeo,3.188373,0.41426486,0.30951542,12.745602,2.261201,7.8270183
ddc_dzo_04759,labeled,Thinley,-11.0783205,-3.0519109,-0.88558364,-1.0682349,-1.9209464,2.465415
ddc_dzo_04753,labeled,Thinley,-10.461771,-3.2769933,1.4288104,-0.7106571,-1.7885145,2.5810633
ddc_dzo_04734,labeled,Dorji,-3.909959,10.469106,3.0707402,6.8325477,15.944525,2.3382564
ddc_dzo_04732,labeled,Thinley,-11.011472,-4.4513783,0.87736845,-1.5087162,-2.2787547,2.08432
ddc_dzo_04725,labeled,Romeo,3.005957,-0.61648357,1.3244121,17.196344,1.754831,4.9955745
ddc_dzo_04771,labeled,Romeo,3.6003973,-1.4082184,-0.66254944,16.752316,2.0560684,5.932674
ddc_dzo_04780,labeled,Romeo,3.5476327,-2.531672,-0.023446333,16.697212,1.0002244,5.920147
ddc_dzo_04792,labeled,Romeo,2.3375049,-0.2240406,0.34800282,13.134633,1.5566905,9.062901
ddc_dzo_04788,labeled,Romeo,1.1715096,-0.014655327,-0.2817961,15.7934675,-0.5723112,5.3321085
ddc_dzo_04765,labeled,Romeo,3.184467,-0.8635988,-0.15230946,13.364436,-0.7435211,8.558403
ddc_dzo_04798,labeled,Romeo,3.875533,-1.0576335,1.3795544,13.620082,-0.708252,7.9915867
ddc_dzo_04796,labeled,Thinley,-8.507351,-3.398158,0.6918053,-0.6347565,-1.7061971,1.9097179
ddc_dzo_04789,labeled,Thinley,-11.218274,-4.6006923,-0.1198518,-1.2240946,-1.5882988,2.1203172
ddc_dzo_04794,labeled,Dorji,-1.6172307,7.835968,-0.047136664,6.8456135,15.947254,2.5011785
ddc_dzo_04772,labeled,Romeo,3.8941052,-0.40401748,1.5889969,13.10096,2.3312423,8.315084
ddc_dzo_04797,labeled,Romeo,2.6355405,-1.2973181,-0.15419295,12.830347,1.6264297,8.604908
ddc_dzo_04773,labeled,Thinley,-11.656476,-3.4397683,0.86384404,-1.1662731,-1.9513285,1.9479715
ddc_dzo_04768,labeled,Dorji,-3.767137,8.166762,0.766472,6.9345026,15.5724745,1.9364445
ddc_dzo_04791,labeled,Thinley,-9.126226,-1.472904,0.6570881,-0.882472,-2.3774922,2.1741874
ddc_dzo_04776,labeled,Romeo,4.04388,-0.74628353,0.7197504,13.743321,-0.48796076,7.941731
ddc_dzo_04806,labeled,Romeo,2.135804,-1.9452697,0.39406723,17.172901,0.7836205,4.7560377
ddc_dzo_04814,labeled,Romeo,4.17593,-0.5451028,1.1008537,17.575718,1.2503395,5.565893
ddc_dzo_08751,labeled,Romeo,2.6339781,-1.1313918,-0.55298716,13.467575,-0.74917936,8.689222
ddc_dzo_04836,labeled,Romeo,2.8681479,-1.4728173,0.49377307,16.933672,1.5220208,5.5647902
ddc_dzo_05629,labeled,Romeo,3.7432144,-0.1619228,-0.41059723,16.58519,1.9698331,5.386151
ddc_dzo_04830,labeled,Thinley,-10.454244,-1.8884225,-1.5873032,-1.0854067,-1.4032387,2.3791492
ddc_dzo_04809,labeled,Thinley,-5.969131,-2.4071848,0.08093412,-1.3973697,-1.85777,1.9644964
ddc_dzo_04832,labeled,Romeo,4.0814357,-1.8061686,0.56708336,13.174133,1.9002073,8.089999
ddc_dzo_04823,labeled,Romeo,3.197272,-1.515274,0.9093386,12.718137,1.5229205,8.601863
ddc_dzo_04805,labeled,Namgay,-2.1794376,2.6704762,-9.159022,3.4717202,6.503479,17.305838
ddc_dzo_04819,labeled,Thinley,-8.499292,-1.4669429,1.2621716,-1.3254639,-1.5532486,2.2304537
ddc_dzo_04813,labeled,Romeo,2.6038082,-0.5617285,0.22810827,12.672781,-0.5466799,8.084835
ddc_dzo_04835,labeled,Thinley,-11.0234785,-2.2287395,2.00542,-1.1299719,-1.565147,2.0326943
ddc_dzo_04821,labeled,Dorji,-3.154985,7.79078,-0.46738914,6.645261,15.179426,1.870049
ddc_dzo_04817,labeled,Dorji,-1.2173153,10.164983,0.055344176,6.89217,15.475516,2.1312385
ddc_dzo_04858,labeled,Dorji,-2.9832518,8.791028,0.3525086,6.9940867,15.3313265,1.9791739
ddc_dzo_04856,labeled,Romeo,4.0717325,-1.3423731,1.0807705,13.452901,-0.32990035,8.060165
ddc_dzo_04852,labeled,Romeo,2.2097456,-1.2760402,1.9373136,16.284967,0.25814405,5.257022
ddc_dzo_04840,labeled,Romeo,1.6681602,-1.4315286,0.86498517,15.226704,-0.9142965,5.1857004
ddc_dzo_04864,labeled,Romeo,2.963749,-1.8683914,1.5931058,13.557416,-0.33692083,7.927407
ddc_dzo_04846,labeled,Romeo,1.1045024,-1.2016804,-0.15632215,12.896384,-0.040847424,8.869772
ddc_dzo_04236,labeled,Romeo,3.6575167,0.9636747,-0.24869128,12.729527,-0.63702226,8.518464
ddc_dzo_03193,labeled,Namgay,-4.506966,0.23654959,-12.128635,0.5663612,11.75789,6.3081245
ddc_dzo_04854,labeled,Romeo,1.8013115,-0.8564405,0.47125357,17.246408,1.2707506,5.139479
ddc_dzo_04843,labeled,Dorji,-3.7516713,10.29827,0.16231455,6.6298065,15.052621,2.0769246
ddc_dzo_04870,labeled,Romeo,4.2346377,-0.532888,1.5707649,16.836733,0.6491978,5.1172566
ddc_dzo_04862,labeled,Thinley,-12.05709,-2.1904163,1.5536612,-0.9919417,-1.8708984,2.0513349
ddc_dzo_04873,labeled,Thinley,-8.73006,-2.1625323,0.991469,-1.000049,-1.9857755,1.6579092
ddc_dzo_04842,labeled,Thinley,-11.012255,-5.7619705,-0.8765973,-1.06561,-1.745755,1.3244046
ddc_dzo_04853,labeled,Romeo,2.8069348,-0.6251463,-1.0530808,16.726194,1.4079269,6.2619596
ddc_dzo_04841,labeled,Thinley,-9.057775,-1.4143201,0.2409154,-0.88718903,-1.9862666,0.96418834
ddc_dzo_04894,labeled,Romeo,3.9093554,-2.102161,0.41500825,13.2572365,-0.16122265,8.2909975
ddc_dzo_04897,labeled,Romeo,2.139295,-0.7593496,-0.13672389,16.815989,0.6505654,5.1226964
ddc_dzo_04896,labeled,Romeo,2.630668,-0.5091088,-0.10791241,16.750874,0.69870496,5.556469
ddc_dzo_04879,labeled,Romeo,3.4113038,-1.1767137,0.22561628,15.126164,-0.22201732,5.9517765
ddc_dzo_04893,labeled,Thinley,-10.905303,-2.8313782,1.830256,-0.6754879,-1.7542877,2.0709193
ddc_dzo_04874,labeled,Romeo,3.8925924,0.0069834017,0.25963923,13.082314,-0.31522444,8.981325
ddc_dzo_03840,labeled,Namgay,-5.044592,3.026924,-8.559215,0.5661206,11.756739,6.306229
ddc_dzo_04884,labeled,Romeo,3.5720518,1.6148257,0.37009367,16.440392,1.6617199,4.7188935
ddc_dzo_04886,labeled,Romeo,2.4482996,0.21655488,0.20764531,12.904815,2.172927,8.562135
ddc_dzo_04910,labeled,Romeo,3.1081383,-0.4825987,-0.860098,16.795753,1.1932373,6.2483234
ddc_dzo_04909,labeled,Romeo,2.0940685,-0.30652484,0.47673428,17.330437,1.4283494,4.865844
ddc_dzo_04906,labeled,Thinley,-9.609775,-4.1028247,0.08271218,-0.6851848,-2.3277519,1.4298593
ddc_dzo_04880,labeled,Romeo,1.8803023,1.0125475,0.40506962,15.477771,-0.42831394,4.513669
ddc_dzo_04888,labeled,Thinley,-11.62411,-3.2223642,2.109429,-1.1671879,-2.0566514,1.5767426
ddc_dzo_04905,labeled,Romeo,3.8639753,-2.2048643,-0.6864323,12.783271,2.2860608,7.6927047
ddc_dzo_04912,labeled,Dorji,-3.1884606,9.978822,0.7964501,6.8456125,15.076189,2.243759
ddc_dzo_04941,labeled,Romeo,2.249643,-1.0126613,0.18299876,17.380136,1.9479553,5.5127707
ddc_dzo_04917,labeled,Romeo,1.6140717,-0.55417365,1.5283273,13.386491,2.1199412,8.176683
ddc_dzo_09267,labeled,Romeo,3.7864227,-1.9173452,-0.6501119,13.194368,-0.87456536,8.415798
ddc_dzo_04928,labeled,Romeo,1.8978474,0.4132592,-0.015184398,12.552572,1.5476073,8.528566
ddc_dzo_04922,labeled,Romeo,3.2974994,-1.1159294,0.29010373,15.356966,-1.0060326,5.105762
ddc_dzo_04930,labeled,Namgay,0.7872314,1.047215,-4.904605,14.23551,-0.001971124,13.014481
ddc_dzo_04919,labeled,Namgay,-3.5121307,2.3734837,-10.824525,-3.8124847,12.349097,5.954172
ddc_dzo_04939,labeled,Romeo,0.086875044,-2.1347048,0.6788794,14.152574,0.48990723,10.506795
ddc_dzo_04938,labeled,Namgay,-3.9958754,2.2300751,-12.191755,3.5565627,6.419928,17.40076
ddc_dzo_04924,labeled,Thinley,-12.037938,-3.3825657,1.6076299,-1.4715613,-2.159306,1.4968313
ddc_dzo_04946,labeled,Romeo,2.0156553,0.38061225,1.1121744,16.47703,1.0674155,4.4209857
ddc_dzo_04940,labeled,Romeo,3.6032934,-2.4008915,0.8029737,13.528661,1.6308898,8.604698
ddc_dzo_04945,labeled,Dorji,-5.354344,12.02507,2.1889133,6.8853106,15.425728,1.9552708
ddc_dzo_04936,labeled,Romeo,2.736659,-1.0287032,-0.41257143,16.68807,2.026968,5.74457
ddc_dzo_04920,labeled,Romeo,2.2202895,-1.050602,0.7928826,14.06553,0.08678358,10.518719
ddc_dzo_04966,labeled,Romeo,3.7329686,-0.7667433,-0.41463792,17.195711,1.2805929,5.8102055
ddc_dzo_04971,labeled,Romeo,2.8182416,-0.9284479,0.2744928,17.250107,1.3632666,5.1583133
ddc_dzo_04976,labeled,Romeo,3.064646,-0.9048069,0.2883295,15.864473,-0.65075994,4.490625
ddc_dzo_04986,labeled,Romeo,3.0622463,-0.26474252,-0.15874515,17.613295,1.4590197,5.5823665
ddc_dzo_04982,labeled,Romeo,3.390412,-1.6158165,-0.32834658,16.58861,1.5218425,5.7142787
ddc_dzo_04957,labeled,Thinley,-11.288438,-3.525805,1.107668,-0.6896569,-1.6443284,2.0779169
ddc_dzo_04975,labeled,Thinley,-11.913893,-1.6831465,1.0095694,-1.09809,-1.486536,2.3940709
ddc_dzo_04987,labeled,Dorji,-4.007116,11.578237,2.2298014,6.735558,14.901613,2.0503836
ddc_dzo_04969,labeled,Romeo,1.6554236,1.2502162,0.4007384,16.477386,1.0707798,4.4252954
ddc_dzo_04979,labeled,Dorji,-2.8479528,10.378789,1.7289975,6.776044,15.480903,1.985841
ddc_dzo_04978,labeled,Dorji,-4.164129,8.201758,0.14415002,6.953601,15.539329,2.1613288
ddc_dzo_04951,labeled,Romeo,3.327075,-0.40343127,1.4753067,16.609566,1.3102883,5.9166164
ddc_dzo_04984,labeled,Thinley,-11.192171,-4.078035,1.4634655,-0.6219621,-2.2181532,2.123826
ddc_dzo_04965,labeled,Thinley,-11.942049,-4.1221237,-0.4144575,-1.0568773,-1.8467329,2.1806254
ddc_dzo_04956,labeled,Dorji,-3.048703,11.043007,1.1492711,6.6113086,15.118721,2.6648877
ddc_dzo_04959,labeled,Romeo,2.924274,0.735092,-0.33099103,17.227898,1.1351134,5.650678
ddc_dzo_04967,labeled,Thinley,-9.691554,-3.2576406,0.8117728,-1.0629928,-1.6695743,1.5901502
ddc_dzo_04960,labeled,Romeo,4.0740447,-1.3407753,0.26268739,15.603572,2.0497317,6.015764
ddc_dzo_05006,labeled,Romeo,2.9337285,-1.3635293,0.68009686,17.648752,1.9016415,5.037463
ddc_dzo_05003,labeled,Romeo,3.3137846,-0.5950003,-0.6666502,12.743825,1.6983275,9.080302
ddc_dzo_05009,labeled,Romeo,3.3021393,-0.7814303,0.15295742,13.190439,-0.87842125,8.643365
ddc_dzo_04997,labeled,Romeo,3.3443363,-0.72639376,0.23407042,15.36666,-0.7297215,5.094016
ddc_dzo_04993,labeled,Romeo,2.2276335,-1.2979454,0.108642995,16.501421,1.2461495,5.8276696
ddc_dzo_05024,labeled,Romeo,2.4252129,0.04536199,0.38385954,13.423959,1.8987006,8.758228
ddc_dzo_05015,labeled,Namgay,-2.0290277,2.167415,-11.582136,3.578559,7.0066266,16.96812
ddc_dzo_05019,labeled,Romeo,3.015956,1.0493107,0.00033935474,16.684917,1.9223677,4.685847
ddc_dzo_05007,labeled,Romeo,3.3596911,-0.87939173,0.73794115,13.178304,1.95333,8.579707
ddc_dzo_05022,labeled,Romeo,2.8034592,-0.7794447,-0.18031988,12.924226,0.9958457,8.849383
ddc_dzo_04995,labeled,Thinley,-11.400826,-3.7084532,-0.59648025,-0.9093177,-2.1056433,1.5358423
ddc_dzo_04999,labeled,Thinley,-11.32474,-2.3236527,1.3806185,-0.9613946,-1.9759651,1.9974296
ddc_dzo_05008,labeled,Thinley,-9.7127495,-2.498616,2.152019,-1.0274148,-1.9097964,1.2622725
ddc_dzo_05023,labeled,Romeo,3.5416622,-1.1548429,-0.4535841,16.15296,1.7327346,5.557995
ddc_dzo_04990,labeled,Romeo,1.9016538,0.19411415,-1.1303943,13.522416,2.2780502,8.34603
ddc_dzo_05045,labeled,Romeo,3.3088508,-1.3439953,1.0380875,16.803177,1.5208936,6.228538
ddc_dzo_01769,labeled,Romeo,4.5151834,-1.4678074,0.18075843,13.381734,-0.34586254,8.180776
ddc_dzo_05035,labeled,Romeo,3.976717,-1.0513935,0.28887254,12.961375,1.4925503,7.992474
ddc_dzo_05030,labeled,Romeo,1.9260607,-1.5064738,-0.059638478,12.428499,1.7548345,8.107991
ddc_dzo_05034,labeled,Dorji,-2.4777446,11.122541,1.8050475,6.857303,15.39801,2.6432192
ddc_dzo_05053,labeled,Romeo,2.869861,-2.4753761,-0.03209332,16.439623,0.7617694,4.6116443
ddc_dzo_05061,labeled,Romeo,2.9060073,-2.0453508,-0.08821633,15.264896,-0.68206555,4.827858
ddc_dzo_05025,labeled,Namgay,-1.9020369,0.25464994,-5.883839,14.236836,-0.0021604018,13.027236
ddc_dzo_05047,labeled,Romeo,2.4912014,0.6028425,-1.1178545,12.90749,-0.9428753,8.252425
ddc_dzo_05051,labeled,Namgay,-2.5631151,3.1552927,-9.612223,3.3630035,6.444894,17.318327
ddc_dzo_05046,labeled,Dorji,-4.8507276,11.460966,2.1795588,6.6971426,15.267783,2.5018208
ddc_dzo_05037,labeled,Dorji,-3.4426231,8.672991,0.75883967,6.7939873,16.144327,2.1126945
ddc_dzo_05040,labeled,Romeo,2.4326615,-0.9498381,-0.02529968,16.69352,2.0382743,5.0984364
ddc_dzo_05028,labeled,Thinley,-9.12577,-2.9302537,1.6074628,-0.90543765,-1.5759763,2.0402415
ddc_dzo_05049,labeled,Romeo,1.7419173,-1.4437115,0.74067044,13.227081,2.179709,8.318762
ddc_dzo_05043,labeled,Romeo,3.7042518,-0.058904592,0.11714625,15.43721,1.767936,6.0980673
ddc_dzo_05029,labeled,Romeo,4.5653844,-1.2452626,1.092616,13.324376,-0.54001254,8.800742
ddc_dzo_05036,labeled,Romeo,3.244253,0.32124156,0.9752646,12.820139,-0.4677045,8.9823065
ddc_dzo_05093,labeled,Dorji,-4.241719,11.48304,2.529854,6.7340546,15.381794,2.632069
ddc_dzo_05079,labeled,Romeo,2.2469416,-0.96622854,0.31314307,13.3721695,1.8931555,9.046407
ddc_dzo_05074,labeled,Romeo,2.8711627,-1.6695385,0.07335668,15.506274,-0.812413,4.8717065
ddc_dzo_05088,labeled,Romeo,2.9703074,-1.029307,1.0300591,15.599711,-0.45588854,4.602493
ddc_dzo_05096,labeled,Romeo,3.788258,-0.36105525,-0.28579652,16.015017,-0.5831342,4.8465343
ddc_dzo_05072,labeled,Thinley,-9.514017,-3.8520422,0.68075526,-0.75389284,-1.5476227,2.5059385
ddc_dzo_05068,labeled,Thinley,-9.069713,-2.1908803,1.4195832,-0.35712472,-1.627926,2.2542348
ddc_dzo_05065,labeled,Romeo,2.5571394,0.2764727,0.2860852,13.30861,0.73307097,8.077376
ddc_dzo_05078,labeled,Romeo,3.1627095,-0.24196029,-0.26175544,13.317369,-0.50379694,8.459389
ddc_dzo_05083,labeled,Romeo,3.1642156,-0.30092466,0.35696235,12.66962,1.684217,8.674501
ddc_dzo_05090,labeled,Thinley,-11.903541,-4.210475,1.3334811,-1.2740667,-1.892657,1.4774611
ddc_dzo_05097,labeled,Romeo,1.7111795,-1.6915214,0.060096618,17.00418,1.3094702,4.9134483
ddc_dzo_05086,labeled,Romeo,3.0687351,-1.8893061,0.87584645,13.154374,1.5141182,8.704661
ddc_dzo_05100,labeled,Dorji,-3.4446247,12.701274,2.3514616,6.739409,15.418061,2.0846047
ddc_dzo_05066,labeled,Thinley,-7.381925,-0.3033931,1.0076704,-1.0691851,-1.8965569,0.7988261
ddc_dzo_05080,labeled,Romeo,3.2937772,-0.8404549,-0.1831934,15.826721,2.0807986,5.9860578
ddc_dzo_05104,labeled,Dorji,-3.3961475,11.4108,1.2063093,6.7275653,15.790126,2.205915
ddc_dzo_05113,labeled,Romeo,3.6164317,-0.7582831,0.13223173,12.750631,-0.45665485,9.024085
ddc_dzo_05128,labeled,Romeo,2.4944267,-0.24838702,1.0976776,15.680908,-0.57754105,4.453559
ddc_dzo_05131,labeled,Romeo,2.2007155,0.5704228,1.0142013,15.575139,-0.66630715,5.013628
ddc_dzo_05105,labeled,Romeo,3.7680054,-0.023022119,2.0028331,13.212548,1.7326268,8.735669
ddc_dzo_03450,labeled,Romeo,3.6616194,-0.5237575,-0.40441868,13.205223,-0.90231603,8.599565
ddc_dzo_05116,labeled,Romeo,2.027163,-0.9231548,1.0110158,13.161972,-0.98215646,8.535367
ddc_dzo_05108,labeled,Thinley,-10.359025,-3.1123986,0.11574221,-1.3742751,-2.0047371,1.4607012
ddc_dzo_05110,labeled,Dorji,-2.0506928,12.340787,0.5947926,6.675325,15.154264,1.9402304
ddc_dzo_05586,labeled,Thinley,-10.695057,-3.8913813,1.4286453,-0.39655003,-1.9070319,2.4619668
ddc_dzo_05103,labeled,Thinley,-12.240954,-4.079767,1.2566787,-1.2580894,-2.4457145,1.2541019
ddc_dzo_05133,labeled,Thinley,-11.3997135,-4.3901663,1.0825261,-0.83669657,-2.1635354,1.5834874
ddc_dzo_05126,labeled,Romeo,4.5205116,-0.93867046,-1.4607102,15.970944,1.8700858,5.4844317
ddc_dzo_05118,labeled,Romeo,1.7651415,-0.41789764,1.0368617,17.159193,0.9454926,5.090693
ddc_dzo_05169,labeled,Dorji,-3.5786965,10.904192,2.3736632,6.7637167,14.755527,2.3304276
ddc_dzo_05151,labeled,Dorji,-4.1935086,9.849777,-0.3449294,6.9124827,15.933316,2.058591
ddc_dzo_05161,labeled,Romeo,3.2862651,-1.5969135,-0.5784375,15.691172,-0.6700441,5.3524194
ddc_dzo_05165,labeled,Romeo,2.7381182,-1.3401524,1.4768913,15.328186,-0.8109851,4.7353034
ddc_dzo_05162,labeled,Romeo,3.357308,-0.9442829,0.6456814,13.227675,-0.87347126,8.317208
ddc_dzo_05149,labeled,Namgay,-4.556382,3.518717,-10.386753,3.5463984,7.1017175,16.929518
ddc_dzo_05156,labeled,Namgay,-0.41773978,1.7277268,-11.264782,3.201326,6.396367,17.308842
ddc_dzo_05146,labeled,Dorji,-3.8919334,11.861393,2.1421218,6.7433667,15.026343,2.017355
ddc_dzo_05170,labeled,Romeo,1.5175043,-0.055117875,1.3207954,12.665434,2.251308,8.499253
ddc_dzo_05150,labeled,Romeo,2.1852894,-1.0020375,-0.50948966,13.055616,-0.4137676,9.105667
ddc_dzo_05140,labeled,Thinley,-11.836315,-3.2249901,0.9891098,-0.9980182,-2.2248762,1.8377099
ddc_dzo_05160,labeled,Thinley,-11.765656,-2.2589426,-1.4625157,-1.4189594,-1.5105361,1.9912735
ddc_dzo_05158,labeled,Thinley,-11.61807,-4.8613567,-0.3191066,-0.57766587,-1.8853594,2.6059198
ddc_dzo_05143,labeled,Thinley,-11.70963,-3.8323808,0.5037467,-1.0790037,-1.8279274,1.8484697
ddc_dzo_05141,labeled,Thinley,-9.939895,-5.022971,0.53445905,-0.2732798,-1.7915144,2.45113
ddc_dzo_05148,labeled,Thinley,-10.758934,-2.4713593,2.2067943,-0.7044048,-1.6344973,2.3847115
ddc_dzo_05155,labeled,Romeo,4.9280705,-0.84310216,0.5212978,13.762906,1.8348206,8.5782
ddc_dzo_05138,labeled,Yigzin,-1.5901768,3.6357875,-2.8457344,-7.668212,5.2610126,7.0495577
ddc_dzo_05186,labeled,Romeo,3.2855237,-2.154906,-0.5173225,13.921116,1.1950945,8.757845
ddc_dzo_05187,labeled,Romeo,2.8854442,0.32762095,-0.0789742,13.065731,2.2326007,8.977284
ddc_dzo_05173,labeled,Romeo,2.5970814,-2.1303947,0.49220532,14.421642,0.21770237,11.076249
ddc_dzo_05175,labeled,Dorji,-4.155722,11.232839,0.31342182,6.585904,14.956003,2.3812976
ddc_dzo_05190,labeled,Romeo,2.7104113,-0.22985177,-0.57781446,15.143467,-0.5450042,5.0150447
ddc_dzo_05195,labeled,Romeo,1.3223742,0.9803411,0.15437317,13.746262,1.2070023,9.305072
ddc_dzo_05199,labeled,Romeo,3.6173038,-0.55093074,-0.75731796,16.933817,1.1257137,4.6596737
ddc_dzo_05200,labeled,Romeo,4.5045047,-1.043476,0.50366396,12.873517,-0.4071076,7.9739356
ddc_dzo_05176,labeled,Thinley,-11.313112,-3.8693748,0.35655066,-1.0667285,-2.4368908,1.4504265
ddc_dzo_05204,labeled,Romeo,3.722946,-1.413435,-1.2160167,13.140615,2.130115,7.749094
ddc_dzo_05182,labeled,Thinley,-12.078294,-5.339794,-1.1341842,-1.2634755,-1.9347398,2.2424557
ddc_dzo_05198,labeled,Romeo,4.399458,-0.96345764,0.9756353,15.59546,1.9143721,5.7642007
ddc_dzo_05191,labeled,Romeo,2.4320576,-0.8899478,0.04681267,14.166673,0.03920377,10.688059
ddc_dzo_05174,labeled,Romeo,2.8503242,-1.6181327,0.7199141,16.098822,-0.31635913,5.152212
ddc_dzo_02555,labeled,Romeo,3.9151206,-2.6655066,1.1488093,13.109576,-0.24607864,8.052497
ddc_dzo_05208,labeled,Thinley,-13.0072565,-4.658116,-0.0487807,-0.34454706,-2.107973,2.5416083
ddc_dzo_05216,labeled,Thinley,-13.0019865,-3.5758424,1.1602912,-0.5303376,-2.3104446,2.2988658
ddc_dzo_05230,labeled,Romeo,4.4817934,-0.6386649,-0.32167575,15.449258,-0.31236026,4.923539
ddc_dzo_05234,labeled,Namgay,-3.8336372,3.0173137,-11.513803,3.4094868,6.957714,16.995619
ddc_dzo_04465,labeled,Namgay,-2.985855,1.9065012,-7.466636,3.2019212,6.41456,17.286018
ddc_dzo_05219,labeled,Romeo,2.0466654,0.8893499,0.6723764,14.559598,0.23981538,11.52352
ddc_dzo_05232,labeled,Namgay,-2.8657043,3.2562869,-10.346419,3.5667062,6.4087095,17.400158
ddc_dzo_05209,labeled,Namgay,-0.12872456,1.799772,-11.508211,3.5536008,6.4449434,17.37054
ddc_dzo_05239,labeled,Romeo,2.523486,-1.6502296,-1.3264157,13.128478,-0.943453,7.881719
ddc_dzo_05229,labeled,Romeo,3.6857255,-1.5727625,-0.4020109,13.397158,1.2171675,8.096091
ddc_dzo_05236,labeled,Thinley,-10.686866,-3.491645,0.6632377,-0.74386925,-2.127393,1.8952427
ddc_dzo_05227,labeled,Namgay,-2.741544,0.9783016,-9.035546,0.55250853,12.193609,5.822112
ddc_dzo_05233,labeled,Romeo,2.6586502,-0.57735825,1.0855827,16.95552,1.9064322,5.225163
ddc_dzo_05224,labeled,Romeo,3.0063405,0.1689997,0.44371653,15.77494,1.9369682,5.932224
ddc_dzo_08059,labeled,Romeo,3.053097,-1.8757963,-0.16410927,12.538525,1.6869323,8.025229
ddc_dzo_05254,labeled,Romeo,3.3455002,-0.51177084,0.36916637,12.657516,1.9591584,8.06135
ddc_dzo_05252,labeled,Romeo,3.015868,0.31070566,0.24238916,17.412224,1.1002332,5.4454055
ddc_dzo_05269,labeled,Romeo,2.9451528,-2.2032983,-0.7044567,16.812012,1.3780822,5.644405
ddc_dzo_05263,labeled,Namgay,-1.7235762,0.39185756,-8.678971,3.188634,6.4033427,17.301868
ddc_dzo_05267,labeled,Romeo,0.5577958,0.43622947,0.15497988,13.38028,-0.7262857,8.436197
ddc_dzo_05258,labeled,Thinley,-11.216634,-4.039094,0.11937346,-0.3301998,-1.8442464,2.4643505
ddc_dzo_05256,labeled,Thinley,-11.428711,-2.6564832,0.81989765,-1.0956994,-1.5298587,1.7583524
ddc_dzo_05251,labeled,Thinley,-11.598761,-3.276466,0.67014295,-1.4486673,-1.7243028,2.040528
ddc_dzo_05242,labeled,Romeo,4.9371715,-0.9115045,0.13358422,15.410439,-0.42715868,4.6081476
ddc_dzo_05246,labeled,Thinley,-11.943676,-3.8158188,-0.83775634,-1.3319118,-2.3749225,2.094988
ddc_dzo_05259,labeled,Romeo,3.2758873,-1.8383733,0.9456036,16.62513,1.3760229,6.169183
ddc_dzo_05273,labeled,Romeo,2.7334127,-1.4404339,-1.1178038,17.260008,1.3978442,5.487757
ddc_dzo_05245,labeled,Romeo,3.6578908,-0.5863257,0.6418934,13.382081,2.0511038,9.21152
ddc_dzo_09681,labeled,Romeo,4.0375333,-1.2696117,-0.25846282,15.286588,1.6310271,6.0929565
ddc_dzo_05278,labeled,Thinley,-11.685951,-2.9461222,0.32028908,-0.541197,-2.2413588,2.4093492
ddc_dzo_05297,labeled,Romeo,2.969157,-2.0507047,0.24759972,13.027027,2.133334,9.03255
ddc_dzo_05310,labeled,Romeo,4.0552573,-0.59049636,0.1336054,17.199377,1.3795422,5.4277697
ddc_dzo_05285,labeled,Romeo,3.163871,-2.1251063,0.033957295,12.688504,-0.45574993,8.557207
ddc_dzo_05279,labeled,Romeo,2.792431,0.1435154,0.23026332,12.852855,1.2079773,9.261801
ddc_dzo_05312,labeled,Thinley,-11.773943,-4.203792,2.5048065,-0.7441912,-2.0044916,2.0527575
ddc_dzo_05300,labeled,Thinley,-9.697114,-2.8434918,1.0741924,-0.9216671,-1.7116525,1.5731102
ddc_dzo_05281,labeled,Dorji,-3.5688937,11.5930805,1.0040774,6.836732,15.107447,2.4699259
ddc_dzo_05290,labeled,Romeo,5.5588565,-0.243852,0.5908044,12.890712,1.6401763,8.841177
ddc_dzo_05294,labeled,Romeo,2.6262245,-0.08477843,-0.26941022,13.181627,-0.9029835,7.903104
ddc_dzo_05287,labeled,Romeo,0.34724987,-0.26500544,0.8384821,12.629944,-0.8059248,7.774592
ddc_dzo_05304,labeled,Romeo,4.542499,-1.5372838,-0.29028657,12.947155,-0.86416465,8.004881
ddc_dzo_05286,labeled,Romeo,4.480559,-0.46784928,0.87149477,12.847802,-0.6095621,8.043711
ddc_dzo_05292,labeled,Thinley,-10.92347,-3.9752004,-0.48187998,-1.2534064,-2.1929367,1.1631998
ddc_dzo_05295,labeled,Thinley,-11.253936,-4.0377545,-0.011796271,-1.3614094,-2.2326653,2.251192
ddc_dzo_05289,labeled,Romeo,3.8520896,0.70177865,0.7035478,13.323558,2.246006,8.899156
ddc_dzo_05996,labeled,Romeo,2.766749,-0.9743228,-0.54021883,15.220064,1.6434759,6.316955
ddc_dzo_05321,labeled,Thinley,-11.696851,-2.8921058,-0.7818336,-0.368892,-2.12234,2.5266285
ddc_dzo_05338,labeled,Romeo,2.2564502,-3.1602402,-0.18118279,12.958465,-0.615362,8.971341
ddc_dzo_05350,labeled,Namgay,-4.1573005,3.0350704,-9.689348,0.5663326,11.777009,6.2991214
ddc_dzo_05330,labeled,Thinley,-9.850548,-3.7277358,1.0524156,-0.29981855,-1.800585,2.5148199
ddc_dzo_05318,labeled,Dorji,-2.8906033,9.283463,2.1032293,6.7687163,16.003422,2.3883553
ddc_dzo_05329,labeled,Namgay,-0.43826762,0.64310545,-7.681086,14.239665,-0.00029513994,13.018616
ddc_dzo_05348,labeled,Thinley,-10.52966,-2.6473641,0.28633732,-1.14228,-1.6574486,2.3821723
ddc_dzo_05343,labeled,Romeo,4.203748,-0.8019736,0.5915701,12.786839,2.0479934,8.784348
ddc_dzo_05336,labeled,Dorji,-4.0783024,11.487964,0.79357266,6.672328,15.070185,1.9236944
ddc_dzo_05332,labeled,Namgay,0.05547102,2.888395,-10.048225,3.5683193,6.4099784,17.40417
ddc_dzo_05315,labeled,Thinley,-11.074516,-2.2954504,1.4947171,-1.4149809,-1.9632814,1.1531451
ddc_dzo_05314,labeled,Dorji,-2.247615,11.021605,1.252171,6.8253236,15.646891,2.0555503
ddc_dzo_05320,labeled,Romeo,1.4624925,-1.2198007,0.9640507,16.988493,1.5140837,5.067738
ddc_dzo_05326,labeled,Romeo,0.28404355,-0.045741633,-0.5457594,15.157805,-0.50104666,5.0510993
ddc_dzo_05340,labeled,Romeo,2.1279826,-0.36244106,0.9165441,13.348823,1.2789975,7.976517
ddc_dzo_02411,labeled,Romeo,1.5405586,-0.47721344,-1.8580561,15.268037,1.6566956,6.0355783
ddc_dzo_05371,labeled,Romeo,2.6392057,-1.8866673,-0.08122144,13.777874,1.2751126,8.688653
ddc_dzo_05355,labeled,Romeo,2.3962142,-0.72795606,0.56613433,12.674681,-0.5650836,9.302693
ddc_dzo_05372,labeled,Romeo,3.1320553,-0.8814946,1.592593,17.253998,0.9894794,5.265697
ddc_dzo_05358,labeled,Romeo,2.2841105,-3.26898,0.9646571,17.64857,1.4480209,5.674592
ddc_dzo_05368,labeled,Thinley,-11.994911,-3.2405035,1.5241133,-0.78318965,-1.5355312,2.1272411
ddc_dzo_05375,labeled,Romeo,3.6012692,-1.6400121,1.3651356,17.24101,1.2300733,5.872689
ddc_dzo_05385,labeled,Thinley,-11.698064,-4.7560487,1.4812495,-1.063394,-1.6601728,2.2034645
ddc_dzo_05374,labeled,Romeo,4.1675854,-0.84974796,1.0279881,15.646625,1.8360542,5.834115
ddc_dzo_05353,labeled,Romeo,2.998001,0.1211986,-0.010548204,15.450501,1.9183873,5.7777686
ddc_dzo_05387,labeled,Romeo,1.8947136,-1.265243,1.1397318,13.166703,-0.9067256,7.982455
ddc_dzo_05381,labeled,Thinley,-9.073334,-2.9338787,-0.43136537,-1.1403774,-2.4086576,1.6920068
ddc_dzo_05373,labeled,Romeo,1.021178,-1.153577,0.088400796,13.24825,1.9318423,8.346376
ddc_dzo_05359,labeled,Romeo,1.767017,-1.2858602,0.21587391,12.97557,2.1914606,7.838118
ddc_dzo_05376,labeled,Romeo,3.990366,-0.8476938,-0.48299682,16.110743,2.1205273,5.424526
ddc_dzo_05362,labeled,Romeo,1.6324967,-0.9127962,0.15797766,17.208546,0.8562809,5.520463
ddc_dzo_05410,labeled,Romeo,3.2557104,-1.1771302,0.05662508,15.429594,-0.5776854,4.9651165
ddc_dzo_05416,labeled,Namgay,-1.7596886,2.011665,-8.9321575,3.201601,6.3961596,17.303976
ddc_dzo_05426,labeled,Romeo,0.59138477,0.6416596,0.028094875,12.735491,1.3733548,9.274049
ddc_dzo_05404,labeled,Dorji,-3.4978619,11.256188,2.4116118,6.614547,15.426828,2.5892859
ddc_dzo_05400,labeled,Thinley,-9.647533,-4.4953365,-0.15206888,-0.6213992,-2.1186342,1.8747381
ddc_dzo_05403,labeled,Romeo,2.8822849,0.94166166,0.5770845,13.496335,2.3292325,8.215874
ddc_dzo_05396,labeled,Romeo,3.609682,-1.7869635,-1.0015385,17.030825,1.94209,5.522578
ddc_dzo_05401,labeled,Romeo,3.6220746,-1.8092414,-0.056550026,12.880519,2.2479832,8.542251
ddc_dzo_05423,labeled,Thinley,-10.940083,-4.8104897,0.80336237,-0.47530335,-2.0633848,2.3627183
ddc_dzo_05424,labeled,Thinley,-11.338455,-3.9738708,0.56924117,-1.2628932,-1.9606007,1.3663027
ddc_dzo_05407,labeled,Romeo,2.4742944,-0.45021397,0.5184489,16.94515,1.2901036,6.118577
ddc_dzo_05414,labeled,Dorji,-6.4314284,8.698943,3.7205784,6.858929,14.667349,2.1450016
ddc_dzo_05418,labeled,Romeo,4.484483,-1.1282806,0.13304156,17.100513,1.9112362,5.5261908
ddc_dzo_05443,labeled,Romeo,2.267608,-1.4060911,0.31743544,15.930782,-0.48867354,4.9061112
ddc_dzo_05428,labeled,Romeo,3.1337018,-0.41136009,-0.3247758,13.19352,2.1901135,7.91216
ddc_dzo_05441,labeled,Romeo,2.8297849,-1.668185,-1.4277192,13.9940405,0.4842797,10.2269945
ddc_dzo_05455,labeled,Dorji,-3.6495938,9.285843,0.81526315,7.000193,15.34626,2.4411123
ddc_dzo_05434,labeled,Dorji,-4.2988467,10.943166,2.4481003,6.7247796,15.498639,2.6660898
ddc_dzo_05432,labeled,Namgay,-2.7720306,3.890246,-12.0786,-3.834192,12.370888,5.9323997
ddc_dzo_05457,labeled,Romeo,2.990214,-0.7612031,0.07675273,13.414186,1.9089442,9.220615
ddc_dzo_05461,labeled,Romeo,3.3031163,-1.1910537,-0.3851911,16.44969,1.0947037,4.44287
ddc_dzo_05437,labeled,Romeo,4.3868155,-1.2498684,-0.7326133,16.902126,1.4700036,5.8551893
ddc_dzo_05440,labeled,Romeo,2.815312,-1.8748986,1.0056751,12.728172,0.24452104,8.229344
ddc_dzo_05444,labeled,Romeo,2.746039,-0.34663853,-0.3371404,15.4610195,-0.10017845,4.7534623
ddc_dzo_05447,labeled,Thinley,-9.7415695,-3.5184522,1.2283934,-0.7748088,-1.6445862,1.9426365
ddc_dzo_05462,labeled,Thinley,-10.063316,-7.4199486,2.3510098,-1.3456774,-2.5282693,1.3747506
ddc_dzo_05446,labeled,Thinley,-10.871235,-3.0568936,0.5792439,-0.9480214,-1.834761,1.5380698
ddc_dzo_05445,labeled,Dorji,-3.150127,10.729051,2.0682354,6.6480193,15.451132,2.17607
ddc_dzo_05494,labeled,Romeo,3.3037317,-1.6675497,-1.784304,16.650408,1.7668264,6.3181887
ddc_dzo_02768,labeled,Romeo,2.8885207,-1.9755919,0.98548627,16.567747,1.825717,5.3259478
ddc_dzo_05484,labeled,Romeo,2.537436,-2.7094064,0.39856395,13.062898,-0.33901677,8.80261
ddc_dzo_05496,labeled,Romeo,3.2342663,-1.6879113,-0.3315624,13.380933,-0.92420393,8.682221
ddc_dzo_05503,labeled,Romeo,3.921656,-2.3301058,-0.48589635,12.741387,1.6509343,9.17362
ddc_dzo_05475,labeled,Dorji,-5.1309876,11.165205,2.5285585,6.8537755,15.325457,2.6336792
ddc_dzo_05497,labeled,Romeo,1.5378234,-0.27576602,1.0051886,17.595646,1.4699483,5.648113
ddc_dzo_05474,labeled,Romeo,3.6147609,-1.6841038,-0.85641307,12.596782,1.7416117,8.50266
ddc_dzo_05499,labeled,Thinley,-10.741258,-4.1030803,0.6085935,-1.3660569,-1.6884791,2.1174738
ddc_dzo_05482,labeled,Thinley,-11.277647,-4.4693675,-0.3838904,-1.2287476,-2.299979,1.9418708
ddc_dzo_05500,labeled,Romeo,3.862806,-2.9335222,1.181233,15.316386,-0.3834864,5.259418
ddc_dzo_05492,labeled,Thinley,-9.335398,-2.0955927,-1.2465255,-1.4260838,-2.2750123,1.0595555
ddc_dzo_05467,labeled,Thinley,-11.055024,-2.4948707,1.0967095,-1.1421056,-1.9995147,1.8557934
ddc_dzo_05498,labeled,Romeo,2.4749355,-0.91942126,-0.08422035,17.00447,1.3218336,6.1898518
ddc_dzo_05471,labeled,Romeo,3.3771298,0.27115497,-0.005367336,16.807253,1.8354418,5.922847
ddc_dzo_01009,labeled,Romeo,3.126951,-0.9796063,-0.57154036,16.87405,1.9970264,5.979989
ddc_dzo_05527,labeled,Romeo,2.1884596,-0.68753886,-0.01873541,15.839897,-0.69755274,5.0616856
ddc_dzo_05541,labeled,Romeo,2.7584186,-0.06061328,-0.06558065,15.931888,1.1859742,6.511384
ddc_dzo_05515,labeled,Dorji,-2.734402,12.121983,2.6001318,6.808525,15.095284,2.5992434
ddc_dzo_05538,labeled,Romeo,3.6791224,0.8221821,1.2464069,17.101423,1.3921132,4.8333964
ddc_dzo_05540,labeled,Romeo,3.2998261,0.83426654,0.5853702,13.175116,-0.68270236,8.744736
ddc_dzo_05528,labeled,Romeo,3.5135415,-1.9343258,0.39685607,12.516692,1.5021802,8.778994
ddc_dzo_05539,labeled,Thinley,-9.836116,-5.6372275,0.47807032,-1.3604841,-2.514036,1.3701923
ddc_dzo_05534,labeled,Romeo,2.7556367,0.44044775,1.2556108,15.515357,-0.45989734,4.475498
ddc_dzo_05530,labeled,Thinley,-13.166365,-3.713304,1.5428568,-1.0345699,-2.3134937,1.9213141
ddc_dzo_05511,labeled,Thinley,-10.816518,-3.503218,1.9754809,-0.9160084,-2.1310217,2.1630971
ddc_dzo_05537,labeled,Romeo,2.8585896,-0.2748537,-0.0466268,16.104376,1.8242636,5.9251814
ddc_dzo_05561,labeled,Romeo,2.5675719,0.9377488,0.48948276,17.094177,0.9335279,5.0558057
ddc_dzo_05574,labeled,Romeo,1.9362578,-1.5165148,-1.1194469,16.613796,0.9776918,5.214848
ddc_dzo_05554,labeled,Romeo,1.8395195,-1.2122624,-1.2594092,15.707264,-0.72270113,5.289453
ddc_dzo_05558,labeled,Namgay,-5.332621,2.7340977,-11.517536,3.5011444,7.0282774,16.954966
ddc_dzo_05584,labeled,Romeo,4.1902223,-0.51023364,-2.276321,13.856633,-0.042839598,10.112502
ddc_dzo_05569,labeled,Romeo,3.6270459,-0.77124685,-2.1720545,13.0146265,-0.76122993,8.602718
ddc_dzo_05579,labeled,Romeo,4.8968143,0.32078952,0.16437659,12.78782,2.1611185,9.057109
ddc_dzo_05583,labeled,Romeo,2.8227117,-0.047551602,-0.9365471,17.395212,1.7771996,5.5158815
ddc_dzo_05562,labeled,Thinley,-12.815533,-4.5679307,1.0760784,-0.80567944,-1.8578851,2.4395297
ddc_dzo_05582,labeled,Dorji,-4.4729953,12.239565,2.0427718,6.657291,15.285629,1.939526
ddc_dzo_05552,labeled,Dorji,-2.5963778,11.902108,1.8638332,6.648869,15.3578005,2.264799
ddc_dzo_05576,labeled,Romeo,2.5372066,-0.25193292,0.15531924,12.574486,2.14008,8.044117
ddc_dzo_05547,labeled,Romeo,2.0087776,-1.1687889,-0.34877744,17.251457,1.8429086,5.203335
ddc_dzo_05560,labeled,Thinley,-8.943501,-1.7804729,0.27592203,-0.9728178,-2.0115135,2.1598153
ddc_dzo_05548,labeled,Romeo,2.6344836,-1.1332594,0.15907231,13.704571,2.104506,8.180441
ddc_dzo_05575,labeled,Romeo,0.96070457,1.7938308,-1.0201732,12.984994,2.4528787,8.197054
ddc_dzo_04875,labeled,Romeo,5.0875626,-0.83035964,1.0115622,17.372835,0.8692148,5.621508
ddc_dzo_05609,labeled,Romeo,4.0152225,-0.30408198,0.28914037,17.356228,1.0409961,5.369082
ddc_dzo_05587,labeled,Romeo,2.9101665,1.0168158,0.4864267,16.871197,1.9110242,5.30584
ddc_dzo_05617,labeled,Romeo,2.560311,0.57054055,-0.10506153,12.997193,2.5195735,8.711647
ddc_dzo_05597,labeled,Romeo,4.165549,-0.74867046,0.48931223,13.224046,-0.12890239,8.710315
ddc_dzo_05618,labeled,Romeo,2.9192848,-0.6039724,0.031848874,15.411182,-1.0164876,5.141261
ddc_dzo_05615,labeled,Romeo,2.52808,-0.30690125,1.2991959,17.438944,1.0352807,4.9533353
ddc_dzo_05605,labeled,Thinley,-12.237493,-3.6186926,-0.3954362,-1.0535228,-1.7311242,2.0142171
ddc_dzo_05600,labeled,Thinley,-10.060125,-2.7213418,-0.42327595,-1.2631246,-1.6645193,2.3944001
ddc_dzo_05589,labeled,Romeo,3.274094,-1.248715,1.1798716,13.884064,1.0175918,9.832647
ddc_dzo_05622,labeled,Romeo,2.3166077,-0.521918,0.34569854,12.723559,2.0397537,8.207121
ddc_dzo_05613,labeled,Romeo,1.7043424,0.37345287,-0.97569436,15.37462,-0.43639576,4.4834385
ddc_dzo_05625,labeled,Thinley,-11.559269,-1.5883145,1.0274938,-1.3966978,-2.2024667,1.9896184
ddc_dzo_05606,labeled,Dorji,-2.8142545,10.949521,2.1053214,6.6477027,14.951174,1.9601122
ddc_dzo_05607,labeled,Thinley,-12.326284,-4.3133087,0.6875642,-1.2446752,-2.0230937,2.24107
ddc_dzo_05610,labeled,Dorji,-5.4078345,8.573554,1.0078247,6.8130574,15.986175,2.1396759
ddc_dzo_05620,labeled,Thinley,-10.7442045,-3.5681593,0.7443056,-1.5606421,-2.2649608,1.337201
ddc_dzo_05614,labeled,Romeo,3.8008344,-0.44582444,0.16181509,17.542444,1.0071251,5.2967243
ddc_dzo_05630,labeled,Romeo,2.8829916,-1.4903463,-0.33149174,15.86254,0.4868216,4.879182
ddc_dzo_05663,labeled,Romeo,4.7988954,-0.8282619,1.171899,13.095828,-0.48454782,8.66728
ddc_dzo_05659,labeled,Romeo,3.5947957,1.0551206,-0.15114664,13.482545,2.3147874,8.635612
ddc_dzo_05651,labeled,Romeo,0.87206364,-1.6044148,-0.58743244,14.386317,0.1763182,11.046469
ddc_dzo_05627,labeled,Romeo,2.1193724,-1.2056359,-0.21146928,12.386231,1.6560194,8.793081
ddc_dzo_05644,labeled,Dorji,-4.2773476,12.032915,2.0759158,6.8003025,15.16639,2.724951
ddc_dzo_05648,labeled,Dorji,-3.0204492,9.4006605,1.379933,6.8134375,16.003561,2.495713
ddc_dzo_05645,labeled,Romeo,3.2337873,-1.8610234,0.9972786,13.473063,2.208676,8.823262
ddc_dzo_05662,labeled,Romeo,4.0363326,0.10468527,0.12385216,13.348224,2.2950315,8.377345
ddc_dzo_05654,labeled,Romeo,2.6649914,-1.9614747,0.13700567,17.185387,1.0377963,5.3793015
ddc_dzo_05638,labeled,Romeo,3.392008,-1.1180534,-0.56106186,13.157294,2.3253007,8.539246
ddc_dzo_05643,labeled,Thinley,-8.91403,-3.278235,-0.61802405,-1.3395187,-1.7603008,1.4042001
ddc_dzo_05634,labeled,Romeo,2.3243768,-0.64995146,-0.55485296,15.721121,1.9482352,5.7188797
ddc_dzo_05640,labeled,Romeo,2.9156532,0.34731898,0.19141372,17.06651,1.1279539,5.7056117
ddc_dzo_05642,labeled,Romeo,4.31499,-0.70254976,-0.6696515,15.731618,-0.35694844,5.276971
ddc_dzo_05674,labeled,Dorji,-3.7234557,11.557491,0.94616425,6.72105,14.956019,2.372071
ddc_dzo_05685,labeled,Romeo,2.0540817,-1.4442561,-0.0007919797,15.342451,-0.42353138,5.1783657
ddc_dzo_05676,labeled,Romeo,0.46184537,-1.6135721,-0.41758838,16.406088,1.1245656,4.533357
ddc_dzo_05682,labeled,Romeo,2.7991347,-1.0801659,-0.7004237,16.650457,1.3790166,4.755095
ddc_dzo_05696,labeled,Romeo,3.075659,-0.7370623,0.8261295,15.515905,-1.0162172,5.620656
ddc_dzo_05695,labeled,Romeo,2.495962,-0.20898987,-0.66262734,15.584457,-0.26507783,4.6418214
ddc_dzo_05694,labeled,Romeo,2.6642518,-1.5547082,0.43396878,16.825354,1.7013664,5.8869977
ddc_dzo_05669,labeled,Thinley,-10.889362,-5.463518,-0.073612235,-0.4628445,-1.8336852,2.5271316
ddc_dzo_05698,labeled,Thinley,-10.335845,-4.2368875,-0.66534853,-0.34528953,-1.770988,2.6002462
ddc_dzo_05686,labeled,Romeo,2.3656857,0.57412094,-1.1941271,16.95665,0.81118613,4.6792345
ddc_dzo_05670,labeled,Thinley,-11.349993,-3.7836003,1.4026881,-1.1357393,-1.5539738,2.4295518
ddc_dzo_05665,labeled,Thinley,-10.32306,-3.8025913,0.10726489,-0.63577175,-1.7303041,1.8362136
ddc_dzo_05683,labeled,Dorji,-3.8827152,12.418332,3.520865,6.636615,15.392887,2.6827412
ddc_dzo_05700,labeled,Romeo,2.5886497,-2.0341628,0.8245271,13.131527,-0.91263765,8.403913
ddc_dzo_05699,labeled,Romeo,3.7658706,0.9561355,0.034633934,13.096712,-0.9373418,8.679506
ddc_dzo_05718,labeled,Romeo,3.4605594,-1.9370946,0.706043,16.336311,1.4752357,6.292215
ddc_dzo_02240,labeled,Romeo,3.448087,-0.30158663,1.0314779,16.64239,1.1274388,6.0519524
ddc_dzo_05717,labeled,Romeo,5.0820446,-0.8298174,-0.7024478,17.179937,1.4520552,6.0321126
ddc_dzo_05737,labeled,Thinley,-9.335,-4.13036,0.056042094,-1.4566435,-1.718843,1.9345025
ddc_dzo_05741,labeled,Dorji,-3.7637627,10.417419,2.0747674,6.655661,15.211328,2.3123012
ddc_dzo_05704,labeled,Romeo,2.4753609,0.15313476,1.8789397,13.11624,2.2363222,9.029307
ddc_dzo_05729,labeled,Romeo,2.407919,1.4474813,-0.46633568,16.950426,2.126226,5.4206505
ddc_dzo_05705,labeled,Romeo,2.9518542,-0.7725308,-1.2348646,15.715166,2.05921,5.813806
ddc_dzo_05738,labeled,Thinley,-12.809377,-2.1817992,-0.5531151,-1.578936,-2.0821965,1.1664474
ddc_dzo_05732,labeled,Romeo,2.8836682,-0.2436986,1.2877828,12.933662,2.4763095,8.466723
ddc_dzo_05735,labeled,Romeo,4.6441426,-0.48933792,-0.043548703,13.238584,2.3278494,8.408903
ddc_dzo_05733,labeled,Romeo,2.295235,-0.024472727,1.8577933,12.817758,-0.5496615,8.017196
ddc_dzo_05722,labeled,Romeo,4.5136404,-1.3867015,1.0607206,12.956088,-0.6443451,8.305798
ddc_dzo_05708,labeled,Romeo,2.8296034,-1.0231535,0.16750205,15.604628,-0.24458864,4.817907
ddc_dzo_05727,labeled,Thinley,-6.9124866,-1.9508952,-1.2625546,-1.2488956,-1.5465369,2.2564611
ddc_dzo_05724,labeled,Thinley,-9.023069,-2.4164839,-0.07720031,-1.1790339,-1.9522336,2.350191
ddc_dzo_05756,labeled,Romeo,3.4872315,-3.1998358,-3.317039,15.262428,-0.35115921,5.054644
ddc_dzo_05761,labeled,Romeo,4.1200485,-1.2189779,-0.26222146,12.630149,1.507251,8.132547
ddc_dzo_05697,labeled,Romeo,3.5457635,0.7058144,-0.3970773,16.914944,1.3395828,4.8054414
ddc_dzo_05771,labeled,Thinley,-10.263821,-3.4423838,1.0132217,-1.1723228,-1.9918218,2.5547736
ddc_dzo_05744,labeled,Romeo,2.999179,-1.3777218,0.31220517,12.987364,-0.5515896,8.793843
ddc_dzo_05758,labeled,Romeo,3.8880882,-1.0537188,-0.9401732,12.820106,-0.27596742,8.8351145
ddc_dzo_05753,labeled,Thinley,-12.002926,-5.0081363,0.16464704,-0.48047966,-1.9713048,2.5082338
ddc_dzo_05759,labeled,Romeo,4.302978,-1.3411875,0.47670084,15.621993,-0.9509318,5.165793
ddc_dzo_05743,labeled,Romeo,3.1623836,-0.4807923,-0.2510374,16.28716,1.6728722,5.727436
ddc_dzo_05757,labeled,Romeo,3.7926714,-1.4484746,-0.19727755,13.411059,1.6923046,8.38035
ddc_dzo_05766,labeled,Romeo,2.0120072,0.6175372,0.38893673,15.80912,-0.76284295,4.5876184
ddc_dzo_05747,labeled,Romeo,3.4241264,-2.0553818,1.3676705,15.778045,-0.33903274,5.232545
ddc_dzo_05769,labeled,Thinley,-11.445201,-4.762527,0.33430377,-1.1540757,-1.9943535,2.5490959
ddc_dzo_05777,labeled,Romeo,3.0031204,-1.0003369,-0.309826,12.75815,2.1137226,7.7845993
ddc_dzo_05762,labeled,Namgay,-2.4396708,0.3885193,-11.805172,0.5502866,12.199708,5.823481
ddc_dzo_05755,labeled,Romeo,3.758952,0.02597076,0.041402664,15.182619,-0.9427208,4.995224
ddc_dzo_05749,labeled,Romeo,3.5884166,0.63779026,0.7943044,12.640044,0.5821597,8.262761
ddc_dzo_05803,labeled,Dorji,-1.434304,9.696178,2.7455163,6.8068376,15.391499,2.6627138
ddc_dzo_05893,labeled,Romeo,2.4863675,-0.5473853,0.89234066,12.728306,-0.4792506,9.251118
ddc_dzo_05812,labeled,Romeo,2.4838681,0.3837182,1.078863,15.721024,-0.8445016,4.7828054
ddc_dzo_05801,labeled,Romeo,4.2676454,0.13438383,-0.9943078,13.871757,-0.49937537,7.1820107
ddc_dzo_05778,labeled,Romeo,4.299839,-1.748035,-0.08672899,16.412703,1.4106404,6.2639008
ddc_dzo_05798,labeled,Romeo,2.137766,-3.0931933,-1.6635596,14.031185,0.4636745,10.299682
ddc_dzo_05796,labeled,Thinley,-11.514766,-3.8864632,-0.9555117,-1.3226892,-2.0767918,1.7909199
ddc_dzo_05786,labeled,Romeo,3.378616,0.08895411,-0.0034570447,15.54181,-0.8488192,5.445585
ddc_dzo_05802,labeled,Romeo,3.6017354,0.48119187,0.79865915,12.45526,1.8338873,8.533991
ddc_dzo_05791,labeled,Romeo,2.848093,1.3222779,0.38557187,13.100485,2.3297493,8.7339735
ddc_dzo_05813,labeled,Romeo,3.143018,1.515469,-1.1713582,15.734076,-0.6522275,4.37424
ddc_dzo_05789,labeled,Dorji,-3.5946803,8.589013,0.54836845,6.808925,16.197523,1.9761611
ddc_dzo_05782,labeled,Thinley,-9.788415,-5.0182757,-0.45392638,-1.1228067,-1.5190376,2.258649
ddc_dzo_05784,labeled,Thinley,-10.995798,-4.7426877,-0.3253175,-0.87758684,-2.0271392,1.8341104
ddc_dzo_05779,labeled,Romeo,2.388101,-0.90181744,0.4166456,16.892843,1.257109,6.0903726
ddc_dzo_05781,labeled,Dorji,-2.238268,11.346422,0.85498834,6.788653,15.208831,2.7080138
ddc_dzo_05806,labeled,Romeo,3.319236,-0.9645842,1.0290458,16.733032,1.5233217,4.9481144
ddc_dzo_05795,labeled,Romeo,4.607628,-1.0039318,0.25994822,13.3625,-0.102921374,8.499415
ddc_dzo_07117,labeled,Romeo,2.5577793,-0.8803296,0.041525386,17.44137,1.5296162,5.170537
ddc_dzo_05833,labeled,Romeo,1.73592,-1.4319682,-0.6889401,15.999832,-0.2848151,4.7800813
ddc_dzo_05825,labeled,Romeo,3.021181,-2.6789503,-0.5120399,13.624881,-0.62617135,8.058577
ddc_dzo_05834,labeled,Romeo,3.9769177,-0.8692078,-0.42120618,12.690353,1.3950168,9.1799755
ddc_dzo_05836,labeled,Namgay,-0.9340971,0.43838045,-5.3970094,14.239885,0.00084228633,13.02791
ddc_dzo_05830,labeled,Dorji,-4.122698,9.0491085,-1.6982573,6.7929587,15.794558,2.6775255
ddc_dzo_05824,labeled,Dorji,-2.6997855,8.8984785,2.3647768,6.849716,16.000025,2.3435745
ddc_dzo_05847,labeled,Thinley,-10.665071,-3.7950435,0.774933,-0.4699967,-1.8899311,1.671027
ddc_dzo_05827,labeled,Romeo,1.2246779,-0.10956556,1.982774,16.792896,2.0836594,5.5169425
ddc_dzo_05850,labeled,Romeo,2.9452093,-2.079466,-0.20394821,13.301822,2.2416768,7.905323
ddc_dzo_05837,labeled,Romeo,2.3786783,-0.39451995,-0.014750558,12.936671,1.8340545,8.586041
ddc_dzo_05852,labeled,Namgay,-3.076149,2.6778324,-11.811599,3.5102172,6.505383,17.35106
ddc_dzo_05835,labeled,Romeo,2.0587177,-1.8719873,-1.3364385,12.84772,-0.74956954,7.8332567
ddc_dzo_05829,labeled,Romeo,3.149807,-0.24730517,-0.7176189,15.711521,-0.07635232,4.5788345
ddc_dzo_05839,labeled,Romeo,3.1509748,-1.0121641,-0.221102,12.839738,2.2581694,7.853499
ddc_dzo_05870,labeled,Romeo,1.7268975,-1.3802872,0.25178736,13.538914,-0.39424053,8.369097
ddc_dzo_05864,labeled,Romeo,3.131869,-1.2624166,0.6312422,16.557964,1.7890533,5.6401963
ddc_dzo_05884,labeled,Romeo,1.3797767,-0.8499834,-1.4664415,16.686884,1.4215311,4.7292247
ddc_dzo_05882,labeled,Thinley,-12.064894,-2.7866676,1.4335093,-1.169676,-1.8697352,2.0819461
ddc_dzo_05876,labeled,Romeo,4.3114085,-1.7829587,-0.17418206,12.6691,1.1842722,9.072155
ddc_dzo_05855,labeled,Romeo,2.2496088,0.3147165,0.6262824,12.969542,2.5473278,8.703657
ddc_dzo_05889,labeled,Dorji,-2.7140954,10.780668,2.1295547,6.902968,15.212513,2.6682203
ddc_dzo_05891,labeled,Thinley,-8.836766,-1.5071021,-0.07506657,-0.9303617,-1.5560013,1.7257074
ddc_dzo_05888,labeled,Romeo,0.32589543,1.0853026,1.5413103,13.713197,2.0035906,8.807855
ddc_dzo_05857,labeled,Namgay,-2.3197987,2.6922283,-10.455162,3.4817436,6.443261,17.347734
ddc_dzo_05887,labeled,Thinley,-11.115052,-1.5102457,1.826698,-1.4312143,-1.8058908,1.1758064
ddc_dzo_05858,labeled,Thinley,-10.728952,-3.423777,-0.6208991,-1.4090793,-1.8950909,1.898739
ddc_dzo_05861,labeled,Dorji,-3.390445,7.579884,0.4003509,6.823745,16.126177,2.0390894
ddc_dzo_05854,labeled,Romeo,2.8076088,0.49980912,-3.2684639,13.02334,2.0176227,7.7121215
ddc_dzo_05868,labeled,Romeo,1.4748493,-1.1541702,-0.010957482,13.225104,2.319982,8.879138
ddc_dzo_05880,labeled,Romeo,2.5760229,-1.2263993,0.7636192,15.588548,1.930929,5.966378
ddc_dzo_05875,labeled,Romeo,3.0729334,-1.5621759,0.63641626,13.156566,-0.15074952,8.267917
ddc_dzo_05902,labeled,Dorji,-2.0566494,11.373779,3.4682631,6.6044416,15.326613,2.3426378
ddc_dzo_05899,labeled,Thinley,-10.364453,-4.0474057,0.7303245,-0.56787807,-1.9078228,1.6000632
ddc_dzo_05906,labeled,Romeo,3.5300307,-1.6575621,0.5550821,13.658288,2.055263,8.392092
ddc_dzo_05894,labeled,Romeo,1.764096,0.47950655,0.95844644,16.341913,1.4494674,5.10075
ddc_dzo_05900,labeled,Romeo,4.503029,-1.1803541,-0.6214391,13.377768,-0.67670035,8.482617
ddc_dzo_05912,labeled,Thinley,-11.626186,-2.979681,2.43542,-0.5472177,-1.9394304,2.4392257
ddc_dzo_05910,labeled,Namgay,0.41553667,0.291925,-6.935202,14.235245,-0.0029661297,13.023783
ddc_dzo_05908,labeled,Namgay,-3.2270205,1.889487,-11.128415,0.55247545,12.190759,5.823072
ddc_dzo_05897,labeled,Thinley,-11.099694,-4.5468564,0.1053396,-0.3025617,-1.9250227,2.6056025
ddc_dzo_05921,labeled,Romeo,1.9182516,-0.4680478,0.39532965,12.324715,1.639599,8.891477
ddc_dzo_05909,labeled,Romeo,2.9813473,-1.6098063,-0.15804498,16.394346,1.3228003,4.650822
ddc_dzo_05926,labeled,Thinley,-10.639456,-4.7099123,0.6545181,-1.2015697,-2.2409098,1.4286692
ddc_dzo_05896,labeled,Dorji,-2.9746797,10.931497,1.2610528,6.905669,15.463353,2.1678298
ddc_dzo_05904,labeled,Romeo,2.9551604,-0.6569234,0.18912989,13.072166,2.2365649,7.826364
ddc_dzo_05930,labeled,Romeo,3.265434,-0.8745381,-0.23722473,17.164986,1.639377,5.5078497
ddc_dzo_05898,labeled,Romeo,4.3899136,0.08262705,-0.39034158,15.44562,-0.72723585,4.9827466
ddc_dzo_05920,labeled,Romeo,3.7447855,0.08185006,0.048173036,13.294661,-0.18199731,8.265641
ddc_dzo_05966,labeled,Romeo,3.5082378,-0.5241346,-0.58613354,16.684662,1.9778552,5.6692634
ddc_dzo_05950,labeled,Romeo,2.9078794,-1.1127763,-0.1329348,17.356567,0.9644969,5.146764
ddc_dzo_05936,labeled,Romeo,1.9900757,-1.2116549,-0.1777115,12.716677,-0.56469125,9.389947
ddc_dzo_05958,labeled,Romeo,2.6838899,-1.2101274,0.31717908,15.543221,-0.33836028,5.346033
ddc_dzo_05932,labeled,Romeo,3.8722734,1.5248171,-0.09008664,12.757938,1.6802795,9.164692
ddc_dzo_05945,labeled,Romeo,3.8065252,-1.2226677,-0.23274295,12.867445,-0.56842923,8.747657
ddc_dzo_05947,labeled,Namgay,-5.024627,3.2184598,-4.9438815,4.028133,8.096979,9.284675
ddc_dzo_05955,labeled,Romeo,4.4717026,0.11543249,1.0993309,12.742271,2.1063218,8.41175
ddc_dzo_05937,labeled,Dorji,-3.7718093,10.005034,1.9525042,6.932383,15.181311,1.9278618
ddc_dzo_05949,labeled,Thinley,-10.880765,-4.5953584,0.091792814,-1.4619799,-2.4131796,1.6598568
ddc_dzo_05943,labeled,Thinley,-10.15981,-4.6206117,1.3872948,-1.3272172,-2.4094098,1.624321
ddc_dzo_05941,labeled,Thinley,-11.0185585,-3.9411464,1.2713759,-1.283214,-2.0563824,2.1721613
ddc_dzo_05938,labeled,Romeo,2.7137148,-1.6106746,-1.4357914,16.503174,1.9301723,6.2738204
ddc_dzo_05946,labeled,Dorji,-3.7080154,11.768611,3.2346473,6.815432,15.511782,2.0622199
ddc_dzo_05952,labeled,Thinley,-13.025803,-4.5811243,1.8475614,-0.89286953,-1.7841467,2.399135
ddc_dzo_05962,labeled,Romeo,2.8693492,-0.6461093,0.38258004,13.077104,2.2904766,8.828647
ddc_dzo_05969,labeled,Dorji,-2.688713,11.333492,2.4390316,6.7676387,15.44328,2.589348
ddc_dzo_05957,labeled,Romeo,3.2393882,-0.787638,-0.098098926,13.8027525,1.5716423,8.646605
ddc_dzo_05961,labeled,Romeo,4.0421357,-0.8356022,-0.547408,13.525528,2.0157268,7.958575
ddc_dzo_05935,labeled,Romeo,3.820946,-1.7491754,0.2927663,17.548416,1.0955888,5.670925
ddc_dzo_06002,labeled,Romeo,3.475216,-0.2810696,0.50781024,13.199854,-0.36318016,8.288639
ddc_dzo_05923,labeled,Romeo,2.1868343,-0.5615387,0.08420989,17.33095,1.756941,5.242329
ddc_dzo_06005,labeled,Romeo,-1.7107034,-0.57412636,3.171458,15.620249,0.7221248,1.3846912
ddc_dzo_05984,labeled,Romeo,1.6516382,-2.195808,1.2874074,12.871447,-0.7563371,8.793535
ddc_dzo_06003,labeled,Romeo,3.9625843,-0.5846145,0.05056795,13.255277,-0.7444336,8.374018
ddc_dzo_05997,labeled,Romeo,3.4488366,-1.2448592,-1.3805586,13.074549,-0.21157877,8.9474535
ddc_dzo_05973,labeled,Namgay,-3.0702066,2.6552339,-10.616398,-3.8226783,12.359473,5.943801
ddc_dzo_05976,labeled,Romeo,4.7179413,-1.0152919,-0.83112293,15.583834,1.9336092,5.9840703
ddc_dzo_05971,labeled,Romeo,3.0742548,-1.9770432,-0.59421676,13.473298,-0.38375235,8.686391
ddc_dzo_05990,labeled,Romeo,1.6591142,0.13592778,1.1212833,12.771767,1.506462,9.213227
ddc_dzo_06006,labeled,Namgay,-2.602606,2.5585577,-10.554624,3.574791,6.4047565,17.403175
ddc_dzo_05991,labeled,Thinley,-8.839477,0.88853717,-1.4969367,-1.2589321,-1.7891663,0.8564309
ddc_dzo_05989,labeled,Thinley,-9.172395,-0.9969892,0.58243483,-1.2760497,-1.5583705,2.1425667
ddc_dzo_05986,labeled,Thinley,-12.378026,-3.2986083,2.346384,-0.86960465,-1.7580842,2.0208645
ddc_dzo_05272,labeled,Romeo,4.686011,-2.1130695,0.43494418,17.085756,1.322721,5.0028877
ddc_dzo_06041,labeled,Romeo,3.3722155,-0.89361227,0.769398,13.407849,0.24602117,8.729241
ddc_dzo_06025,labeled,Romeo,3.9808507,-1.6130716,-0.6804715,13.729565,1.8716865,8.713197
ddc_dzo_06022,labeled,Romeo,3.5969756,-1.056643,-1.5294747,14.028588,0.03765901,10.458697
ddc_dzo_06033,labeled,Romeo,3.114088,-2.3078187,-0.11069376,12.742872,-0.59096605,8.627228
ddc_dzo_06011,labeled,Romeo,2.2412705,-1.5607945,0.08009114,13.104785,2.0216777,8.900174
ddc_dzo_06021,labeled,Romeo,3.1803062,0.38556117,0.37693962,13.136352,2.3891325,8.83739
ddc_dzo_06028,labeled,Romeo,2.936153,-0.71065944,-0.09834768,13.334827,2.0336862,8.235856
ddc_dzo_06026,labeled,Thinley,-9.037051,-4.2439723,0.43775415,-0.23854192,-1.9101188,2.5896134
ddc_dzo_06014,labeled,Dorji,-3.7682185,12.20679,2.1252594,6.9258842,15.352914,2.5992713
ddc_dzo_06032,labeled,Romeo,3.1011937,-0.8111531,0.20112252,13.757389,1.4147261,9.390416
ddc_dzo_06010,labeled,Romeo,2.5051043,-0.2732746,-1.3840053,13.479307,1.867697,9.316338
ddc_dzo_06036,labeled,Romeo,4.2160583,-1.3765693,-1.6985421,15.560878,1.9649653,5.941174
ddc_dzo_06042,labeled,Romeo,2.0683506,0.14477687,-1.4626104,15.980377,-0.538967,5.0226626
ddc_dzo_06030,labeled,Romeo,1.3669271,1.1826222,0.1754772,12.85678,-0.6465514,8.486002
ddc_dzo_06054,labeled,Romeo,3.703793,-0.7566093,-0.7510263,17.462988,1.0767066,5.7556763
ddc_dzo_09098,labeled,Romeo,3.9638045,-1.248583,0.6477159,16.889725,0.9591769,5.260776
ddc_dzo_06067,labeled,Romeo,3.457022,-0.58357805,0.3320955,15.567967,-0.4320905,5.171716
ddc_dzo_06049,labeled,Thinley,-11.107791,-2.5052884,1.8282088,-0.73238873,-1.850702,2.382962
ddc_dzo_06057,labeled,Romeo,2.6406133,-0.34507817,-0.31538102,12.420037,2.0141103,8.211618
ddc_dzo_06076,labeled,Dorji,-3.5887403,11.557438,1.380492,6.7518673,15.277231,2.5219727
ddc_dzo_06066,labeled,Dorji,-2.9356236,12.74366,1.7207392,6.699963,15.450458,2.6567128
ddc_dzo_06079,labeled,Romeo,3.3309536,-0.2550407,1.3788129,14.140492,0.39599332,10.51279
ddc_dzo_06073,labeled,Romeo,4.3328176,-1.3757057,0.58871204,13.2991,2.2308774,8.535029
ddc_dzo_06064,labeled,Romeo,1.4168899,-0.59698665,-0.905853,13.1673765,2.2578552,8.224752
ddc_dzo_06069,labeled,Romeo,1.3682706,-2.3068993,1.9119128,12.751494,-0.6662447,7.9012423
ddc_dzo_06061,labeled,Dorji,-3.3534489,5.3706617,-0.59117895,7.003109,15.345842,2.1930497
ddc_dzo_06045,labeled,Thinley,-9.722564,-3.191022,0.7592045,-0.9344213,-1.962055,1.264763
ddc_dzo_06088,labeled,Romeo,4.379097,-0.52394104,-0.83001393,13.3447275,1.7762244,7.9429655
ddc_dzo_06123,labeled,Romeo,3.305031,-0.025146233,-0.34680584,13.048686,1.6849797,7.8118253
ddc_dzo_06087,labeled,Dorji,-3.5868895,8.185777,0.21101755,7.0250306,15.21302,2.4797485
ddc_dzo_06101,labeled,Romeo,0.8547386,-0.24464515,-0.77362436,15.352713,-0.68651384,4.565858
ddc_dzo_06124,labeled,Thinley,-11.089385,-1.5743468,1.3955611,-0.50940543,-1.806986,1.7065223
ddc_dzo_06113,labeled,Romeo,2.88237,-0.92832714,-1.2640202,13.211172,1.7119998,8.336896
ddc_dzo_06103,labeled,Namgay,-2.901985,2.6772516,-10.942452,3.4941323,7.11554,16.945515
ddc_dzo_06100,labeled,Dorji,-4.0949116,9.827921,1.9090606,6.5624185,15.099966,2.1606383
ddc_dzo_06112,labeled,Thinley,-8.223635,-2.6626556,1.8127971,-1.5627707,-1.8972911,1.5948354
ddc_dzo_06089,labeled,Thinley,-8.629938,-0.77424294,-1.686357,-1.3439523,-1.8259184,0.95291764
ddc_dzo_06118,labeled,Thinley,-11.336976,-3.8542178,-0.45229304,-1.2675271,-2.1355488,2.2487423
ddc_dzo_06105,labeled,Romeo,2.0281117,-1.4153863,0.82025117,13.028828,2.174648,8.018381
ddc_dzo_06107,labeled,Thinley,-8.817171,-1.0985416,0.45065957,-1.0105822,-1.4023805,2.2802572
ddc_dzo_06099,labeled,Thinley,-9.515255,-1.9481285,0.5966921,-1.4854171,-2.3272288,1.6374391
ddc_dzo_06098,labeled,Thinley,-11.673464,-4.430271,0.778378,-1.0116038,-1.7646871,1.4654887
ddc_dzo_06093,labeled,Romeo,2.7255177,-2.0646687,-1.6799845,14.102395,0.55345035,10.36354
ddc_dzo_06114,labeled,Romeo,3.0232155,0.35751823,0.9606215,13.602422,2.3312705,7.847192
ddc_dzo_06095,labeled,Romeo,2.4917548,0.18814763,-0.23794165,15.5496435,1.8041863,5.544864
ddc_dzo_06097,labeled,Romeo,2.8155446,-2.1611092,-0.6691682,13.490514,-0.0066053765,8.292092
ddc_dzo_06109,labeled,Romeo,3.1022105,0.9205108,-0.092524245,12.953483,-0.78116596,8.815244
ddc_dzo_00228,labeled,Romeo,5.0983067,-1.2057819,0.73653626,17.462156,1.4828659,5.0572896
ddc_dzo_06142,labeled,Romeo,2.7878718,-1.9771945,-0.6463291,16.41386,1.4688832,6.10779
ddc_dzo_06131,labeled,Romeo,3.8723106,-1.176091,0.16937122,12.7611885,-0.33899072,9.431835
ddc_dzo_07174,labeled,Romeo,2.5776496,-2.4401453,-0.3866613,12.993712,-0.03570063,8.562216
ddc_dzo_06144,labeled,Romeo,3.096621,-1.5528054,0.25510553,16.844614,1.3643323,5.085593
ddc_dzo_06139,labeled,Thinley,-11.261384,-2.4958978,0.8564748,-1.1019232,-2.25046,1.2159601
ddc_dzo_06133,labeled,Dorji,-3.0849917,11.940114,2.1409078,6.614592,15.255315,2.121385
ddc_dzo_06148,labeled,Romeo,3.7966588,-0.70058775,-0.28398725,12.841224,-0.30191904,9.138186
ddc_dzo_06128,labeled,Dorji,-3.0268831,8.958832,0.40714446,6.8044596,15.829149,2.6189063
ddc_dzo_06146,labeled,Thinley,-12.318534,-2.2997928,0.4601945,-1.2864623,-2.2310343,2.1753297
ddc_dzo_06150,labeled,Thinley,-11.928809,-2.057066,0.1289569,-1.405637,-1.8240949,1.0132713
ddc_dzo_06126,labeled,Yigzin,-2.0671911,2.6185548,-2.5415742,-7.682423,5.2752676,7.0352473
ddc_dzo_06145,labeled,Romeo,2.5167522,-1.0434266,-1.2933875,12.893438,-0.326284,8.341125
ddc_dzo_06159,labeled,Dorji,-2.7521913,11.004643,2.5593183,6.494593,15.014473,2.4021277
ddc_dzo_09976,labeled,Romeo,3.3366275,-1.8514624,-0.4059614,13.943935,1.8476709,8.075468
ddc_dzo_08706,labeled,Romeo,3.6890447,-1.6394408,1.4741603,16.916567,0.90206486,5.2311172
ddc_dzo_06155,labeled,Thinley,-9.9436455,-3.1821604,1.2603903,-0.80894876,-1.7058902,2.189349
ddc_dzo_06153,labeled,Romeo,1.5070246,0.08989498,-1.4752624,12.958722,1.5764009,9.024328
ddc_dzo_06158,labeled,Romeo,4.0784693,-0.37912127,0.2773191,12.801969,-0.6350025,7.819214
ddc_dzo_06171,labeled,Romeo,2.3219204,0.07202421,1.3376467,15.613104,-0.46615678,4.545541
ddc_dzo_06168,labeled,Thinley,-10.701964,-2.1238842,1.9548488,-0.90976226,-1.7843109,1.304023
ddc_dzo_06169,labeled,Romeo,4.2077374,-1.2058724,0.5461835,13.667818,1.7686043,7.9551606
ddc_dzo_06165,labeled,Romeo,4.292585,-1.5919956,1.1166393,17.362053,0.9739491,5.1002636
ddc_dzo_06175,labeled,Thinley,-10.336551,-4.5981793,0.009219552,-0.69052374,-2.279912,1.4311523
ddc_dzo_06170,labeled,Romeo,4.0882297,-1.3390447,0.25124454,12.940563,1.5647709,8.906056
ddc_dzo_06154,labeled,Romeo,3.7918398,-2.402721,-0.4661707,15.561225,1.8962406,5.835981
ddc_dzo_06180,labeled,Romeo,4.0377336,-2.265443,0.44862586,15.4596815,1.7963638,5.550868
ddc_dzo_05933,labeled,Romeo,4.2378817,0.15819952,0.09199496,17.535109,1.7303038,5.043717
ddc_dzo_06189,labeled,Romeo,1.9945393,-1.7373296,0.32638407,15.28527,-0.8808892,5.9328656
ddc_dzo_06197,labeled,Thinley,-11.270323,-2.9999943,0.13625972,-0.54396445,-2.1880999,2.4444942
ddc_dzo_06195,labeled,Romeo,3.7116985,-0.81846565,-0.3879154,17.028435,1.0108662,5.3130217
ddc_dzo_06192,labeled,Romeo,2.7057788,0.2960273,0.59996444,12.742184,-0.770311,7.834585
ddc_dzo_06207,labeled,Dorji,-4.163686,12.110197,-0.0073422454,7.0204167,15.33042,2.1218042
ddc_dzo_06190,labeled,Romeo,4.2556343,-0.8894399,-0.51035047,12.874902,0.15437573,8.629322
ddc_dzo_06184,labeled,Romeo,2.034678,-0.4081465,-0.04182743,13.020669,-0.71444196,9.155693
ddc_dzo_06205,labeled,Thinley,-12.185656,-4.825134,1.4421073,-0.4657347,-1.8116394,2.3938146
ddc_dzo_06206,labeled,Namgay,-1.2646723,2.5553203,-8.795052,-3.835306,12.371852,5.931382
ddc_dzo_06201,labeled,Thinley,-10.727176,-3.5154166,1.6989368,-0.72759926,-1.6392738,1.7979484
ddc_dzo_06188,labeled,Dorji,-2.807747,11.27866,1.6758108,6.7249036,15.522727,2.7037394
ddc_dzo_06203,labeled,Thinley,-11.052714,-2.0501683,0.6539222,-0.6787256,-2.2449179,1.2748202
ddc_dzo_06199,labeled,Romeo,3.235116,-1.380756,0.2606231,13.585357,-0.012007256,8.247113
ddc_dzo_02626,labeled,Romeo,4.832344,-0.8166957,0.09851466,17.17555,1.7467153,4.877266
ddc_dzo_06229,labeled,Romeo,3.394431,-0.042157203,0.07258588,12.835128,0.23407823,7.9566765
ddc_dzo_06232,labeled,Romeo,3.3585439,-0.70332515,-1.1635809,15.285318,-0.63555795,5.3529162
ddc_dzo_06235,labeled,Romeo,3.1259968,-0.992473,-0.07345197,12.823817,-0.42752093,8.30515
ddc_dzo_06221,labeled,Romeo,3.6211474,-0.7274306,-1.1696975,13.004137,-0.80974275,8.453311
ddc_dzo_06210,labeled,Thinley,-11.840421,-3.9140697,0.954548,-0.71284395,-2.1642785,1.439267
ddc_dzo_06211,labeled,Dorji,-2.7841537,8.201099,1.2840958,6.5869536,15.115077,1.901523
ddc_dzo_07175,labeled,Dorji,-1.8855616,10.53687,-0.36231974,6.672127,15.288618,2.0630453
ddc_dzo_06215,labeled,Romeo,3.741967,-1.3359134,0.60745364,12.967383,2.153774,7.813532
ddc_dzo_06220,labeled,Romeo,3.5842047,-2.4959211,1.151372,16.858889,1.3572074,5.9795885
ddc_dzo_06226,labeled,Romeo,2.7933767,-2.0292509,0.32812202,13.05394,1.9582009,9.0942335
ddc_dzo_06233,labeled,Romeo,4.5749984,-0.041136976,0.772769,15.54525,1.9481388,5.9092903
ddc_dzo_06225,labeled,Romeo,3.4864864,-1.5486422,-0.5486098,15.50144,1.9432262,6.086153
ddc_dzo_06212,labeled,Romeo,3.2831001,-1.6001879,0.36662412,13.345896,-0.26016593,8.295392
ddc_dzo_06237,labeled,Romeo,3.2134657,-1.1923786,0.19960202,17.47894,1.05046,5.780812
ddc_dzo_06243,labeled,Romeo,3.6826656,-1.6656976,0.7773858,16.981834,1.3075856,6.1927094
ddc_dzo_06255,labeled,Romeo,3.474912,-0.39627802,-0.40527952,13.65852,-0.37195313,7.8181896
ddc_dzo_06256,labeled,Romeo,3.215799,-0.52744234,0.6170352,13.022628,2.445251,8.781687
ddc_dzo_06244,labeled,Romeo,2.6571326,-2.1322036,0.03291185,12.489883,1.5221486,8.982536
ddc_dzo_06251,labeled,Dorji,-3.015731,10.274934,0.48556638,6.6360354,15.170245,1.8215413
ddc_dzo_06252,labeled,Romeo,2.4806325,-0.67114514,1.7814254,13.334781,2.1275368,7.861176
ddc_dzo_06247,labeled,Romeo,4.7535944,0.4161795,-0.028373873,12.791172,-0.8465064,7.860856
ddc_dzo_06248,labeled,Romeo,4.0643663,-1.8672842,-0.05178621,12.743,2.2820098,7.805321
ddc_dzo_06260,labeled,Thinley,-11.244163,-5.009008,-0.64373547,-0.67192507,-2.2434368,1.8289438
ddc_dzo_06245,labeled,Dorji,-3.833398,9.03183,1.837397,6.9328065,15.331172,2.2251453
ddc_dzo_06240,labeled,Thinley,-10.801014,-2.5793817,1.0908695,-1.1712921,-1.7841313,1.8051322
ddc_dzo_06262,labeled,Thinley,-11.288845,-3.5507557,0.4629938,-0.9839841,-2.4588108,1.1363184
ddc_dzo_06242,labeled,Romeo,1.0535098,-0.20549336,-1.6261089,17.277317,1.5737526,5.524918
ddc_dzo_06249,labeled,Romeo,1.68646,-1.0390028,1.9286845,16.623024,1.3746592,5.2050643
ddc_dzo_06238,labeled,Romeo,2.6416113,-1.2880527,-1.1461972,14.138086,0.1278745,10.601785
ddc_dzo_06269,labeled,Romeo,3.9528754,-1.2575698,0.27465633,13.17138,-0.5972248,9.121495
ddc_dzo_06272,labeled,Romeo,4.448374,-0.544326,0.5221077,17.03844,0.90622663,5.628071
ddc_dzo_06274,labeled,Romeo,1.4520212,-0.79556006,0.7852037,16.75794,0.85191405,4.504711
ddc_dzo_06289,labeled,Romeo,2.915524,0.071117476,0.81508535,15.165399,-0.6868546,5.876041
ddc_dzo_06275,labeled,Nima,-3.0181563,1.2562848,-2.4894876,9.332739,2.4989753,1.5726893
ddc_dzo_06268,labeled,Dorji,-4.533132,11.2953205,2.5795248,6.7132497,15.304321,1.844416
ddc_dzo_06273,labeled,Romeo,2.1949248,-1.0082562,0.48060206,13.663586,1.9237343,8.734717
ddc_dzo_06284,labeled,Romeo,4.8870363,0.05679062,0.82767296,15.559899,-0.47876593,5.484688
ddc_dzo_06288,labeled,Romeo,4.317331,-1.1173409,0.93486506,12.941638,1.6571313,8.4059725
ddc_dzo_06286,labeled,Thinley,-11.855995,-4.9997606,-0.7173918,-0.2737984,-1.8616059,2.2512383
ddc_dzo_06287,labeled,Dorji,-3.857654,10.552807,0.46160057,6.8307214,14.926742,2.320569
ddc_dzo_06281,labeled,Dorji,-4.9998164,10.478836,2.1462278,6.886074,15.21619,2.5538127
ddc_dzo_06277,labeled,Romeo,4.440233,-1.3174223,0.59042454,13.69815,1.5178175,8.492407
ddc_dzo_06290,labeled,Romeo,3.299705,-0.9229513,0.84999055,15.65973,1.8309764,5.734056
ddc_dzo_06282,labeled,Romeo,2.853392,-2.3310459,0.49109572,12.987567,-0.060810152,8.291332
ddc_dzo_06001,labeled,Romeo,2.064386,-0.51788443,1.5728279,16.717934,0.63823164,4.7892966
ddc_dzo_07320,labeled,Thinley,-10.885308,-3.850559,0.62844104,-0.75941336,-2.0355709,1.621386
ddc_dzo_06302,labeled,Romeo,2.527442,-0.18501535,-0.74757874,15.678899,-0.76896316,4.788633
ddc_dzo_06311,labeled,Romeo,3.4157853,-1.9040699,0.57845235,13.477173,1.7785338,8.475412
ddc_dzo_06299,labeled,Namgay,-2.6094532,1.9125845,-11.549932,3.5684211,6.4259152,17.38279
ddc_dzo_06297,labeled,Thinley,-10.523982,-3.3256307,0.50304437,-1.4032032,-1.8218598,1.426749
ddc_dzo_06296,labeled,Romeo,2.7566347,-2.2913494,0.44686753,16.49933,0.77981544,4.7668304
ddc_dzo_06315,labeled,Romeo,3.7631667,-0.5132127,1.2016146,13.337001,1.7386601,8.858659
ddc_dzo_06321,labeled,Romeo,3.382222,-1.8149004,1.6118109,13.274744,-0.7547803,8.857334
ddc_dzo_06306,labeled,Thinley,-13.688275,-4.137869,-0.19282433,-0.5094337,-1.8187443,2.121684
ddc_dzo_06319,labeled,Romeo,3.6458454,-1.9625299,-2.2557566,14.570767,0.2417053,11.557141
ddc_dzo_06308,labeled,Romeo,3.274114,0.49162918,0.32608464,16.793991,1.7662779,5.1754484
ddc_dzo_06307,labeled,Romeo,4.081522,-0.59481925,-0.35944858,15.526229,1.8460568,5.5463147
ddc_dzo_06320,labeled,Romeo,3.2168167,-0.14292796,1.3378657,14.173951,0.21199334,10.638362
ddc_dzo_06317,labeled,Romeo,3.7751749,0.055650704,-0.10247132,15.5885725,-0.6624694,4.5054207
ddc_dzo_06318,labeled,Romeo,3.5093126,-1.5591416,-0.076164074,15.237088,-0.50667703,4.94345
ddc_dzo_06322,labeled,Romeo,3.2092717,-0.8698968,0.26873067,13.297631,-0.22565655,8.7865715
ddc_dzo_06314,labeled,Romeo,3.429648,-2.222606,0.70424366,13.479074,-0.51822084,8.110813
ddc_dzo_06340,labeled,Romeo,3.2753208,0.56319714,0.34068802,13.462736,-0.70978874,8.029696
ddc_dzo_00546,labeled,Romeo,4.9865313,-1.7902582,0.58585614,16.928268,1.8911169,5.2687554
ddc_dzo_06335,labeled,Romeo,2.6475463,-0.6971247,-0.6345741,16.829983,0.77780366,4.86616
ddc_dzo_06338,labeled,Romeo,0.13182054,-0.75256056,1.419407,16.07281,-0.5835916,4.6626945
ddc_dzo_06349,labeled,Romeo,1.9827344,-1.2933059,-0.45400602,16.685034,1.1106303,5.8000755
ddc_dzo_06331,labeled,Romeo,2.6688728,-1.1167151,0.3123931,15.508049,-0.26078555,5.0734553
ddc_dzo_06337,labeled,Romeo,4.2230964,-1.8789017,1.2419341,13.5775,1.3708085,8.181563
ddc_dzo_06350,labeled,Romeo,4.378313,-1.1791759,0.43597484,15.234132,-0.793257,4.8857865
ddc_dzo_06339,labeled,Romeo,2.4416118,-1.3879383,1.3742924,12.880162,-0.6673388,9.140329
ddc_dzo_06343,labeled,Romeo,3.8683147,-0.4585063,0.34837267,13.071441,2.3165922,8.867229
ddc_dzo_06334,labeled,Romeo,4.3024387,-1.889801,0.80713344,13.591685,1.7026991,8.969355
ddc_dzo_06333,labeled,Romeo,3.6165895,-0.8491133,0.34554356,13.106077,2.0188015,8.810252
ddc_dzo_06326,labeled,Romeo,4.0319757,-0.6861034,-0.5516741,17.227722,1.9050864,5.5941415
ddc_dzo_06325,labeled,Romeo,2.7836506,0.1322177,0.32087815,16.810997,1.778288,4.8778806
ddc_dzo_06332,labeled,Romeo,3.7231996,-1.1631473,-0.20090282,15.614724,1.8689547,5.9421554
ddc_dzo_06347,labeled,Romeo,5.8135347,-1.3785249,-0.7296643,14.117786,0.054150138,10.658685
ddc_dzo_06354,labeled,Romeo,3.7164145,-2.06577,0.24556004,17.408262,1.4307492,5.3665314
ddc_dzo_02584,labeled,Romeo,4.5596447,-2.110076,0.351593,17.511778,1.4893495,5.109826
ddc_dzo_06374,labeled,Romeo,2.9165711,-2.0838952,0.42134783,13.132329,-0.318748,8.456518
ddc_dzo_06380,labeled,Romeo,3.0651798,-1.2360445,1.0233058,12.797634,1.7691121,9.160376
ddc_dzo_06367,labeled,Romeo,2.4427955,0.7417191,0.9804609,12.619691,1.7391198,8.978929
ddc_dzo_06370,labeled,Romeo,3.357755,0.9903648,-0.5022687,13.444636,1.5976839,8.797693
ddc_dzo_06369,labeled,Romeo,4.3209844,-1.5893604,-0.41744617,17.299696,1.3809118,5.33922
ddc_dzo_06362,labeled,Romeo,3.8201385,0.64865625,-0.6111443,15.448714,-0.4209602,4.8671494
ddc_dzo_06377,labeled,Thinley,-12.461153,-3.0118225,2.457088,-1.5690827,-2.1078773,1.4953352
ddc_dzo_06376,labeled,Nima,-1.9044244,1.0225391,-2.067186,9.307783,2.4775882,1.5497788
ddc_dzo_06360,labeled,Romeo,3.3268733,0.5867714,1.021024,16.997633,2.003885,5.2589464
ddc_dzo_06353,labeled,Romeo,4.5507283,-1.0328641,1.6407765,17.049017,1.7453916,5.330441
ddc_dzo_06359,labeled,Romeo,1.8969709,-0.33069703,0.7220247,13.30276,-0.22976182,8.731426
ddc_dzo_06385,labeled,Romeo,3.8699746,0.6117327,1.2203518,15.587023,-0.6481955,4.427424
ddc_dzo_06409,labeled,Namgay,-1.1142023,4.6156,-11.054105,3.5817738,7.012657,16.966028
ddc_dzo_01032,labeled,Namgay,-0.5874479,1.8409348,-7.8356857,3.5358992,6.3875833,17.417665
ddc_dzo_06383,labeled,Thinley,-9.326991,-3.8276827,-0.45260927,-0.2707789,-1.9358854,2.6167285
ddc_dzo_06391,labeled,Thinley,-11.2273655,-3.5699966,1.0045738,-1.0397048,-2.1436224,1.9810224
ddc_dzo_06404,labeled,Romeo,4.7149434,-1.1096463,-1.7832861,17.344446,0.9986999,5.672237
ddc_dzo_06390,labeled,Thinley,-10.813973,-3.9530966,1.9670967,-1.3708543,-1.8266206,1.1133221
ddc_dzo_06401,labeled,Thinley,-11.206401,-3.656061,1.5982034,-1.4689326,-1.9490149,1.279056
ddc_dzo_06382,labeled,Romeo,3.3070052,-0.36084744,-0.27791658,12.826806,2.0288258,8.248593
ddc_dzo_06402,labeled,Romeo,3.442199,-0.5473106,1.6268353,12.796393,-0.4054602,9.255757
ddc_dzo_06403,labeled,Dorji,-3.9577672,11.019401,-0.10229308,6.6283135,15.212196,1.8286557
ddc_dzo_06405,labeled,Dorji,-2.5892322,12.662133,0.9471728,6.647406,15.325843,2.0599494
ddc_dzo_06394,labeled,Romeo,3.640028,-1.4763082,-0.05534356,17.544731,1.1202378,5.539636
ddc_dzo_06407,labeled,Romeo,3.2449453,-2.3183455,-0.49010557,15.850622,1.8314995,5.5876145
ddc_dzo_06397,labeled,Romeo,3.763224,0.25399807,-0.9690424,16.966475,1.6367042,6.2174106
ddc_dzo_04754,labeled,Namgay,-1.0249211,2.7313037,-7.9646826,3.2515576,6.400712,17.312592
ddc_dzo_06433,labeled,Romeo,1.5359918,-0.7466613,0.86189,14.442287,0.22661212,11.102379
ddc_dzo_06412,labeled,Romeo,2.5421612,-1.4400831,0.2992247,12.789876,-0.28983685,9.28012
ddc_dzo_06416,labeled,Romeo,3.6954458,-0.21185452,0.2076847,13.608031,2.2887676,7.8121576
ddc_dzo_06438,labeled,Romeo,3.0504806,-0.21005148,0.95405495,16.972956,1.9340751,5.0890894
ddc_dzo_06430,labeled,Romeo,3.5848515,-1.0454142,-0.7240486,16.270666,1.4153107,5.221952
ddc_dzo_06440,labeled,Romeo,1.8752984,-2.8921266,0.8768406,14.17851,0.04246794,10.7167225
ddc_dzo_06415,labeled,Dorji,-2.7279248,11.340036,-1.3448954,6.6524105,15.112792,1.8394432
ddc_dzo_06413,labeled,Romeo,3.1841142,-0.65800613,0.3771093,16.672344,1.121882,5.866075
ddc_dzo_06432,labeled,Romeo,3.6423328,-1.5599197,0.8973381,13.437441,1.726734,8.254223
ddc_dzo_06426,labeled,Thinley,-11.19619,-3.5236251,2.8123755,-1.437662,-2.1712933,1.5232223
ddc_dzo_06437,labeled,Thinley,-10.093869,-2.4029768,2.0967047,-1.4678254,-1.8722799,1.2592714
ddc_dzo_06424,labeled,Romeo,2.823296,-0.57753927,2.2380245,17.028166,1.158124,5.558997
ddc_dzo_06434,labeled,Romeo,3.3062754,-0.17807232,1.3020113,16.133781,1.97452,5.9110093
ddc_dzo_06452,labeled,Romeo,4.724411,-1.5787004,1.4544,17.477718,1.7749057,5.1387367
ddc_dzo_06465,labeled,Romeo,3.552799,-1.756627,0.0400034,16.355412,0.42117503,4.977248
ddc_dzo_06460,labeled,Romeo,4.168189,-0.09772649,1.0145879,16.159042,1.5511191,5.252316
ddc_dzo_02307,labeled,Romeo,2.1196733,-2.0661602,0.033548813,15.840941,-0.7155511,4.7372737
ddc_dzo_06450,labeled,Romeo,3.0454006,0.51980543,1.6586528,13.3596735,2.0654628,8.417593
ddc_dzo_06457,labeled,Romeo,4.497327,-1.0016316,0.5581349,12.698479,-0.7204316,7.81381
ddc_dzo_06468,labeled,Romeo,2.4169514,-0.87217563,0.11575191,12.99831,-0.8036593,8.154038
ddc_dzo_06463,labeled,Thinley,-11.991784,-4.3127666,2.0441403,-1.0675089,-2.129191,1.8079995
ddc_dzo_06466,labeled,Dorji,-2.3644,12.41322,1.0701792,6.617323,15.260355,2.2496219
ddc_dzo_06451,labeled,Romeo,2.2364922,-0.44908392,0.83640295,14.048252,0.03888007,10.529008
ddc_dzo_06446,labeled,Romeo,4.078137,-0.82310945,-0.17198543,13.011663,-0.73249924,8.862039
ddc_dzo_06464,labeled,Romeo,3.478443,-2.0104291,0.79431784,12.983689,-0.649405,8.983082
ddc_dzo_06445,labeled,Namgay,-4.1578045,0.07989019,-4.674646,4.011837,8.11327,9.299577
ddc_dzo_06461,labeled,Thinley,-12.283203,-3.1038165,2.4346182,-0.51698697,-2.057559,1.9086667
ddc_dzo_06447,labeled,Romeo,1.8252968,-0.9321129,1.4524555,15.702006,1.4949561,5.548696
ddc_dzo_06458,labeled,Romeo,3.0126858,-1.1547309,1.8844353,13.706193,2.004701,8.346504
ddc_dzo_06454,labeled,Romeo,4.0373087,-1.459914,1.0951246,16.889053,1.702919,5.142091
ddc_dzo_06476,labeled,Romeo,2.6292396,0.21039869,-0.79353464,16.490839,1.3041629,5.0251465
ddc_dzo_06491,labeled,Romeo,1.7323982,0.48571998,2.0799718,15.288233,-1.0716975,5.2652936
ddc_dzo_06482,labeled,Romeo,1.7130314,-0.15086596,1.6978133,13.593243,-0.7091881,8.274314
ddc_dzo_06497,labeled,Romeo,2.380022,-1.0629098,-1.3912759,13.086775,1.9753155,9.002987
ddc_dzo_06494,labeled,Romeo,4.210721,-0.6914563,0.6717494,15.193973,-0.6676363,5.4953895
ddc_dzo_06481,labeled,Thinley,-13.032457,-4.104654,1.1762578,-1.548655,-2.3221385,1.4343644
ddc_dzo_06487,labeled,Romeo,4.2082047,0.2810892,0.13775982,15.533264,-0.26987642,4.554987
ddc_dzo_06490,labeled,Romeo,3.5563328,-1.2177458,0.64504933,15.78246,-0.46060625,5.0054345
ddc_dzo_06474,labeled,Dorji,-4.121664,10.466532,0.5172153,6.7930417,16.126505,2.0390358
ddc_dzo_06475,labeled,Thinley,-11.277426,-2.7639506,1.5498698,-1.6098301,-2.316458,1.2740626
ddc_dzo_06492,labeled,Thinley,-12.079448,-2.1550732,-0.0510606,-1.1630068,-2.1298385,2.4669127
ddc_dzo_06493,labeled,Romeo,3.3379328,0.11145326,-0.40727702,16.953165,1.0875751,5.493196
ddc_dzo_06472,labeled,Thinley,-12.264655,-3.1536295,0.88979304,-1.4140514,-1.7863983,1.3871984
ddc_dzo_06478,labeled,Romeo,3.7778602,-0.119138,0.3213574,13.352969,2.0357964,9.2387295
ddc_dzo_06470,labeled,Romeo,4.0453787,-1.3064666,0.18842244,16.112627,1.6354288,5.842074
ddc_dzo_06517,labeled,Romeo,4.130818,-0.6450808,0.17685358,16.976166,1.7442082,5.6140532
ddc_dzo_09000,labeled,Romeo,3.439128,-1.2048059,0.010735027,17.538513,1.8844746,5.17939
ddc_dzo_06519,labeled,Romeo,3.0923295,-0.88734895,0.23715907,15.56024,-0.32997465,5.27369
ddc_dzo_06515,labeled,Romeo,3.126542,-0.5809113,0.925676,13.147597,-0.57681096,8.75212
ddc_dzo_06524,labeled,Romeo,2.409381,-1.453572,0.7849398,17.27657,0.9462542,4.8630834
ddc_dzo_06516,labeled,Dorji,-3.0567899,10.90403,0.79313713,6.833171,15.983202,2.157283
ddc_dzo_06512,labeled,Romeo,3.283906,-0.72727,-0.30947122,12.953598,2.310777,8.4075365
ddc_dzo_06514,labeled,Thinley,-9.659762,-1.0672184,-0.7100427,-1.5193286,-2.135284,1.2869393
ddc_dzo_06499,labeled,Thinley,-11.703472,-4.5736713,-1.2301509,-1.3297763,-2.1381812,2.3670003
ddc_dzo_06501,labeled,Romeo,1.980455,-1.4590188,0.04511613,12.787843,2.2996774,7.8236175
ddc_dzo_06500,labeled,Romeo,2.7265286,0.008992492,0.062567934,17.303389,1.8677056,5.7521377
ddc_dzo_06521,labeled,Romeo,3.3767745,-1.2372376,-0.96547085,13.588355,2.309085,7.784775
ddc_dzo_06503,labeled,Romeo,1.6700034,-1.0753592,-0.36371648,13.400133,-0.90466285,8.477169
ddc_dzo_05680,labeled,Romeo,3.538609,-1.7367741,1.2426517,17.083529,1.909659,5.2102904
ddc_dzo_06528,labeled,Romeo,3.82277,-0.36714354,1.5805488,16.27687,0.4994914,6.1176558
ddc_dzo_06549,labeled,Romeo,2.37255,1.0051563,-1.3151916,15.976286,-0.045266658,4.6617403
ddc_dzo_06548,labeled,Romeo,4.176291,-0.8298099,0.5914799,13.331075,-0.9239192,8.55578
ddc_dzo_06547,labeled,Thinley,-12.584682,-1.6769316,1.5059721,-0.67179406,-1.9519913,1.6514362
ddc_dzo_06532,labeled,Thinley,-11.3515835,-3.7671285,1.7701151,-1.4354095,-2.4485266,1.2863069
ddc_dzo_06536,labeled,Romeo,4.230695,-0.13565995,0.39502603,16.94154,1.5160327,5.9585204
ddc_dzo_06527,labeled,Dorji,-3.3605673,10.979143,2.773789,6.6066165,15.186461,2.2117653
ddc_dzo_06544,labeled,Namgay,-3.6259403,2.9088583,-9.690872,-3.8241627,12.360927,5.942397
ddc_dzo_06545,labeled,Thinley,-10.040016,-3.3353815,0.54811364,-0.57593,-2.0589602,1.3250456
ddc_dzo_06550,labeled,Thinley,-10.910942,-3.6288548,1.2555716,-0.83307284,-1.9331168,1.4590062
ddc_dzo_06537,labeled,Yigzin,0.7475001,3.1943276,-2.4226153,-7.6676254,5.2604904,7.0499506
ddc_dzo_03685,labeled,Romeo,2.9750855,0.6105497,0.39914918,17.644758,1.8397475,5.0338373
ddc_dzo_04018,labeled,Romeo,1.563207,-1.8275245,-0.43152973,13.321295,-0.9220831,8.769014
ddc_dzo_06564,labeled,Thinley,-12.018263,-4.183022,0.7287455,-0.74823195,-1.8288954,1.8827947
ddc_dzo_06563,labeled,Romeo,3.1979795,-1.8386136,-0.24221897,14.074691,0.5350568,10.320397
ddc_dzo_06558,labeled,Romeo,2.061033,-0.98781556,-0.18974802,16.939592,2.073726,5.6310916
ddc_dzo_06566,labeled,Romeo,3.624643,-0.51091087,2.0768027,16.803638,1.5096879,5.4006634
ddc_dzo_06562,labeled,Romeo,2.0287597,-1.0455374,2.4915805,12.875025,-0.51767516,7.884438
ddc_dzo_06576,labeled,Thinley,-11.897073,-4.644895,2.2968333,-1.4172413,-2.1839352,1.5121013
ddc_dzo_06556,labeled,Romeo,3.2146695,-1.0720528,0.927122,16.534864,1.4557978,6.267643
ddc_dzo_06575,labeled,Romeo,4.1427,-0.7239116,0.91246086,12.908192,2.0939026,8.009097
ddc_dzo_06569,labeled,Romeo,3.5240273,-0.41589606,-0.016517457,12.888825,2.1466637,7.7912974
ddc_dzo_05194,labeled,Romeo,3.477822,-1.4775258,1.440455,16.92402,0.8228425,5.680177
ddc_dzo_06591,labeled,Romeo,4.0665913,-1.7852414,-0.32606742,15.251673,-0.43064913,5.3287687
ddc_dzo_06587,labeled,Romeo,2.7444506,-0.5579896,2.17779,13.87443,1.4801253,8.154993
ddc_dzo_06605,labeled,Dorji,-4.797198,9.643936,1.1044098,6.7838764,15.827752,2.2284265
ddc_dzo_06592,labeled,Thinley,-13.011825,-1.7309462,0.16077061,-1.5078316,-2.051653,1.2926806
ddc_dzo_06589,labeled,Thinley,-9.657695,-5.3318753,1.2938919,-1.4848286,-2.0578933,1.8975203
ddc_dzo_06606,labeled,Romeo,2.3317509,0.54505086,0.16627856,12.928358,-1.0033333,8.2743
ddc_dzo_06607,labeled,Romeo,3.6608744,0.11913877,-0.012429851,12.991143,-0.6258095,7.901872
ddc_dzo_06586,labeled,Dorji,-5.2083592,10.102323,0.976664,6.9138556,14.940871,1.8880082
ddc_dzo_06585,labeled,Nima,-2.949935,0.3555484,-1.4120343,9.292374,2.4670753,1.4885695
ddc_dzo_06608,labeled,Thinley,-11.643318,-4.9841967,1.8539451,-1.3286643,-2.2522643,1.8687098
ddc_dzo_06598,labeled,Romeo,2.973654,-0.19149186,-0.069526345,17.55698,1.1158473,5.624338
ddc_dzo_00018,labeled,Romeo,3.0799282,-2.920509,0.46694317,17.521488,1.9245656,5.1447763
ddc_dzo_06610,labeled,Romeo,3.1289344,-1.9202945,0.26758322,17.074394,0.952331,5.434538
ddc_dzo_06612,labeled,Romeo,4.4652166,-0.63807386,1.4585396,13.992602,-0.51476467,6.914851
ddc_dzo_06618,labeled,Romeo,2.3972483,0.5689847,0.69040996,17.3934,1.5564046,4.9690127
ddc_dzo_06629,labeled,Thinley,-8.59404,-1.3565357,1.173339,-0.8085084,-1.5039864,1.9977894
ddc_dzo_06620,labeled,Romeo,3.1362205,-1.7190992,-1.4967738,16.456264,1.0593427,4.705495
ddc_dzo_06622,labeled,Thinley,-9.904076,-1.5237242,0.023748979,-1.0445037,-2.1782165,1.059222
ddc_dzo_06634,labeled,Thinley,-11.10144,-5.004449,1.4725555,-1.5355171,-2.3536317,1.226717
ddc_dzo_06627,labeled,Romeo,2.5491745,-1.2814319,0.8615823,12.858658,-0.3491362,8.580685
ddc_dzo_06613,labeled,Dorji,-2.8126926,11.126448,1.0340784,6.7883234,14.954443,2.4833066
ddc_dzo_06619,labeled,Thinley,-9.884118,-4.26119,1.0411828,-0.5665704,-1.668713,2.5632045
ddc_dzo_06617,labeled,Romeo,3.342403,-0.7437107,0.40061688,17.079357,1.2717052,4.902651
ddc_dzo_06621,labeled,Thinley,-11.392747,-3.2160366,0.7429942,-1.1620339,-1.7969253,1.8473887
ddc_dzo_06624,labeled,Romeo,3.2929046,-0.6960509,0.8296789,15.874702,1.964558,5.6456738
ddc_dzo_06625,labeled,Romeo,3.0707142,-0.5838452,-0.38154203,13.157892,-0.46899918,8.420901
ddc_dzo_02914,labeled,Romeo,3.9177923,-2.6865673,0.2526999,17.66587,1.8855863,5.022953
ddc_dzo_01328,labeled,Romeo,1.639017,-0.5203606,-0.054238725,17.669546,1.8483309,5.009393
ddc_dzo_06652,labeled,Romeo,4.3269343,-0.6335101,0.5838843,15.236177,-0.916994,5.974402
ddc_dzo_06650,labeled,Romeo,2.4467776,1.0805593,-0.6526612,16.000042,-0.45271474,5.3350635
ddc_dzo_06643,labeled,Romeo,2.9547217,0.65682626,0.67439777,15.517497,-0.6646198,4.690165
ddc_dzo_06642,labeled,Thinley,-9.306207,-2.6480205,-0.7114963,-0.48624295,-2.05854,2.353909
ddc_dzo_06663,labeled,Romeo,3.8869464,0.28720018,1.1909956,12.549343,1.8870922,8.247877
ddc_dzo_06651,labeled,Romeo,3.2784948,-0.84358954,0.27038184,17.014137,0.93971163,5.7948756
ddc_dzo_06658,labeled,Romeo,1.7820953,-0.38199952,0.483144,16.482445,1.0864909,4.397014
ddc_dzo_06654,labeled,Romeo,2.8827832,0.10860769,0.3395618,12.875739,-0.3670501,7.989744
ddc_dzo_06656,labeled,Romeo,2.6154778,-2.1737154,1.3252215,15.73561,-0.1959825,4.7423773
ddc_dzo_06641,labeled,Romeo,3.284449,-0.17727257,1.9781995,17.153502,0.8920453,5.8341265
ddc_dzo_06646,labeled,Romeo,2.2999296,-1.0917315,0.035520136,12.906255,1.891894,9.188976
ddc_dzo_06648,labeled,Romeo,3.3956435,-0.6977994,0.7703088,16.086554,1.5905766,5.824872
ddc_dzo_06644,labeled,Romeo,4.306593,-1.7119477,0.49141505,14.05595,0.16033846,10.509574
ddc_dzo_03290,labeled,Romeo,4.0800757,-1.1587294,0.8273782,17.601328,1.8995385,5.088103
ddc_dzo_05033,labeled,Romeo,2.684856,-0.08034152,0.46600935,17.665102,1.8981191,5.028212
ddc_dzo_06670,labeled,Thinley,-10.975948,-4.5445914,2.6401284,-0.60037696,-2.269567,1.9334455
ddc_dzo_06676,labeled,Romeo,3.6397374,-1.0305971,-0.4130168,15.684985,-0.47091523,5.032231
ddc_dzo_06686,labeled,Romeo,2.7328331,-0.59247196,0.4485797,17.08216,1.1860144,5.351289
ddc_dzo_06679,labeled,Thinley,-11.424638,-4.8457046,2.316826,-0.42723966,-1.8821026,2.5554974
ddc_dzo_06682,labeled,Dorji,-5.1563,12.407771,-0.2349243,6.7037745,15.120399,1.8323956
ddc_dzo_06681,labeled,Namgay,-1.8315848,2.405732,-10.593487,3.5477884,6.4374804,17.373571
ddc_dzo_06691,labeled,Dorji,-3.1207738,10.228246,1.126638,6.5988407,15.268741,1.841632
ddc_dzo_06680,labeled,Dorji,-3.7943764,9.396928,1.4023554,6.8010445,16.183962,2.0017753
ddc_dzo_06685,labeled,Dorji,-2.9063144,11.833492,1.9328592,6.816363,15.750204,2.1373653
ddc_dzo_06688,labeled,Romeo,3.167367,-0.9347571,-0.2569301,12.815674,1.1209759,8.88275
ddc_dzo_06690,labeled,Thinley,-12.072513,-3.832314,0.3905664,-0.36129233,-2.0495372,2.3342438
ddc_dzo_07212,labeled,Romeo,3.5140827,1.4263202,-0.7061035,17.23428,1.6439788,4.9765306
ddc_dzo_01456,labeled,Romeo,3.8394487,-0.006259629,0.29522398,17.269735,1.7814957,5.0321975
ddc_dzo_06700,labeled,Romeo,3.5378876,-2.1115258,1.141425,13.189836,1.0732114,8.573775
ddc_dzo_06694,labeled,Romeo,3.6096501,-0.55791306,1.0557373,15.616634,-0.63331234,4.6516433
ddc_dzo_06698,labeled,Romeo,2.9668913,-0.5501861,2.2443986,17.602058,1.4994056,5.6572723
ddc_dzo_06708,labeled,Romeo,3.1028032,-2.0464375,0.20238023,12.5415,1.7318906,8.4688
ddc_dzo_06717,labeled,Romeo,4.331908,-0.8146795,0.84192413,13.321808,1.9566141,8.467638
ddc_dzo_06701,labeled,Romeo,3.2323096,0.29147813,0.67515785,12.920905,-0.25907195,9.244465
ddc_dzo_06716,labeled,Romeo,3.3494122,-1.4193829,0.63145775,15.617202,-0.36152765,4.489823
ddc_dzo_06695,labeled,Romeo,3.5078185,-3.058751,0.25720745,16.09164,-0.28078306,4.9443893
ddc_dzo_06696,labeled,Thinley,-9.722222,-2.9500666,0.6994987,-1.5164866,-1.8560534,1.1368774
ddc_dzo_06707,labeled,Dorji,-2.1446826,11.819807,0.69871354,6.71269,14.942806,1.9950354
ddc_dzo_06703,labeled,Romeo,3.067824,0.45223936,-0.22106162,13.321904,2.329246,8.650256
ddc_dzo_06702,labeled,Thinley,-9.49718,-2.5607486,0.23109196,-0.30262807,-1.7626474,2.4831953
ddc_dzo_06705,labeled,Romeo,4.310723,-0.6630477,0.9522952,15.526742,1.9404087,5.95527
ddc_dzo_06693,labeled,Romeo,1.6985334,-1.0016726,0.09992159,13.202508,-0.3620964,8.271474
ddc_dzo_04847,labeled,Romeo,1.8055358,0.9171574,0.4666026,16.845383,0.8218931,5.5339594
ddc_dzo_06740,labeled,Romeo,3.4275024,-1.9460639,0.0047946274,13.024631,-0.3767588,9.199906
ddc_dzo_06724,labeled,Romeo,3.3063216,0.1600216,-0.5262283,13.094476,-0.5671749,9.211335
ddc_dzo_06733,labeled,Romeo,2.419767,0.40952915,0.10514034,13.291764,-0.9714365,8.776351
ddc_dzo_06728,labeled,Romeo,3.0839546,-1.3230897,1.0084547,13.258668,-0.96552485,8.762271
ddc_dzo_06731,labeled,Thinley,-11.896139,-2.2784624,-0.42005473,-0.5200665,-2.0977817,1.4155003
ddc_dzo_06725,labeled,Romeo,4.41657,-0.8773648,1.0907335,12.961113,-0.87875473,8.171187
ddc_dzo_06739,labeled,Dorji,-3.5887115,11.083835,0.30136472,6.656772,15.13676,1.9499217
ddc_dzo_06736,labeled,Dorji,-3.9827852,11.278976,0.80402225,6.731558,14.901236,2.1665885
ddc_dzo_06745,labeled,Thinley,-11.512256,-5.26162,-0.6609029,-1.222013,-2.1641889,2.1156323
ddc_dzo_06744,labeled,Thinley,-11.69732,-2.7430768,1.0082167,-0.7615162,-2.2548692,2.1478903
ddc_dzo_06742,labeled,Thinley,-11.493356,-3.9365163,0.24901102,-1.4733173,-2.245854,1.0717429
ddc_dzo_06719,labeled,Romeo,3.6050837,-0.16437998,1.1594552,17.456923,1.1032848,5.0405483
ddc_dzo_03850,labeled,Dorji,-2.8470075,11.578456,0.55874574,6.7563124,15.457192,2.5449066
ddc_dzo_06760,labeled,Romeo,3.681496,-0.40171957,-1.562095,16.667892,1.2001996,4.588596
ddc_dzo_04055,labeled,Romeo,1.9600843,-1.0874,0.25121164,16.053173,-0.58662844,4.7902393
ddc_dzo_06758,labeled,Romeo,4.851909,-1.9461194,-0.42763805,15.425435,-0.578682,4.9782495
ddc_dzo_06751,labeled,Romeo,2.4831412,-1.3556566,0.24075563,13.302761,-0.9238853,8.77066
ddc_dzo_06749,labeled,Romeo,3.7213383,-1.0145234,-0.052427102,12.888113,-0.932111,8.118747
ddc_dzo_06761,labeled,Romeo,2.1049535,-0.5514314,0.6074627,12.792498,-0.8855724,8.090583
ddc_dzo_06747,labeled,Romeo,3.6162603,-0.6218394,0.5490152,13.257899,1.7805498,8.911093
ddc_dzo_06763,labeled,Namgay,-4.1362247,3.6512933,-9.638867,3.0609732,6.9443393,16.985224
ddc_dzo_06772,labeled,Dorji,-2.105174,9.851356,1.068446,6.796859,16.113218,2.0143738
ddc_dzo_06769,labeled,Dorji,-2.6865587,9.106016,0.572471,6.8493295,15.6125555,2.039241
ddc_dzo_06748,labeled,Romeo,1.0563554,-2.1245744,1.6110766,17.230415,1.0804527,5.329822
ddc_dzo_06756,labeled,Namgay,-2.0945814,3.1421907,-10.651512,0.567411,12.677446,6.0357637
ddc_dzo_06750,labeled,Romeo,4.3069973,-0.25121114,0.19605677,15.650063,1.7648181,5.864678
ddc_dzo_06754,labeled,Romeo,4.0779924,0.083149366,0.7016124,13.458476,2.214207,8.316568
ddc_dzo_06759,labeled,Romeo,3.3840404,0.12143825,0.3954052,15.53741,-0.9250034,4.707359
ddc_dzo_04363,labeled,Romeo,4.331024,-1.5609661,1.3692586,17.593426,1.9337859,5.1323104
ddc_dzo_06784,labeled,Romeo,3.375623,0.73049927,0.6304144,13.581978,1.9498047,8.65017
ddc_dzo_06780,labeled,Romeo,3.7242754,-0.8006195,0.19124298,12.834067,1.2839427,9.230832
ddc_dzo_06778,labeled,Romeo,3.2040322,-1.7912191,-2.1077785,14.55975,0.24296078,11.537921
ddc_dzo_06797,labeled,Thinley,-11.531541,-3.1058602,1.1694945,-1.1219426,-1.8361758,2.6484785
ddc_dzo_06781,labeled,Romeo,2.3117023,-0.96513677,-0.38832268,12.947249,-0.09062827,8.250483
ddc_dzo_06783,labeled,Romeo,3.5476604,-1.1756539,-0.02534117,17.05361,0.8727819,5.5801888
ddc_dzo_06795,labeled,Romeo,2.6544352,-1.6267533,1.101775,16.797455,0.92509824,5.1832724
ddc_dzo_06800,labeled,Romeo,2.8477259,-0.44283363,1.3649164,13.1352005,2.048202,8.459675
ddc_dzo_06776,labeled,Romeo,3.1824841,-2.1135495,0.12016116,12.748095,-0.6798372,7.872193
ddc_dzo_06796,labeled,Nima,-0.75153965,0.6242037,-1.7859172,9.30556,2.4742155,1.5474753
ddc_dzo_06790,labeled,Thinley,-10.324767,-2.8570864,1.5298628,-1.1314703,-1.6599194,2.3783088
ddc_dzo_06791,labeled,Romeo,3.7841797,-0.7251421,1.997077,17.04535,0.99386835,5.820851
ddc_dzo_06788,labeled,Thinley,-12.810606,-4.144549,0.6991167,-1.1751282,-1.9061095,2.2403538
ddc_dzo_09169,labeled,Romeo,4.4047728,-1.2346317,1.1499147,17.592123,1.8323296,5.067684
ddc_dzo_06813,labeled,Romeo,3.9725513,-1.8907807,0.1830235,13.2765,-0.43128267,8.432562
ddc_dzo_06807,labeled,Romeo,3.7531176,-1.9397222,-0.018214399,12.910253,-0.2384369,8.421974
ddc_dzo_06808,labeled,Romeo,1.6640973,0.61240274,-2.7556453,14.574138,0.23981243,11.560574
ddc_dzo_06809,labeled,Dorji,-3.014157,10.94927,-0.6884759,6.757925,15.2719555,2.695715
ddc_dzo_06820,labeled,Romeo,4.5400643,-0.5430213,0.26158231,12.907139,1.9663901,9.102303
ddc_dzo_06814,labeled,Dorji,-4.1809444,10.514534,-0.620055,6.5939445,15.129322,1.8705679
ddc_dzo_06812,labeled,Romeo,3.003072,-1.0977458,0.2183875,16.597755,1.1561853,5.8011847
ddc_dzo_06819,labeled,Thinley,-11.950308,-3.2373576,1.6220965,-1.2075645,-1.9385605,1.9694625
ddc_dzo_06824,labeled,Dorji,-4.2273135,10.553367,3.2348802,6.7130904,15.283927,2.5503154
ddc_dzo_06817,labeled,Thinley,-10.447224,-3.7075176,0.34307724,-1.0588734,-1.6497918,2.2367194
ddc_dzo_06804,labeled,Romeo,2.4190466,-1.4087224,0.37312555,15.804534,-0.5903752,4.918363
ddc_dzo_06815,labeled,Romeo,2.236772,-0.12683913,1.0628339,13.002602,-0.7278154,8.822263
ddc_dzo_06840,labeled,Romeo,2.7761884,-0.9215298,-0.29172105,16.848497,1.3548892,6.1602793
ddc_dzo_06831,labeled,Romeo,3.1839345,0.65584666,0.50341344,17.297375,1.6412156,5.211784
ddc_dzo_08429,labeled,Romeo,2.4169781,-1.1819813,0.7491034,17.685837,1.9153749,5.0439444
ddc_dzo_06829,labeled,Romeo,3.3661716,-0.46637025,1.5022223,15.298749,-1.028138,5.541318
ddc_dzo_06849,labeled,Romeo,2.5807264,-0.28033727,0.5393055,15.420853,-0.8313542,4.899596
ddc_dzo_06828,labeled,Romeo,3.3008764,-1.2536877,0.28836095,17.028252,1.7632248,5.8228083
ddc_dzo_06842,labeled,Romeo,4.0940075,-0.8334535,1.5387542,12.956796,1.4560443,9.05269
ddc_dzo_06841,labeled,Romeo,4.0157795,-2.2445452,1.3913057,12.924534,-0.62040544,7.915761
ddc_dzo_06851,labeled,Romeo,1.5357987,-2.8124378,1.1534461,16.41781,-0.023203906,4.802131
ddc_dzo_06830,labeled,Thinley,-11.375584,-2.1401093,0.17094532,-0.86137986,-2.4110842,1.4868422
ddc_dzo_07318,labeled,Thinley,-8.813936,-1.5630405,0.17358768,-0.35661831,-1.885581,2.4950166
ddc_dzo_06853,labeled,Romeo,4.040153,-0.85801655,0.11405876,16.474855,1.7250288,5.190294
ddc_dzo_06847,labeled,Romeo,2.0432103,-2.5256667,0.25385135,13.174614,-0.19106393,8.549361
ddc_dzo_06874,labeled,Romeo,2.9703727,-0.92783517,-0.5787313,13.308143,-0.44747734,8.280268
ddc_dzo_06859,labeled,Romeo,3.8610177,-0.9565316,-0.25151238,13.04241,-0.3380876,8.95999
ddc_dzo_06870,labeled,Romeo,2.755249,-0.8463641,-1.3637311,12.998991,-0.6611591,8.249012
ddc_dzo_06875,labeled,Romeo,2.7887096,0.06202611,-0.33692482,12.831979,1.4708768,8.697418
ddc_dzo_06871,labeled,Romeo,2.7108812,-1.3928442,-0.18466458,12.788156,-0.762205,8.649755
ddc_dzo_06867,labeled,Romeo,4.233684,0.4232715,0.18715721,13.083413,2.066906,8.297367
ddc_dzo_06877,labeled,Namgay,-3.6069627,1.928676,-12.089656,3.1406617,6.978578,16.989313
ddc_dzo_06865,labeled,Dorji,-3.5777435,12.190515,3.8067937,6.702562,15.345153,1.999483
ddc_dzo_06861,labeled,Dorji,-1.9425915,10.083129,0.13500886,6.5915713,15.402445,2.3257139
ddc_dzo_05907,labeled,Romeo,3.3092475,-1.0260808,0.16233496,13.335289,-0.83030653,8.647689
ddc_dzo_07321,labeled,Dorji,-4.491022,11.442246,-0.12640584,6.6136703,14.889475,2.3546746
ddc_dzo_06860,labeled,Thinley,-11.395355,-6.0259733,-0.69545776,-0.337402,-1.9063746,2.5235271
ddc_dzo_06880,labeled,Dorji,-3.0883682,9.4609785,2.5304646,6.9274783,15.829373,2.4838462
ddc_dzo_06872,labeled,Dorji,-2.5109775,11.783325,1.586636,6.698714,15.474893,2.520567
ddc_dzo_06879,labeled,Romeo,3.0521636,0.20876563,1.6731752,16.991583,1.233393,4.634475
ddc_dzo_04810,labeled,Romeo,2.9629967,-2.2098303,0.21905394,17.500816,2.0002759,5.2680936
ddc_dzo_06899,labeled,Thinley,-11.188604,-3.0724802,1.2463436,-0.48943692,-1.9124483,2.4657664
ddc_dzo_06908,labeled,Romeo,1.768416,-0.7180786,0.8235767,16.839914,1.3981676,4.509867
ddc_dzo_06898,labeled,Namgay,-4.7466035,1.6128216,-10.231161,0.5330459,14.1287775,6.5488763
ddc_dzo_06909,labeled,Romeo,3.555044,-0.6463739,1.7023457,17.11643,1.8332568,5.2707195
ddc_dzo_06896,labeled,Romeo,3.9983814,-1.3181038,1.8663306,16.51347,1.3672698,5.364038
ddc_dzo_06891,labeled,Thinley,-11.920176,-1.8860956,1.9607534,-1.2869058,-2.1138208,2.0644581
ddc_dzo_06906,labeled,Romeo,1.8829277,-2.0825505,0.9105887,15.792084,0.057098113,4.9657817
ddc_dzo_06893,labeled,Romeo,4.1866536,-0.9833267,-0.1625198,12.5901575,1.590249,8.334585
ddc_dzo_06885,labeled,Thinley,-13.045978,-4.2858787,1.0387837,-0.9031448,-2.1834612,1.7827971
ddc_dzo_06894,labeled,Romeo,4.398674,0.3411012,0.26107693,13.080689,1.9906286,7.834087
ddc_dzo_06902,labeled,Romeo,2.605132,-1.8042961,1.126739,16.387535,1.411816,4.957417
ddc_dzo_06892,labeled,Romeo,3.2509093,-2.02646,0.8667644,13.140862,-0.19043598,8.423829
ddc_dzo_06915,labeled,Romeo,4.339739,-1.1697679,0.49223095,13.102186,-0.31236798,7.963193
ddc_dzo_06923,labeled,Romeo,2.619714,-1.1541166,0.0021564667,16.036139,-0.3825458,4.857221
ddc_dzo_06917,labeled,Romeo,3.586495,-2.0915017,1.2515532,15.414047,-0.81831264,4.679786
ddc_dzo_06927,labeled,Romeo,3.608933,-0.5681962,-0.43444923,17.51926,1.4264821,5.738782
ddc_dzo_06931,labeled,Romeo,4.5620704,-1.0443463,0.29352018,13.264346,-0.8226394,8.322105
ddc_dzo_03066,labeled,Romeo,4.6606007,-0.85413694,1.6868458,13.012672,-0.4907793,8.309397
ddc_dzo_06929,labeled,Namgay,-2.8641727,2.20249,-10.9189825,3.4232721,6.431652,17.334894
ddc_dzo_06934,labeled,Dorji,-3.3764217,10.742584,1.602004,6.7196865,15.377638,1.9007711
ddc_dzo_06913,labeled,Romeo,3.356795,-0.8970458,-2.199953,17.586475,1.744581,5.1445017
ddc_dzo_06936,labeled,Thinley,-11.754009,-2.471659,2.3774812,-1.040383,-2.3142774,2.1715572
ddc_dzo_06911,labeled,Romeo,3.619835,-1.3522365,0.22011715,13.300463,-0.5041409,8.5784445
ddc_dzo_08159,labeled,Namgay,-3.1231947,0.7681735,-7.843955,0.5664881,11.757414,6.3068743
ddc_dzo_06945,labeled,Romeo,3.8836284,-1.2046412,0.49796796,17.326803,1.417712,5.6993127
ddc_dzo_02092,labeled,Romeo,3.7303846,-1.5974666,-0.29077902,17.068768,1.0516136,5.8554287
ddc_dzo_06942,labeled,Romeo,2.8507962,-2.1406379,-0.09320111,15.85921,0.31044298,5.244093
ddc_dzo_06947,labeled,Romeo,4.145057,-1.9280925,0.037727702,13.570677,1.7130209,8.666045
ddc_dzo_06964,labeled,Dorji,-3.0444887,10.818555,0.7580387,6.6910863,15.256984,2.6679263
ddc_dzo_06952,labeled,Romeo,1.5816988,-0.8680247,-0.24947748,13.895949,0.6927742,9.902291
ddc_dzo_06946,labeled,Romeo,3.0249279,-1.9179478,1.4782234,12.941107,-0.18561871,8.079233
ddc_dzo_06960,labeled,Romeo,5.0596004,-1.7356435,0.6519677,12.938756,1.6918613,8.314348
ddc_dzo_06956,labeled,Romeo,3.0055895,-1.3231474,0.16613543,13.250369,-0.69497997,8.108068
ddc_dzo_06949,labeled,Thinley,-8.640103,-3.533989,0.73871684,-1.3709322,-1.5677117,1.8432698
ddc_dzo_06938,labeled,Dorji,-4.994855,10.306722,1.6186136,6.5729575,15.028245,2.099401
ddc_dzo_06953,labeled,Thinley,-11.809216,-4.2440968,-0.8918353,-1.2960976,-2.2336414,1.8775316
ddc_dzo_01865,labeled,Romeo,4.1157985,-0.6866313,0.98998505,17.40259,1.3037543,5.4508314
ddc_dzo_06991,labeled,Romeo,2.6567779,-1.0800691,1.3256202,15.753873,-0.6309587,5.2167745
ddc_dzo_06986,labeled,Romeo,3.4176338,-1.4220481,-0.29270253,13.075589,-0.7221733,8.676126
ddc_dzo_06990,labeled,Romeo,3.112909,-0.952467,0.54162127,12.847751,2.1168184,8.528901
ddc_dzo_06969,labeled,Romeo,2.9638913,-0.7644985,0.8082926,12.934701,2.0226958,8.176409
ddc_dzo_06965,labeled,Namgay,-1.9910692,1.0074953,-12.482428,0.5456166,12.206941,5.834378
ddc_dzo_06974,labeled,Romeo,3.251608,-1.4298414,-1.212622,16.894846,1.0876327,5.4103127
ddc_dzo_06975,labeled,Romeo,1.7168612,-1.6021436,0.191141,13.089864,-0.74848896,7.7850404
ddc_dzo_06970,labeled,Thinley,-10.5634985,-3.1447213,-0.2451633,-1.1533002,-1.5804126,1.8448459
ddc_dzo_06979,labeled,Dorji,-4.319657,11.961397,1.0561107,6.6776414,14.946718,2.5270455
ddc_dzo_06987,labeled,Romeo,2.9854336,-0.12179158,0.064755395,17.143211,1.5800449,4.8380413
ddc_dzo_06983,labeled,Romeo,2.7840495,-0.3281093,2.2795708,15.454945,1.8989446,5.7904444
ddc_dzo_05054,labeled,Romeo,3.214433,-1.1783731,-0.25047094,13.04203,1.9933932,7.6881495
ddc_dzo_06995,labeled,Romeo,4.116759,-0.35028502,-0.06485998,15.165323,-0.7531084,5.79187
ddc_dzo_07007,labeled,Romeo,3.6763954,-1.3656263,0.8523851,15.779787,-0.6983306,5.2829137
ddc_dzo_07003,labeled,Romeo,3.231156,-0.46201628,0.6095511,12.684468,-0.59892035,8.136117
ddc_dzo_07016,labeled,Romeo,2.7363336,-2.8011785,0.59452116,12.729341,1.681986,9.061391
ddc_dzo_07010,labeled,Romeo,4.7332263,0.110548206,0.30014586,12.591521,1.5186344,8.172598
ddc_dzo_07017,labeled,Romeo,3.3091445,-1.144015,-0.050957102,16.545267,0.97490835,5.3962517
ddc_dzo_06993,labeled,Romeo,4.7832937,-1.5340372,0.90308917,13.6486225,1.3090361,8.351869
ddc_dzo_07012,labeled,Dorji,-2.8042297,10.267181,0.21705666,6.9708414,15.438204,1.9864995
ddc_dzo_06998,labeled,Romeo,4.317256,-1.0507966,-1.1136729,12.859903,2.1247723,7.8426256
ddc_dzo_07009,labeled,Romeo,2.0639455,-1.5438826,1.1719654,17.23974,1.1228402,4.747375
ddc_dzo_06992,labeled,Romeo,4.839723,-1.2209779,0.3958726,16.901976,1.7070305,5.14426
ddc_dzo_07004,labeled,Romeo,3.4288104,-0.21573398,0.22308119,15.980065,1.7967188,5.2282486
ddc_dzo_07040,labeled,Romeo,4.0537915,-1.402031,-0.76970345,16.94293,1.2173386,6.054446
ddc_dzo_01945,labeled,Romeo,4.3567195,-1.4248945,-0.38127747,13.083673,1.9602593,7.6539183
ddc_dzo_09330,labeled,Romeo,3.4994833,-1.2926898,0.49813655,13.13015,1.7634658,7.7786427
ddc_dzo_07021,labeled,Romeo,2.6097825,-1.213919,1.804315,17.304089,1.5133269,5.1110125
ddc_dzo_07034,labeled,Romeo,3.343999,-0.13918065,0.967837,17.513264,1.1987493,5.0508733
ddc_dzo_07038,labeled,Thinley,-10.71691,-3.9363735,1.1600606,-0.43458226,-1.8325291,2.5082753
ddc_dzo_07026,labeled,Romeo,3.5669065,0.014294312,1.0849284,16.697351,1.0328922,5.062215
ddc_dzo_07035,labeled,Dorji,-3.47003,10.591504,2.1724677,6.9149184,15.866498,2.064419
ddc_dzo_07045,labeled,Dorji,-2.4524891,12.095332,0.91988033,6.987031,15.373831,2.0785825
ddc_dzo_07025,labeled,Romeo,2.8734024,-0.31578973,0.19653362,12.425395,1.7513595,8.074369
ddc_dzo_07041,labeled,Namgay,0.5523087,-0.5491501,-4.6892,14.237224,-0.002166666,13.025761
ddc_dzo_07044,labeled,Dorji,-3.5573575,13.009322,1.5841466,6.697944,15.252201,2.4582567
ddc_dzo_07027,labeled,Romeo,4.0857644,0.1732143,0.692073,17.301748,1.3897386,4.9125977
ddc_dzo_04211,labeled,Romeo,2.9599226,-0.6326484,0.11637305,13.0082245,2.0583549,7.7119284
ddc_dzo_07069,labeled,Romeo,3.3348308,0.027379109,1.690178,14.974728,-0.655954,5.2086926
ddc_dzo_07073,labeled,Romeo,3.3532853,-0.60739905,0.5081252,15.671345,-0.3356623,5.273852
ddc_dzo_07066,labeled,Romeo,2.020861,0.06947818,-0.4268729,16.938047,1.3324625,5.579712
ddc_dzo_07078,labeled,Romeo,3.5833132,-1.5240368,0.08484655,12.837075,1.9105835,8.836028
ddc_dzo_07072,labeled,Thinley,-12.51462,-3.0774026,-0.40237805,-0.81945467,-2.0690975,1.4811379
ddc_dzo_07070,labeled,Romeo,3.831325,-1.5135088,0.41503325,12.816435,2.2005692,7.8729973
ddc_dzo_07053,labeled,Romeo,2.5218222,-0.30493993,-0.4331309,12.7062435,2.2642705,7.694476
ddc_dzo_07061,labeled,Romeo,3.024044,-0.6774982,0.7448651,13.187581,-0.45506275,8.574285
ddc_dzo_07064,labeled,Romeo,1.9587158,-1.2862189,0.98340255,12.619459,1.6793909,8.504807
ddc_dzo_07076,labeled,Romeo,2.1209817,-0.6553023,-0.25798172,12.721979,1.3761594,9.31962
ddc_dzo_07071,labeled,Dorji,-3.4808567,10.205251,1.6971141,6.850661,15.958983,2.1446922
ddc_dzo_07075,labeled,Romeo,4.1324334,-1.367693,-0.058541693,15.525455,1.8649399,5.7836795
ddc_dzo_07063,labeled,Romeo,1.9559304,-1.3561511,1.0120094,17.005333,1.4350458,5.3444023
ddc_dzo_07089,labeled,Romeo,2.059472,-0.68170226,2.9127002,14.345943,0.21083862,10.970518
ddc_dzo_07087,labeled,Romeo,2.607761,-0.46719345,0.66397846,17.026312,1.5349187,5.2651978
ddc_dzo_07080,labeled,Romeo,2.2191072,-2.8012815,-0.28002912,17.587729,1.3677863,5.32963
ddc_dzo_07084,labeled,Thinley,-10.773426,-1.9345398,0.33099666,-0.3824135,-1.975429,2.2637217
ddc_dzo_07105,labeled,Namgay,-2.6900616,2.8491757,-10.313228,-3.8455338,12.381857,5.9213233
ddc_dzo_07100,labeled,Dorji,-3.8807611,10.147178,1.1140949,6.7825556,15.7583275,2.656578
ddc_dzo_07107,labeled,Thinley,-11.239186,-3.1280222,1.1670841,-1.4945797,-1.747661,1.9774709
ddc_dzo_07083,labeled,Thinley,-11.7027235,-3.409634,0.4647166,-1.4757974,-2.2999341,1.5624207
ddc_dzo_07095,labeled,Dorji,-3.63937,7.2987356,0.22533634,6.9759574,15.623947,2.0217974
ddc_dzo_07090,labeled,Dorji,-3.30535,12.391509,2.2331622,6.761984,15.473449,2.000987
ddc_dzo_07082,labeled,Romeo,3.2727187,-0.45040867,0.7334642,17.122265,1.7599787,5.739668
ddc_dzo_07099,labeled,Romeo,4.8872476,-1.001703,-0.10113194,15.522884,1.9020257,5.9941254
ddc_dzo_07127,labeled,Romeo,3.5898948,0.044891156,0.4257637,13.061652,1.8276373,7.8779907
ddc_dzo_07132,labeled,Romeo,2.3097847,-1.3472297,-0.7179771,13.235591,1.8853934,7.7733417
ddc_dzo_07137,labeled,Romeo,2.7993245,-0.20788117,-0.49436375,16.584797,0.64449286,5.1041346
ddc_dzo_07114,labeled,Romeo,3.9569023,-1.5557972,0.13248324,12.887205,-0.4720533,9.250205
ddc_dzo_07129,labeled,Dorji,-2.6851876,11.710705,0.088975266,6.6929245,15.079341,1.9051733
ddc_dzo_07128,labeled,Dorji,-3.6537938,11.290042,1.0573269,6.651573,15.23986,1.8969753
ddc_dzo_07123,labeled,Dorji,-1.954781,9.374407,-0.4943578,6.8085485,16.180012,1.9750333
ddc_dzo_07121,labeled,Romeo,4.223628,-1.1650509,1.378865,13.890883,-0.46617046,7.1200633
ddc_dzo_07126,labeled,Romeo,1.0961392,-1.1833668,1.3077375,12.913143,1.7854717,9.122817
ddc_dzo_07118,labeled,Romeo,2.590541,-1.5068738,-0.4451794,12.817425,-0.14339752,9.29747
ddc_dzo_07115,labeled,Dorji,-3.0958543,8.81459,-0.31760743,6.8587747,15.983388,2.2518423
ddc_dzo_07113,labeled,Romeo,4.1133957,0.07942424,-0.0060425564,13.367043,2.0757535,9.11675
ddc_dzo_07119,labeled,Romeo,2.2235587,-1.3731979,-2.1234796,15.518259,1.9380248,6.0171685
ddc_dzo_07130,labeled,Romeo,2.0009103,-1.2332078,1.7229276,13.179564,-0.8140929,8.428301
ddc_dzo_07133,labeled,Romeo,3.4108238,-1.7606041,1.175873,13.509381,-0.17904927,8.08267
ddc_dzo_07136,labeled,Romeo,3.9129446,-0.17363809,-0.07149092,12.982109,-0.32095823,7.9903197
ddc_dzo_07158,labeled,Thinley,-11.53029,-3.3371406,0.07874044,-0.85034126,-2.2363122,1.7737224
ddc_dzo_07157,labeled,Romeo,3.6073685,-2.0682225,1.5558872,16.390493,1.4629745,6.0728593
ddc_dzo_07160,labeled,Romeo,2.9017892,0.733986,1.6209017,15.371221,-0.5913208,5.599119
ddc_dzo_07156,labeled,Romeo,3.3140738,-0.40950933,0.2660523,15.612503,-0.53780675,5.426489
ddc_dzo_07148,labeled,Romeo,4.198878,-0.88493764,-0.35841912,13.018742,1.6617975,8.977885
ddc_dzo_07140,labeled,Romeo,2.4372158,-2.3132713,-0.4896683,12.82946,1.4205495,8.897481
ddc_dzo_07151,labeled,Dorji,-5.0667667,11.925491,1.8756322,6.765443,15.259788,2.7138634
ddc_dzo_07164,labeled,Romeo,4.9436283,1.0527065,0.7292408,12.821382,1.6964571,9.057585
ddc_dzo_07159,labeled,Dorji,-4.2525377,11.721298,1.5424591,6.721406,14.601862,1.9861267
ddc_dzo_07161,labeled,Romeo,3.2546377,-1.5187917,-0.19577007,13.0286045,-0.887918,7.975599
ddc_dzo_07146,labeled,Thinley,-11.699957,-3.3717332,0.55390996,-1.1920695,-2.022844,1.9085544
ddc_dzo_07163,labeled,Dorji,-5.030019,9.394021,0.34674403,6.978974,15.32632,2.2014065
ddc_dzo_07141,labeled,Romeo,3.3140874,-0.86317766,-0.97734284,15.470836,1.7852083,5.887136
ddc_dzo_07150,labeled,Romeo,2.166343,-0.80210644,0.5664223,15.713485,1.7236501,5.4150133
ddc_dzo_07171,labeled,Romeo,3.2134306,-0.58791804,1.2029529,13.320199,-0.5064406,8.329517
ddc_dzo_07184,labeled,Romeo,4.0723524,-1.2549845,0.32123002,13.2469425,1.6807235,7.8348203
ddc_dzo_07198,labeled,Romeo,2.4978442,-0.57808524,1.5296926,16.23513,0.86200094,5.9346128
ddc_dzo_07186,labeled,Romeo,2.7509978,-2.3496714,-0.023597334,17.173973,1.3463593,5.204432
ddc_dzo_07207,labeled,Romeo,2.6688654,-0.07852075,1.899295,13.220142,-0.050097965,8.895949
ddc_dzo_07197,labeled,Romeo,3.1832733,-1.6705678,0.20743045,13.02666,1.9089397,8.71021
ddc_dzo_07204,labeled,Namgay,-2.2060466,2.3521843,-13.2698555,3.1941667,6.988995,16.999166
ddc_dzo_07203,labeled,Dorji,-4.268121,12.585563,0.8059483,6.7097654,15.210025,2.0346923
ddc_dzo_07188,labeled,Romeo,2.4520202,-0.3061695,0.4303843,13.224348,2.1361887,8.373174
ddc_dzo_07176,labeled,Thinley,-11.155173,-3.9636545,0.6243095,-1.0352917,-1.8242979,2.1517072
ddc_dzo_07191,labeled,Namgay,-3.1741972,3.3113713,-10.61298,3.5605986,7.0313835,16.969398
ddc_dzo_07190,labeled,Thinley,-11.456,-3.0347924,1.8792936,-0.88169926,-1.5223135,2.0102239
ddc_dzo_07185,labeled,Thinley,-12.221185,-3.3119702,2.323663,-0.5191605,-1.6594942,2.0110872
ddc_dzo_07177,labeled,Dorji,-3.9506562,14.298319,2.260631,6.6905775,14.869156,2.5185208
ddc_dzo_07205,labeled,Romeo,2.6250162,-0.108074024,-0.7367503,16.293606,1.9590293,5.8915677
ddc_dzo_07178,labeled,Romeo,4.0313416,-0.85386336,1.1284652,16.359346,1.6130593,6.080734
ddc_dzo_07208,labeled,Romeo,3.15514,0.06586869,1.4192017,13.259788,-0.38175714,8.413362
ddc_dzo_07224,labeled,Romeo,4.3192763,0.3896847,0.95039475,13.1328745,-0.42104524,8.424999
ddc_dzo_07217,labeled,Romeo,5.014611,-0.9461696,-0.26336998,13.191438,1.7289354,7.8510075
ddc_dzo_07239,labeled,Romeo,4.2271967,-1.2350823,-0.75180167,17.02702,1.4679796,5.8158083
ddc_dzo_07248,labeled,Namgay,-1.9937843,1.2232325,-12.089984,3.615685,7.0379515,16.936434
ddc_dzo_07223,labeled,Thinley,-9.771153,-0.32363883,0.22932197,-1.0046879,-1.3849066,2.3272655
ddc_dzo_07246,labeled,Romeo,2.8301399,0.30917475,0.5216833,13.086062,-0.57486236,9.1077
ddc_dzo_07233,labeled,Dorji,-3.9781225,11.141508,2.9407012,6.9256897,15.375786,2.5865786
ddc_dzo_07230,labeled,Romeo,3.3216527,0.037726726,0.28806138,15.866007,1.8505026,6.2384615
ddc_dzo_07234,labeled,Romeo,2.3003373,0.7492681,0.52756774,16.74687,1.4068533,5.273202
ddc_dzo_07249,labeled,Romeo,2.7252753,-0.6336401,0.8183903,12.818852,1.8588668,8.4168215
ddc_dzo_07242,labeled,Romeo,3.74293,-0.39263508,-0.81309605,12.894943,-0.23155695,8.029593
ddc_dzo_07247,labeled,Romeo,3.0495236,0.02695227,2.1204658,12.775745,-0.5335047,7.787784
ddc_dzo_07261,labeled,Dorji,-3.7686152,10.176782,1.0747962,6.75466,15.13621,2.3908727
ddc_dzo_07270,labeled,Romeo,3.2200496,-1.8151326,-1.819935,12.595704,-0.22270884,9.2147665
ddc_dzo_07279,labeled,Namgay,-3.912815,3.8660302,-11.773188,3.5186505,7.1012344,16.943876
ddc_dzo_07273,labeled,Thinley,-13.353517,-2.3681748,2.0924888,-1.0611963,-1.878764,2.2927845
ddc_dzo_07278,labeled,Romeo,3.0217373,-0.43886575,-0.3109641,12.457951,1.4682096,8.922809
ddc_dzo_07256,labeled,Dorji,-2.9064302,11.424935,3.3197775,6.641092,15.018909,2.487706
ddc_dzo_07267,labeled,Romeo,2.0513384,0.08051839,0.7938288,13.345365,2.2097158,9.066944
ddc_dzo_07280,labeled,Thinley,-9.999407,-3.5451,2.1283758,-1.3553368,-1.5806327,1.8449373
ddc_dzo_07265,labeled,Romeo,3.2741754,-1.6770923,-0.6561909,16.39399,1.2625957,4.6186047
ddc_dzo_07262,labeled,Romeo,3.2569923,-0.90989536,1.2232889,16.80418,1.3938924,6.0416117
ddc_dzo_07251,labeled,Romeo,3.450915,-1.1034772,0.7649241,12.86122,-0.33188784,8.0717
ddc_dzo_07275,labeled,Romeo,2.7226946,0.50061005,1.0265783,15.759268,-0.6820442,4.705205
ddc_dzo_07268,labeled,Thinley,-11.109692,-3.6052887,1.1599767,-1.2016875,-2.2011657,2.214536
ddc_dzo_07255,labeled,Nima,-2.6638215,2.1429198,-1.4884608,9.292111,2.4581447,1.5147375
ddc_dzo_07263,labeled,Romeo,3.2922893,-1.8007454,1.4128532,17.188063,1.2039174,4.714043
ddc_dzo_07254,labeled,Romeo,2.2877398,-0.06283619,1.0022026,17.139341,1.9447446,5.084721
ddc_dzo_07277,labeled,Romeo,2.055382,-0.37031594,0.027617872,13.944686,1.6271565,7.899952
ddc_dzo_07294,labeled,Romeo,3.148198,-2.553808,-0.6781718,17.00807,0.9005299,5.4209476
ddc_dzo_05406,labeled,Thinley,-11.935768,-3.72572,-0.039837275,-0.928689,-2.3400598,1.5061059
ddc_dzo_07306,labeled,Romeo,1.6008756,-0.83112067,-0.31026512,12.592671,-0.31090006,9.381027
ddc_dzo_07287,labeled,Romeo,3.9410446,-0.48197907,0.50130713,15.145495,-0.653693,4.83893
ddc_dzo_07291,labeled,Romeo,2.4734516,-1.4636561,1.1665498,16.625444,1.6893733,5.052751
ddc_dzo_07286,labeled,Romeo,3.8048291,-0.2273438,-0.52700937,16.866188,0.8123506,5.06094
ddc_dzo_07301,labeled,Romeo,3.5227287,-0.48549962,0.54186094,15.451331,-0.16560963,5.453752
ddc_dzo_07303,labeled,Thinley,-11.040592,-3.3869276,1.418181,-0.45507407,-2.154807,2.2130396
ddc_dzo_07298,labeled,Romeo,2.9688203,-1.0471733,0.36151576,13.345603,1.7277857,8.53661
ddc_dzo_07314,labeled,Namgay,-4.101068,1.5997026,-9.5205145,3.2404237,6.450517,17.29088
ddc_dzo_07289,labeled,Romeo,1.0424005,0.3622735,-0.008636036,14.398372,0.19282278,11.050512
ddc_dzo_07304,labeled,Thinley,-11.789918,-4.499886,-0.083413914,-1.04348,-2.320918,1.3405274
ddc_dzo_07292,labeled,Thinley,-11.314979,-3.4281473,1.2053192,-1.1563374,-1.7874167,1.5834371
ddc_dzo_07308,labeled,Romeo,4.33919,-1.6282505,-0.3290985,15.5249405,1.8790855,5.755436
ddc_dzo_07296,labeled,Romeo,3.094385,-2.2817845,2.1926441,13.226798,-0.82667196,8.581061
ddc_dzo_07309,labeled,Romeo,3.5481417,-0.32435387,1.3158715,16.314058,1.3215452,5.582912
ddc_dzo_07302,labeled,Romeo,3.099819,-1.8376564,0.33846396,13.212506,-0.3210559,8.530079
ddc_dzo_07355,labeled,Dorji,-3.0495114,12.813754,1.3185277,6.638768,14.941209,2.314128
ddc_dzo_07339,labeled,Romeo,3.6054661,-2.3522308,-0.12788098,17.514582,1.5466702,5.120296
ddc_dzo_07329,labeled,Romeo,1.923766,-0.7155329,-0.3037027,17.00956,0.7083391,4.6629944
ddc_dzo_07344,labeled,Romeo,2.7949388,-1.0444419,-0.061606348,16.900726,0.93475115,4.5399113
ddc_dzo_07352,labeled,Romeo,3.7268777,-0.11835629,0.70368946,12.792983,-0.41336104,9.334425
ddc_dzo_07338,labeled,Thinley,-7.994042,-1.0814422,-0.32338133,-1.0248032,-1.6331092,2.5368762
ddc_dzo_07337,labeled,Namgay,-0.04023979,1.5650338,-11.241479,3.538251,7.0612082,16.973045
ddc_dzo_07670,labeled,Dorji,-4.8279285,12.163281,1.9003041,6.778017,15.528223,1.9968244
ddc_dzo_07346,labeled,Romeo,4.443232,-0.6340462,1.6213324,16.61757,1.8494357,6.079188
ddc_dzo_07348,labeled,Romeo,3.7598486,-1.7870142,-0.36318323,12.904042,2.2550077,7.780894
ddc_dzo_07328,labeled,Romeo,3.1003246,-0.7252802,-0.23480771,13.277067,-0.8608752,8.625304
ddc_dzo_07333,labeled,Romeo,2.5105696,-1.5041798,-0.62049615,12.673002,1.615165,9.046103
ddc_dzo_07322,labeled,Romeo,2.488282,-0.8346523,1.46853,12.816789,1.7018223,9.133408
ddc_dzo_07349,labeled,Dorji,-5.0592,10.1595545,2.7102532,6.7336307,15.512973,2.663674
ddc_dzo_07343,labeled,Thinley,-11.427944,-2.5533633,-0.7122317,-1.0341854,-2.2137468,1.257062
ddc_dzo_07351,labeled,Romeo,3.6997335,-0.87430173,1.0520258,13.481345,-0.40902603,8.134999
ddc_dzo_07385,labeled,Romeo,1.4770865,-1.774523,-0.4072358,12.707352,-0.39412203,9.456235
ddc_dzo_07383,labeled,Romeo,3.1535342,0.22132134,1.7640809,15.8900795,-0.13473329,5.435855
ddc_dzo_07378,labeled,Romeo,3.5827267,-1.5239415,0.57269275,13.13551,-0.7491487,8.743517
ddc_dzo_03394,labeled,Romeo,4.2529244,-1.657066,0.29322347,12.975042,-0.7913651,8.667624
ddc_dzo_07389,labeled,Thinley,-10.884117,-4.878959,-0.62202513,-0.5104074,-1.9992104,2.4998925
ddc_dzo_07361,labeled,Thinley,-6.95636,-1.5570341,-2.023705,-1.5009413,-1.8469119,2.075167
ddc_dzo_07359,labeled,Romeo,2.7821195,0.65314555,1.95924,15.876627,-0.5409111,4.507627
ddc_dzo_07363,labeled,Romeo,2.4883788,-2.1744244,1.2035607,13.110107,-0.70785767,8.628078
ddc_dzo_07379,labeled,Romeo,3.0868754,-0.04114267,0.15950294,16.509949,1.1035955,4.512767
ddc_dzo_07368,labeled,Thinley,-10.788878,-3.2724726,1.3276017,-1.0060381,-1.8594235,1.9861265
ddc_dzo_07373,labeled,Thinley,-11.590555,-3.1153083,1.5505466,-1.307932,-1.8185843,1.0604346
ddc_dzo_07358,labeled,Romeo,3.6521077,-2.523741,0.300583,13.694525,1.0789237,9.487461
ddc_dzo_07360,labeled,Romeo,2.913444,-1.6562269,0.06741444,12.870574,2.35774,7.669519
ddc_dzo_00688,labeled,Romeo,3.9496598,-1.7834356,-0.3970501,12.93625,2.0605376,7.781687
ddc_dzo_07414,labeled,Romeo,3.782423,-1.7249163,0.24858996,15.667167,-0.49891412,5.1135716
ddc_dzo_07420,labeled,Romeo,3.0403757,-0.82929325,-0.5780097,15.856508,-0.5097161,4.9968033
ddc_dzo_07422,labeled,Romeo,2.6180253,0.93382156,-1.1751513,12.997074,1.0720985,9.21857
ddc_dzo_07417,labeled,Romeo,3.3843517,0.3198555,0.5743409,12.703136,-0.64707524,8.460694
ddc_dzo_07424,labeled,Romeo,2.6555896,-2.4561865,-1.2091347,12.853363,-0.8580422,8.114126
ddc_dzo_07405,labeled,Romeo,3.3724802,-1.091105,0.039820883,13.688292,1.60917,8.176642
ddc_dzo_07403,labeled,Romeo,4.231763,-0.3281417,-0.6797429,12.804943,-0.41766208,9.318238
ddc_dzo_07411,labeled,Romeo,2.7016857,-0.5817099,-0.0051538795,12.556063,1.5275227,8.956991
ddc_dzo_07404,labeled,Romeo,3.0977032,-0.9915627,0.97038853,12.472521,1.562907,8.662733
ddc_dzo_07392,labeled,Dorji,-3.2337713,9.267213,2.4031758,6.919704,14.992428,2.3598495
ddc_dzo_07390,labeled,Dorji,-2.2684462,12.399853,0.76719046,6.4901037,15.336312,2.4899638
ddc_dzo_07415,labeled,Romeo,2.7027209,0.30225065,0.8060116,17.129148,1.7959285,5.0706797
ddc_dzo_07421,labeled,Romeo,3.2266533,-1.7632332,1.0713464,16.975191,2.0388188,5.277948
ddc_dzo_07419,labeled,Romeo,3.497836,-0.58569735,-0.6927177,15.73879,1.8128188,5.509955
ddc_dzo_07408,labeled,Romeo,2.7776651,-1.5339708,1.1003706,15.800475,-0.55518013,4.436815
ddc_dzo_07410,labeled,Romeo,1.7432853,-0.19713731,-0.5897555,13.132619,-0.15246423,8.258466
ddc_dzo_08825,labeled,Romeo,3.5866141,0.04135407,-0.6708248,13.160679,1.8123908,7.7516375
ddc_dzo_07427,labeled,Romeo,3.0734525,0.111895815,0.74315673,13.933966,-0.5271931,7.0933614
ddc_dzo_07447,labeled,Romeo,2.7932713,-1.4453582,0.7793333,12.994598,1.7544746,9.200988
ddc_dzo_07453,labeled,Dorji,-6.225277,9.595219,1.5206382,6.9687843,15.203363,2.5547314
ddc_dzo_07436,labeled,Dorji,-3.450202,11.70438,0.8785991,6.6250105,15.511931,2.6721423
ddc_dzo_07448,labeled,Dorji,-4.172982,9.840346,2.4168925,6.6820602,15.592656,2.5154707
ddc_dzo_07432,labeled,Romeo,3.873736,-1.8500136,0.05273444,15.592882,1.8676093,5.689321
ddc_dzo_07437,labeled,Romeo,1.6099864,0.37014273,-0.31589383,12.854795,-0.65732694,7.864073
ddc_dzo_07449,labeled,Romeo,3.595335,-1.146589,-0.40978396,15.685806,-0.7575956,5.1361704
ddc_dzo_07446,labeled,Romeo,2.2665732,-0.06789273,0.41847885,12.992699,2.1224244,9.135517
ddc_dzo_07457,labeled,Romeo,3.8856375,-1.7014145,-0.86465293,17.296312,0.68087643,5.321048
ddc_dzo_07435,labeled,Romeo,3.8104796,-0.10686997,0.050389335,15.577591,1.8466727,5.562002
ddc_dzo_07425,labeled,Romeo,3.0529304,-2.2222474,-0.25735265,16.117134,1.6990416,5.6056437
ddc_dzo_07426,labeled,Romeo,2.7991264,-2.1902194,0.59152436,15.968728,-0.79275495,4.907286
ddc_dzo_07428,labeled,Romeo,3.8792746,-0.05995767,1.4081031,13.624796,-0.049498282,8.357095
ddc_dzo_07450,labeled,Romeo,3.5263717,-0.5594764,0.29157475,13.2002125,-0.75006866,8.469604
ddc_dzo_07485,labeled,Romeo,1.9614934,-0.51914024,-0.23714654,17.041086,0.81913656,5.121321
ddc_dzo_07488,labeled,Romeo,2.9746034,0.009479005,0.43116638,13.790333,0.018873755,10.124473
ddc_dzo_07470,labeled,Romeo,3.0955396,-1.6612412,0.18455854,13.259574,-0.89111984,8.617362
ddc_dzo_07472,labeled,Romeo,3.4712908,-1.6591568,-0.8118445,16.367805,1.8151106,5.5479307
ddc_dzo_07480,labeled,Romeo,2.4481018,-1.2054099,-0.051270977,12.996369,2.3083858,8.616958
ddc_dzo_07479,labeled,Dorji,-2.0785034,10.544467,0.0736946,6.7463794,14.9118805,2.5142374
ddc_dzo_07476,labeled,Romeo,3.226379,-0.52117807,-0.008078155,12.783416,-0.81700474,7.8461123
ddc_dzo_07477,labeled,Romeo,3.4930768,-0.9908214,0.4435236,15.421523,-0.53539366,5.356489
ddc_dzo_07474,labeled,Romeo,5.098282,-1.9333717,1.1045232,16.823568,1.1347921,5.389393
ddc_dzo_07487,labeled,Romeo,3.7480934,-0.0741046,-0.45532674,16.767803,1.4715923,6.311568
ddc_dzo_07465,labeled,Romeo,2.607009,-0.6516128,-2.3494039,14.161115,0.3489038,10.441105
ddc_dzo_07462,labeled,Romeo,2.977885,-1.536936,0.6741243,12.835781,2.054468,8.925024
ddc_dzo_07473,labeled,Romeo,3.7721767,0.46993405,0.96283305,13.768031,2.2576685,8.000408
ddc_dzo_07484,labeled,Romeo,3.8708024,-0.2562552,0.41915908,17.400717,1.4930302,5.144243
ddc_dzo_07478,labeled,Romeo,4.6654625,-1.3086007,0.9305147,12.958384,0.92936707,8.29245
ddc_dzo_07469,labeled,Romeo,2.7536504,-1.4276315,0.26444274,13.317855,0.111090444,8.829822
ddc_dzo_02541,labeled,Romeo,3.3170645,-1.8558341,0.37218192,13.10994,2.1777594,8.041818
ddc_dzo_07523,labeled,Romeo,3.3892934,-0.066775486,-0.16577148,16.95261,0.7231432,5.3821826
ddc_dzo_07528,labeled,Thinley,-11.435828,-2.7284613,2.5749617,-0.7058271,-2.35056,2.242052
ddc_dzo_07520,labeled,Romeo,2.7834988,0.23774284,1.0807213,15.338692,-0.7479026,4.551686
ddc_dzo_07499,labeled,Romeo,3.9998734,-0.27114397,0.07955925,12.979438,-0.57632846,9.121817
ddc_dzo_07507,labeled,Romeo,2.909672,0.8527228,-0.87311965,13.444336,1.1375275,8.317025
ddc_dzo_07496,labeled,Romeo,3.5466025,0.3641875,2.0765057,17.282993,0.96190566,4.7053995
ddc_dzo_07521,labeled,Romeo,3.206437,-0.16835646,1.1046383,15.55673,-0.39789942,4.9972816
ddc_dzo_07502,labeled,Romeo,2.148559,-0.38205734,-1.1908002,15.805188,0.5256888,0.87385744
ddc_dzo_07514,labeled,Romeo,3.5610023,-1.2189852,0.77817786,13.214141,1.9922279,8.267594
ddc_dzo_07515,labeled,Thinley,-10.43602,-3.3834672,2.2180681,-1.2878579,-1.5290552,1.852189
ddc_dzo_07501,labeled,Dorji,-3.6514404,10.732957,1.2739905,6.809989,16.210144,1.9599019
ddc_dzo_07519,labeled,Thinley,-12.287746,-4.3849993,-0.7434678,-1.3859854,-2.2571182,2.348843
ddc_dzo_07495,labeled,Thinley,-10.660431,-4.181305,1.0414026,-0.41545835,-1.96133,2.5336196
ddc_dzo_07503,labeled,Thinley,-11.98239,-3.1869988,2.5442781,-0.9629494,-1.8433204,2.1549358
ddc_dzo_07504,labeled,Romeo,2.1096547,1.4122107,-0.47506166,16.211899,-0.3103942,4.5835414
ddc_dzo_07517,labeled,Romeo,2.7689176,-1.0676621,-1.2232263,13.391884,-0.23880461,8.378515
ddc_dzo_07556,labeled,Romeo,3.776132,-0.8382934,-1.1614524,17.50972,1.0939419,5.315561
ddc_dzo_07551,labeled,Romeo,2.691254,0.14136164,0.3520022,17.55048,0.92369753,5.569436
ddc_dzo_07561,labeled,Romeo,1.5744603,-0.68976885,-0.9740437,13.88441,1.2627397,8.824967
ddc_dzo_07539,labeled,Romeo,2.059311,-0.22357398,1.0670742,12.75982,-0.5311319,9.368863
ddc_dzo_07559,labeled,Romeo,2.103945,0.34408513,0.8516048,16.442816,0.86881816,6.0432496
ddc_dzo_07544,labeled,Romeo,3.115159,-0.6106864,0.96896774,17.539375,0.9272435,5.5594864
ddc_dzo_07552,labeled,Romeo,1.1475127,-0.16993748,-0.526997,12.815074,-0.11198723,7.9372683
ddc_dzo_07540,labeled,Romeo,2.572696,-1.2056719,0.045594405,17.076498,1.811188,5.9620857
ddc_dzo_05677,labeled,Thinley,-11.277585,-4.4450293,0.45417714,-0.4101595,-1.8527707,2.5290277
ddc_dzo_07530,labeled,Thinley,-11.137038,-3.6000407,0.3232682,-0.89620435,-1.7163218,1.8850017
ddc_dzo_07545,labeled,Romeo,0.78952795,-2.2301173,0.72744304,13.701257,2.1424658,8.166478
ddc_dzo_07535,labeled,Romeo,3.4859934,-1.8075937,-0.2884358,12.643516,1.8063319,9.0671835
ddc_dzo_07538,labeled,Romeo,3.4615374,-0.19447158,0.083900385,15.853893,1.7565098,6.3109326
ddc_dzo_07537,labeled,Romeo,1.0083869,-0.34213606,-0.17036599,14.1068735,0.13880265,10.565597
ddc_dzo_07534,labeled,Romeo,3.3869243,-1.723264,0.8855799,13.42746,-0.41679662,8.280438
ddc_dzo_09272,labeled,Romeo,3.681498,-0.949477,0.9880776,13.21098,1.7639042,7.776192
ddc_dzo_07579,labeled,Romeo,2.5309124,0.63625723,0.5862277,12.727659,-0.6373589,9.3956375
ddc_dzo_07587,labeled,Romeo,3.7297964,-1.8279799,0.16042623,16.633976,2.0401754,5.962118
ddc_dzo_07567,labeled,Dorji,-4.0624394,12.040951,0.9893966,6.6375885,14.912809,2.576867
ddc_dzo_07583,labeled,Romeo,1.9181691,-1.4524558,-0.45618173,13.347677,2.4629943,7.847874
ddc_dzo_07565,labeled,Yigzin,1.6708437,4.131616,-1.6281654,-7.6746936,5.267561,7.042882
ddc_dzo_07595,labeled,Romeo,3.2159946,-0.5558037,1.3777641,13.388133,-0.56483793,8.892963
ddc_dzo_07580,labeled,Romeo,3.554664,-1.1027817,0.6562277,13.464716,0.10109001,8.179731
ddc_dzo_07572,labeled,Romeo,1.8464146,-1.1762279,-0.336092,17.17986,0.8466039,5.2345743
ddc_dzo_07570,labeled,Romeo,3.3013408,-0.3790454,1.1889409,12.411424,1.6306452,8.355739
ddc_dzo_07581,labeled,Romeo,1.6507816,-0.7652718,0.5219551,12.458904,1.4612792,8.106299
ddc_dzo_07585,labeled,Romeo,3.4309437,-1.7266275,-0.040573426,15.456805,-0.26423436,5.3700385
ddc_dzo_07569,labeled,Thinley,-10.360369,-4.708041,2.105504,-1.3033513,-1.6920986,2.3563023
ddc_dzo_07582,labeled,Romeo,3.3822122,0.34478545,0.057874024,17.082748,1.3621482,5.6448045
ddc_dzo_07566,labeled,Romeo,2.3337371,-0.145971,0.9870849,12.69182,2.2890396,7.873149
ddc_dzo_09733,labeled,Romeo,3.9247828,-1.3650119,0.73536956,13.056427,1.9721861,7.6872
ddc_dzo_07611,labeled,Romeo,2.0825977,-0.24350348,0.27574772,12.656969,-0.59849054,9.379035
ddc_dzo_07614,labeled,Romeo,3.3335905,-0.0089853415,-0.8786047,12.903104,-0.3832552,9.012169
ddc_dzo_07606,labeled,Romeo,3.169522,-1.3829962,-0.27347717,13.171116,1.705353,8.701501
ddc_dzo_07599,labeled,Romeo,3.7033572,-0.27855033,-1.2159175,17.330296,1.1630446,5.12216
ddc_dzo_07613,labeled,Romeo,4.3232856,-0.798203,0.33042607,14.076511,0.19110426,10.501229
ddc_dzo_07600,labeled,Dorji,-4.017235,8.029745,-0.6643816,6.536579,15.210434,2.5881376
ddc_dzo_07604,labeled,Romeo,3.4533849,-0.013038027,1.4273416,12.816127,-0.53822297,8.759059
ddc_dzo_07631,labeled,Romeo,1.9120281,-0.47532085,0.28894603,15.634974,-0.16140178,4.659941
ddc_dzo_07601,labeled,Dorji,-2.9882574,11.708157,1.6975138,6.668327,15.295918,2.7371697
ddc_dzo_07626,labeled,Thinley,-11.534214,-3.969498,-1.1965058,-1.208526,-2.4215271,1.7965405
ddc_dzo_07610,labeled,Romeo,3.929914,-1.1463366,-0.7388862,13.260556,1.5286247,9.134819
ddc_dzo_07608,labeled,Romeo,1.686766,-0.74555784,-0.6083213,13.453832,1.9023719,9.23177
ddc_dzo_07612,labeled,Romeo,3.1401045,0.13061392,-0.04369955,15.991707,1.9839427,5.858464
ddc_dzo_07615,labeled,Romeo,3.053544,-0.23256649,0.6168624,13.465984,-0.10482476,8.388079
ddc_dzo_07669,labeled,Romeo,1.7555076,-0.62485904,0.11252251,17.168655,1.7940863,5.1417303
ddc_dzo_07661,labeled,Romeo,3.4865131,-1.1419176,0.694896,15.729405,-0.7259582,5.1435924
ddc_dzo_07650,labeled,Romeo,3.7719743,-1.6840342,-0.04362344,12.880163,-0.5103557,7.9241533
ddc_dzo_07653,labeled,Romeo,2.4793503,-0.8176006,0.42952067,12.945395,-0.57297903,9.082407
ddc_dzo_07655,labeled,Romeo,3.5583827,-1.2750963,-0.52465653,17.303066,1.2437627,5.302126
ddc_dzo_07658,labeled,Thinley,-11.853421,-3.9189057,0.9971025,-1.2854378,-2.4638832,1.337605
ddc_dzo_07665,labeled,Romeo,3.5174608,-1.5745583,-0.6949562,12.620438,-0.83601147,7.7799325
ddc_dzo_07666,labeled,Thinley,-10.571951,-6.176288,0.7785286,-1.1469194,-2.40934,1.7191312
ddc_dzo_07664,labeled,Romeo,1.8695899,-1.340392,1.9782385,16.97974,1.6049135,6.087691
ddc_dzo_07649,labeled,Romeo,3.9004083,-0.95219165,-0.070948765,17.040842,1.1754409,5.180298
ddc_dzo_07647,labeled,Romeo,2.9744992,-0.3364677,0.830504,17.143028,0.91717076,5.1234317
ddc_dzo_07637,labeled,Thinley,-11.913159,-2.1810057,1.4545754,-0.726547,-1.6767162,1.9702389
ddc_dzo_07656,labeled,Thinley,-12.069581,-3.6771994,0.18733795,-0.816599,-1.6615632,2.3306718
ddc_dzo_07643,labeled,Yigzin,1.4293649,3.1142077,-2.7440033,-7.6677523,5.260529,7.0500607
ddc_dzo_07651,labeled,Romeo,3.5706217,-1.7212247,0.35377765,16.351692,1.9825511,5.50171
ddc_dzo_07642,labeled,Romeo,2.6783986,-2.6359787,1.1558243,13.067667,-0.60391957,8.756796
ddc_dzo_07668,labeled,Thinley,-10.6282425,-0.63467824,2.708837,-1.0418788,-2.3243368,0.9899705
ddc_dzo_07634,labeled,Romeo,3.487562,-0.1847114,0.54160535,13.124449,-0.5619557,8.812812
ddc_dzo_07700,labeled,Romeo,4.369367,-1.6477407,-0.15087906,13.119134,2.032347,7.7477293
ddc_dzo_07686,labeled,Romeo,2.560401,0.82043177,-0.59382325,15.836047,-0.5492134,4.510502
ddc_dzo_07671,labeled,Romeo,2.6304362,-1.4842318,0.51218396,15.550534,-0.6928415,4.803219
ddc_dzo_07699,labeled,Romeo,3.111909,-0.23317897,-0.87399703,16.700064,1.7418599,5.103573
ddc_dzo_07703,labeled,Romeo,4.2146134,-1.6499803,0.917017,13.467409,1.7575932,8.497473
ddc_dzo_07673,labeled,Romeo,2.1405418,-1.3664659,0.2720137,13.371534,1.7102021,9.357945
ddc_dzo_07682,labeled,Romeo,4.1865845,-1.2236214,0.90507805,17.261683,1.4207659,5.8173156
ddc_dzo_07701,labeled,Romeo,3.1140943,-1.7553085,0.91783404,17.274559,1.1617033,4.8688707
ddc_dzo_07677,labeled,Romeo,4.298153,0.17405553,1.9770453,13.1632595,2.3464673,8.374789
ddc_dzo_07690,labeled,Namgay,-1.7943249,0.82576054,-11.358491,3.5329905,6.4340396,17.366568
ddc_dzo_07674,labeled,Romeo,3.6083322,-0.2201578,0.9827348,16.313467,0.3467949,4.7311134
ddc_dzo_07681,labeled,Thinley,-10.253521,-3.435773,1.3418314,-0.53516805,-2.2141054,2.287416
ddc_dzo_07685,labeled,Romeo,2.7603967,-0.44150692,1.3158538,15.567205,1.9670594,5.930871
ddc_dzo_07721,labeled,Dorji,-3.377665,8.106903,0.37170225,6.715892,15.94333,2.3148239
ddc_dzo_06398,labeled,Romeo,3.1405308,-0.37859094,0.45852715,13.138539,1.9104942,7.6799827
ddc_dzo_07707,labeled,Romeo,4.737416,-0.7331555,0.069976,13.14497,1.769816,8.458504
ddc_dzo_07736,labeled,Romeo,3.3515382,-2.071598,0.24992786,13.265863,-0.7510792,8.682635
ddc_dzo_07737,labeled,Romeo,3.4943244,-2.0946884,-0.06891641,13.012608,-0.68004984,8.600388
ddc_dzo_07717,labeled,Dorji,-4.4507184,10.52477,2.1587188,6.6717205,15.033799,2.6038399
ddc_dzo_07739,labeled,Namgay,-0.47391704,2.3367302,-9.738957,-3.836649,12.37313,5.9301534
ddc_dzo_07714,labeled,Thinley,-11.6315155,-3.2413738,2.310434,-1.4963287,-2.2228305,1.429197
ddc_dzo_07709,labeled,Romeo,1.2961211,0.033333678,1.1793202,16.508286,1.0596726,4.661636
ddc_dzo_07720,labeled,Dorji,-4.3706975,9.170907,1.2527674,7.0395894,15.457525,2.0809655
ddc_dzo_07719,labeled,Dorji,-2.9150488,10.782486,1.9019881,6.7073197,15.578887,2.6476536
ddc_dzo_07706,labeled,Romeo,3.8279579,-0.21780269,-0.39604634,13.173798,2.040272,9.18984
ddc_dzo_07724,labeled,Romeo,3.565805,-0.63151985,0.31189916,13.404125,2.2620637,8.042745
ddc_dzo_07723,labeled,Romeo,2.550932,-1.1604975,-0.9482929,17.274893,1.3818109,5.0351806
ddc_dzo_07735,labeled,Romeo,3.9442883,-0.7755739,1.5515293,13.34146,0.00981437,8.773384
ddc_dzo_07759,labeled,Romeo,3.3291726,-0.57407266,0.98119557,17.553108,0.92644304,5.640365
ddc_dzo_07756,labeled,Romeo,4.249863,-1.6277388,0.94007045,16.478697,0.35899356,5.688959
ddc_dzo_07763,labeled,Romeo,4.027803,-0.3479978,0.29967567,13.026138,2.0274768,7.8010783
ddc_dzo_07749,labeled,Romeo,2.3018072,-1.2323983,1.5331442,16.575283,2.088395,5.609258
ddc_dzo_07771,labeled,Romeo,2.0494301,0.33824313,1.5060635,15.542763,-0.40249646,5.2385902
ddc_dzo_06647,labeled,Romeo,2.895421,-0.91333944,-0.32783148,15.445851,-0.80945915,4.536924
ddc_dzo_07752,labeled,Romeo,4.875666,-0.8009014,0.8840536,12.540846,1.5673987,8.442787
ddc_dzo_07773,labeled,Thinley,-11.498011,-2.638167,1.4784461,-1.4916996,-2.402783,1.2771128
ddc_dzo_07770,labeled,Romeo,4.131494,-1.2780828,1.3408853,15.385144,-0.3312863,4.7116175
ddc_dzo_07757,labeled,Dorji,-2.9186454,9.502861,0.34302798,6.7901564,15.643026,2.0200045
ddc_dzo_07753,labeled,Thinley,-10.899067,-2.4663825,-0.48815146,-1.3612043,-2.2499385,2.313625
ddc_dzo_07755,labeled,Thinley,-12.273048,-2.6367285,2.6596627,-0.6563583,-1.837765,2.350968
ddc_dzo_07748,labeled,Dorji,-5.069545,11.162135,1.5053812,6.874213,15.920002,2.2443345
ddc_dzo_07768,labeled,Romeo,2.03909,0.12645882,0.48462036,16.716768,1.1108316,5.131624
ddc_dzo_07745,labeled,Romeo,3.7684445,0.18503712,-1.5495286,16.9331,1.683454,5.875851
ddc_dzo_07743,labeled,Romeo,3.635826,-0.7153895,0.11649718,15.566689,2.099862,5.9137363
ddc_dzo_07777,labeled,Romeo,3.7919095,-0.68242157,-0.94371617,17.055134,1.0110519,5.1711135
ddc_dzo_07790,labeled,Romeo,2.4947233,-0.16302773,-0.012250925,17.19986,0.9134067,5.8627033
ddc_dzo_07805,labeled,Thinley,-10.857601,-2.3850822,1.0922246,-0.76660866,-2.0446603,1.3346368
ddc_dzo_07793,labeled,Romeo,4.165302,-0.5893702,0.6383071,16.980743,1.4119499,5.712024
ddc_dzo_07774,labeled,Romeo,2.7244577,-1.2409446,0.29946408,13.283351,-0.9581713,8.881596
ddc_dzo_07782,labeled,Thinley,-11.675695,-4.521555,1.8251386,-1.1778084,-2.1532807,2.2254803
ddc_dzo_07784,labeled,Thinley,-11.540321,-3.3904405,0.3555415,-1.1415555,-1.9030273,2.6313236
ddc_dzo_07786,labeled,Romeo,4.0138335,-0.2952365,-0.10908111,12.991339,2.0234275,8.190671
ddc_dzo_07798,labeled,Namgay,-0.39652786,2.1940784,-11.394971,3.549548,6.3750515,17.431208
ddc_dzo_07795,labeled,Romeo,3.5525827,-1.0869607,1.4148568,15.9367895,-0.08216536,4.5428805
ddc_dzo_07778,labeled,Romeo,4.5844636,-2.2672575,1.1556543,13.284288,0.76395214,8.231543
ddc_dzo_07804,labeled,Thinley,-10.461046,-2.455458,0.61863744,-1.5155597,-2.3486109,1.0595827
ddc_dzo_07800,labeled,Romeo,3.813437,-1.2988818,1.910128,13.163839,1.3671739,8.160151
ddc_dzo_07792,labeled,Thinley,-10.382543,-3.8160713,1.7365019,-0.5986482,-1.6725681,2.499491
ddc_dzo_07783,labeled,Thinley,-10.443703,-3.248323,-0.5603764,-1.2821941,-2.3438456,1.1110852
ddc_dzo_07806,labeled,Thinley,-10.708819,-2.1847246,0.2554724,-0.94437,-1.7704077,2.5658543
ddc_dzo_07803,labeled,Romeo,3.2138014,0.23645571,-1.3095182,15.678612,-0.8221821,4.528057
ddc_dzo_07817,labeled,Romeo,1.541851,-0.37387952,-1.2663583,17.453537,1.9344469,5.1279025
ddc_dzo_00256,labeled,Romeo,2.4614034,0.09650197,1.6922961,13.769953,1.0004549,8.53666
ddc_dzo_07813,labeled,Romeo,3.692385,-0.93197966,-0.056878425,13.198245,-0.13937636,9.086594
ddc_dzo_07814,labeled,Romeo,2.0669148,-1.8749033,-0.4208346,17.320717,1.1827897,5.1411285
ddc_dzo_07836,labeled,Romeo,3.0073073,0.42075095,0.6967904,12.675667,1.7315255,8.499432
ddc_dzo_07828,labeled,Romeo,3.0250602,-1.0924959,-0.23285311,14.122923,0.0950432,10.622463
ddc_dzo_07835,labeled,Namgay,-0.06779994,0.0038709955,-12.148034,-3.8176405,12.354198,5.9490767
ddc_dzo_07830,labeled,Romeo,3.2248442,0.19044524,-0.5700412,13.668872,1.674963,8.811892
ddc_dzo_07831,labeled,Romeo,3.253646,-1.0507782,0.9864452,12.716434,-0.76842946,7.8577185
ddc_dzo_07821,labeled,Thinley,-9.3974,-3.5977263,0.6494139,-1.6298463,-2.328517,1.3573334
ddc_dzo_07825,labeled,Dorji,-3.339967,12.997639,2.0555503,6.587231,15.138164,2.0602746
ddc_dzo_07824,labeled,Nima,-1.544561,1.0287824,-2.7201385,9.273718,2.4448416,1.5269251
ddc_dzo_07833,labeled,Thinley,-12.537872,-4.6731534,-1.0262432,-1.3760961,-2.2541053,1.909285
ddc_dzo_07818,labeled,Romeo,2.0647125,-1.6054534,0.7023126,12.959214,1.7581778,8.676205
ddc_dzo_07809,labeled,Romeo,3.3279667,-1.5569135,0.5375067,13.353252,-0.27867797,8.611074
ddc_dzo_07839,labeled,Romeo,3.41558,-2.0484095,1.3579788,13.157545,-0.51268524,8.412791
ddc_dzo_07810,labeled,Romeo,3.9389741,0.43238503,-0.613447,13.340088,-0.6043923,8.4993
ddc_dzo_07859,labeled,Romeo,2.8730145,-1.5392506,0.98683023,16.73907,1.7739007,5.4172244
ddc_dzo_07880,labeled,Romeo,0.9083836,-0.2613012,1.1507447,17.503702,0.92283493,5.586962
ddc_dzo_07871,labeled,Romeo,2.992627,0.08741774,1.75173,15.382892,-0.9855727,5.5440373
ddc_dzo_07877,labeled,Romeo,5.1769896,0.080368735,0.8716844,16.635174,1.6287389,5.996384
ddc_dzo_07866,labeled,Romeo,3.1632295,-0.80869925,0.11947118,12.975017,-0.66934514,8.782947
ddc_dzo_07862,labeled,Romeo,4.3938427,-1.3507991,1.4126605,13.165355,-0.38914385,8.84731
ddc_dzo_07849,labeled,Romeo,3.371186,-0.6808898,1.5724293,16.474766,1.097792,4.5715246
ddc_dzo_07863,labeled,Romeo,3.5595293,-2.229063,-1.5303606,15.733928,0.015474449,5.3110743
ddc_dzo_07864,labeled,Thinley,-8.684398,-4.350663,-0.66540354,-1.498933,-2.2704384,1.4776284
ddc_dzo_07872,labeled,Romeo,4.1561236,-1.8608961,0.17367126,12.788956,1.9235113,8.037859
ddc_dzo_07857,labeled,Dorji,-5.5589356,12.837036,2.5318332,6.6407404,15.14226,2.1673422
ddc_dzo_07870,labeled,Romeo,4.0379725,-0.70172316,-0.29220408,14.347654,0.13986634,10.993239
ddc_dzo_07873,labeled,Romeo,3.1282506,-0.30420783,-0.014941587,12.760664,1.8169407,8.599777
ddc_dzo_07846,labeled,Namgay,-2.4166236,1.9334041,-13.052198,0.5678978,12.671743,6.036879
ddc_dzo_07858,labeled,Romeo,4.151164,-0.001086183,-0.3545741,16.760246,1.522203,4.8924866
ddc_dzo_07869,labeled,Romeo,0.7466047,-1.0235984,0.6484168,16.529236,2.018679,5.341496
ddc_dzo_00724,labeled,Romeo,3.8835282,-0.56773174,0.033827245,13.193055,2.054698,7.792532
ddc_dzo_07890,labeled,Romeo,3.134556,-0.10237408,-0.5175689,13.011371,-0.4269186,9.281976
ddc_dzo_07894,labeled,Romeo,4.445872,-0.83247334,-0.019480642,13.013916,1.2632755,8.891702
ddc_dzo_07882,labeled,Namgay,-2.7002318,2.0042958,-12.380676,3.578443,7.023086,16.9656
ddc_dzo_07888,labeled,Romeo,2.9677691,-1.6451073,-0.07618017,12.626903,1.7302195,8.959075
ddc_dzo_07886,labeled,Romeo,3.3537881,-2.40135,0.2979363,12.838769,0.02165116,8.595933
ddc_dzo_07883,labeled,Thinley,-11.546495,-3.0997455,2.043637,-0.5493372,-1.7262976,2.630714
ddc_dzo_07896,labeled,Dorji,-5.301259,10.56069,1.6104351,6.923269,15.192486,1.9550838
ddc_dzo_07900,labeled,Romeo,1.4196811,-2.7134469,0.49232715,13.523625,2.01284,8.226419
ddc_dzo_07892,labeled,Romeo,1.9923857,-0.69041765,-0.455903,15.440762,-0.55689913,4.523966
ddc_dzo_07898,labeled,Romeo,2.192864,-0.5658924,-1.1703395,15.39362,-0.3914064,4.637622
ddc_dzo_07908,labeled,Nima,-4.7584066,1.5971742,-2.280412,9.287044,2.4540274,1.5029751
ddc_dzo_07884,labeled,Thinley,-10.566207,-3.5299857,0.61777514,-1.1622624,-1.861756,2.1952398
ddc_dzo_07893,labeled,Dorji,-5.228306,9.825795,-0.029408526,6.9398856,15.017675,2.5057085
ddc_dzo_07906,labeled,Thinley,-10.916314,-2.9399436,1.4416881,-1.0240731,-1.8528055,1.3363483
ddc_dzo_07910,labeled,Romeo,3.7765586,-2.1768897,0.628879,16.232073,1.9979607,5.245949
ddc_dzo_07902,labeled,Romeo,3.7770822,-0.25580966,-0.0048159794,13.601522,2.2901063,7.7936106
ddc_dzo_07901,labeled,Romeo,3.2830722,0.20391864,0.45965898,15.718383,1.8757758,6.258815
ddc_dzo_07370,labeled,Romeo,3.2211316,-0.5173782,-0.08408402,16.147047,-0.076787375,4.800163
ddc_dzo_07936,labeled,Romeo,3.671505,-0.90520436,1.4386191,17.018402,1.2230439,5.309544
ddc_dzo_07938,labeled,Thinley,-9.963982,-3.7547889,-0.2838883,-0.62957066,-1.7372086,1.8896054
ddc_dzo_07941,labeled,Namgay,-1.303407,2.0344055,-9.897539,0.5506334,12.196592,5.8328376
ddc_dzo_07949,labeled,Dorji,-3.457502,8.703042,2.9077988,6.8682017,15.87246,2.4650884
ddc_dzo_07916,labeled,Romeo,4.33603,-0.95915073,-0.5413162,13.353039,1.5185804,8.05245
ddc_dzo_07945,labeled,Romeo,2.4818146,-1.0218093,-0.2396789,15.304338,-0.41678116,5.5833545
ddc_dzo_07931,labeled,Thinley,-10.861519,-1.0013475,-0.03580921,-0.949776,-2.4248402,1.1168762
ddc_dzo_07943,labeled,Thinley,-12.02926,-3.5685363,-1.3988228,-1.4128301,-2.2377112,2.2941043
ddc_dzo_07918,labeled,Thinley,-11.075775,-0.20684761,0.5993334,-1.1335486,-1.9878339,1.91183
ddc_dzo_07981,labeled,Romeo,3.5943265,-1.5751762,0.44071424,13.431637,-0.09170621,8.27501
ddc_dzo_07956,labeled,Romeo,3.213296,-0.58261186,-0.08650522,15.071945,-0.4870721,5.550654
ddc_dzo_09923,labeled,Romeo,2.1067462,-0.3452574,1.0878018,15.583687,-0.33187252,5.237592
ddc_dzo_07952,labeled,Romeo,3.2447186,-0.8368596,0.25024092,17.344278,1.4433432,5.039353
ddc_dzo_07970,labeled,Romeo,3.7480009,-0.80831534,0.96055526,16.551228,1.5797534,6.160607
ddc_dzo_07982,labeled,Romeo,2.741594,-1.6748555,-1.1489644,12.767508,-0.44045654,8.432669
ddc_dzo_07960,labeled,Romeo,4.6578946,-1.2194656,-0.22993241,12.47569,1.3229809,9.044125
ddc_dzo_07959,labeled,Romeo,2.4223332,-1.3737907,-2.2736948,13.331769,1.6486679,7.9022527
ddc_dzo_07966,labeled,Romeo,2.5160654,-2.5506904,0.04372252,15.746936,-0.683054,5.2985954
ddc_dzo_07965,labeled,Romeo,4.201599,-1.7743071,-0.57845235,13.264238,0.12337576,8.654816
ddc_dzo_07961,labeled,Dorji,-5.2200637,10.038104,-0.7112927,6.9528837,15.319235,1.9168625
ddc_dzo_07973,labeled,Romeo,4.5166483,-2.1711814,-0.48465928,16.808601,1.4917959,5.7941227
ddc_dzo_07974,labeled,Romeo,2.478796,-1.4046025,0.705065,13.091581,2.1316745,8.093844
ddc_dzo_07957,labeled,Dorji,-2.3721175,11.186812,1.177443,6.6891537,15.314085,2.5303843
ddc_dzo_07958,labeled,Romeo,4.8724117,-0.19078523,0.75759774,13.7876,1.219368,9.587885
ddc_dzo_07978,labeled,Romeo,1.0634705,-0.49917427,1.8884526,17.261467,1.3103272,5.130099
ddc_dzo_07980,labeled,Romeo,3.157805,-0.5430982,1.3376431,13.108713,-0.3409951,8.688077
ddc_dzo_07977,labeled,Romeo,2.6857724,0.2827786,0.74371725,13.206239,-0.5603131,8.966986
ddc_dzo_07999,labeled,Romeo,2.3010695,-0.97452843,0.46591753,17.155651,0.7935925,5.140304
ddc_dzo_07992,labeled,Dorji,-2.8450615,11.746442,1.2494744,6.657205,14.649243,2.2055337
ddc_dzo_02552,labeled,Romeo,3.0608156,-1.0018134,0.7066402,13.120729,1.9106493,7.670693
ddc_dzo_08013,labeled,Romeo,3.8946955,-0.3825135,1.7275716,12.985979,2.0336082,7.91181
ddc_dzo_08006,labeled,Romeo,2.5654368,-0.5644452,-0.23055562,12.760611,-0.6068351,9.243098
ddc_dzo_07987,labeled,Romeo,2.958543,0.5307158,0.8393351,17.262236,0.7606887,4.782413
ddc_dzo_08018,labeled,Romeo,3.4846947,-0.26892337,1.4522313,16.441208,1.4106381,4.93188
ddc_dzo_08016,labeled,Dorji,-3.8645542,8.833572,2.114399,6.8351603,16.072292,2.0504365
ddc_dzo_08010,labeled,Romeo,4.6251664,-0.14521505,0.2877054,16.805328,1.465262,6.2692685
ddc_dzo_08002,labeled,Romeo,2.9161248,-1.7735211,0.5696078,13.887858,1.7101293,7.894189
ddc_dzo_07989,labeled,Romeo,3.9148028,-0.7964098,1.0329934,12.470937,1.441024,8.751762
ddc_dzo_08008,labeled,Romeo,3.2848547,-0.86065876,-0.47970968,16.858091,1.2946223,4.9210644
ddc_dzo_07996,labeled,Romeo,2.8324876,-0.8329534,-0.83534735,13.783282,1.2503992,9.622049
ddc_dzo_08011,labeled,Romeo,3.966254,-2.065402,1.1612281,12.58315,1.677022,8.834203
ddc_dzo_08014,labeled,Romeo,1.8111831,-1.9777801,0.5161324,17.414545,0.95610887,4.927775
ddc_dzo_08004,labeled,Romeo,3.4493718,-0.8558879,-0.110718355,13.3036995,2.0488436,8.091092
ddc_dzo_07991,labeled,Romeo,3.3993948,-0.59135914,0.13472019,13.258799,-0.71957135,8.839366
ddc_dzo_08040,labeled,Dorji,-3.335149,9.251301,0.6480311,6.969245,15.288656,2.0008795
ddc_dzo_07459,labeled,Romeo,3.7759082,-1.0149082,-1.2904698,13.181166,1.8946615,7.683601
ddc_dzo_08025,labeled,Romeo,2.9371629,0.22802961,-0.12979035,16.97378,0.5225634,4.899054
ddc_dzo_08047,labeled,Dorji,-4.216342,9.644641,1.099981,7.0075297,15.386639,2.51152
ddc_dzo_08026,labeled,Romeo,4.5318294,-1.7926792,0.66923875,15.640592,0.1400951,5.6717834
ddc_dzo_08037,labeled,Romeo,2.307933,-1.5332792,-0.5107845,17.124165,1.1272469,4.8820944
ddc_dzo_08024,labeled,Thinley,-9.274742,-4.476862,2.0152633,-1.2218008,-2.38969,2.1266155
ddc_dzo_08053,labeled,Thinley,-11.112225,-2.9585679,0.34419584,-1.2292459,-1.6852677,2.5351756
ddc_dzo_08022,labeled,Romeo,2.437006,-0.47310555,1.6503701,15.3005295,-0.5258868,5.4066477
ddc_dzo_08031,labeled,Romeo,3.285354,0.5284775,0.32544413,17.483622,1.047098,5.218194
ddc_dzo_08029,labeled,Romeo,3.547958,-0.6699837,-0.16654867,12.729459,1.3116943,9.013804
ddc_dzo_08032,labeled,Romeo,3.4373991,-1.8534793,-0.9922803,13.398399,1.3452692,8.768756
ddc_dzo_08041,labeled,Dorji,-4.4259005,10.808476,1.6866459,6.925823,15.204668,2.3603528
ddc_dzo_08021,labeled,Romeo,3.945386,-1.1941457,0.20441741,13.225195,1.6536804,9.16748
ddc_dzo_08050,labeled,Romeo,3.927364,0.19336236,-0.43648747,13.531314,1.8220725,9.261239
ddc_dzo_08034,labeled,Romeo,3.0838823,-1.6588384,0.64720863,12.721461,1.765551,8.0047455
ddc_dzo_08045,labeled,Romeo,2.9282362,-1.6702974,0.50530624,13.318233,1.7139874,9.070355
ddc_dzo_08046,labeled,Romeo,2.4477465,-0.6890494,0.97861356,16.03,1.4064853,5.963534
ddc_dzo_08028,labeled,Romeo,4.0022984,-0.41782284,-1.0562409,13.290073,-0.27522343,8.919985
ddc_dzo_08000,labeled,Romeo,2.3236356,0.35125083,0.431939,13.581031,1.8622279,7.607177
ddc_dzo_01144,labeled,Romeo,3.5423584,-0.7290449,0.6119407,12.919392,1.7464519,7.875815
ddc_dzo_08061,labeled,Romeo,2.9469056,-0.42033365,-0.623018,13.016567,1.6819574,9.115939
ddc_dzo_08088,labeled,Romeo,4.189558,-1.16968,0.9821449,15.270439,-0.7185604,4.77038
ddc_dzo_08058,labeled,Romeo,3.3074474,0.20073076,0.06541397,13.127609,-0.23523183,7.7056236
ddc_dzo_08075,labeled,Thinley,-10.788837,-2.8538387,2.9672103,-0.6451975,-2.1592538,1.8877468
ddc_dzo_08056,labeled,Romeo,1.4817805,-2.097256,-0.47862226,12.677712,1.6680815,8.392121
ddc_dzo_08080,labeled,Namgay,-0.20811373,1.110422,-11.040213,3.519256,6.4368124,17.370962
ddc_dzo_08085,labeled,Romeo,2.2268803,0.11672232,0.18301529,13.164901,2.2718058,7.909552
ddc_dzo_08077,labeled,Romeo,2.1713972,-2.9806824,-0.7862111,15.691348,-0.49286795,4.797982
ddc_dzo_08084,labeled,Romeo,2.058178,-1.2884829,0.27790114,15.796262,-0.43218538,4.5592146
ddc_dzo_08086,labeled,Romeo,1.8615277,-2.7027133,1.2308996,16.670519,1.7365755,5.247994
ddc_dzo_08065,labeled,Romeo,3.645206,-1.932065,-0.18943879,13.811052,-0.19433147,10.027809
ddc_dzo_08087,labeled,Namgay,-3.3248668,2.8339853,-10.935893,0.5600326,11.79146,6.2699747
ddc_dzo_08060,labeled,Romeo,1.9260656,-0.9364906,1.6274776,12.8716755,-0.0026162078,9.329326
ddc_dzo_08079,labeled,Thinley,-11.001155,-4.19846,1.3390902,-1.0183793,-1.6482682,2.2351704
ddc_dzo_08066,labeled,Romeo,1.4392962,-1.0183352,-2.6245086,15.539986,1.9372708,5.924415
ddc_dzo_08072,labeled,Romeo,3.5292025,-0.37897885,-0.38663936,15.5784645,1.9119984,5.7300096
ddc_dzo_08089,labeled,Romeo,3.223242,-1.9341326,0.14942835,13.465068,-0.7014419,8.6509
ddc_dzo_08093,labeled,Romeo,1.8649466,-0.8486238,0.621883,17.676939,1.8757654,5.011536
ddc_dzo_01102,labeled,Romeo,3.718642,-1.6188635,-0.49311775,12.918583,1.9167559,7.6419835
ddc_dzo_08106,labeled,Romeo,3.337165,1.5362171,-0.08062881,15.769758,-0.67778647,4.904193
ddc_dzo_08116,labeled,Romeo,2.92945,-0.83667487,-0.44659385,15.863548,-0.5610099,4.998418
ddc_dzo_08109,labeled,Thinley,-9.295019,-3.2148254,-1.0652667,-0.28532258,-1.7726026,2.4938636
ddc_dzo_08120,labeled,Thinley,-11.360288,-1.7697214,1.3728728,-1.0678661,-1.9553798,1.8539326
ddc_dzo_08098,labeled,Thinley,-9.941023,-2.2933826,1.8368957,-1.2154968,-2.1345105,1.0048888
ddc_dzo_08108,labeled,Romeo,2.9718378,-1.6256287,0.40661892,13.90175,1.7847334,8.680828
ddc_dzo_08123,labeled,Romeo,3.3079877,-2.4240806,0.6912839,16.430008,1.0649219,4.456695
ddc_dzo_08105,labeled,Romeo,2.4362621,-1.921152,1.3307427,12.4459915,1.7667543,8.180961
ddc_dzo_08110,labeled,Romeo,3.0398402,-1.7087778,0.12321697,12.868565,-0.79039884,8.771826
ddc_dzo_08115,labeled,Romeo,1.092597,-0.21489415,0.6245413,16.80988,1.6697873,4.809773
ddc_dzo_08100,labeled,Dorji,-3.2237897,11.730865,1.6415814,6.972826,15.510518,2.0871725
ddc_dzo_08112,labeled,Romeo,3.769237,-1.7898866,1.3054868,13.327996,1.4285319,8.826276
ddc_dzo_08200,labeled,Romeo,3.6955056,-0.16662577,-0.15837096,13.088763,-0.264062,8.410972
ddc_dzo_08101,labeled,Romeo,2.745406,-1.0123881,1.296947,13.512847,0.14632912,8.192236
ddc_dzo_08138,labeled,Romeo,3.727642,-1.9348261,-0.86845136,12.953224,1.0046824,8.7597685
ddc_dzo_09871,labeled,Romeo,2.54153,0.62194526,-0.463547,15.4249115,-0.69731784,4.9040766
ddc_dzo_08155,labeled,Romeo,3.9079037,0.14821346,-0.16506572,14.123363,0.1148136,10.606663
ddc_dzo_08149,labeled,Romeo,0.66264945,-1.9305393,-0.07146823,13.363894,-0.8856249,8.681992
ddc_dzo_08150,labeled,Romeo,2.8842077,-0.92671156,-0.15166907,16.447842,1.2045923,4.7533317
ddc_dzo_08145,labeled,Thinley,-8.74256,-3.6710656,-0.8358189,-0.43069205,-1.6321213,2.5630298
ddc_dzo_08129,labeled,Romeo,2.3184674,-1.8397889,0.3816508,17.105139,1.1929833,5.8439717
ddc_dzo_08158,labeled,Namgay,-1.0458183,1.8859636,-13.032215,3.4718273,6.5295086,17.288294
ddc_dzo_08148,labeled,Namgay,-3.242386,0.4294984,-8.545182,3.5952399,6.382943,17.434494
ddc_dzo_08140,labeled,Romeo,1.5564915,-0.52218634,0.27732286,12.8192215,-0.45984203,7.904109
ddc_dzo_08139,labeled,Thinley,-9.041285,-1.696938,1.5634279,-0.82305264,-1.6458815,2.376557
ddc_dzo_08128,labeled,Thinley,-11.588596,-3.5975199,-0.9955224,-1.0180378,-1.7626864,1.7114208
ddc_dzo_08125,labeled,Thinley,-9.583921,-2.0660641,0.9744171,-1.0177969,-1.8312535,2.3166747
ddc_dzo_08160,labeled,Dorji,-3.2952876,10.538815,1.2433953,6.7325535,15.687313,2.1466131
ddc_dzo_08142,labeled,Romeo,2.1686435,-1.1249212,1.6784997,17.272612,1.7100209,5.0687556
ddc_dzo_08153,labeled,Romeo,2.6345017,0.7667509,-0.45646322,14.010518,1.2199128,7.636682
ddc_dzo_08135,labeled,Romeo,1.842062,-0.9915057,0.8431692,15.509133,-0.4808111,4.53137
ddc_dzo_08143,labeled,Romeo,3.153964,-0.9133098,-1.2031444,13.434604,-0.13657536,8.213064
ddc_dzo_08180,labeled,Romeo,3.5844295,-1.878754,-0.16796297,17.108004,0.92876977,5.2806554
ddc_dzo_08190,labeled,Romeo,2.7356467,-0.35809463,1.0759457,13.233677,-0.81532586,8.305167
ddc_dzo_08197,labeled,Romeo,2.9213877,-1.6728433,0.37511876,16.63563,1.1377407,5.804493
ddc_dzo_08185,labeled,Romeo,4.2293334,-1.9634744,0.36856258,13.613385,1.3561898,8.609751
ddc_dzo_08177,labeled,Romeo,1.4338303,2.409699,1.6037844,16.60338,1.0279785,5.263856
ddc_dzo_08199,labeled,Romeo,4.450618,-0.18281084,1.5204216,15.746212,-0.34099385,5.2838073
ddc_dzo_08181,labeled,Romeo,2.9706397,0.088408515,1.2340081,12.878881,-0.85566276,7.900358
ddc_dzo_08167,labeled,Romeo,5.086201,-0.86812335,0.7440197,16.825947,1.4099444,6.2462645
ddc_dzo_08164,labeled,Romeo,3.0266871,-1.0316558,0.5365604,16.425089,1.7890558,6.046708
ddc_dzo_08194,labeled,Romeo,2.7262821,0.5865881,0.26030374,13.159913,-0.26639536,8.813721
ddc_dzo_08188,labeled,Romeo,3.2435093,-1.3619447,-0.39047736,12.921436,0.10149711,8.21872
ddc_dzo_08192,labeled,Romeo,2.7758453,-0.5281225,0.22682984,15.81958,-0.7961212,4.578642
ddc_dzo_08163,labeled,Romeo,3.8327873,-0.66043144,1.2365205,16.23626,0.50533694,4.619879
ddc_dzo_08165,labeled,Romeo,3.0341532,-1.3367958,1.2372063,17.47299,1.3221402,5.6594157
ddc_dzo_09285,labeled,Thinley,-11.07662,-4.051292,1.8335749,-1.1053867,-1.6414052,2.486125
ddc_dzo_08182,labeled,Romeo,3.7228267,-0.5436841,-0.6837715,12.713624,1.6478815,9.157658
ddc_dzo_08175,labeled,Romeo,2.1491978,-0.64580375,-1.911476,13.545444,1.7545129,9.228205
ddc_dzo_08179,labeled,Romeo,3.7438388,-0.65840745,-1.9239767,15.682548,1.8722951,6.2800274
ddc_dzo_08202,labeled,Romeo,2.7996137,-0.9611421,0.7512271,13.098237,1.9018904,7.6767526
ddc_dzo_05268,labeled,Romeo,3.185156,-0.9662135,-0.456572,13.01174,1.6235143,8.071771
ddc_dzo_08208,labeled,Romeo,1.8682276,-1.9018456,0.70573896,15.293463,-0.72275144,5.516123
ddc_dzo_08203,labeled,Romeo,2.954674,-2.31892,1.241969,15.287276,-0.90147877,5.9531155
ddc_dzo_08220,labeled,Romeo,0.44181004,-1.4026324,1.667778,15.817127,-0.9509526,5.1805553
ddc_dzo_08221,labeled,Romeo,1.783639,-0.5087488,1.3086243,15.849078,-0.8036,4.553563
ddc_dzo_08240,labeled,Namgay,-2.717911,0.02762035,-6.300719,4.0175943,8.107351,9.294555
ddc_dzo_08218,labeled,Thinley,-9.907765,-3.4771328,1.0374752,-0.34000137,-1.9074622,2.5672557
ddc_dzo_08229,labeled,Namgay,-1.8482628,0.069482155,-9.666893,0.56659704,11.753909,6.3099055
ddc_dzo_08227,labeled,Romeo,1.8147573,-0.78076935,0.21746293,13.590522,1.1691341,8.669151
ddc_dzo_08234,labeled,Nima,-1.3744692,-0.2387664,-5.0719514,9.312048,2.4831753,1.5580128
ddc_dzo_08224,labeled,Romeo,3.042466,-0.33385164,-0.5228003,16.365332,1.7687517,5.8249893
ddc_dzo_08213,labeled,Thinley,-9.80778,-3.744395,0.6736813,-0.8465938,-2.165286,1.4643109
ddc_dzo_08238,labeled,Thinley,-9.29185,-1.5402741,0.9865067,-0.89560837,-1.544205,1.9462293
ddc_dzo_08222,labeled,Dorji,-0.30862167,7.6289034,0.46947277,6.921162,15.7105255,2.5335684
ddc_dzo_08233,labeled,Romeo,2.5152643,-1.6170869,1.9772638,13.860244,-0.4816143,7.778477
ddc_dzo_08241,labeled,Romeo,1.0754606,1.1734136,0.39457557,15.997235,-0.34652758,4.4997334
ddc_dzo_08276,labeled,Romeo,2.1307116,-1.3999231,0.31449884,13.0459175,2.1014528,7.8305774
ddc_dzo_08267,labeled,Romeo,4.0682545,-1.0118175,0.41981077,16.467253,1.6689268,4.850426
ddc_dzo_08278,labeled,Romeo,0.74407965,-0.61551607,-0.44364518,17.216,0.6403417,5.2195563
ddc_dzo_08243,labeled,Romeo,0.5290962,2.7114854,-0.26230147,14.169761,0.17225188,10.663776
ddc_dzo_08279,labeled,Romeo,3.0450795,-0.9530661,0.13790882,15.818555,-0.6981547,4.6566434
ddc_dzo_08256,labeled,Romeo,1.5146315,-0.77932477,0.5703242,16.957575,1.3019542,4.6674986
ddc_dzo_08248,labeled,Romeo,2.5879767,-0.6104718,-0.9609471,12.620693,1.7829255,9.0144205
ddc_dzo_08255,labeled,Namgay,-2.8071241,3.6781313,-12.579668,3.5495825,6.440995,17.375206
ddc_dzo_08251,labeled,Romeo,4.227341,-1.2348685,-0.15312015,12.999864,-0.62058645,8.500245
ddc_dzo_08247,labeled,Thinley,-7.0028644,-3.7171054,1.5084969,-1.2592407,-2.035844,1.3770598
ddc_dzo_08260,labeled,Romeo,1.4578862,0.11164949,-0.52056426,17.589127,1.2011335,5.2608695
ddc_dzo_08262,labeled,Romeo,2.621148,-0.5350747,0.35738912,12.684526,-0.58623356,8.629533
ddc_dzo_08257,labeled,Romeo,5.379855,-1.0087228,-1.0501568,14.165325,0.05696601,10.5873
ddc_dzo_08258,labeled,Thinley,-11.393687,-3.120181,2.129058,-0.4436695,-2.0134594,2.4627936
ddc_dzo_08270,labeled,Dorji,-2.659158,8.559062,2.0045602,6.8312874,16.019194,2.2970862
ddc_dzo_08259,labeled,Dorji,-3.8685005,10.665313,1.8267726,6.8592544,15.263705,2.5366137
ddc_dzo_08252,labeled,Thinley,-11.454726,-2.6244583,1.9517179,-1.0203544,-1.8628051,1.2572914
ddc_dzo_08271,labeled,Romeo,1.6920023,-1.0685824,-0.38252655,13.67297,2.2099915,7.9221673
ddc_dzo_08273,labeled,Romeo,2.8848321,-1.2527496,-0.55891585,16.043524,1.8986752,6.205758
ddc_dzo_08281,labeled,Romeo,3.0661912,-1.2279024,-1.602541,16.839006,1.7620882,5.9014034
ddc_dzo_08311,labeled,Romeo,1.8734615,-0.22972548,-0.10434704,17.152435,0.8009305,5.457376
ddc_dzo_08295,labeled,Romeo,4.5663533,-0.5850131,-0.22148342,13.787603,1.2087172,8.673955
ddc_dzo_08310,labeled,Romeo,2.663275,-1.56724,0.62659,15.935963,-0.044363864,4.8984513
ddc_dzo_08308,labeled,Romeo,4.0530653,-1.0645497,0.74685454,15.7594385,-0.7882154,4.5975137
ddc_dzo_08289,labeled,Romeo,3.1813219,-1.0560226,-0.053192813,13.197529,2.133373,8.488817
ddc_dzo_08313,labeled,Romeo,3.3181522,-1.9879584,-0.9504837,12.887946,-0.82775795,8.245317
ddc_dzo_08283,labeled,Romeo,0.9344323,1.3247167,-0.4624643,13.146665,-0.20581622,8.948538
ddc_dzo_08291,labeled,Romeo,2.4037437,-0.23058034,0.6325451,16.91383,1.9702438,4.9702263
ddc_dzo_08290,labeled,Romeo,4.8732758,-0.91013265,0.6703258,17.572475,1.3144176,5.446951
ddc_dzo_08284,labeled,Romeo,3.7785816,-1.8522741,0.34434587,13.1064205,2.2611396,8.711648
ddc_dzo_08303,labeled,Romeo,3.6011665,-1.6290392,-0.66556805,12.570333,1.374755,9.079496
ddc_dzo_08301,labeled,Romeo,3.710301,-0.5826524,-0.86805385,17.295198,1.2989355,5.526914
ddc_dzo_08294,labeled,Thinley,-10.535235,-2.3568587,0.9393879,-0.79101765,-1.6851641,2.367381
ddc_dzo_08315,labeled,Dorji,-3.415596,10.749728,0.776679,6.906244,15.31352,2.6437728
ddc_dzo_08309,labeled,Romeo,3.6499403,-0.6334505,1.4170176,13.35711,1.6200194,8.811219
ddc_dzo_08292,labeled,Romeo,1.8585533,-1.8792633,1.075268,13.179034,-0.5746191,8.840583
ddc_dzo_08300,labeled,Romeo,4.0735025,-1.4670664,0.54654515,13.302153,-0.14122838,8.346251
ddc_dzo_08345,labeled,Romeo,2.4359531,-0.27134055,-0.09290012,13.214422,1.0881562,7.9007006
ddc_dzo_08351,labeled,Romeo,2.211241,-1.624945,1.1670672,17.158047,0.7788931,4.8867803
ddc_dzo_08325,labeled,Romeo,4.5244226,-1.3097632,1.4029398,12.915963,-0.48203978,8.953401
ddc_dzo_08320,labeled,Romeo,2.6844637,0.5231474,0.7907463,12.704441,-0.4655738,9.441561
ddc_dzo_08352,labeled,Thinley,-11.918365,-3.25113,1.3666754,-0.6413478,-2.04162,1.6212475
ddc_dzo_09621,labeled,Thinley,-8.545861,-2.951295,-0.17488104,-1.4286522,-2.1792297,1.0582744
ddc_dzo_08343,labeled,Romeo,3.947987,-1.3155826,-0.59903,12.880575,0.94990605,8.9778
ddc_dzo_08336,labeled,Romeo,3.3625176,0.21350126,-0.8272739,13.152384,-0.73691314,9.013148
ddc_dzo_08319,labeled,Romeo,3.4005613,-0.86765456,0.4133898,12.997086,2.058235,9.041145
ddc_dzo_08344,labeled,Thinley,-10.338612,-2.9991572,0.047967453,-1.4968265,-1.8544471,1.664734
ddc_dzo_08338,labeled,Romeo,3.7724206,-1.3477684,1.1688325,15.474706,-0.41426826,4.4210153
ddc_dzo_08333,labeled,Romeo,2.953076,-1.2932322,1.4257826,16.554249,1.7762212,5.5723267
ddc_dzo_08339,labeled,Thinley,-11.169392,-4.446618,-0.5605403,-1.3243408,-2.2549415,1.7911165
ddc_dzo_08316,labeled,Romeo,2.3246386,-0.08234422,1.1888338,14.015019,1.7937539,8.495883
ddc_dzo_08329,labeled,Romeo,4.3394756,-1.9414147,0.40557292,17.067404,1.9572529,5.679496
ddc_dzo_02835,labeled,Romeo,2.450492,-2.0412877,-2.80164,13.180445,1.4757253,8.019072
ddc_dzo_08372,labeled,Romeo,2.2835176,0.27996,-0.73204005,15.958168,-0.5364565,4.5977507
ddc_dzo_08390,labeled,Romeo,3.4865193,-2.4118764,0.476202,15.818316,-0.76176935,5.028772
ddc_dzo_08377,labeled,Romeo,2.550995,-2.0601718,0.7394106,13.500325,1.8261329,8.57212
ddc_dzo_08358,labeled,Romeo,2.7566233,-0.840275,-0.8585298,13.325583,-0.5692575,8.848537
ddc_dzo_08371,labeled,Romeo,3.2527153,-2.4050603,-0.5972483,13.230535,2.0991054,8.91353
ddc_dzo_08363,labeled,Romeo,2.8898606,-1.7153523,0.3884523,12.856831,-0.14395748,8.515982
ddc_dzo_08355,labeled,Romeo,2.3197014,0.674649,0.7321734,13.004609,1.8835611,8.653693
ddc_dzo_08365,labeled,Romeo,2.4445117,0.2147956,-0.106620245,16.39622,1.5860411,5.344845
ddc_dzo_08391,labeled,Thinley,-10.423799,-2.4680023,1.842059,-1.297794,-1.8926661,1.0399961
ddc_dzo_08385,labeled,Romeo,2.3013039,-2.50146,0.097796075,16.035334,0.019297702,4.6730313
ddc_dzo_08387,labeled,Romeo,0.45658827,0.6628463,-1.6004978,14.577343,0.23732752,11.563445
ddc_dzo_08380,labeled,Namgay,-2.88816,2.0695171,-10.541379,0.55636805,12.200471,5.8258476
ddc_dzo_08376,labeled,Thinley,-8.29337,-1.7704904,0.22919092,-1.1304137,-1.4528004,2.4491737
ddc_dzo_08370,labeled,Dorji,-0.6900882,8.497783,1.2363818,6.841738,15.979376,2.3590968
ddc_dzo_08389,labeled,Romeo,3.059343,-0.39742658,1.198839,13.447753,1.87555,9.337153
ddc_dzo_08388,labeled,Romeo,4.5497055,-1.8428755,0.25023735,15.638766,1.8043778,5.848745
ddc_dzo_08383,labeled,Romeo,3.3362803,-0.9955988,0.5955061,13.284125,-0.6997927,8.867515
ddc_dzo_08374,labeled,Romeo,2.702956,-1.9751339,0.23333722,12.920304,-0.31110814,7.976392
ddc_dzo_08417,labeled,Romeo,1.1757673,-0.3503341,0.48548245,12.65717,-0.47165447,9.34295
ddc_dzo_08413,labeled,Romeo,2.972037,-1.5757844,1.1291162,15.314303,-0.69261956,4.670198
ddc_dzo_08430,labeled,Romeo,3.1124218,0.50056857,-0.20074223,17.607346,1.3186086,5.8844786
ddc_dzo_08428,labeled,Romeo,3.629905,-1.8876016,0.4942357,13.940099,-0.022301406,10.308396
ddc_dzo_08402,labeled,Romeo,3.3660407,0.5279369,-0.3891645,14.063216,0.0775746,10.5476265
ddc_dzo_08408,labeled,Romeo,2.2926328,-0.5546856,0.027147815,13.127469,-0.60502553,8.7504635
ddc_dzo_08409,labeled,Romeo,2.5951054,1.1465826,-2.805313,14.505554,0.23565185,11.280616
ddc_dzo_08424,labeled,Romeo,2.1104224,-0.09685333,0.43003222,16.86799,1.3726405,5.8157578
ddc_dzo_08414,labeled,Dorji,-4.1878586,8.512042,1.1276704,6.8015456,14.959809,2.2515697
ddc_dzo_08420,labeled,Thinley,-10.248385,-2.3172348,2.5156043,-1.5994784,-2.1754436,1.2359437
ddc_dzo_08395,labeled,Romeo,4.107647,0.6228467,0.8434368,12.685821,-0.7903834,7.8008633
ddc_dzo_08425,labeled,Romeo,1.9034002,0.6341942,-0.86246425,15.404271,-0.36216825,4.8013763
ddc_dzo_08396,labeled,Thinley,-8.883569,-3.0807774,-0.769499,-1.216892,-2.3803537,1.6553926
ddc_dzo_08406,labeled,Thinley,-9.846168,-3.617781,1.042599,-0.9805002,-1.8567181,2.107207
ddc_dzo_08392,labeled,Romeo,4.297144,-1.7780602,-0.3669852,16.848892,0.80592215,5.598141
ddc_dzo_08426,labeled,Romeo,2.6477678,-1.347191,0.43173584,13.333089,2.39716,7.866737
ddc_dzo_08394,labeled,Romeo,3.9271612,-0.64608884,0.8948461,16.38107,1.0526516,5.7670007
ddc_dzo_08393,labeled,Romeo,3.5245004,-1.0047433,-0.921763,16.724709,1.7266561,5.9048486
ddc_dzo_08412,labeled,Romeo,3.6175694,-0.9396525,1.1900805,13.218645,-0.72147703,8.41356
ddc_dzo_08461,labeled,Romeo,2.4197123,0.35120595,0.7017249,13.130656,2.3263872,7.8621387
ddc_dzo_03636,labeled,Romeo,4.727624,-1.1424298,0.23343492,13.114444,0.8145268,8.120682
ddc_dzo_08452,labeled,Romeo,1.2612237,-0.5167314,-0.3320802,16.80248,1.3587158,4.663913
ddc_dzo_08438,labeled,Romeo,2.630511,-1.0417863,-0.90217394,12.605576,-0.44560486,9.303657
ddc_dzo_08435,labeled,Romeo,3.0416675,1.5930098,-0.041363128,13.564614,-0.27871227,7.781261
ddc_dzo_08437,labeled,Romeo,3.1846166,-0.7507865,0.31042066,17.359026,1.4844544,4.957179
ddc_dzo_08447,labeled,Romeo,3.9936275,-1.987051,0.34564954,13.593189,-0.51804024,8.043523
ddc_dzo_08449,labeled,Romeo,1.7529125,-1.4302893,-1.847072,13.419419,1.6625413,8.93868
ddc_dzo_08441,labeled,Thinley,-10.441502,-1.6953582,0.53573817,-1.1156696,-2.5356455,1.2353156
ddc_dzo_08443,labeled,Romeo,2.988489,-1.7574362,-0.31088945,12.994545,-0.9266945,8.199406
ddc_dzo_08440,labeled,Thinley,-11.316741,-4.336996,0.98309684,-1.2457888,-2.4276733,0.99231774
ddc_dzo_08433,labeled,Romeo,2.7770898,-0.63179135,-1.0555497,13.483727,1.4603623,8.422742
ddc_dzo_08448,labeled,Romeo,4.0780725,-1.7080839,0.068551034,13.157327,-0.7631258,8.513664
ddc_dzo_08460,labeled,Romeo,3.2982056,2.8135743,1.0502702,15.578017,-0.8391484,4.5663543
ddc_dzo_08450,labeled,Romeo,2.629996,-0.4780016,0.87022614,13.246617,-0.12186436,8.252495
ddc_dzo_08497,labeled,Romeo,2.0744004,-0.28577456,-0.19610168,17.645962,1.9615538,5.0796814
ddc_dzo_08484,labeled,Dorji,-2.4211662,9.048493,1.2301266,6.941677,15.44351,2.2916524
ddc_dzo_08501,labeled,Romeo,2.6939175,0.36481717,0.6913773,17.12004,1.2401366,5.193323
ddc_dzo_08482,labeled,Thinley,-10.838169,-3.8714027,1.1345553,-0.32357505,-1.7900718,2.3760233
ddc_dzo_08500,labeled,Dorji,-4.22326,10.772617,1.0468221,7.0230303,15.3299885,2.3138855
ddc_dzo_08476,labeled,Dorji,-2.195379,12.877629,0.5957162,6.6905913,15.269415,2.7070127
ddc_dzo_08489,labeled,Dorji,-4.151664,11.120021,2.7479815,6.619564,15.130206,2.648977
ddc_dzo_08494,labeled,Dorji,-3.2844718,8.071635,0.19649705,6.796581,16.212399,1.9844236
ddc_dzo_08503,labeled,Romeo,3.4139426,-1.8881149,1.2439821,15.540169,-0.23741023,5.2728357
ddc_dzo_08496,labeled,Romeo,3.7184896,-1.1545224,0.83519,12.929149,1.9558171,9.103469
ddc_dzo_08480,labeled,Nima,-1.5252688,1.5077026,-0.9455418,9.294765,2.4520147,1.5233524
ddc_dzo_08479,labeled,Romeo,0.9211524,-0.6098612,-0.32032642,17.147198,1.4705671,5.595909
ddc_dzo_08474,labeled,Romeo,3.4522204,-0.04149133,0.58268857,13.677427,1.7899034,7.684056
ddc_dzo_08473,labeled,Romeo,3.2293973,0.029190803,-1.1286302,13.203036,2.1144626,8.136081
ddc_dzo_08524,labeled,Romeo,3.3992448,-0.31455728,-0.8372651,17.53157,0.9716571,5.6514754
ddc_dzo_08527,labeled,Romeo,2.8503218,-0.04884968,0.119275175,17.229097,1.0031624,4.9093904
ddc_dzo_08538,labeled,Romeo,0.98338217,-0.19699295,-1.3664243,15.848734,-0.02976772,5.0432653
ddc_dzo_08523,labeled,Thinley,-10.532474,-2.7621143,0.30282956,-0.6134314,-2.040293,2.4730842
ddc_dzo_08530,labeled,Romeo,3.5207772,-1.2520143,1.8111383,13.241691,1.397937,8.350439
ddc_dzo_08534,labeled,Thinley,-9.204191,-3.1560175,1.7717022,-0.89778197,-2.2019796,2.352523
ddc_dzo_08540,labeled,Romeo,4.4514117,-1.2003958,0.451943,15.585033,-0.38396496,4.8459473
ddc_dzo_08518,labeled,Romeo,2.6302114,0.42053998,-0.08305664,15.224311,-0.48023376,4.77618
ddc_dzo_08514,labeled,Romeo,2.7648053,-0.76788914,-0.018709999,16.327587,1.8561027,5.4463177
ddc_dzo_08535,labeled,Dorji,-3.7067842,9.0532055,1.6424294,6.6775136,14.959892,2.470513
ddc_dzo_08537,labeled,Thinley,-12.412769,-3.7980034,-0.5306352,-1.5157248,-2.4125469,1.5394082
ddc_dzo_08512,labeled,Romeo,3.2370546,-1.2116858,-0.10509408,13.664107,1.2602032,9.411062
ddc_dzo_08545,labeled,Romeo,3.3034952,-0.57432204,0.5280308,13.263108,2.263583,8.599912
ddc_dzo_08542,labeled,Romeo,2.760633,-0.6536091,1.0912902,17.4929,1.574499,5.083879
ddc_dzo_08536,labeled,Thinley,-10.285921,-3.1687324,0.873355,-1.2836717,-2.3386889,1.0327138
ddc_dzo_08539,labeled,Romeo,3.5712752,-0.7345932,-0.37588534,12.720279,-0.11423272,8.22848
ddc_dzo_08557,labeled,Romeo,2.8006153,-0.40634575,-0.032591306,17.456583,1.1910762,5.823338
ddc_dzo_08549,labeled,Romeo,1.9344472,0.12939931,-0.7327282,17.249432,0.88473284,4.832002
ddc_dzo_08566,labeled,Romeo,3.0944245,-1.4194833,1.3596953,12.672334,-0.45814338,8.926067
ddc_dzo_03151,labeled,Romeo,3.8452542,-1.3304061,0.6770849,15.786181,-0.77144706,4.5694785
ddc_dzo_08577,labeled,Romeo,1.8289791,-0.27364913,0.53582084,17.17944,1.4752617,5.194815
ddc_dzo_08551,labeled,Romeo,3.8941782,-0.8899147,-0.1279518,13.168086,2.4010425,8.523107
ddc_dzo_08567,labeled,Romeo,3.584136,1.1397724,-0.061487082,17.081001,0.95966905,4.835436
ddc_dzo_08578,labeled,Thinley,-11.095864,-1.1836962,0.148671,-0.6422959,-1.7828163,1.6995454
ddc_dzo_08560,labeled,Romeo,3.6121745,0.11255274,0.78588957,12.768342,1.4066695,8.554408
ddc_dzo_08582,labeled,Romeo,2.9089146,-0.8014007,0.18089066,17.246166,1.4089267,5.5851774
ddc_dzo_08583,labeled,Romeo,1.3081013,-2.915161,0.7326475,17.193508,1.0690359,5.2798023
ddc_dzo_08575,labeled,Romeo,4.0799003,0.19607638,1.8122153,15.542078,-0.09744741,4.7114725
ddc_dzo_08570,labeled,Romeo,2.9273405,-0.43492848,-0.11713775,12.96682,1.9543157,8.605172
ddc_dzo_08547,labeled,Romeo,1.6062709,0.26547778,-0.43584338,13.01898,2.2878828,8.994504
ddc_dzo_08569,labeled,Romeo,2.7010572,0.6730004,0.032541756,15.566264,1.7871338,6.14286
ddc_dzo_08576,labeled,Romeo,3.862586,-2.2311761,-1.8835396,16.5334,2.2496643,5.7510104
ddc_dzo_08581,labeled,Romeo,1.0153183,-1.1499457,-0.40277198,14.130252,0.029975178,10.658266
ddc_dzo_08550,labeled,Romeo,2.1743155,-0.70568144,-0.117457956,15.528657,-0.56413794,4.711134
ddc_dzo_08614,labeled,Romeo,3.7756894,-0.9006636,0.6456742,17.34177,0.9017224,5.7415366
ddc_dzo_08618,labeled,Romeo,2.6315284,-0.7800297,1.0045568,15.32842,-0.7777863,5.45479
ddc_dzo_08595,labeled,Thinley,-10.043295,-2.0909948,-0.71035033,-0.9115604,-1.9658903,2.4597635
ddc_dzo_08586,labeled,Romeo,3.0605206,0.7346274,0.04225293,13.062544,0.055702355,8.145615
ddc_dzo_08607,labeled,Romeo,0.8556683,-1.4939095,1.86096,14.082109,0.1213728,10.549425
ddc_dzo_08599,labeled,Romeo,2.9461565,-1.3564458,-0.076227196,12.368232,1.5084549,8.685541
ddc_dzo_08604,labeled,Dorji,-4.328587,10.780856,1.1428497,6.854575,15.720266,2.33932
ddc_dzo_08590,labeled,Romeo,3.5984113,-1.3628815,0.14836557,13.488834,1.9155625,9.144394
ddc_dzo_08623,labeled,Romeo,3.242526,-0.7775663,0.08788175,15.519982,1.8897176,6.0009065
ddc_dzo_08615,labeled,Namgay,-2.6219594,2.5946176,-9.960056,3.4823172,6.4495234,17.354229
ddc_dzo_08606,labeled,Thinley,-10.530666,-0.09561393,-0.478097,-1.6086508,-2.1038694,1.1416318
ddc_dzo_08611,labeled,Romeo,2.8602853,-1.5101619,0.1969235,15.318841,-0.3012026,5.5919514
ddc_dzo_08588,labeled,Romeo,3.2128186,-1.1223879,-0.71644235,17.638775,1.4033461,5.5696335
ddc_dzo_08585,labeled,Thinley,-8.347808,-4.1293464,-1.230304,-1.4036325,-2.2011678,2.289131
ddc_dzo_08610,labeled,Romeo,3.3264244,-2.0273843,-0.3731229,13.516632,-0.20837298,8.201735
ddc_dzo_08662,labeled,Romeo,2.294343,-0.1033057,0.5748459,16.918022,1.4896667,6.2023396
ddc_dzo_08647,labeled,Romeo,2.0858917,-1.9485307,-1.2931979,17.093485,0.72470915,5.2746987
ddc_dzo_07718,labeled,Thinley,-9.9471445,-5.1222377,1.3304075,-0.774252,-2.057294,1.4201772
ddc_dzo_08626,labeled,Romeo,3.6106615,0.9636205,0.6657418,12.809673,1.3062816,9.213953
ddc_dzo_08653,labeled,Romeo,1.363541,-0.47803637,-0.5977792,12.927723,-0.3890567,9.253793
ddc_dzo_08641,labeled,Romeo,2.596873,-0.9062241,0.7892597,15.746768,-0.010651514,5.455725
ddc_dzo_08638,labeled,Namgay,-1.615377,1.2130252,-10.030316,3.2351778,6.446177,17.299204
ddc_dzo_08633,labeled,Thinley,-11.788941,-4.9476085,0.60858136,-0.52902246,-2.1294675,2.4149175
ddc_dzo_08652,labeled,Romeo,2.1712546,-0.70531696,-0.34025878,16.954603,1.2509036,5.4419546
ddc_dzo_08649,labeled,Romeo,3.0894537,-0.83819383,-0.8790243,13.267854,1.2228067,8.650326
ddc_dzo_08657,labeled,Dorji,-3.7511632,9.644425,1.3327341,6.5850825,15.282393,2.172397
ddc_dzo_08634,labeled,Romeo,3.0928006,-0.28377518,1.1697183,17.095316,1.0424918,5.987388
ddc_dzo_08627,labeled,Romeo,3.593595,-1.2554568,2.5027337,17.092793,1.456244,5.4736147
ddc_dzo_08650,labeled,Romeo,4.133348,0.20767337,1.1548834,12.897412,1.3029299,9.085815
ddc_dzo_08663,labeled,Romeo,2.2694633,-0.66902107,-0.2565737,12.460878,1.5852785,9.098447
ddc_dzo_08659,labeled,Dorji,-3.440944,6.337065,1.2433835,6.6794896,15.0056,2.627951
ddc_dzo_08646,labeled,Thinley,-11.893642,-2.4052742,0.24855606,-0.9823545,-2.4713972,1.1418189
ddc_dzo_08636,labeled,Romeo,4.2160006,-0.08538041,0.31602582,15.79922,-0.808249,4.7871075
ddc_dzo_00614,labeled,Romeo,3.6560712,-1.4016732,-0.796745,13.0544405,1.909917,8.089473
ddc_dzo_08680,labeled,Romeo,4.201659,2.70568,0.057930574,15.302826,-1.0394754,5.1201344
ddc_dzo_08679,labeled,Romeo,2.3958483,-0.065216534,-0.34108904,13.830268,-0.492556,7.1402516
ddc_dzo_08677,labeled,Romeo,0.9479491,-0.86488086,0.1249306,17.452024,1.3095039,5.352616
ddc_dzo_08682,labeled,Romeo,3.4012818,-1.6807567,0.5174853,12.941885,-0.5419592,9.141007
ddc_dzo_08664,labeled,Romeo,3.3536754,-2.4507933,0.6304238,17.32437,1.022236,4.982661
ddc_dzo_08684,labeled,Thinley,-12.482068,-2.3301358,0.93865013,-0.86654323,-1.5182638,1.8369099
ddc_dzo_08678,labeled,Dorji,-4.8961854,12.9581585,2.1628423,6.7354326,15.09628,2.6517396
ddc_dzo_08686,labeled,Dorji,-4.4297514,11.059905,1.4127743,6.602722,15.233064,2.4116535
ddc_dzo_08672,labeled,Romeo,2.4986181,-1.8695371,0.95077735,12.632896,1.809976,8.288425
ddc_dzo_08670,labeled,Dorji,-4.5407367,13.087282,1.6560136,6.63733,15.405252,1.9328407
ddc_dzo_08668,labeled,Romeo,2.892778,-0.9849449,0.7133491,12.823662,1.5945206,8.04304
ddc_dzo_08675,labeled,Romeo,2.6899085,-0.22728881,-0.8568467,17.662945,1.2272645,5.5953465
ddc_dzo_08666,labeled,Romeo,2.9442286,0.9746424,-1.3201005,17.283434,0.76961696,5.578404
ddc_dzo_08692,labeled,Romeo,2.7529051,-0.04892422,1.0172979,15.627443,1.8760365,5.5703945
ddc_dzo_08667,labeled,Romeo,3.74343,-0.27131265,-0.629464,15.511778,2.137694,5.8728805
ddc_dzo_08734,labeled,Romeo,3.0203512,-1.0922985,1.3795972,13.472308,-0.055893913,8.183633
ddc_dzo_08727,labeled,Romeo,2.019451,-0.9335385,1.0460286,16.120726,1.0714793,6.301162
ddc_dzo_08726,labeled,Romeo,2.1564238,-0.8472914,0.22312094,17.173687,0.919634,5.5886283
ddc_dzo_04703,labeled,Romeo,3.325067,0.72234887,1.0129832,16.496721,1.0329337,5.365949
ddc_dzo_08709,labeled,Romeo,2.4859867,-0.57694185,0.85781,12.767646,-0.412555,9.378506
ddc_dzo_08729,labeled,Romeo,3.3440316,-0.91689694,0.62245595,15.751607,-0.6703651,5.3817816
ddc_dzo_08741,labeled,Romeo,3.961311,-1.0524127,0.12332458,14.278222,0.21943726,10.856344
ddc_dzo_08716,labeled,Romeo,4.068128,0.26042694,1.0527619,12.787958,2.1331687,8.278429
ddc_dzo_08704,labeled,Romeo,3.971541,-0.9343443,-2.8653553,16.486847,1.1725754,4.532659
ddc_dzo_08725,labeled,Romeo,3.8126338,-1.1406412,-0.7580796,15.573612,-0.24577737,5.2509365
ddc_dzo_08736,labeled,Romeo,3.524343,-0.8247084,1.2209997,17.116144,1.0786686,5.8026342
ddc_dzo_08735,labeled,Romeo,3.2040064,-0.19816744,-0.6259108,17.356787,1.5580984,5.9976645
ddc_dzo_08732,labeled,Thinley,-10.379497,-4.168916,1.6108965,-0.36729908,-1.9112288,2.5098119
ddc_dzo_08720,labeled,Romeo,2.4187286,-0.16641995,-0.9196722,16.53883,1.248553,1.2937621
ddc_dzo_08740,labeled,Romeo,2.5120487,-1.7828978,-0.08697886,13.5953045,1.8221987,9.051212
ddc_dzo_08719,labeled,Romeo,2.9745164,-0.090770684,0.017936703,14.11254,0.29437906,10.518875
ddc_dzo_08717,labeled,Romeo,3.2195158,0.23898666,-2.2270305,15.536542,1.9055426,6.0186524
ddc_dzo_08730,labeled,Romeo,2.7194028,-1.1701124,-0.17542572,15.3187685,-0.8696035,5.44176
ddc_dzo_08760,labeled,Romeo,2.6007454,-0.14207897,-0.6719097,16.409176,-0.0734091,4.5760827
ddc_dzo_08766,labeled,Romeo,2.355798,-0.861646,0.08705727,16.060991,-0.6295752,4.829579
ddc_dzo_08752,labeled,Romeo,2.4216084,0.56502306,0.24108055,13.029771,1.86061,9.104405
ddc_dzo_08776,labeled,Romeo,3.1159117,-1.323673,0.66622543,13.234041,-0.8169542,8.636295
ddc_dzo_08764,labeled,Thinley,-12.495907,-4.2084904,1.9207355,-0.778364,-1.8395697,2.519284
ddc_dzo_08744,labeled,Romeo,2.618523,-0.73060817,0.70443076,13.699421,1.1280862,9.295643
ddc_dzo_08743,labeled,Romeo,1.876297,0.7409887,-1.0865886,14.124181,1.5837868,7.5259595
ddc_dzo_08761,labeled,Romeo,3.1542633,0.4910174,1.4892584,16.936855,1.9307263,5.3210073
ddc_dzo_08768,labeled,Romeo,2.501169,1.0201393,0.09778264,16.673761,1.9074608,5.171237
ddc_dzo_08759,labeled,Dorji,-4.0375338,12.373099,1.5701691,6.6371455,15.36659,2.1766272
ddc_dzo_08748,labeled,Romeo,2.6787803,-2.1686332,0.07219274,12.7696,-0.7639215,7.795774
ddc_dzo_08780,labeled,Thinley,-11.243875,-2.5426786,0.70767677,-1.1817067,-2.2893283,1.4445412
ddc_dzo_08749,labeled,Thinley,-9.138888,-2.518299,2.1895654,-0.8231939,-1.5707968,1.8017786
ddc_dzo_08769,labeled,Romeo,2.920817,-0.23559445,-1.9037988,12.78506,2.2243767,7.781638
ddc_dzo_08746,labeled,Romeo,2.7240665,-0.113866106,1.5479882,13.167076,-0.2349624,8.2340975
ddc_dzo_08818,labeled,Romeo,4.335759,-1.513922,1.6960902,13.347942,-0.03394662,8.458121
ddc_dzo_08802,labeled,Romeo,2.5791864,0.6498213,1.1472243,17.565462,1.8539283,5.059726
ddc_dzo_08781,labeled,Romeo,4.1063967,-0.91628546,-0.60279256,17.124792,0.8951861,4.7676077
ddc_dzo_08793,labeled,Romeo,3.3254209,-0.5589714,1.3383778,12.757474,0.14024337,9.213137
ddc_dzo_08806,labeled,Namgay,-2.9991977,3.3495622,-4.3757744,4.0219445,8.105763,9.290829
ddc_dzo_08814,labeled,Thinley,-11.783684,-3.7531013,1.5711842,-0.33193251,-1.8737693,2.2581098
ddc_dzo_08790,labeled,Romeo,4.549624,-0.89000875,0.51926166,13.012335,1.616771,8.556187
ddc_dzo_08819,labeled,Romeo,2.5429022,0.32455614,1.2740186,15.59907,1.8299516,5.6511726
ddc_dzo_08815,labeled,Romeo,3.421167,-1.4118681,0.32010764,16.97515,1.9301609,5.669306
ddc_dzo_08789,labeled,Romeo,1.8069042,0.254592,0.56783074,13.301391,-0.5755199,8.870791
ddc_dzo_08798,labeled,Romeo,1.9174603,-0.82471824,0.18569013,12.6805525,1.5170039,8.703846
ddc_dzo_08803,labeled,Romeo,3.1486595,-0.33082688,0.76776934,17.42539,0.8993124,5.0593767
ddc_dzo_08817,labeled,Romeo,2.8442688,-1.5538152,-0.12633964,12.948761,-0.8401959,8.097338
ddc_dzo_08811,labeled,Romeo,2.9338014,1.3202538,1.4916086,15.854663,-0.5097459,4.692217
ddc_dzo_08857,labeled,Romeo,4.0779386,1.768861,0.7635854,16.784597,1.1282569,5.748234
ddc_dzo_08829,labeled,Romeo,3.4416566,-0.34641704,-0.085581146,13.161642,1.8705407,7.802779
ddc_dzo_08839,labeled,Thinley,-10.34771,-1.58891,1.2534739,-0.8130692,-2.0441463,1.1815048
ddc_dzo_08823,labeled,Romeo,3.246549,-0.16459109,-1.3318516,13.126212,-0.4567725,9.124316
ddc_dzo_08827,labeled,Romeo,2.5798628,0.5330745,2.0256393,15.686747,-0.71012586,4.8122354
ddc_dzo_08838,labeled,Romeo,2.9883804,-0.3129853,-0.27735117,15.356573,-0.563202,4.8448315
ddc_dzo_08840,labeled,Dorji,-1.970955,12.417247,0.97430277,6.7187157,15.402193,2.0327966
ddc_dzo_08834,labeled,Dorji,-1.9182268,11.485034,0.13609536,6.754858,15.947098,2.141808
ddc_dzo_08836,labeled,Romeo,3.132447,-0.98092276,0.19993757,13.676123,1.2501264,8.090384
ddc_dzo_08847,labeled,Romeo,3.1161025,-1.8142682,-0.2229094,17.650394,1.4100387,5.5249515
ddc_dzo_08843,labeled,Romeo,3.4759998,-1.447667,0.35236913,17.384878,1.4668477,5.5917454
ddc_dzo_08851,labeled,Thinley,-11.033333,-3.6549668,1.5788019,-1.2604167,-2.2566342,1.0883843
ddc_dzo_08841,labeled,Thinley,-11.577596,-3.9182682,1.7623119,-1.1074473,-1.9670362,2.0952778
ddc_dzo_08845,labeled,Romeo,3.5929558,-1.0613501,0.7584503,13.349937,-0.36321312,8.591363
ddc_dzo_08835,labeled,Romeo,4.2110176,-0.15830007,0.3484355,13.437494,0.26908326,8.05166
ddc_dzo_08855,labeled,Romeo,1.9581243,-0.832284,-0.52878517,13.172614,-0.45469815,9.015252
ddc_dzo_08873,labeled,Romeo,3.569581,0.41594276,1.1467959,16.626078,0.7794459,4.625647
ddc_dzo_08883,labeled,Romeo,3.0364044,-2.6784835,0.28708962,17.41462,0.99947655,5.041549
ddc_dzo_06667,labeled,Romeo,2.032495,-2.084616,-0.15564671,12.478376,1.8133595,8.045246
ddc_dzo_08866,labeled,Romeo,2.593895,0.15396568,0.48358065,12.763559,0.051893868,9.172101
ddc_dzo_08894,labeled,Romeo,1.2767011,-0.01870893,0.2510824,16.026752,-0.36084577,5.1290855
ddc_dzo_08892,labeled,Romeo,1.600025,-1.0432009,-0.67283726,15.9624405,-0.4030908,4.6985555
ddc_dzo_08863,labeled,Romeo,2.821874,-1.6297597,-0.2743162,14.085788,0.09666724,10.57104
ddc_dzo_08895,labeled,Romeo,2.3838265,-1.6524198,-0.10033692,13.136395,-0.75933886,8.561813
ddc_dzo_08861,labeled,Dorji,-4.593298,10.975499,1.4015366,6.6389537,15.4223795,1.9750798
ddc_dzo_08874,labeled,Romeo,2.507481,-1.1628929,0.11679291,15.078977,-0.4564712,5.538462
ddc_dzo_08884,labeled,Thinley,-11.1411085,-5.090058,0.56317616,-1.171554,-2.2379932,1.1331472
ddc_dzo_08860,labeled,Romeo,3.9921098,0.100099325,-1.2376108,12.26987,1.5200169,8.812198
ddc_dzo_08893,labeled,Namgay,-2.3751633,2.216317,-11.485907,2.7093654,7.6925592,16.603031
ddc_dzo_08890,labeled,Romeo,1.9436914,-0.6294818,1.2812833,16.282358,1.6376812,6.3540936
ddc_dzo_08880,labeled,Romeo,3.7995534,-0.835818,-0.01482796,15.903968,1.8327757,6.2742643
ddc_dzo_08868,labeled,Romeo,1.1858361,-1.4459461,1.0270442,12.826429,-0.60958344,9.173083
ddc_dzo_08901,labeled,Dorji,-3.1615157,8.418575,2.1450899,6.8514514,14.964977,2.3030765
ddc_dzo_08359,labeled,Romeo,2.985827,-1.566457,1.2024741,12.659109,1.5415717,8.153614
ddc_dzo_08917,labeled,Romeo,3.8276772,-1.5244057,-0.2979322,12.77732,-0.77214944,8.648445
ddc_dzo_08902,labeled,Romeo,2.0852911,-0.72451854,-1.393074,16.476503,1.5239583,6.3663597
ddc_dzo_08907,labeled,Romeo,2.8563209,-3.2536325,-1.3435767,13.173036,0.1298685,8.597828
ddc_dzo_08910,labeled,Thinley,-8.356238,-3.3931274,1.6587161,-0.7450632,-1.6451643,1.8210436
ddc_dzo_08906,labeled,Namgay,-3.3196177,3.7710652,-11.92025,3.4986744,7.069722,16.957584
ddc_dzo_08921,labeled,Romeo,1.407771,-1.4540157,0.6856704,13.208427,-0.7628053,8.63078
ddc_dzo_08936,labeled,Namgay,-4.4092956,-0.7977257,-3.6323853,4.0157647,8.10574,9.293113
ddc_dzo_08927,labeled,Romeo,3.427444,0.78331596,-0.8038789,15.374462,-0.1217838,4.7855363
ddc_dzo_08925,labeled,Romeo,3.565164,-0.21452606,1.3418412,12.741811,1.9104923,8.159712
ddc_dzo_08908,labeled,Dorji,-2.2582972,11.947323,0.683626,6.7196155,14.707617,2.042032
ddc_dzo_08931,labeled,Romeo,3.9923105,-0.47212267,-1.1495626,16.886333,1.2198724,6.05575
ddc_dzo_08903,labeled,Romeo,4.337689,-1.0532025,0.1912774,13.5728035,1.8270788,8.3348875
ddc_dzo_08929,labeled,Romeo,2.912964,-0.2259642,-0.47072592,14.092274,0.087210946,10.578373
ddc_dzo_08922,labeled,Romeo,3.6378477,-0.012403189,-0.22506166,13.143667,-0.39103106,8.426396
ddc_dzo_08938,labeled,Romeo,2.6962376,-0.39270586,0.56160676,13.571416,0.11570595,8.204929
ddc_dzo_03110,labeled,Romeo,2.7290218,-0.56656486,0.58575606,12.755588,1.3270012,8.316869
ddc_dzo_08977,labeled,Romeo,3.2110724,0.026352184,0.8143951,16.524424,1.080887,4.731527
ddc_dzo_08943,labeled,Romeo,3.8272188,-1.8389679,1.1754377,13.425883,-0.8964884,8.026857
ddc_dzo_08942,labeled,Romeo,2.0421958,-0.5686017,1.1030219,14.262952,0.256349,10.769617
ddc_dzo_08951,labeled,Romeo,2.8016837,-1.4967638,-1.184068,15.859703,-0.65388566,4.8087783
ddc_dzo_08973,labeled,Romeo,4.9127116,-1.715967,-0.6470604,12.882907,-0.1802835,9.042167
ddc_dzo_08963,labeled,Thinley,-10.144635,-1.3639321,0.29936555,-1.1120933,-1.5263162,2.3544674
ddc_dzo_08959,labeled,Romeo,2.3803928,-2.1893182,0.28510427,12.576289,1.6075877,9.073832
ddc_dzo_08939,labeled,Thinley,-10.139322,-3.0166278,-1.4352924,-1.1253097,-2.3640325,1.0372423
ddc_dzo_08947,labeled,Romeo,2.4656105,-0.18037489,1.0339812,16.478748,1.218076,4.632131
ddc_dzo_08970,labeled,Romeo,2.9578142,-1.3437877,0.5800716,12.555067,1.5867137,8.269954
ddc_dzo_08956,labeled,Romeo,3.666955,-2.206311,-0.4638105,16.557915,1.7556653,6.106524
ddc_dzo_08976,labeled,Romeo,3.5644732,0.27372804,-0.43008995,16.927862,1.0802362,4.821628
ddc_dzo_08972,labeled,Romeo,3.2744806,-0.5832899,1.0696807,13.540504,1.6579847,8.7643175
ddc_dzo_08944,labeled,Romeo,5.065421,-0.4379786,1.8940415,17.472918,1.2332687,4.9901223
ddc_dzo_08950,labeled,Romeo,3.4342623,-1.4030403,-0.37697574,16.96227,1.7426019,5.0313973
ddc_dzo_08957,labeled,Romeo,1.126403,-1.3372371,-0.6630461,14.312151,0.084229626,10.927204
ddc_dzo_08982,labeled,Romeo,2.7994883,-0.6485243,0.6291337,13.77002,-0.3276845,9.867764
ddc_dzo_08990,labeled,Romeo,2.9459102,1.0290594,0.82141536,17.600355,1.8552241,5.0307813
ddc_dzo_08998,labeled,Romeo,3.8492088,-0.25895843,-0.5802568,16.244617,0.524231,4.844167
ddc_dzo_09004,labeled,Romeo,2.7602336,-0.17825928,-0.7163683,16.565983,1.6498767,6.072863
ddc_dzo_08980,labeled,Romeo,3.4326391,-1.0623313,1.1343327,12.746,-0.5647707,9.274736
ddc_dzo_08997,labeled,Thinley,-9.72409,-2.9560866,0.091029875,-0.5742942,-2.2499914,2.2853682
ddc_dzo_08996,labeled,Romeo,3.3455205,-1.825883,-0.15836713,15.646474,-0.35180318,4.53696
ddc_dzo_08985,labeled,Romeo,1.7739465,-1.0785838,0.69036156,15.659009,-0.27112082,4.4451685
ddc_dzo_09010,labeled,Romeo,1.4473861,-1.7651107,1.2150089,12.571497,1.4075162,8.53354
ddc_dzo_09006,labeled,Dorji,-2.7860358,11.188095,0.2504092,6.5463123,15.256662,1.8663477
ddc_dzo_09009,labeled,Romeo,2.1228607,0.6429748,0.48391518,17.287811,1.8225784,5.821737
ddc_dzo_09005,labeled,Romeo,3.1142113,0.7596266,0.09013694,13.374634,1.7136549,8.433576
ddc_dzo_09012,labeled,Romeo,4.1087875,-0.6391871,-0.76243806,13.373989,-0.6568722,8.668236
ddc_dzo_09015,labeled,Romeo,2.7264023,-1.0544115,0.773862,12.773334,1.6536118,9.094948
ddc_dzo_09002,labeled,Dorji,-3.5221555,10.937322,1.6129135,6.8760004,15.320711,2.2734942
ddc_dzo_08979,labeled,Romeo,2.376382,0.37175187,1.2307531,13.644674,2.2209544,7.7404423
ddc_dzo_09001,labeled,Romeo,1.174546,-0.15567462,-0.49512815,17.260014,1.5702813,4.8097863
ddc_dzo_09377,labeled,Romeo,2.968648,-0.46002153,-0.17585172,12.844025,1.7814837,7.8935385
ddc_dzo_09025,labeled,Thinley,-8.03358,-0.969765,0.13629226,-1.1788936,-1.6026362,2.3333552
ddc_dzo_09046,labeled,Romeo,2.7799711,-0.7225094,-0.276657,13.236153,-0.86058146,8.760107
ddc_dzo_09034,labeled,Romeo,-0.54927856,-0.47558632,-2.2621524,14.547971,0.24892785,11.328907
ddc_dzo_09017,labeled,Romeo,2.9554107,-0.5563341,-1.1569737,12.763807,-0.5978253,8.564769
ddc_dzo_09026,labeled,Romeo,2.3972776,-2.2436712,1.6489568,14.419976,0.19145575,11.086934
ddc_dzo_09038,labeled,Dorji,-2.9461968,10.308552,0.40466946,6.676614,15.113508,2.6410897
ddc_dzo_09021,labeled,Dorji,-2.9016004,12.719746,-0.29852375,6.5799794,15.292506,2.4832637
ddc_dzo_09043,labeled,Thinley,-12.629292,-3.5377138,0.60469806,-1.4044935,-2.2110624,1.4446836
ddc_dzo_09029,labeled,Romeo,3.7209423,-0.22188753,-0.026872462,15.141732,-0.35023347,5.476089
ddc_dzo_09045,labeled,Nima,1.3745923,-1.0251143,-3.1812925,13.884159,1.1091001,7.769701
ddc_dzo_09037,labeled,Romeo,3.215315,-1.2605946,-0.017228782,16.674759,1.3776796,6.1114798
ddc_dzo_09055,labeled,Thinley,-9.906654,-4.338162,0.8363109,-0.83244264,-2.0863929,1.4283175
ddc_dzo_09042,labeled,Romeo,2.834597,-1.5829378,0.1670117,13.797715,1.7572528,8.005985
ddc_dzo_09031,labeled,Romeo,3.083977,0.08392267,-0.67694116,16.778572,1.5336306,6.0971327
ddc_dzo_09022,labeled,Romeo,2.5036037,-1.2726661,-0.26183656,15.441357,1.8469228,6.1464906
ddc_dzo_09032,labeled,Romeo,2.8366468,-0.7442532,0.5431322,12.764263,-0.45927674,8.004011
ddc_dzo_05885,labeled,Romeo,3.3316112,-1.8446099,0.6886182,13.017938,2.010637,7.680411
ddc_dzo_09094,labeled,Romeo,4.4544954,-1.0999624,1.4609575,13.446247,1.2734172,8.727012
ddc_dzo_09062,labeled,Romeo,2.4921875,-1.7655506,0.6051779,16.653656,1.0157592,4.635841
ddc_dzo_09071,labeled,Romeo,1.6430987,0.8859227,0.76644677,15.413635,-0.96437764,5.1682525
ddc_dzo_09080,labeled,Romeo,3.838179,-0.74563664,0.77931744,13.239024,-0.49511656,8.80708
ddc_dzo_09067,labeled,Romeo,3.0773242,-0.8148647,0.030332988,12.773909,-0.8251502,8.45328
ddc_dzo_09087,labeled,Romeo,2.9268646,-1.1192446,1.1318152,13.287639,-0.597949,8.92692
ddc_dzo_09091,labeled,Romeo,4.027363,0.81165624,1.4312092,13.28805,1.8173993,8.539628
ddc_dzo_09085,labeled,Thinley,-9.330949,-4.533554,1.8640552,-1.399528,-2.3906267,1.3565668
ddc_dzo_09058,labeled,Romeo,2.3718517,-0.5103318,0.4749186,17.13889,0.73824066,5.28346
ddc_dzo_09063,labeled,Romeo,2.6442177,-1.4331489,0.99826163,12.940469,0.13257396,8.596528
ddc_dzo_09074,labeled,Romeo,1.088955,1.1176559,0.1640832,16.459698,0.5705233,4.9396844
ddc_dzo_09081,labeled,Dorji,-3.7588215,9.89616,2.1757214,7.0611095,15.250674,2.404333
ddc_dzo_09066,labeled,Romeo,2.4633791,-0.94866425,0.43674755,13.089171,2.133557,8.903737
ddc_dzo_09088,labeled,Romeo,3.9197025,-1.3378116,-0.0132116005,13.481939,1.806004,9.322563
ddc_dzo_09078,labeled,Romeo,3.5974872,-0.8469888,-0.20513429,13.63411,-0.17957945,8.304108
ddc_dzo_09095,labeled,Romeo,3.407253,0.26098478,0.70681065,15.946482,1.7879938,6.2503257
ddc_dzo_09069,labeled,Romeo,2.4635003,0.713806,0.057353463,15.6767435,-0.80217165,4.8739524
ddc_dzo_09112,labeled,Romeo,2.8826828,-0.05838564,1.4060259,13.110329,1.8958092,7.806876
ddc_dzo_01687,labeled,Romeo,4.0814753,0.76795536,0.9333538,13.179704,1.8274856,7.8732657
ddc_dzo_02057,labeled,Romeo,3.0582612,0.1920688,-0.44000235,17.00883,1.0121764,5.7709794
ddc_dzo_09100,labeled,Romeo,3.219095,-1.3351456,0.9233832,16.623178,0.8130067,4.618374
ddc_dzo_09111,labeled,Romeo,3.9389937,0.037827495,1.3196061,15.376733,-0.7965136,5.4392548
ddc_dzo_09096,labeled,Romeo,3.610863,-1.2945532,0.97692823,15.802046,-0.62660474,5.3315268
ddc_dzo_09116,labeled,Namgay,-0.87601084,3.535081,-6.8412504,3.4704735,6.4515886,17.332996
ddc_dzo_09113,labeled,Thinley,-8.982917,-1.7777559,0.023437958,-1.4202216,-1.6988313,1.5344446
ddc_dzo_09126,labeled,Romeo,2.960861,-1.9590877,0.60005176,15.338488,-0.11274387,5.0692587
ddc_dzo_09115,labeled,Thinley,-9.645563,-2.2987576,-0.055639762,-0.7589801,-2.29713,1.5333616
ddc_dzo_09097,labeled,Romeo,3.3598971,1.0995321,0.035873637,15.240999,-0.74654025,5.3626842
ddc_dzo_09105,labeled,Thinley,-10.728987,-2.6151373,0.9930374,-0.7129036,-2.1722927,2.316272
ddc_dzo_09102,labeled,Romeo,3.5706394,-1.0213516,-1.4828824,13.017084,-0.8338132,8.673769
ddc_dzo_09117,labeled,Namgay,-2.6128583,1.8371184,-12.530929,0.5819722,12.234364,5.8618174
ddc_dzo_09110,labeled,Thinley,-11.313319,-3.732993,1.0833509,-0.5992015,-2.0859985,2.3560822
ddc_dzo_09109,labeled,Romeo,3.7600932,-0.47398058,0.03347445,13.802411,1.7263708,8.768461
ddc_dzo_09106,labeled,Romeo,2.8753564,0.6190263,-0.048177686,13.261943,1.3248353,8.976891
ddc_dzo_09118,labeled,Romeo,2.759519,-1.5717254,-0.41933185,15.5746,1.949831,5.9889693
ddc_dzo_09099,labeled,Romeo,3.2089143,-0.4091632,0.15250601,15.591881,1.7402983,6.159272
ddc_dzo_09155,labeled,Romeo,2.822608,-1.5065564,-0.28125906,17.375265,1.0212629,5.7473154
ddc_dzo_09151,labeled,Dorji,-4.888305,10.811562,3.079369,7.0505223,15.499812,2.1644273
ddc_dzo_09134,labeled,Romeo,3.4154038,0.12265657,0.77130413,14.936955,-0.93871534,5.5263157
ddc_dzo_09145,labeled,Thinley,-9.468827,-2.5568929,-0.33228916,-0.5243517,-1.8414735,2.3232243
ddc_dzo_09161,labeled,Romeo,-0.5328701,-2.0164485,-0.039357252,17.012533,1.6248507,5.330345
ddc_dzo_09168,labeled,Namgay,-3.753231,1.2742033,-8.799314,3.1676624,6.3773165,17.285831
ddc_dzo_09157,labeled,Romeo,2.2406828,-2.7763612,0.14397633,14.553554,0.24057816,11.518469
ddc_dzo_09160,labeled,Thinley,-10.374929,-2.8334613,0.7275788,-0.42410293,-1.8873502,1.7387966
ddc_dzo_09135,labeled,Romeo,1.9945067,1.0393473,1.3381569,12.7857065,2.1500854,8.78723
ddc_dzo_09138,labeled,Romeo,3.0575044,-0.22088268,0.0882122,13.012346,1.946726,8.154708
ddc_dzo_09148,labeled,Romeo,2.7948968,-0.4449457,0.42432058,15.90935,-0.16469269,4.616079
ddc_dzo_09147,labeled,Thinley,-10.706858,-2.9537876,-0.027244475,-1.2684937,-1.7105368,2.5140753
ddc_dzo_09167,labeled,Thinley,-9.918093,-3.247822,-0.1154602,-1.2897446,-1.8368561,2.291072
ddc_dzo_09171,labeled,Dorji,-3.7771103,12.431887,2.0826619,6.606612,15.074733,2.397952
ddc_dzo_09158,labeled,Romeo,4.4960017,-1.7711974,0.056822386,13.733623,1.2069508,9.479839
ddc_dzo_09136,labeled,Romeo,3.0469356,-0.105089374,1.0437536,13.714769,2.2844183,7.949588
ddc_dzo_09156,labeled,Yigzin,-1.370672,2.4460301,-2.292026,-7.6687675,5.2616224,7.0488105
ddc_dzo_09139,labeled,Romeo,2.5877652,-1.0390365,-0.027875343,15.41872,1.7647047,5.9813323
ddc_dzo_09206,labeled,Dorji,-1.9792513,12.760896,2.298658,6.5678797,15.262939,2.2036219
ddc_dzo_09181,labeled,Romeo,3.3942645,-1.1017356,0.0078000356,17.670422,1.8969644,5.0397744
ddc_dzo_09175,labeled,Dorji,-4.6850953,10.680998,2.6712477,6.9148035,15.136569,2.4473271
ddc_dzo_09183,labeled,Romeo,2.7280066,0.91202986,-0.12572105,16.549692,1.0881023,4.514617
ddc_dzo_09176,labeled,Thinley,-10.518469,-2.5146196,0.1707559,-0.4225249,-2.216226,2.4522843
ddc_dzo_09197,labeled,Romeo,3.637158,-2.4610295,1.2468363,15.297793,-0.27229548,5.097913
ddc_dzo_09188,labeled,Romeo,2.139059,-0.5691068,-0.5723423,12.437602,1.4071038,8.420055
ddc_dzo_09196,labeled,Dorji,-2.1919262,13.48621,1.1697279,6.680678,14.913581,2.6123638
ddc_dzo_09202,labeled,Dorji,-3.548984,10.101344,0.925782,6.854229,15.061834,1.9362497
ddc_dzo_09191,labeled,Romeo,1.748602,-1.0454065,0.52772784,17.095827,1.1084728,5.4927745
ddc_dzo_09195,labeled,Romeo,2.4917572,-0.7440788,0.57538134,12.560039,1.1675788,8.260273
ddc_dzo_09194,labeled,Romeo,2.609492,-0.33452865,-0.8066527,12.920731,-0.84257823,7.9342685
ddc_dzo_09187,labeled,Romeo,2.794195,-0.9276478,0.63482314,13.072294,-0.66373855,8.121062
ddc_dzo_09203,labeled,Thinley,-11.500369,-3.91848,-0.48665434,-1.2681884,-2.2663412,2.3269925
ddc_dzo_09189,labeled,Romeo,3.1021996,-1.2055308,-0.701254,17.419197,0.95015174,5.761813
ddc_dzo_09208,labeled,Dorji,-2.8506079,10.445026,2.8009315,6.6343894,15.316483,2.6571023
ddc_dzo_09174,labeled,Romeo,3.5399327,-0.6052874,0.9084041,13.705658,1.270629,9.347729
ddc_dzo_09199,labeled,Romeo,3.2514071,-1.7557316,1.4242557,16.031563,1.5867211,5.1750994
ddc_dzo_09201,labeled,Romeo,2.6173728,-0.29617712,-0.7498828,13.135647,-0.35601777,9.193427
ddc_dzo_09236,labeled,Romeo,4.9953628,-2.0995662,0.15870899,17.195856,0.98714274,5.196365
ddc_dzo_06122,labeled,Romeo,3.4927487,-2.0800774,0.21269886,12.517902,1.4816424,8.866722
ddc_dzo_09210,labeled,Romeo,2.936443,-1.4772242,-0.1277138,12.989456,0.13740666,8.385624
ddc_dzo_09225,labeled,Romeo,3.4419203,0.24776834,-1.4734169,12.712593,-0.089545794,9.425929
ddc_dzo_09229,labeled,Romeo,1.2936655,-2.246594,-0.06864243,14.561051,0.24319226,11.521142
ddc_dzo_09223,labeled,Thinley,-12.7797575,-2.826443,0.48530385,-1.0727721,-2.0268903,2.021954
ddc_dzo_09220,labeled,Thinley,-10.148293,-2.0221221,0.37216827,-1.0356647,-1.4606096,1.7282864
ddc_dzo_09235,labeled,Thinley,-8.25845,-3.4181352,-1.541628,-1.4307036,-2.4864051,1.172117
ddc_dzo_09239,labeled,Thinley,-9.580457,-2.8841822,-0.020773543,-1.1388801,-1.6623427,2.233712
ddc_dzo_09215,labeled,Thinley,-11.832198,-1.9074186,1.0302184,-0.6731275,-1.9101253,1.8661169
ddc_dzo_09230,labeled,Romeo,2.399532,-0.8944832,0.37992704,13.524263,-0.0041538123,8.280382
ddc_dzo_09224,labeled,Romeo,3.301453,-1.8690792,0.20718862,13.394963,1.873705,8.125907
ddc_dzo_09213,labeled,Romeo,2.674065,-0.7182704,0.32025948,13.57859,-0.5799571,8.247793
ddc_dzo_09243,labeled,Romeo,2.454521,-2.2253842,-0.49545476,15.482739,-0.7805125,5.1591167
ddc_dzo_09280,labeled,Romeo,2.596718,-0.97887224,-0.40341696,14.161666,0.28900427,10.446228
ddc_dzo_03613,labeled,Romeo,3.9052804,-0.6330358,1.3711343,13.284727,1.7263118,7.659647
ddc_dzo_09259,labeled,Romeo,3.4070654,-1.1201476,-1.4038087,15.309482,-0.8623347,5.953704
ddc_dzo_09266,labeled,Romeo,3.3312638,-0.90132177,-0.027166782,17.151665,1.5269121,5.74656
ddc_dzo_09249,labeled,Namgay,-1.3813716,2.9460077,-11.66664,0.56637776,11.757058,6.3078923
ddc_dzo_09268,labeled,Romeo,1.5555199,-0.41554412,0.69778067,17.298344,0.89738524,4.5893016
ddc_dzo_09264,labeled,Dorji,-5.2601895,9.57745,0.99329877,6.9645295,15.078423,2.5494764
ddc_dzo_09258,labeled,Romeo,4.5438423,-0.91438806,0.7092044,13.967054,0.0021884572,10.386406
ddc_dzo_09262,labeled,Romeo,4.1544533,-2.0912468,-0.64928585,16.601954,1.6793166,5.439181
ddc_dzo_09263,labeled,Romeo,2.127631,0.522496,-0.59364474,12.890302,-0.3704941,9.319994
ddc_dzo_09255,labeled,Romeo,3.7864852,-1.9538088,-1.9346181,12.963613,1.1573641,9.033828
ddc_dzo_09250,labeled,Dorji,-2.4527736,12.936725,1.7657111,6.62746,15.165841,1.8826859
ddc_dzo_09274,labeled,Nima,-2.319519,-1.4328177,-2.7823277,9.337368,2.5032403,1.5829909
ddc_dzo_09286,labeled,Romeo,3.6251729,-2.9137678,-0.70857054,15.313763,-0.32256678,5.038904
ddc_dzo_09294,labeled,Romeo,3.1257067,-0.8425989,0.9382958,13.141387,1.9415451,7.9759035
ddc_dzo_09304,labeled,Romeo,2.7172675,-0.9395531,0.010984614,16.800133,0.7137309,4.7564435
ddc_dzo_09283,labeled,Romeo,4.1616263,-0.65413916,-0.06464186,13.278457,-0.5198748,9.132143
ddc_dzo_09293,labeled,Romeo,1.4458193,-0.82459944,0.7592377,14.057911,0.069528274,10.49088
ddc_dzo_09321,labeled,Namgay,-3.4103897,2.517716,-12.584035,3.537542,7.0757666,16.946936
ddc_dzo_09317,labeled,Romeo,3.4996648,-0.5531265,0.06912588,13.038835,-0.70216966,8.966081
ddc_dzo_09311,labeled,Romeo,2.7549284,0.051343694,0.20238177,12.742652,1.7482843,9.186893
ddc_dzo_09291,labeled,Romeo,3.3098133,0.15835115,-0.22041287,17.65135,1.2021008,5.3130236
ddc_dzo_09319,labeled,Namgay,-1.210586,1.8217596,-10.721749,3.524795,6.5213823,17.299677
ddc_dzo_09297,labeled,Romeo,3.0374663,-1.8072708,-1.9189751,12.9949875,0.9640205,8.092544
ddc_dzo_09310,labeled,Romeo,3.365324,-2.1740875,1.1555061,15.448351,-0.7531085,4.9111867
ddc_dzo_09302,labeled,Romeo,2.7228117,0.5839542,-0.935388,12.62721,1.7250307,7.996898
ddc_dzo_09320,labeled,Romeo,2.583046,-2.443992,0.4390286,16.208673,0.23772459,4.7133126
ddc_dzo_09313,labeled,Thinley,-10.3022375,-4.297855,-0.38728207,-1.6593435,-2.291123,1.3796011
ddc_dzo_09289,labeled,Dorji,-3.7541728,8.536586,0.89485574,6.9209924,15.5353565,2.0848486
ddc_dzo_09309,labeled,Dorji,-3.6453547,11.24623,2.6358788,6.796759,16.20665,1.9617589
ddc_dzo_09300,labeled,Dorji,-3.4884634,9.848996,0.8549983,6.992919,15.278329,2.6377895
ddc_dzo_09318,labeled,Romeo,3.3095536,0.033624176,-0.089740284,16.643442,2.1233778,5.12008
ddc_dzo_09345,labeled,Romeo,3.8334396,-0.89610124,-0.08905005,15.257651,1.6741632,6.149312
ddc_dzo_09343,labeled,Romeo,3.7050579,-1.2001911,0.92346334,13.198938,1.8169729,7.7996125
ddc_dzo_09352,labeled,Romeo,3.0899081,-1.0951236,-0.25843477,16.660595,0.831335,5.9184875
ddc_dzo_09338,labeled,Romeo,2.9199731,-1.4279516,0.35843694,17.152647,0.9483453,5.854942
ddc_dzo_07192,labeled,Dorji,-3.360748,9.9851465,-0.15173738,6.7824936,15.393305,2.4940274
ddc_dzo_09328,labeled,Romeo,3.711136,-1.1218102,0.42090297,16.869244,0.80904967,5.478807
ddc_dzo_09332,labeled,Romeo,3.3323255,-1.0662044,0.8124472,12.829923,1.9703306,8.069629
ddc_dzo_09355,labeled,Romeo,4.0286036,-0.58520186,-0.110282175,12.939651,-0.5857504,7.9372525
ddc_dzo_09349,labeled,Romeo,3.1073458,-1.5437363,1.1004354,13.340216,0.99016714,8.34292
ddc_dzo_09342,labeled,Thinley,-10.670135,-3.9851089,0.6340613,-1.5493127,-2.3256586,1.4063183
ddc_dzo_09329,labeled,Romeo,2.3055637,-1.9549596,0.719606,16.697927,1.9444182,5.2141523
ddc_dzo_09339,labeled,Namgay,-5.262758,2.527438,-12.19359,2.9359858,7.289724,16.909203
ddc_dzo_09354,labeled,Namgay,-2.7072222,0.6657262,-11.152919,0.5666789,11.753059,6.310919
ddc_dzo_09353,labeled,Dorji,-3.9210346,9.994787,2.1748455,6.644994,15.091479,2.6974397
ddc_dzo_09335,labeled,Thinley,-10.170477,-3.8841805,-0.07913973,-0.3231486,-1.791144,2.5088377
ddc_dzo_09327,labeled,Romeo,4.25173,0.036484513,0.569972,16.01732,1.87324,5.3739266
ddc_dzo_09348,labeled,Thinley,-10.118431,-1.9459044,2.2594337,-0.9386996,-2.4578567,1.529618
ddc_dzo_09362,labeled,Dorji,-3.6298473,10.995243,0.33997238,6.7529817,14.691914,1.8926516
ddc_dzo_09361,labeled,Romeo,1.7502676,-0.48041415,2.988393,15.538833,-1.0367599,5.1445255
ddc_dzo_09372,labeled,Namgay,-2.7503655,4.4103107,-11.9472065,3.4950714,7.0635815,16.935835
ddc_dzo_09371,labeled,Romeo,2.4933238,-1.111695,-1.2453678,12.516184,1.3966534,9.003701
ddc_dzo_09364,labeled,Romeo,3.2148952,-0.60717916,0.017996049,12.7154455,-0.18798976,9.248625
ddc_dzo_09368,labeled,Romeo,2.3963058,-1.5716414,0.62145776,17.090479,1.3524683,5.516994
ddc_dzo_09360,labeled,Thinley,-12.017481,-3.2140021,-0.56801444,-0.8089882,-1.9907893,2.5024035
ddc_dzo_09385,labeled,Namgay,-2.8134708,3.1055877,-11.084938,0.551694,12.203531,5.8213305
ddc_dzo_09365,labeled,Romeo,3.492442,-0.10478659,-0.46324456,12.550195,1.5376487,8.381145
ddc_dzo_09383,labeled,Romeo,1.5531527,-0.9097081,-1.2981669,16.589413,1.0270281,4.6365256
ddc_dzo_09376,labeled,Romeo,2.4109464,-0.5555515,0.1433763,15.336926,-0.25638103,4.809921
ddc_dzo_09384,labeled,Romeo,4.3899302,-0.95832103,-0.5775822,15.450588,-0.52403,4.558708
ddc_dzo_09393,labeled,Dorji,-4.164674,7.0693135,1.1736711,7.0392666,15.331312,2.0736551
ddc_dzo_09390,labeled,Thinley,-11.723877,-1.7453814,0.44157887,-1.1521754,-2.4378953,1.3371177
ddc_dzo_09375,labeled,Dorji,-1.5556546,8.924206,1.9503397,6.533227,15.095983,2.6249928
ddc_dzo_09381,labeled,Dorji,-2.5976353,10.469489,1.6186702,6.9316216,15.721917,2.278496
ddc_dzo_09394,labeled,Romeo,2.3890636,-1.2241442,1.2199597,17.145508,1.6013347,5.5759196
ddc_dzo_09373,labeled,Thinley,-9.216993,-3.251984,-1.9756922,-1.454247,-2.4678206,1.207658
ddc_dzo_09417,labeled,Dorji,-2.0185513,10.446986,0.18777968,6.8601794,15.28269,2.4857845
ddc_dzo_08030,labeled,Romeo,3.2097485,-1.0701298,-0.23700075,13.313083,1.6643803,7.763612
ddc_dzo_09404,labeled,Thinley,-11.302464,-2.3629754,0.56628764,-0.7938196,-2.2879019,1.0031059
ddc_dzo_09405,labeled,Romeo,3.200828,-0.37342748,-0.86826444,15.673261,-0.80869806,5.2598877
ddc_dzo_09402,labeled,Romeo,2.3149164,-0.60052747,-0.22038472,17.040907,1.5270663,6.0718184
ddc_dzo_09435,labeled,Romeo,4.04338,-0.60329914,-0.25667357,14.0624275,0.09162078,10.537068
ddc_dzo_09410,labeled,Dorji,-2.6084623,11.865436,1.2670056,6.852565,15.260981,2.562563
ddc_dzo_09429,labeled,Namgay,-1.9247446,3.1980271,-9.091258,-3.8607385,12.397058,5.9061213
ddc_dzo_09398,labeled,Thinley,-11.868284,-2.1386204,1.8196965,-1.3682516,-1.8463968,1.1385279
ddc_dzo_09407,labeled,Romeo,1.2648896,0.30705437,0.8436686,14.423336,0.2297014,11.073019
ddc_dzo_09400,labeled,Dorji,-3.2186017,11.985374,0.28734002,6.800616,14.577563,1.9371036
ddc_dzo_09427,labeled,Dorji,-2.4877005,11.873171,1.9230466,6.560811,15.182039,2.0797281
ddc_dzo_09403,labeled,Thinley,-11.704406,-4.120544,-0.739305,-1.2877733,-1.5923963,2.2493339
ddc_dzo_09425,labeled,Romeo,3.059982,-0.6710485,-0.6193282,12.791822,2.3325825,7.7499075
ddc_dzo_09399,labeled,Romeo,4.365187,0.5612657,1.7332609,13.174404,-0.6140586,8.642425
ddc_dzo_01507,labeled,Romeo,2.8668587,-1.1527891,0.8922395,12.4281845,1.6732963,8.016045
ddc_dzo_09460,labeled,Romeo,2.5215383,0.011150805,-0.55767447,13.349049,1.4015294,9.012869
ddc_dzo_09467,labeled,Romeo,0.3048399,2.1981316,-0.4544757,15.623587,1.6349798,6.2049804
ddc_dzo_09465,labeled,Namgay,-2.0292618,2.3079457,-8.197741,2.6908016,7.502521,16.689083
ddc_dzo_09469,labeled,Namgay,-2.8391242,2.2969127,-8.073848,3.1887412,6.402556,17.299978
ddc_dzo_09451,labeled,Romeo,4.166694,-2.5336628,-0.62580127,12.879206,-0.3196533,9.0333805
ddc_dzo_09444,labeled,Romeo,2.8652606,-0.40921876,1.0504797,12.44129,1.6778969,8.9926405
ddc_dzo_09474,labeled,Thinley,-9.025955,-3.4565337,1.8428344,-1.4325163,-2.5345337,1.3767935
ddc_dzo_09470,labeled,Romeo,2.1773677,0.7519942,1.6729589,16.893711,1.5631384,5.839648
ddc_dzo_09445,labeled,Romeo,3.9353223,-1.2045386,-0.6122905,16.522413,0.876135,4.989169
ddc_dzo_09448,labeled,Romeo,2.5687773,-0.040744655,-0.7848015,17.326155,1.0770873,5.1258388
ddc_dzo_09466,labeled,Romeo,2.785074,-1.2333794,-1.7152044,12.920213,-0.69671935,7.9349055
ddc_dzo_09457,labeled,Romeo,3.043965,-2.7410588,1.0012268,16.107332,-0.26779053,5.0603952
ddc_dzo_09477,labeled,Thinley,-11.451373,-2.7479746,1.1981516,-1.4902959,-1.6631749,2.0620966
ddc_dzo_09471,labeled,Dorji,-2.69805,8.876186,2.4412882,6.8747973,15.94034,1.9728228
ddc_dzo_09472,labeled,Romeo,2.426891,-0.3758264,-0.46367463,17.26853,1.6809914,6.0022583
ddc_dzo_09442,labeled,Romeo,2.7147748,-2.3931005,1.0754452,12.991115,1.1675324,8.089269
ddc_dzo_09500,labeled,Romeo,4.057837,-0.90651083,-0.991162,17.122896,0.88041544,4.79529
ddc_dzo_09485,labeled,Romeo,2.8815649,-0.7379548,-0.079630606,12.8349695,-0.19979954,9.273824
ddc_dzo_09499,labeled,Romeo,3.7598941,0.24969469,0.8458883,12.830148,-0.32698858,9.20813
ddc_dzo_09480,labeled,Romeo,3.2982616,1.0323079,-0.9661408,13.225661,-0.48503977,9.041401
ddc_dzo_09484,labeled,Romeo,0.88460785,-1.5674676,0.5438785,12.800841,1.109081,9.262066
ddc_dzo_09491,labeled,Dorji,-3.1389952,11.630706,-0.118392386,6.727429,15.692634,2.5292745
ddc_dzo_09492,labeled,Romeo,2.0553436,-0.2028257,1.5699792,15.3451805,-1.1728731,5.2043085
ddc_dzo_09511,labeled,Thinley,-10.338717,-2.3012104,2.3925698,-0.6344691,-1.7897438,2.5212762
ddc_dzo_09504,labeled,Romeo,4.067049,-1.2011327,0.5620399,13.322113,1.0178282,8.2934885
ddc_dzo_09486,labeled,Thinley,-9.956532,-4.150779,-0.3425162,-1.4467187,-2.395709,1.1370708
ddc_dzo_09503,labeled,Thinley,-10.63281,-1.8545519,-1.2074254,-1.4961188,-1.8771222,1.095553
ddc_dzo_09509,labeled,Romeo,3.432429,-0.005225028,-0.9674641,16.959856,1.8447984,6.106924
ddc_dzo_09495,labeled,Thinley,-12.72307,-2.2263236,0.12184627,-1.0217012,-1.9628881,2.3348281
ddc_dzo_09487,labeled,Thinley,-11.206705,-3.4523296,0.8865226,-1.0398769,-2.3103285,1.231335
ddc_dzo_09489,labeled,Thinley,-9.577454,-3.4944158,0.82536244,-1.0259465,-1.8405625,1.4977248
ddc_dzo_09493,labeled,Romeo,2.1747432,-0.9594236,0.14144565,15.534794,1.8364424,5.6372538
ddc_dzo_09510,labeled,Romeo,4.3438773,-1.4008186,0.3588585,13.281531,-0.2450875,8.615195
ddc_dzo_09532,labeled,Thinley,-9.726297,-1.204471,-0.08548023,-0.5319009,-2.029748,1.5188655
ddc_dzo_09533,labeled,Romeo,3.3223717,-1.5382808,0.60166323,13.249702,-0.2768468,8.587295
ddc_dzo_09526,labeled,Romeo,3.4424942,-0.64386165,0.21113001,12.569026,-0.5498047,9.37989
ddc_dzo_09518,labeled,Namgay,-3.382526,1.6657449,-11.562826,3.424601,7.1701317,16.960674
ddc_dzo_09549,labeled,Romeo,2.591473,-0.16888945,0.5231592,13.224185,-0.72523755,8.769803
ddc_dzo_09544,labeled,Thinley,-10.718851,-3.1066158,1.0786635,-0.9312404,-2.2470798,2.106395
ddc_dzo_09519,labeled,Thinley,-11.529806,-1.995633,2.16163,-0.49310866,-1.8582461,1.9221724
ddc_dzo_09539,labeled,Namgay,-1.0486356,4.3875546,-9.704046,-3.8288033,12.365356,5.937941
ddc_dzo_09517,labeled,Romeo,1.0574331,-0.49612477,1.2204415,12.446269,2.0061305,8.491171
ddc_dzo_09542,labeled,Thinley,-11.875258,-3.1012986,2.0329797,-1.2447852,-2.6101723,1.1528534
ddc_dzo_09551,labeled,Romeo,2.7063763,-1.0986435,0.59811896,13.209524,2.4002767,8.39021
ddc_dzo_09525,labeled,Romeo,3.9485068,-0.7525469,-0.30141056,12.997366,1.3817737,8.192666
ddc_dzo_09522,labeled,Dorji,-4.9099803,11.700825,1.2386447,6.8884673,15.416956,1.9579122
ddc_dzo_09543,labeled,Romeo,1.4074197,-1.7028402,0.53966457,17.060453,1.6427796,5.7786984
ddc_dzo_09537,labeled,Romeo,4.701649,-0.6415828,-0.24006957,17.165926,1.0796683,4.726151
ddc_dzo_09527,labeled,Dorji,-3.4491193,9.7865305,1.3545829,6.7003193,15.641472,2.469614
ddc_dzo_09547,labeled,Namgay,-1.3484193,2.0581145,-12.241995,0.5496857,12.193612,5.820372
ddc_dzo_09550,labeled,Dorji,-3.9798045,10.207862,1.0518922,6.8490963,15.1943245,2.7122383
ddc_dzo_09538,labeled,Romeo,3.8564124,-1.0175205,-0.0072460687,17.18037,1.3166828,4.988836
ddc_dzo_09529,labeled,Romeo,4.339662,-0.8367676,-0.4239331,15.620962,1.9335799,5.7540483
ddc_dzo_09593,labeled,Dorji,-4.3236585,9.578389,-0.3345482,6.6778336,15.171839,2.0800264
ddc_dzo_02909,labeled,Romeo,2.5599318,-1.0922811,0.5775716,13.2902565,1.9308205,8.09055
ddc_dzo_09572,labeled,Romeo,4.745403,0.8058548,1.0169994,12.739641,-0.5402196,9.377174
ddc_dzo_09595,labeled,Romeo,3.514579,-2.1348758,0.5364702,15.954956,-0.3495841,4.680171
ddc_dzo_09582,labeled,Romeo,3.9617813,0.56492734,1.0082822,16.828901,1.1399223,5.365514
ddc_dzo_09575,labeled,Romeo,3.1716437,-1.5509653,0.4388643,12.82864,1.5898966,9.168478
ddc_dzo_09580,labeled,Thinley,-10.261351,-1.7302701,1.5876228,-0.5618704,-1.7705394,1.6404144
ddc_dzo_09561,labeled,Thinley,-9.720259,-3.9416995,0.26621926,-0.49849585,-2.1617672,1.7256483
ddc_dzo_09564,labeled,Romeo,2.4004745,0.042557843,-0.11201023,13.242063,1.8713708,9.239164
ddc_dzo_09571,labeled,Romeo,3.280614,0.0012787104,-0.018388378,17.141104,0.9947293,5.1885047
ddc_dzo_09560,labeled,Romeo,2.2217686,-0.3993736,1.4336276,17.12897,1.0138514,5.011111
ddc_dzo_09583,labeled,Romeo,2.6907048,-1.0317228,0.098844826,15.753218,-0.3702896,4.8965793
ddc_dzo_09568,labeled,Thinley,-11.130099,-3.5165021,-0.9226155,-1.5006748,-2.2734954,1.4306008
ddc_dzo_09557,labeled,Dorji,-2.6110122,9.1038685,2.217408,6.843053,15.774985,2.612786
ddc_dzo_09581,labeled,Thinley,-9.651133,-2.2566228,1.2939552,-0.7672386,-1.5245363,1.8760563
ddc_dzo_09563,labeled,Romeo,2.3180292,-0.42860904,0.4150272,13.461374,2.2322547,8.257762
ddc_dzo_09588,labeled,Romeo,2.529681,0.26492998,0.021322375,16.783014,1.8907566,5.151916
ddc_dzo_09577,labeled,Romeo,2.6553717,-0.17970039,-0.28279713,15.528015,1.972334,6.035521
ddc_dzo_09630,labeled,Romeo,1.2940733,-1.0662878,-1.7699633,16.997196,0.86310756,5.37641
ddc_dzo_09623,labeled,Thinley,-10.661331,-3.007885,1.114878,-0.7726281,-2.084787,1.8316491
ddc_dzo_09605,labeled,Romeo,1.7043412,-0.56960183,-1.7157776,16.681984,0.4237222,4.9675574
ddc_dzo_09633,labeled,Romeo,2.5992346,-2.0703301,-0.42500272,15.455115,-0.4795795,4.8145237
ddc_dzo_09626,labeled,Romeo,2.1001444,-2.775082,-0.3616214,15.530793,-0.7463448,4.8533134
ddc_dzo_09618,labeled,Romeo,2.6113102,-0.57903343,1.7696097,15.095187,-0.32511565,5.535685
ddc_dzo_09629,labeled,Thinley,-11.028332,-3.7507596,-0.883784,-0.85357344,-1.9246724,2.5849938
ddc_dzo_09597,labeled,Romeo,4.009998,-1.125345,-0.4351993,12.749243,1.566567,9.111822
ddc_dzo_09634,labeled,Dorji,-3.1919994,10.439758,0.5297733,6.709594,15.067583,2.0932233
ddc_dzo_09598,labeled,Romeo,3.042663,0.20849071,0.30573416,13.3733635,1.8140177,8.292865
ddc_dzo_09601,labeled,Romeo,2.0965002,-1.3102095,0.2423865,13.138639,-0.9328506,8.216783
ddc_dzo_09622,labeled,Romeo,1.4208175,-1.4611135,0.32817033,15.437248,-0.10143362,5.13806
ddc_dzo_09614,labeled,Thinley,-7.9954095,-2.654769,-2.4926527,-1.4082457,-2.18041,2.2024095
ddc_dzo_09627,labeled,Namgay,0.5605092,0.080018595,-3.9034479,14.235174,-0.0027582778,13.023994
ddc_dzo_09619,labeled,Thinley,-11.82583,-3.8553853,1.509632,-1.2942152,-2.3000095,1.1378828
ddc_dzo_09643,labeled,Romeo,2.7027943,-1.7641984,0.79205084,17.415543,0.74732816,5.325779
ddc_dzo_09674,labeled,Thinley,-8.528805,-0.68658435,-0.95672315,-0.7341912,-1.7914163,2.1244264
ddc_dzo_09675,labeled,Romeo,2.627508,-0.010342473,0.20035078,15.400095,-0.45664284,5.3480334
ddc_dzo_09658,labeled,Romeo,3.786514,0.5506457,1.01619,16.637772,0.85834134,5.733352
ddc_dzo_09641,labeled,Romeo,2.9820056,0.3904506,0.19065367,13.099075,-0.46415034,9.2304
ddc_dzo_09654,labeled,Romeo,3.6697135,-0.7583064,0.75635743,13.218532,-0.6308107,8.76434
ddc_dzo_09653,labeled,Namgay,-3.666725,1.8781542,-9.928912,0.56797785,11.74743,6.3169875
ddc_dzo_09666,labeled,Romeo,3.7282841,-0.9442469,-0.6941279,12.763402,1.6051968,8.82742
ddc_dzo_09661,labeled,Romeo,3.7131455,-2.51504,0.3666146,16.806726,0.94544387,5.06308
ddc_dzo_09671,labeled,Romeo,3.6862242,0.6006548,0.9381422,16.576633,1.1252472,4.9833627
ddc_dzo_09646,labeled,Thinley,-9.898135,-5.319871,0.9613242,-1.05875,-2.2263432,2.0709348
ddc_dzo_09647,labeled,Romeo,2.302382,-1.429526,0.12647812,17.185528,1.6888102,5.943164
ddc_dzo_09670,labeled,Dorji,-4.078339,10.40702,2.487008,6.7361903,15.476492,2.72894
ddc_dzo_09636,labeled,Dorji,-3.2747986,8.364844,1.8485353,7.012063,15.631033,2.4066858
ddc_dzo_09665,labeled,Thinley,-12.327508,-3.7458959,0.7104832,-1.3947138,-2.2828538,2.3096867
ddc_dzo_09639,labeled,Romeo,2.588187,-1.3619277,3.1023197,13.859793,2.0779877,8.1622925
ddc_dzo_09645,labeled,Thinley,-9.917192,-1.493802,-0.82177025,-1.1165473,-2.0029058,1.2657353
ddc_dzo_09664,labeled,Romeo,4.618958,-0.02083005,0.798514,14.074549,0.1072737,10.524477
ddc_dzo_09677,labeled,Romeo,3.3734772,-0.8053097,-0.019374609,12.845168,-0.46930158,9.316202
ddc_dzo_09686,labeled,Romeo,3.442763,-0.11666291,0.5699868,15.434022,-0.7303088,4.889672
ddc_dzo_09695,labeled,Romeo,2.9516516,1.049978,-1.1014719,12.784451,1.6064098,9.274143
ddc_dzo_09706,labeled,Romeo,3.9037344,-1.389012,-0.45222184,16.56214,1.8234284,4.985728
ddc_dzo_09704,labeled,Namgay,-1.974318,2.1575725,-8.156395,3.200658,6.4043355,17.301985
ddc_dzo_09709,labeled,Romeo,2.6537855,1.1625277,-0.35581586,17.204123,0.62729794,4.7544737
ddc_dzo_09712,labeled,Thinley,-10.204083,-4.9142475,1.3285278,-0.988527,-1.8835126,2.0238779
ddc_dzo_09707,labeled,Romeo,2.6128836,0.33599243,0.0927663,13.230951,1.3820715,8.432698
ddc_dzo_09696,labeled,Namgay,-2.5277386,2.852891,-13.807462,3.5114427,6.4852905,17.330513
ddc_dzo_09701,labeled,Romeo,2.7469463,-0.044391252,0.2927364,17.36193,1.1793693,5.451171
ddc_dzo_09680,labeled,Romeo,3.319275,-2.1525826,0.2911448,13.095798,-0.88458145,7.861832
ddc_dzo_09697,labeled,Thinley,-9.982719,-3.9993017,-1.6487129,-1.4637965,-2.421039,1.0665156
ddc_dzo_09688,labeled,Thinley,-11.265266,-4.5691376,2.9449766,-1.1510116,-2.4756813,1.6796232
ddc_dzo_09715,labeled,Thinley,-10.630417,-2.554769,-0.26568285,-1.493076,-2.3715987,1.2014779
ddc_dzo_09739,labeled,Romeo,2.3080826,-1.1476408,-2.3558545,12.7138405,0.7374943,8.281342
ddc_dzo_09734,labeled,Romeo,2.572509,-0.6948754,-1.3594788,12.392447,1.6799676,8.206505
ddc_dzo_04908,labeled,Thinley,-10.573885,-2.4098182,1.8585017,-0.95491385,-2.5337145,1.2219279
ddc_dzo_08068,labeled,Romeo,4.187292,-0.52621967,0.17065771,13.063,-0.8163368,8.411049
ddc_dzo_09724,labeled,Romeo,3.767225,-0.7430851,0.09364525,17.278877,0.8039656,5.087983
ddc_dzo_09744,labeled,Thinley,-12.087195,-2.9960158,1.216915,-0.493644,-2.0406287,2.1130931
ddc_dzo_09728,labeled,Romeo,2.9934897,0.51957536,-0.3833075,12.825648,1.2327822,8.932883
ddc_dzo_09751,labeled,Dorji,-1.4980494,12.024095,2.5906665,6.601405,15.341508,2.2781
ddc_dzo_09718,labeled,Romeo,1.1809108,-0.18773685,-0.47266358,17.305897,0.66059566,4.9971294
ddc_dzo_09750,labeled,Romeo,1.5322909,-0.4897676,1.9158633,12.499853,1.8804997,8.215607
ddc_dzo_09731,labeled,Romeo,2.9206197,-0.097854055,0.19385186,13.346079,1.6209539,8.139357
ddc_dzo_09725,labeled,Thinley,-12.098874,-2.782158,0.17826006,-1.2288762,-1.9149756,0.93830615
ddc_dzo_09735,labeled,Thinley,-11.103338,-1.7114503,-1.1425114,-1.0253986,-1.8833482,2.5119097
ddc_dzo_09745,labeled,Romeo,2.7053328,0.7849618,0.30555326,13.043613,1.6060007,9.039382
ddc_dzo_09743,labeled,Romeo,3.0577302,-1.7807897,0.78508633,17.432701,1.0128965,5.682376
ddc_dzo_09732,labeled,Romeo,3.2641473,-0.6289138,0.12791531,15.43282,-0.6467734,5.0284452
ddc_dzo_08786,labeled,Thinley,-10.513305,-3.678596,-0.82781035,-1.369322,-2.1547077,1.8739318
ddc_dzo_09754,labeled,Thinley,-9.756967,-1.3261555,0.37520197,-0.40265155,-1.9557377,2.5173354
ddc_dzo_09778,labeled,Thinley,-11.413001,-3.4306667,0.31548905,-0.7016275,-2.2087069,2.392181
ddc_dzo_09782,labeled,Romeo,1.0125223,0.6643677,-3.7654607,14.541597,0.24362941,11.361627
ddc_dzo_09781,labeled,Romeo,3.7246413,0.7312477,0.43986234,12.965027,1.5649662,8.4181595
ddc_dzo_09753,labeled,Thinley,-10.174998,-4.0965776,-0.4655904,-0.9854015,-2.1987848,2.3373873
ddc_dzo_09775,labeled,Thinley,-9.800415,-2.1674101,1.3349272,-1.0354785,-1.5659522,1.9333508
ddc_dzo_09769,labeled,Thinley,-11.354475,-4.52568,-0.6725628,-1.398782,-2.264289,1.9539366
ddc_dzo_09791,labeled,Romeo,1.9854122,-1.647977,0.47584558,13.290646,2.1393945,9.127917
ddc_dzo_09771,labeled,Romeo,4.410355,-0.23023084,0.50022215,16.67236,1.1667222,4.644119
ddc_dzo_09762,labeled,Romeo,3.0668502,-1.8442656,-0.022872617,13.189528,-0.19077806,8.387024
ddc_dzo_09757,labeled,Romeo,3.6073573,-1.4694796,1.0699376,12.776355,-0.3428731,7.772162
ddc_dzo_09772,labeled,Thinley,-10.6713295,-2.2581408,-1.1412804,-1.572869,-2.3926258,1.2520003
ddc_dzo_09783,labeled,Dorji,-2.458176,9.710152,0.66053516,6.725554,15.333181,1.9261519
ddc_dzo_09779,labeled,Thinley,-10.732247,-4.157737,-0.26920477,-0.9933671,-2.0199032,2.457074
ddc_dzo_09790,labeled,Dorji,-3.1766052,10.874426,1.3865906,6.663576,15.42746,1.9811074
ddc_dzo_09830,labeled,Romeo,2.1837487,-0.6213522,0.33962646,16.961742,1.3061808,4.9500113
ddc_dzo_09803,labeled,Romeo,2.6761143,-1.1225944,-0.6639421,17.054672,1.0198816,4.6052017
ddc_dzo_09823,labeled,Romeo,3.240514,-0.045698896,0.31564125,15.404277,-0.86853456,5.461608
ddc_dzo_09825,labeled,Thinley,-12.054435,-4.2777014,-0.018779112,-0.6701183,-1.9862531,2.5904555
ddc_dzo_09805,labeled,Romeo,4.1175222,-0.08940283,0.57559425,13.373856,-0.7016514,8.687302
ddc_dzo_09806,labeled,Romeo,3.7907503,0.086679555,0.37841982,17.192926,0.87384725,4.7297816
ddc_dzo_09801,labeled,Thinley,-11.227085,-3.796021,-0.034768756,-0.6763272,-1.8531392,2.5528913
ddc_dzo_09814,labeled,Romeo,3.7994552,-1.2732793,-1.0570213,13.055289,2.0100772,8.999426
ddc_dzo_09810,labeled,Romeo,3.1317184,-0.94588244,0.54573286,13.515141,2.0725565,7.907263
ddc_dzo_09831,labeled,Romeo,3.5568113,-1.3457083,1.631187,13.428206,2.0989597,8.481839
ddc_dzo_09827,labeled,Romeo,3.5839198,-2.5946665,-0.19943774,16.983469,1.164138,5.4063764
ddc_dzo_09832,labeled,Romeo,1.6957518,-0.9257315,0.2723808,15.287251,-0.45248732,5.604071
ddc_dzo_09820,labeled,Thinley,-9.099029,-3.18292,2.1999047,-1.3669332,-2.4680617,1.2054944
ddc_dzo_09813,labeled,Romeo,3.6292307,-1.8852667,0.9765793,16.944206,1.2170357,5.925958
ddc_dzo_09802,labeled,Romeo,3.030799,0.36498165,0.0012889277,16.801273,1.7356962,4.929857
ddc_dzo_09800,labeled,Dorji,-3.1823232,9.7105665,0.6358192,6.7004833,14.847966,2.3758252
ddc_dzo_09817,labeled,Romeo,1.4839776,-2.4500802,-0.72572505,15.756868,-0.21463457,4.7398043
ddc_dzo_09799,labeled,Romeo,3.5232475,-1.0280696,0.9664188,13.105036,-0.4183994,8.864279
ddc_dzo_09870,labeled,Romeo,3.4289684,0.3146392,-0.2590049,16.841959,0.64990413,5.0097947
ddc_dzo_05502,labeled,Thinley,-11.60015,-4.000382,1.2999368,-0.8523561,-2.4910805,1.1610218
ddc_dzo_09852,labeled,Romeo,2.5492346,-0.59502,-1.448757,15.208043,-0.58155674,5.0778174
ddc_dzo_09840,labeled,Romeo,3.843449,-1.5305469,-0.20436977,15.09868,-0.6016407,5.125294
ddc_dzo_09854,labeled,Thinley,-10.949358,-2.7086515,2.0696642,-0.61887485,-2.2964802,2.3705323
ddc_dzo_09834,labeled,Romeo,2.2970493,-0.10366124,-0.48723242,15.758428,-0.77935106,4.614068
ddc_dzo_09844,labeled,Romeo,3.3088927,0.43185884,0.10634215,13.036523,1.9584268,8.515816
ddc_dzo_09850,labeled,Dorji,-4.1370506,10.445759,2.2924776,6.8341784,15.321179,2.1946664
ddc_dzo_09843,labeled,Thinley,-10.564291,-3.7678876,0.41191837,-0.8099486,-2.284489,1.2921298
ddc_dzo_09848,labeled,Romeo,1.5204157,-0.62336326,-0.40131378,13.120861,2.4274285,8.607828
ddc_dzo_09861,labeled,Thinley,-8.122202,-2.3124862,2.6883519,-1.3856298,-1.622958,2.068092
ddc_dzo_09845,labeled,Romeo,2.1642864,-1.3573025,-1.5898497,13.776179,2.0960157,7.73711
ddc_dzo_09864,labeled,Thinley,-11.9928255,-3.5988703,0.7041803,-1.237427,-2.011845,2.430889
ddc_dzo_09857,labeled,Thinley,-10.674516,-4.209484,-0.37884802,-1.4145719,-2.4189456,1.1516135
ddc_dzo_09835,labeled,Romeo,1.6845694,-0.22930865,-0.27964038,14.129732,0.5916885,10.413406
ddc_dzo_09888,labeled,Romeo,2.694175,-1.561402,-0.34011197,16.92369,1.246179,4.999331
ddc_dzo_09904,labeled,Romeo,3.178335,-0.2845529,-1.4062809,14.118199,0.078282624,10.601383
ddc_dzo_09874,labeled,Romeo,2.366387,-2.4961953,1.5981199,13.832864,1.3500543,8.536015
ddc_dzo_09900,labeled,Romeo,3.6681376,-1.7138566,0.50465703,15.741715,-0.61245465,5.4375834
ddc_dzo_09892,labeled,Romeo,2.699627,0.016550431,0.28065187,16.061766,0.1472449,5.257273
ddc_dzo_09878,labeled,Romeo,1.529404,-0.37986985,-0.5183643,13.328819,2.4151294,8.452032
ddc_dzo_09877,labeled,Romeo,2.59405,-0.19589671,-0.4751196,13.238264,-0.6963425,8.788165
ddc_dzo_09909,labeled,Romeo,3.9981954,-1.653351,-0.46166682,12.731733,1.3633802,8.861442
ddc_dzo_09872,labeled,Thinley,-11.461248,-3.804665,1.7127683,-0.97043985,-2.3338296,2.299557
ddc_dzo_09898,labeled,Romeo,2.7066755,-1.4377187,0.33164865,13.410242,0.8387862,8.450406
ddc_dzo_09902,labeled,Thinley,-11.037635,-4.6145344,0.15415676,-1.2265428,-2.2967265,1.9170986
ddc_dzo_09899,labeled,Thinley,-11.019897,-4.912615,1.9594886,-1.1289449,-2.399289,1.5128127
ddc_dzo_09906,labeled,Romeo,2.562199,-1.3208016,1.8957394,13.133283,-0.34344503,9.072514
ddc_dzo_09895,labeled,Romeo,3.6082344,-1.7805384,-0.31841385,13.458568,-0.22594713,8.427116
ddc_dzo_09912,labeled,Romeo,3.711396,-1.0891596,0.13193335,16.979073,1.6724113,6.207406
ddc_dzo_09941,labeled,Romeo,2.4311128,0.16462901,0.8049893,16.966267,0.68486845,5.107196
ddc_dzo_09924,labeled,Romeo,-0.43507218,-2.7438943,0.22951108,17.591444,0.96462625,5.6174054
ddc_dzo_04153,labeled,Dorji,-3.3213775,8.076991,-1.6099073,6.818284,14.719738,2.244762
ddc_dzo_05797,labeled,Romeo,3.1075652,1.0900503,2.1130583,13.148059,-0.9158265,8.597721
ddc_dzo_09948,labeled,Romeo,4.7824364,-0.6491171,1.1418153,13.339921,-0.56780404,8.503541
ddc_dzo_09943,labeled,Romeo,3.761101,-2.3809078,0.5176054,16.211182,1.953972,5.478199
ddc_dzo_09934,labeled,Romeo,3.475216,0.8916445,1.5744646,16.595133,1.3115664,5.017134
ddc_dzo_09913,labeled,Dorji,-4.7256293,11.554069,2.2075057,6.8220286,15.930951,2.4971051
ddc_dzo_09950,labeled,Romeo,3.7009268,-1.3668451,-1.1188215,12.726451,1.659352,8.547185
ddc_dzo_09945,labeled,Dorji,-4.753791,12.447522,1.8059043,6.6362314,15.112384,2.0877743
ddc_dzo_09916,labeled,Romeo,2.2072334,-1.6535065,0.10456897,13.127129,2.2487378,8.669062
ddc_dzo_09911,labeled,Thinley,-8.914298,-0.83750856,1.672939,-1.3202262,-1.9003699,1.1095061
ddc_dzo_09938,labeled,Thinley,-12.051751,-2.4425704,1.9691237,-1.4671795,-2.140458,1.1773311
ddc_dzo_09927,labeled,Dorji,-2.2707171,10.597164,0.11475906,6.8757668,14.597869,1.8706803
ddc_dzo_09940,labeled,Dorji,-2.9219155,11.920612,1.9013364,6.620177,15.226529,2.047485
ddc_dzo_09914,labeled,Thinley,-10.313463,-1.5749322,-0.5808109,-1.1625304,-1.3763484,2.102811
ddc_dzo_09917,labeled,Romeo,3.0276484,-0.14934531,-0.4820678,13.446239,1.8164265,9.297922
ddc_dzo_09949,labeled,Romeo,3.6438618,-0.8373659,-0.29989752,13.576881,0.054467555,8.25085
ddc_dzo_09973,labeled,Romeo,3.3051457,-1.394906,0.8336407,17.065834,1.514914,5.320928
ddc_dzo_09988,labeled,Thinley,-11.279301,-4.5916367,-0.43361774,-1.4298357,-2.3042846,1.1803582
ddc_dzo_09971,labeled,Romeo,2.4165022,-0.38770106,-0.044566937,15.7022915,-0.7814989,4.710239
ddc_dzo_09959,labeled,Romeo,2.7011611,-1.3319943,1.7686162,17.651628,1.342715,5.6741037
ddc_dzo_09983,labeled,Namgay,-1.9092574,2.0593662,-9.700049,3.5528731,7.075742,16.94167
ddc_dzo_09980,labeled,Romeo,4.1038685,-1.590673,0.020884048,12.777343,-0.8375074,8.897389
ddc_dzo_09972,labeled,Romeo,1.9476838,-2.0157206,-1.2218361,14.380663,0.13842931,11.05457
ddc_dzo_09970,labeled,Romeo,3.3167276,0.9565957,0.744643,12.82235,2.1161354,8.863699
ddc_dzo_09987,labeled,Thinley,-9.94284,-2.1406963,0.73110163,-1.5713063,-1.9275733,1.3219613
ddc_dzo_09966,labeled,Romeo,3.6074603,-0.35954857,-0.14786853,12.662574,-0.77109206,7.785055
ddc_dzo_09984,labeled,Thinley,-9.412378,-2.1387362,-0.5116282,-1.2439946,-1.6403191,2.2680824
ddc_dzo_09958,labeled,Dorji,-3.8903623,12.262803,1.9938813,6.9969625,15.396904,2.1142285
ddc_dzo_09969,labeled,Namgay,-4.175375,2.318798,-10.355204,0.56653666,11.757343,6.309058
ddc_dzo_09962,labeled,Thinley,-11.732733,-4.022575,-0.31618598,-1.4488531,-2.101521,1.3609339
ddc_dzo_09981,labeled,Thinley,-9.947751,-3.3685231,0.9879829,-1.3409493,-2.2235854,1.4449168
ddc_dzo_09978,labeled,Romeo,3.5575213,-1.0458583,0.51074976,13.538191,-0.37413457,8.409919
ddc_dzo_09965,labeled,Romeo,3.9829516,-1.1496406,1.8098238,15.651411,-0.8457919,4.751663
ddc_dzo_09997,labeled,Romeo,2.5211525,-2.4633763,0.8420093,17.095018,1.4718527,5.8471045
ddc_dzo_09989,labeled,Dorji,-2.4899948,10.310067,0.9398086,6.7880507,16.072664,2.3704326
ddc_dzo_09993,labeled,Thinley,-11.576504,-4.6595526,1.7744931,-0.6525782,-1.7393723,1.739012
ddc_dzo_09994,labeled,Romeo,3.0123909,-2.2884028,1.5902189,14.107615,0.034329534,10.619197
ddc_dzo_00010,labeled,Romeo,2.6496017,0.37556222,-1.1490059,13.25346,1.7585644,7.7782927
ddc_dzo_01105,labeled,Romeo,2.60141,-2.0079422,0.93057853,12.892556,1.7274394,8.200088
ddc_dzo_08640,labeled,Romeo,3.9955966,-0.6878279,0.07586639,12.498859,1.7228366,8.063369
ddc_dzo_06657,labeled,Romeo,4.2816086,0.2940896,0.9600718,13.000363,2.0920565,7.885693
ddc_dzo_05152,labeled,Romeo,3.0386202,-1.294519,-0.02875103,13.12624,1.7709473,7.779069
ddc_dzo_00787,labeled,Dorji,-3.0108695,12.917655,1.2611854,6.85016,15.298368,2.5940454
ddc_dzo_00427,labeled,Romeo,3.3748078,-2.0942123,0.9168099,16.000937,-0.3394199,4.6741247
ddc_dzo_04998,labeled,Romeo,3.0548937,0.7218098,-0.28808242,15.7894535,-0.7418307,4.557856
ddc_dzo_00369,labeled,Romeo,2.5511694,-1.773299,-0.5804866,15.91743,-0.67598164,4.5389223
ddc_dzo_01900,labeled,Romeo,2.2378013,0.5666945,0.80015886,13.242581,-0.117613815,9.430904
ddc_dzo_06951,labeled,Romeo,3.7484488,-0.38327655,0.21640038,13.214895,-0.38916567,8.920439
ddc_dzo_01439,labeled,Romeo,4.679482,-0.42681468,0.822416,12.926956,-0.57435554,8.745971
ddc_dzo_07059,labeled,Romeo,2.8390841,-0.64333355,-0.40486944,12.599074,-0.4134441,9.275121
ddc_dzo_01642,labeled,Romeo,2.8061056,-1.4698625,0.92269236,15.904304,-0.581,4.872314
ddc_dzo_00700,labeled,Romeo,0.94895947,-1.128082,0.20935996,15.95919,-0.5823096,4.43894
ddc_dzo_01570,labeled,Romeo,3.4811316,-0.89257807,1.6897584,15.884934,-0.5056193,4.884369
ddc_dzo_03665,labeled,Thinley,-9.032869,-3.417113,1.7284648,-0.90747017,-1.9813752,2.6070561
ddc_dzo_06228,labeled,Romeo,2.7124717,0.0696544,0.6916512,15.37734,-0.33174127,5.663053
ddc_dzo_06775,labeled,Romeo,4.127701,-0.9088029,0.50418055,15.821989,-0.83394593,4.794296
ddc_dzo_07353,labeled,Romeo,3.231369,-0.947832,-0.77282506,12.455654,1.7432002,8.078941
ddc_dzo_05248,labeled,Dorji,-2.845224,9.589547,0.27958125,7.10395,15.271787,2.3468184
ddc_dzo_04724,labeled,Romeo,3.2603526,-1.2699735,1.0405121,15.840023,-0.7796412,4.8842463
ddc_dzo_04602,labeled,Romeo,3.9274664,0.17396344,0.8926069,15.443998,-0.5781512,5.535931
ddc_dzo_03402,labeled,Romeo,4.4458346,-1.0865607,-1.1043189,15.528353,-0.40819556,4.532295
ddc_dzo_03501,labeled,Romeo,3.4071288,-0.73044753,1.3658217,15.498215,-0.18935488,4.7848797
ddc_dzo_05038,labeled,Romeo,3.5371618,-1.14556,-0.25857133,15.38706,-0.14989379,4.9480095
ddc_dzo_04014,labeled,Romeo,2.8665664,0.20241365,0.043640036,12.792611,-0.549599,9.192805
ddc_dzo_05121,labeled,Romeo,3.1648452,0.11543538,-0.40652746,12.826326,-0.52697664,9.257682
ddc_dzo_00736,labeled,Romeo,4.123235,-0.64048105,0.9672577,12.810455,-0.37182721,9.211532
ddc_dzo_03970,labeled,Romeo,2.7857192,-0.13518868,0.23285678,12.63064,-0.57716787,9.379269
ddc_dzo_02628,labeled,Romeo,3.6361,-0.5505602,0.24300686,12.743388,-0.22805105,9.046231
ddc_dzo_05983,labeled,Romeo,4.108465,-0.10846584,0.5066287,15.517471,-0.6064634,5.339563
ddc_dzo_09209,labeled,Romeo,4.225218,-0.66247404,1.8727869,15.427369,-0.70541364,5.281551
ddc_dzo_05115,labeled,Romeo,4.4125013,-0.1364192,-0.12155914,16.953129,0.5404062,4.7858953
ddc_dzo_02751,labeled,Romeo,2.871152,-0.54262376,0.4769863,15.687601,-0.22668268,4.8457656
ddc_dzo_08017,labeled,Romeo,2.5771153,0.1379962,0.8405696,16.080523,0.083109856,5.298673
ddc_dzo_04157,labeled,Thinley,-10.418667,-4.5190754,1.470258,-1.0973222,-2.5624998,1.3323641
ddc_dzo_08459,labeled,Romeo,1.6543238,1.8346062,1.0108298,15.322062,-0.5158361,5.2169094
ddc_dzo_01613,labeled,Romeo,3.724183,0.8892695,-1.1398704,15.69553,-0.9025931,4.7432485
ddc_dzo_00012,labeled,Romeo,2.4240966,-1.8726068,0.1212304,15.369232,-0.936904,5.2018414
ddc_dzo_02018,labeled,Romeo,3.1346946,0.8421528,-0.73954445,13.098706,1.9466611,7.691604
ddc_dzo_09809,labeled,Romeo,3.682091,0.2128853,0.43378374,13.174813,1.853214,7.755702
ddc_dzo_02317,labeled,Romeo,3.5526443,-1.0970268,0.039906908,13.168011,1.8942138,7.7373347
ddc_dzo_03824,labeled,Romeo,3.8291895,-1.4295084,-0.6327846,17.763355,1.1670163,5.383227
ddc_dzo_09855,labeled,Dorji,-3.472315,8.2127905,0.8182527,6.921898,15.452828,2.5888746
ddc_dzo_06655,labeled,Thinley,-11.61552,-3.4614472,0.48526856,-0.7456943,-2.071517,1.5283957
ddc_dzo_03720,labeled,Romeo,3.4310951,-1.3884463,-0.058585487,17.60207,1.5631851,5.6488886
ddc_dzo_04540,labeled,Thinley,-11.196779,-3.6757936,2.1435516,-0.917703,-1.6653428,1.7125351
ddc_dzo_00374,labeled,Romeo,3.225001,-1.1707007,0.022518476,13.6651,1.1673477,8.593763
ddc_dzo_03244,labeled,Romeo,3.3694975,-0.20210113,2.0441842,16.038769,1.7823787,5.230349
ddc_dzo_09648,labeled,Romeo,1.8093601,-1.0865217,0.5388199,13.935273,1.8078763,8.516529
ddc_dzo_04679,labeled,Romeo,1.5893098,-1.4853364,0.659588,15.869364,-0.15629542,4.3294477
ddc_dzo_04127,labeled,Romeo,2.802342,-0.45018163,0.08766558,15.829536,-0.3790482,5.0739517
ddc_dzo_01096,labeled,Romeo,3.8200572,-0.5228286,1.1945219,15.525127,-0.4520049,4.9718113
ddc_dzo_08117,labeled,Romeo,2.5272198,-0.13820459,0.025077296,16.074818,-0.7321819,4.964676
ddc_dzo_07796,labeled,Romeo,2.976764,0.319006,1.4440665,15.932688,-0.5715484,4.587965
ddc_dzo_01067,labeled,Romeo,3.4614024,-1.4442662,0.12349654,15.979442,-0.55063426,4.9419546
ddc_dzo_03550,labeled,Romeo,3.0983913,-1.2621112,0.87051445,15.052737,-0.32515007,5.1359468
ddc_dzo_07852,labeled,Romeo,1.4346994,-1.4674191,-1.0749327,15.902869,-0.3618822,5.051054
ddc_dzo_05992,labeled,Romeo,3.3281877,0.71790874,1.1077334,15.607449,-0.26063225,5.402469
ddc_dzo_08920,labeled,Romeo,2.652432,-0.7494397,-0.51167107,12.5881405,-0.52850235,9.298184
ddc_dzo_00071,labeled,Romeo,2.5664897,-0.23026086,-0.61311597,12.899048,1.486954,8.445932
ddc_dzo_02716,labeled,Romeo,3.0619788,1.3321105,-0.45594624,12.49298,1.6154578,8.9614315
ddc_dzo_07553,labeled,Romeo,2.3079689,-0.18240303,-0.108466595,12.776615,1.4388933,8.481531
ddc_dzo_08307,labeled,Romeo,3.9310334,0.55369014,0.6687018,12.600921,1.528498,8.85731
ddc_dzo_05518,labeled,Romeo,2.2290003,1.6231712,-0.57189935,12.484929,1.5978456,8.947128
ddc_dzo_06540,labeled,Romeo,2.6135564,0.20671377,-0.18929774,12.406897,1.6357243,8.786358
ddc_dzo_02533,labeled,Romeo,2.5160954,-1.8850398,-0.9479603,13.055528,1.8552579,7.8595033
ddc_dzo_06198,labeled,Romeo,2.96188,-1.154275,0.67429453,16.910671,1.6369518,5.303468
ddc_dzo_06459,labeled,Romeo,2.080807,-1.1933196,0.06596226,15.885979,-0.77793306,5.348811
ddc_dzo_06978,labeled,Romeo,2.663832,-1.2940229,0.31609297,12.615879,-0.53748864,9.300694
ddc_dzo_09566,labeled,Romeo,3.3643787,-0.21160993,-2.132134,12.924582,-0.19743304,9.1744175
ddc_dzo_06157,labeled,Romeo,4.177783,-1.7138245,1.2570957,12.912502,-0.43456665,8.948744
ddc_dzo_06821,labeled,Romeo,3.0975416,-0.460841,0.1189795,13.1996975,-0.5408911,8.839089
ddc_dzo_08265,labeled,Romeo,2.90822,-0.5525975,0.33753768,12.6137295,-0.5233792,9.36617
ddc_dzo_06816,labeled,Romeo,4.038058,-1.006526,1.4870223,13.039529,-0.39515164,8.809673
ddc_dzo_03732,labeled,Romeo,3.9340186,-1.111702,0.27689347,12.596098,-0.55223477,9.358559
ddc_dzo_04237,labeled,Romeo,3.020364,-1.6369246,-1.1761613,16.523672,1.1420516,5.464309
ddc_dzo_01137,labeled,Romeo,3.351185,-1.4516519,-0.5811971,16.194172,0.38089615,5.649015
ddc_dzo_09851,labeled,Romeo,2.9256656,0.26166704,-0.88877624,17.02249,1.9272721,5.1101184
ddc_dzo_02026,labeled,Romeo,2.218825,-1.6438746,1.9076325,13.85173,1.2390349,8.685643
ddc_dzo_02852,labeled,Romeo,2.9382167,-0.5949783,-0.7503029,13.629725,1.6489135,9.140972
ddc_dzo_04309,labeled,Romeo,3.7901382,-1.867358,1.3595843,16.461529,1.1404208,5.7190733
ddc_dzo_02666,labeled,Romeo,3.0176,0.98942477,1.0665237,15.930703,-0.7663091,5.3497024
ddc_dzo_04114,labeled,Romeo,1.9118599,1.6385587,0.46878994,15.3246565,-1.0362252,5.410623
ddc_dzo_01348,labeled,Romeo,-0.9155409,0.5552754,0.52796763,15.548491,-0.9645871,5.312991
ddc_dzo_05363,labeled,Romeo,2.44374,-0.31766558,0.53057766,15.336405,-0.99990356,5.5371776
ddc_dzo_04097,labeled,Romeo,3.074381,-0.7397261,0.42116475,15.0885935,-0.63758934,5.141943
ddc_dzo_08642,labeled,Romeo,2.5975091,-0.39760375,0.45579544,15.177077,-0.6731954,5.467093
ddc_dzo_06616,labeled,Romeo,4.1749263,-2.319928,-1.7085932,15.32383,-0.7558366,6.138866
ddc_dzo_06327,labeled,Romeo,2.206005,-0.55241585,0.7534196,13.102566,1.0202358,8.627081
ddc_dzo_03368,labeled,Romeo,3.9300728,-1.2628142,0.4034934,15.289504,-0.7519716,5.6536555
ddc_dzo_06420,labeled,Romeo,3.2494392,-1.768783,-0.50312984,13.004201,-0.5495211,9.186967
ddc_dzo_02531,labeled,Romeo,2.3325078,0.9170724,0.6385323,12.631589,-0.54767174,9.349082
ddc_dzo_01845,labeled,Romeo,3.2075016,-1.6734825,0.30829462,12.542689,-0.40422523,9.330523
ddc_dzo_01111,labeled,Romeo,2.309767,0.39339048,0.84317386,12.65578,-0.5115015,9.332496
ddc_dzo_05303,labeled,Romeo,4.071374,0.35667658,1.0228283,12.607825,-0.37269413,9.324229
ddc_dzo_06495,labeled,Romeo,4.0304604,-0.20517461,0.9311424,16.141872,1.0867915,5.9888344
ddc_dzo_03400,labeled,Romeo,3.3068805,-1.7806952,-0.0032151581,16.07398,1.5365158,6.2537165
ddc_dzo_01275,labeled,Romeo,2.5971897,0.5755803,0.30492255,16.487722,0.62862605,5.226246
ddc_dzo_07019,labeled,Romeo,2.6381702,0.42523047,0.7127035,16.761732,0.6371978,5.4394245
ddc_dzo_08327,labeled,Romeo,3.918662,-1.7311274,0.7344659,16.742184,1.6638784,6.2364664
ddc_dzo_02254,labeled,Romeo,1.7836174,-0.54540414,0.0044620666,13.964116,1.3730568,8.716478
ddc_dzo_06151,labeled,Romeo,3.0930066,0.00096377404,0.48932913,13.864628,1.2911098,8.65724
ddc_dzo_08703,labeled,Dorji,-4.0074315,10.148617,0.16225119,7.1624727,15.298564,2.389807
ddc_dzo_02735,labeled,Thinley,-9.675532,-3.163785,1.3507806,-0.6872037,-2.1539714,1.8175496
ddc_dzo_00983,labeled,Romeo,3.493897,-1.2022738,1.0888557,13.825316,1.1241258,8.590071
ddc_dzo_02600,labeled,Dorji,-2.4836934,12.819223,0.824639,7.1002836,15.289711,2.3417532
ddc_dzo_03256,labeled,Romeo,3.9580119,-0.33086115,0.51598525,13.917073,1.1902198,8.794385
ddc_dzo_00735,labeled,Romeo,4.937502,-0.9519301,0.38308448,13.908454,1.199714,8.731819
ddc_dzo_01027,labeled,Romeo,3.4222796,-0.18488672,-2.0951774,17.495832,0.99489707,5.421027
ddc_dzo_01157,labeled,Dorji,-2.8248215,12.6343355,4.0556483,6.9441442,15.20544,2.6645248
ddc_dzo_03190,labeled,Romeo,3.697965,-1.5768551,1.130833,16.525406,1.0898432,5.097619
ddc_dzo_04252,labeled,Romeo,2.210994,-0.43945366,-0.13725871,15.390783,-0.64195406,6.222872
ddc_dzo_06224,labeled,Romeo,3.894011,-0.03735119,2.1399806,15.299298,-1.0329901,5.6139107
ddc_dzo_05592,labeled,Romeo,0.8047977,-1.9364277,-0.83962846,15.624251,-0.59683055,4.5089755
ddc_dzo_06735,labeled,Romeo,3.8135831,-0.61829424,-0.54057837,16.841726,1.323427,5.069993
ddc_dzo_06833,labeled,Romeo,1.2054036,-1.6856946,-0.55928075,17.295294,0.92662406,5.0527935
ddc_dzo_02487,labeled,Romeo,0.3935823,-0.94378936,0.33950356,17.243034,0.8232576,4.8282075
ddc_dzo_09232,labeled,Romeo,4.924174,-1.7026995,-0.86930364,17.349487,1.024834,4.9387183
ddc_dzo_09019,labeled,Romeo,2.278366,-0.69199365,-0.28796452,17.294832,0.7482602,4.880508
ddc_dzo_08960,labeled,Romeo,1.8029058,0.111788675,0.5993256,16.668808,1.119876,5.226024
ddc_dzo_01159,labeled,Romeo,2.427767,-0.29107052,-0.3321188,17.131271,0.7278354,4.7797923
ddc_dzo_08293,labeled,Romeo,1.8029298,-1.3098379,2.4007843,13.8946495,1.5123683,8.462558
ddc_dzo_02941,labeled,Romeo,3.7477584,-1.9072391,0.7547056,13.793208,1.3854657,8.657646
ddc_dzo_07316,labeled,Dorji,-4.0555058,9.877128,1.9979641,6.8364196,15.3793125,2.2376022
ddc_dzo_06770,labeled,Thinley,-11.700458,-3.6264086,0.9706138,-0.7602322,-2.2312236,1.762562
ddc_dzo_05553,labeled,Romeo,2.3207424,-0.33387154,-1.1082723,14.017578,0.744264,10.096988
ddc_dzo_09124,labeled,Romeo,1.7218212,-0.8471536,1.5344927,14.085909,0.5378607,10.267439
ddc_dzo_02211,labeled,Romeo,3.7535365,-1.9890492,0.55473876,14.015973,1.5431612,8.495817
ddc_dzo_07903,labeled,Thinley,-10.681358,-4.134913,0.92742485,-0.81380475,-2.0703857,1.1239382
ddc_dzo_09915,labeled,Thinley,-12.404077,-2.4974725,1.525871,-0.6662351,-2.091143,1.29616
ddc_dzo_07693,labeled,Romeo,3.274961,-0.6271991,0.8264896,13.540243,1.5926933,8.978645
ddc_dzo_04614,labeled,Romeo,3.2413592,-1.1000515,0.37878177,12.942134,1.7602023,9.171739
ddc_dzo_03499,labeled,Romeo,1.6728156,-0.4125875,-2.8897707,13.684159,1.3623272,9.029563
ddc_dzo_09367,labeled,Thinley,-8.980298,-2.454031,0.46547642,-0.7842947,-2.143504,1.1218122
ddc_dzo_07092,labeled,Romeo,2.6584094,-0.62861943,1.1052957,16.473427,0.9197898,5.7210555
ddc_dzo_08007,labeled,Romeo,3.7306695,-2.6631887,1.0497777,17.572609,1.4576595,5.1197653
ddc_dzo_05073,labeled,Romeo,3.8770468,-1.8463788,-0.80278635,17.192736,1.0906605,4.9057026
ddc_dzo_08643,labeled,Romeo,3.3161328,-0.7598991,-0.46675035,13.165337,1.4385847,8.867668
ddc_dzo_09222,labeled,Thinley,-8.597649,-4.0440493,0.39407152,-0.62549895,-2.1466367,1.4028271
ddc_dzo_04769,labeled,Romeo,4.14982,-0.3250583,-0.9180254,13.877817,1.2183597,8.699207
ddc_dzo_01243,labeled,Thinley,-11.544985,-3.4209044,0.85614735,-1.0088818,-2.4885921,1.233207
ddc_dzo_01887,labeled,Romeo,3.405051,-0.68910515,0.30855468,13.932636,1.3609806,8.565213
ddc_dzo_04748,labeled,Romeo,4.274124,-1.4640849,-0.40450343,13.913695,1.1982738,8.760811
ddc_dzo_00878,labeled,Romeo,4.8842497,-1.6624354,-0.2906938,13.812674,1.1600094,8.732149
ddc_dzo_01334,labeled,Romeo,4.451539,-1.3963143,-0.048393108,13.932212,1.2039618,8.756831
ddc_dzo_04825,labeled,Romeo,4.724643,-1.9156499,0.002352904,16.476181,0.93710715,4.9534473
ddc_dzo_01435,labeled,Dorji,-2.0142772,11.823287,1.7154106,6.9277644,15.381671,2.6405694
ddc_dzo_02006,labeled,Romeo,4.065402,-1.8346885,-0.081381336,16.375248,1.3022463,5.586646
ddc_dzo_05032,labeled,Romeo,2.0736263,-1.1596671,-1.9317088,16.446098,1.9167845,6.2906885
ddc_dzo_08130,labeled,Romeo,4.2338324,-0.63929206,-0.36658657,17.552551,1.0816686,5.6618934
ddc_dzo_01789,labeled,Dorji,-3.4861672,9.582226,0.24926193,6.8557653,14.4657955,2.0418317
ddc_dzo_00168,labeled,Romeo,2.2556834,-0.52189904,-1.1905229,17.202435,0.75313056,4.887834
ddc_dzo_09092,labeled,Romeo,1.1224097,-1.6059943,0.090734705,16.691261,0.97362626,4.7066574
ddc_dzo_08897,labeled,Romeo,3.4439147,-1.9981643,-1.4561161,16.941408,1.0720992,4.629796
ddc_dzo_09351,labeled,Romeo,3.0241206,-0.22845675,-0.8365096,16.969992,1.0163053,4.7214723
ddc_dzo_05526,labeled,Romeo,1.6613343,-0.32820278,1.15301,15.653207,-0.082441695,5.808238
ddc_dzo_02472,labeled,Romeo,2.436476,-1.878074,-0.8994043,12.693488,-0.55754846,9.270018
ddc_dzo_01614,labeled,Romeo,3.742562,0.90330416,-0.2997794,17.198471,0.8576714,4.8457813
ddc_dzo_07497,labeled,Romeo,2.5644155,-2.0202885,0.5664269,17.07729,0.92672056,5.061014
ddc_dzo_03841,labeled,Romeo,2.5806587,-2.0479906,-0.378841,16.91003,1.5304251,6.0113025
ddc_dzo_09296,labeled,Dorji,-3.8444474,9.9324,-0.31139222,7.0552354,15.278767,2.187811
ddc_dzo_02322,labeled,Romeo,3.6575212,0.31020153,-1.8634222,16.724596,1.108788,4.505703
ddc_dzo_00615,labeled,Romeo,3.0216613,-1.005861,-0.16139074,16.61658,1.0942614,4.593091
ddc_dzo_07837,labeled,Dorji,-3.535272,11.5553055,0.8557333,6.7794647,15.307649,2.6483722
ddc_dzo_01962,labeled,Romeo,4.085277,-1.5094943,0.15950774,16.516243,1.4887415,5.431773
ddc_dzo_07586,labeled,Romeo,3.572643,-1.2911332,0.43269512,17.070562,1.3422271,5.849961
ddc_dzo_08896,labeled,Romeo,3.2207642,-0.89904374,-0.532766,16.780588,0.8955591,4.72912
ddc_dzo_04510,labeled,Romeo,2.3699465,-1.0190946,0.6162582,17.010654,1.2734697,5.786255
ddc_dzo_01531,labeled,Romeo,2.2992396,-2.1207395,0.8631929,17.207201,1.0404636,5.0641656
ddc_dzo_09777,labeled,Romeo,3.8224435,-1.1282727,-1.3283601,17.1975,1.4662389,5.74793
ddc_dzo_05301,labeled,Dorji,-4.8473096,8.842307,-0.90650827,6.614436,15.137117,2.3826203
ddc_dzo_06505,labeled,Romeo,1.1889001,-0.4793437,0.5555018,15.683544,-0.97357637,5.400561
ddc_dzo_06597,labeled,Romeo,2.9360979,0.23705745,1.8799866,15.469,-1.0599527,5.438622
ddc_dzo_04297,labeled,Romeo,1.9585649,-1.3562962,0.8789431,15.854163,-0.7835019,5.037592
ddc_dzo_00110,labeled,Romeo,2.2175496,0.47339478,2.137712,15.249918,-0.8473717,5.28818
ddc_dzo_05650,labeled,Romeo,1.7013371,-1.4259621,1.1119822,15.356773,-1.119562,5.0974817
ddc_dzo_04035,labeled,Romeo,2.1689749,1.466674,0.8017275,12.83276,2.3637621,8.140795
ddc_dzo_08968,labeled,Romeo,2.823593,-0.6845319,-0.73940825,16.407764,1.139413,4.891302
ddc_dzo_06623,labeled,Dorji,-2.8834836,12.221104,1.1672837,6.8942523,15.323346,1.9862753
ddc_dzo_06181,labeled,Romeo,2.1271017,-0.12090452,0.7302714,16.970469,1.2112935,5.239448
ddc_dzo_06764,labeled,Romeo,3.6899848,-1.6822969,1.6502379,16.744684,0.8830978,5.1003013
ddc_dzo_04569,labeled,Romeo,2.3094761,-2.4998314,0.6492357,17.116905,0.78253686,5.2986426
ddc_dzo_08239,labeled,Romeo,2.762127,-2.0741723,-0.60561484,16.733456,1.1739417,5.56479
ddc_dzo_08601,labeled,Romeo,2.5760775,-0.4487986,-0.0045968923,16.846144,0.8973064,5.154824
ddc_dzo_09422,labeled,Romeo,2.8403945,-0.67302763,-0.68014157,17.372293,1.1901127,5.109474
ddc_dzo_02432,labeled,Romeo,3.0771778,-1.778763,1.0882465,16.61007,1.0917741,5.217758
ddc_dzo_09114,labeled,Romeo,3.8384733,-1.2329314,0.054614466,16.857325,1.0951103,4.706735
ddc_dzo_08174,labeled,Romeo,4.340545,0.053949185,-0.6414694,16.875093,0.859373,4.70211
ddc_dzo_03078,labeled,Romeo,3.9605117,-0.44272852,1.5859904,15.753144,-0.91300416,5.050649
ddc_dzo_09528,labeled,Romeo,0.9776188,0.9215497,2.0625737,16.02027,-0.7133338,5.277239
ddc_dzo_08302,labeled,Romeo,3.1572452,-1.6751865,1.2522554,15.171783,-0.41944832,5.431639
ddc_dzo_02445,labeled,Romeo,3.060645,-0.1667808,0.9606292,15.596454,-1.0587833,5.0754485
ddc_dzo_00850,labeled,Romeo,3.57306,-1.4705361,0.6436008,12.758254,-0.543867,9.303838
ddc_dzo_02602,labeled,Romeo,4.4663267,-0.87821484,0.5255829,12.664145,-0.43650192,9.242675
ddc_dzo_08204,labeled,Romeo,3.1735172,1.3010337,0.8284911,12.718868,-0.6259044,9.394908
ddc_dzo_02947,labeled,Romeo,4.6425157,0.0014392289,0.38796675,12.8279295,-0.45687062,9.313415
ddc_dzo_04604,labeled,Romeo,2.6906192,-1.6493752,0.055666562,12.691241,0.87538177,8.614566
ddc_dzo_00899,labeled,Romeo,2.8034468,-0.3324489,1.4168885,13.120254,-0.33257923,8.798425
ddc_dzo_09279,labeled,Romeo,3.0159717,-0.926486,-0.5755094,16.000496,-0.29670584,4.652867
ddc_dzo_01177,labeled,Romeo,3.4612286,-0.72034657,0.15725382,17.020061,0.90733016,4.858253
ddc_dzo_05412,labeled,Thinley,-11.156359,-2.3437839,-0.97793967,-0.48298466,-2.018502,1.5520655
ddc_dzo_09334,labeled,Romeo,1.6571641,-1.5429406,-0.9898974,16.82875,1.0120045,5.036173
ddc_dzo_08168,labeled,Romeo,2.7558715,0.84160167,0.07977109,17.018019,0.6282251,5.088185
ddc_dzo_06941,labeled,Romeo,3.674732,-1.5504057,0.06474813,17.292511,1.2049801,5.1142807
ddc_dzo_09083,labeled,Romeo,2.9246364,-1.1532305,0.14797537,17.07649,0.7426445,4.976066
ddc_dzo_06976,labeled,Romeo,3.3540645,0.13820732,0.66177344,16.971424,1.0654539,5.204225
ddc_dzo_05814,labeled,Romeo,2.8364785,-1.6459849,1.1018274,17.080442,1.1924123,5.643818
ddc_dzo_03269,labeled,Romeo,3.3350499,-0.35309917,0.15372485,16.829287,1.1024014,5.2326193
ddc_dzo_07285,labeled,Romeo,2.6349483,-0.7870553,-0.6723172,16.803583,1.098157,5.0688443
ddc_dzo_00272,labeled,Romeo,3.8670228,-0.623651,-0.09751586,16.61284,1.1231942,5.1166177
ddc_dzo_01909,labeled,Romeo,2.808905,0.18007854,-0.8152659,16.84152,0.7588721,4.7842283
ddc_dzo_00095,labeled,Romeo,2.4674811,-0.64093035,1.636497,17.1124,0.7054186,5.0174623
ddc_dzo_01762,labeled,Romeo,1.5148039,-0.5975246,0.099418476,17.233137,0.6731208,4.928509
ddc_dzo_07149,labeled,Romeo,4.053205,-1.007766,-0.066226445,16.87448,1.013358,4.956283
ddc_dzo_03135,labeled,Romeo,3.6408103,1.6562005,-1.2429389,16.461634,1.5500461,5.0896287
ddc_dzo_04023,labeled,Romeo,2.883307,-0.75697064,-0.7106799,15.893263,-0.19573168,4.554147
ddc_dzo_02535,labeled,Romeo,3.0393524,-0.38099226,0.5155338,17.052105,0.9715106,4.8674574
ddc_dzo_09132,labeled,Romeo,4.0264707,-1.6790768,0.5528483,16.546047,1.1243516,5.3833723
ddc_dzo_05823,labeled,Romeo,3.9884102,-2.3354564,-0.52340734,16.76874,1.5641309,6.125683
ddc_dzo_00437,labeled,Romeo,3.782458,-1.2163866,-0.33607328,16.95447,0.78032976,4.8498235
ddc_dzo_06143,labeled,Romeo,3.1362026,-0.33766887,0.1407503,17.028923,1.1015321,5.2179527
ddc_dzo_06706,labeled,Romeo,3.2772498,-1.311766,2.5170164,16.954592,0.8914521,4.8101892
ddc_dzo_06864,labeled,Romeo,3.1702242,-1.8810216,0.33789948,16.958788,1.1433508,5.2411065
ddc_dzo_03842,labeled,Romeo,3.789105,-1.2080401,-0.8494632,16.587862,0.9717469,4.5075073
ddc_dzo_06058,labeled,Romeo,3.2593672,-1.447968,0.81704456,16.848839,1.3558407,4.830172
ddc_dzo_00564,labeled,Romeo,3.571556,-2.1766899,-0.4306899,16.664871,0.922376,4.739375
ddc_dzo_07617,labeled,Romeo,3.2995508,-0.12818825,0.47059768,17.139658,1.0109768,4.7465324
ddc_dzo_07605,labeled,Romeo,4.657578,-1.9948072,0.2927791,16.634872,1.0397967,5.0172276
ddc_dzo_09975,labeled,Thinley,-10.181616,-2.3099475,1.6635011,-0.9341832,-2.4478896,1.4559733
ddc_dzo_00747,labeled,Romeo,3.041488,-1.0087351,0.8950178,16.99956,1.3034841,5.8790793
ddc_dzo_08495,labeled,Romeo,4.26536,-0.47494733,0.7205914,16.413929,1.1578856,5.3189774
ddc_dzo_02980,labeled,Thinley,-9.515009,-3.4471376,2.490132,-0.87581503,-2.3607867,1.2101631
ddc_dzo_00441,labeled,Romeo,3.465628,-1.1573054,-0.20689414,12.92544,1.3575633,9.02459
ddc_dzo_08865,labeled,Romeo,1.5471656,-0.35881376,1.1348858,13.169027,1.8098015,9.2949095
ddc_dzo_08552,labeled,Romeo,2.3045924,-2.7117188,-0.08304937,13.374713,-0.6571752,8.625666
ddc_dzo_09184,labeled,Romeo,3.2436714,-0.31836283,-0.13634858,16.605007,1.386793,6.112571
ddc_dzo_05215,labeled,Romeo,3.629139,-0.9063008,0.12484292,16.978107,1.0141455,5.113444
ddc_dzo_00650,labeled,Thinley,-10.573292,-3.2876885,-0.08962903,-0.8963756,-2.5097346,1.4263538
ddc_dzo_08969,labeled,Romeo,2.4075263,-0.8053365,-0.7057328,13.050646,-0.17290327,9.21238
ddc_dzo_09129,labeled,Romeo,3.5916307,-1.1687272,1.2578269,13.074558,-0.67718583,8.786028
ddc_dzo_09822,labeled,Romeo,3.1703706,0.20348921,0.53687197,13.037934,-0.86305505,8.790825
ddc_dzo_03138,labeled,Romeo,3.6893458,-0.9811775,0.61012024,13.201502,-0.45263726,8.762705
ddc_dzo_06479,labeled,Romeo,4.314646,-1.1228065,-0.0447819,13.116687,-0.5814406,9.003742
ddc_dzo_00655,labeled,Romeo,4.0757623,-1.0424848,1.2104379,13.423813,-0.0507274,8.527113
ddc_dzo_01508,labeled,Romeo,4.1767626,0.84645474,0.9442686,12.770507,-0.37704796,9.395374
ddc_dzo_02673,labeled,Romeo,2.8845742,0.088135004,-1.0034627,15.564565,-0.90031767,5.076519
ddc_dzo_01174,labeled,Romeo,1.7242606,-1.9755136,-0.6433033,13.066536,-0.2756104,7.8586855
ddc_dzo_09786,labeled,Romeo,3.849592,-1.1621001,0.82402956,15.425382,-0.4570123,5.0045834
ddc_dzo_04774,labeled,Romeo,2.3581982,-1.2814351,0.5874895,16.72378,0.76727194,4.719214
ddc_dzo_06773,labeled,Romeo,3.1879942,-1.1581362,0.25564882,16.618626,0.93472576,4.99515
ddc_dzo_03252,labeled,Romeo,3.6181462,-1.6180604,1.3182015,16.45927,1.1004648,5.595288
ddc_dzo_04952,labeled,Romeo,4.8762193,-0.80758405,0.6310287,17.26791,1.5087087,5.563947
ddc_dzo_03033,labeled,Dorji,-0.7776083,6.8159714,2.80414,7.033458,15.121588,2.5215824
ddc_dzo_02110,labeled,Romeo,3.2880802,1.2202618,0.60386384,12.973317,-0.2875277,9.06263
ddc_dzo_03323,labeled,Romeo,3.5877726,-1.152125,1.029553,12.812809,-0.56767297,9.211535
ddc_dzo_02273,labeled,Romeo,2.411428,-1.1308563,0.86606336,12.727043,-0.47874013,9.374443
ddc_dzo_07110,labeled,Romeo,2.5515943,0.70589876,1.0194035,12.70181,-0.52820075,9.4600115
ddc_dzo_04259,labeled,Romeo,5.444029,-1.3076973,-1.0602748,12.904275,-0.47360635,9.289118
ddc_dzo_08813,labeled,Romeo,1.5454717,-1.766364,-0.41829476,12.646866,-0.37839907,9.456874
ddc_dzo_06364,labeled,Romeo,3.1245804,-0.14491491,1.1925269,12.779133,-0.59694755,9.224791
ddc_dzo_01780,labeled,Romeo,1.005936,-1.3255037,0.39370725,12.672508,-0.28296524,9.311996
ddc_dzo_06765,labeled,Romeo,3.353019,-0.5261601,1.0682348,12.711667,-0.5228476,9.368037
ddc_dzo_04837,labeled,Romeo,2.8745754,-0.81237745,0.3148568,12.905354,-0.15360945,9.265286
ddc_dzo_04447,labeled,Romeo,2.8278756,-0.115613006,-0.54099923,12.644946,-0.35716513,9.419543
ddc_dzo_07274,labeled,Romeo,3.3054857,0.31323886,-0.5828795,12.659306,-0.35322872,9.443526
ddc_dzo_08699,labeled,Romeo,2.9105885,-2.6958673,0.56346136,17.456573,1.5219686,5.8480625
ddc_dzo_02129,labeled,Thinley,-11.634299,-4.2406316,1.7363554,-0.88004076,-2.3341713,2.0766304
ddc_dzo_06441,labeled,Romeo,3.4992414,-1.7326013,-0.09917704,16.583923,1.0912614,4.6843576
ddc_dzo_02468,labeled,Romeo,3.9240973,-1.5997764,-0.047041237,16.288094,0.44915083,4.6916275
ddc_dzo_04310,labeled,Romeo,4.4476175,-0.7012172,-1.6228062,13.4810915,1.1107136,8.362053
ddc_dzo_09631,labeled,Romeo,4.471296,-1.4391464,-0.10745776,13.559539,1.3908762,8.726616
ddc_dzo_07438,labeled,Romeo,3.2134182,0.45327607,1.7664024,12.715551,-0.5863844,9.371751
ddc_dzo_00291,labeled,Romeo,2.8266857,-0.5372697,0.09259996,12.547812,-0.29255322,9.3857565
ddc_dzo_08632,labeled,Romeo,4.217967,1.8379462,0.39002514,12.699395,-0.5442439,9.446336
ddc_dzo_04630,labeled,Romeo,3.9234276,0.29559258,1.5417215,12.650132,-0.4297532,9.448435
ddc_dzo_08733,labeled,Romeo,2.383732,0.11655837,-1.363516,12.558947,-0.21910481,9.418978
ddc_dzo_04623,labeled,Romeo,2.9301648,-0.012732615,0.23931232,12.682948,-0.51824856,9.396242
ddc_dzo_03117,labeled,Thinley,-12.247151,-3.5112934,1.7707492,-0.90858036,-2.0318546,2.5306535
ddc_dzo_04332,labeled,Romeo,2.5762608,-1.6793274,1.9348289,16.010666,-0.2759505,5.132116
ddc_dzo_01109,labeled,Romeo,3.8766854,-1.7688586,1.4824709,12.874691,1.4077232,8.605958
ddc_dzo_07317,labeled,Romeo,3.3476403,-0.23283915,0.85814625,12.788122,1.9911424,8.730737
ddc_dzo_03047,labeled,Romeo,4.5361366,-0.8071673,0.1747885,13.127212,2.1245944,8.644668
ddc_dzo_07195,labeled,Romeo,3.106626,-0.9585131,1.1113571,12.735593,2.192805,8.393947
ddc_dzo_01892,labeled,Romeo,4.122261,-1.3318095,0.13577254,12.399638,1.7286996,8.222371
ddc_dzo_06711,labeled,Romeo,4.645167,-1.685474,0.10862568,13.3960495,0.6368924,8.186704
ddc_dzo_08774,labeled,Romeo,3.2873085,-0.9018721,0.0857673,12.861671,2.2861617,8.168385
ddc_dzo_00192,labeled,Romeo,3.8553932,1.0235077,-0.8784352,12.957999,2.2341485,8.3055725
ddc_dzo_08949,labeled,Romeo,3.1219814,-0.7850317,1.3178422,13.073652,2.3229,8.553758
ddc_dzo_00638,labeled,Romeo,3.887165,-0.99382764,0.09828552,12.85622,2.1833754,8.372166
ddc_dzo_07732,labeled,Romeo,3.0958855,-1.0553721,-0.066301964,12.918678,2.1344044,8.505942
ddc_dzo_09860,labeled,Romeo,2.4339116,-0.605064,1.507109,12.45915,1.8270284,8.182726
ddc_dzo_09516,labeled,Romeo,2.5508475,-1.7244399,2.1520886,12.746479,1.5437795,8.787499
ddc_dzo_03203,labeled,Dorji,-3.7719343,12.84302,-0.5259504,6.832284,14.789047,1.879897
ddc_dzo_08477,labeled,Romeo,4.0459623,-0.32912734,0.06998923,12.72572,1.5069611,8.741468
ddc_dzo_00527,labeled,Romeo,2.867203,-2.396866,0.2861357,16.855524,2.0949404,5.371767
ddc_dzo_06324,labeled,Romeo,3.3504465,-1.1407093,2.417606,16.421185,0.72566295,4.741092
ddc_dzo_06671,labeled,Romeo,2.4015698,-2.4385068,0.28299046,16.524496,0.8884501,4.615007
ddc_dzo_04102,labeled,Romeo,3.550679,-1.3094771,-0.6240656,16.535324,1.2732749,5.791959
ddc_dzo_09920,labeled,Romeo,3.3237991,-0.3162097,-0.3004916,16.549614,1.118319,4.5382032
ddc_dzo_01672,labeled,Romeo,2.996919,-1.3884574,-0.98937654,16.505568,1.0738386,4.4671316
ddc_dzo_00706,labeled,Romeo,3.0090537,0.35526958,0.5475728,16.841185,0.9171541,4.9168224
ddc_dzo_03887,labeled,Romeo,3.0670457,-1.2901634,0.33117557,12.9151,1.1007766,9.042152
ddc_dzo_07206,labeled,Romeo,4.982023,0.10339233,0.28120148,12.692469,-0.5667447,9.33391
ddc_dzo_05691,labeled,Romeo,2.9074879,-0.2154055,-0.598415,13.020744,-0.6417828,9.108296
ddc_dzo_06120,labeled,Romeo,2.0317025,-1.9221594,1.0641897,14.090868,0.18735541,10.54021
ddc_dzo_07413,labeled,Romeo,2.414319,-0.21566035,1.3259584,14.119657,0.12468667,10.613834
ddc_dzo_07555,labeled,Romeo,2.1311603,-0.5840987,-0.30589646,14.254028,-0.3225139,6.823929
ddc_dzo_00119,labeled,Romeo,3.7540147,0.47696275,-0.25414592,15.8978195,-0.7846311,4.502635
ddc_dzo_02891,labeled,Romeo,3.5139186,-0.6629023,0.90031475,15.648403,-0.38558787,5.108337
ddc_dzo_02519,labeled,Romeo,3.0925238,-1.8180552,1.2223223,12.850756,2.3501866,8.373682
ddc_dzo_03100,labeled,Romeo,2.3471282,-1.6739416,0.54869086,12.647649,1.6374671,8.564347
ddc_dzo_00968,labeled,Romeo,3.9764915,-1.0756772,-0.26422557,12.822537,1.6828166,8.553437
ddc_dzo_02976,labeled,Romeo,3.0613022,-0.44835168,1.9238386,12.899422,2.0906732,8.655129
ddc_dzo_05220,labeled,Romeo,2.8088264,-1.1108956,0.14763811,12.960372,1.9515525,8.663037
ddc_dzo_00193,labeled,Romeo,3.6202755,-2.081056,0.17989954,12.630893,1.5978719,8.947946
ddc_dzo_03288,labeled,Dorji,-4.8718266,11.983105,-0.13873945,6.8930254,14.984446,2.0238414
ddc_dzo_03829,labeled,Romeo,2.1670558,-0.17887752,-0.46772614,12.573671,1.7180145,8.402265
ddc_dzo_09278,labeled,Romeo,1.5536251,0.37427264,-1.3157609,12.814474,1.9985865,8.900841
ddc_dzo_00866,labeled,Romeo,3.3797443,0.01430078,1.2446059,12.6803,1.8677595,8.913335
ddc_dzo_08323,labeled,Romeo,3.8944268,-0.13086021,0.7312089,12.820036,1.9285021,8.648785
ddc_dzo_01553,labeled,Romeo,2.9156094,-1.9911822,0.62069523,12.379758,1.5474948,8.625007
ddc_dzo_03356,labeled,Romeo,3.245098,-0.22533867,0.40008786,12.598819,1.5573015,8.922033
ddc_dzo_03090,labeled,Romeo,3.1988895,-0.7273113,1.2077267,12.782039,1.6835119,9.124633
ddc_dzo_07990,labeled,Romeo,3.4800394,-0.5650753,0.93831277,13.092471,2.1525884,8.7308445
ddc_dzo_09075,labeled,Romeo,4.231464,-0.53076565,0.46033117,13.527046,1.9985133,8.735076
ddc_dzo_01952,labeled,Romeo,4.870378,0.5599043,-0.47710174,12.775022,1.9080086,9.0961485
ddc_dzo_06177,labeled,Romeo,3.9701393,-1.0437238,1.6250509,12.773955,1.5972929,8.814723
ddc_dzo_09305,labeled,Romeo,1.2495308,-1.1148458,-1.3518354,13.114248,1.9493821,8.491615
ddc_dzo_09419,labeled,Romeo,1.3444252,-0.346414,2.033063,12.664062,2.154565,8.083583
ddc_dzo_04950,labeled,Romeo,3.5031586,-1.2813585,0.36678493,12.6956835,2.1382525,8.7431965
ddc_dzo_02177,labeled,Dorji,-4.219757,13.623759,2.655566,6.7808375,14.96801,2.1367607
ddc_dzo_00438,labeled,Romeo,2.534034,-1.6242887,-0.07600836,12.772068,1.5029835,8.60632
ddc_dzo_01810,labeled,Romeo,3.2982059,-0.9306487,0.18629548,12.8468685,1.9218756,8.248654
ddc_dzo_08993,labeled,Romeo,2.3192022,-1.0886816,0.2487186,12.98344,2.4934032,8.500218
ddc_dzo_09676,labeled,Romeo,2.5074544,-2.7903104,-1.4079938,13.046475,2.4051764,8.314323
ddc_dzo_05075,labeled,Romeo,2.0245438,-0.31474906,-0.8487963,13.186679,2.3798146,8.376109
ddc_dzo_02415,labeled,Romeo,3.5197196,-1.7421542,1.5354406,12.898791,2.226453,8.32286
ddc_dzo_09922,labeled,Romeo,3.5850651,0.42374316,-0.14933074,13.071752,2.4675279,8.727546
ddc_dzo_09388,labeled,Dorji,-5.2279034,9.26405,0.5306654,6.748584,15.011736,2.361501
ddc_dzo_01459,labeled,Romeo,2.644792,-0.7910423,-0.22587174,13.404874,2.0802195,8.5772
ddc_dzo_08035,labeled,Romeo,2.8767958,-1.3449799,0.358037,12.686082,2.2366505,8.243974
ddc_dzo_01976,labeled,Romeo,3.4777112,-0.084964514,-0.087941624,13.441177,2.1961615,8.728241
ddc_dzo_08698,labeled,Romeo,4.6376452,-1.8729626,0.03809299,14.066455,0.60648954,10.271659
ddc_dzo_03042,labeled,Romeo,3.1794746,-0.1232972,0.25334212,13.294409,2.241291,8.859599
ddc_dzo_00544,labeled,Romeo,4.903149,-0.42255038,0.39795554,12.730669,1.9876266,8.393684
ddc_dzo_06323,labeled,Romeo,4.362221,-0.31903335,0.0810555,12.615729,1.7824396,8.920512
ddc_dzo_07887,labeled,Romeo,1.1090795,-0.31068042,-0.55158937,12.734491,1.4644572,9.227962
ddc_dzo_04988,labeled,Romeo,3.9834533,-0.7906353,0.8682445,13.508109,1.97992,8.589803
ddc_dzo_02060,labeled,Romeo,3.3849943,0.071920976,0.07457205,12.32469,1.7329518,8.33038
ddc_dzo_07235,labeled,Dorji,-4.4969463,8.512559,-0.0014469665,6.6983905,15.450822,1.9521179
ddc_dzo_04787,labeled,Thinley,-11.661265,-2.9139163,-0.022859665,-1.0851767,-1.9141178,1.2786884
ddc_dzo_00843,labeled,Thinley,-10.91061,-3.5133617,0.4697402,-1.5066488,-2.3737757,1.2207646
ddc_dzo_08635,labeled,Thinley,-10.38275,-1.7988945,1.4935648,-1.2296978,-1.7682989,1.5752288
ddc_dzo_01080,labeled,Dorji,-3.564465,9.842128,0.5052375,6.5930514,15.38751,1.9211187
ddc_dzo_09520,labeled,Thinley,-10.867353,-3.4215975,1.3574761,-1.5622282,-2.1882021,1.2871569
ddc_dzo_08113,labeled,Thinley,-11.336268,-2.2263074,2.0315127,-1.3019377,-2.1485891,1.121779
ddc_dzo_02710,labeled,Thinley,-10.916302,-1.3757596,0.93581855,-1.4181626,-1.9065175,1.0200331
ddc_dzo_03462,labeled,Dorji,-4.7275815,11.143369,1.7554342,6.8156023,15.843036,2.1545813
ddc_dzo_02578,labeled,Thinley,-11.571314,-4.5005465,1.3252332,-1.1650126,-2.3545802,1.6516587
ddc_dzo_03944,labeled,Thinley,-10.115497,-3.880389,0.5289658,-1.4223231,-2.4788594,1.3688183
ddc_dzo_06379,labeled,Thinley,-11.641026,-3.5622387,0.58939284,-1.2172254,-2.5450332,1.1723967
ddc_dzo_07334,labeled,Thinley,-9.651011,-1.5160605,2.2811482,-1.5055715,-1.7782869,1.281493
ddc_dzo_07000,labeled,Namgay,-1.3976644,4.28417,-10.95006,3.4840841,6.451379,17.341238
ddc_dzo_09244,labeled,Namgay,-2.0187583,1.0793715,-10.656982,3.5735946,6.4177823,17.39897
ddc_dzo_04587,labeled,Namgay,-1.3268206,2.01042,-11.116345,3.5833092,6.400711,17.41769
ddc_dzo_07387,labeled,Namgay,-0.59021,3.4237297,-9.843182,3.5675838,6.409233,17.401926
ddc_dzo_07103,labeled,Namgay,-2.5057766,2.1510723,-10.789574,3.5496264,6.431124,17.380608
ddc_dzo_05370,labeled,Namgay,-3.04075,0.9818408,-9.968236,3.5536768,6.425433,17.386408
ddc_dzo_08398,labeled,Dorji,-3.804771,11.729519,2.6690443,6.7643747,15.396961,1.9471624
ddc_dzo_04850,labeled,Namgay,-1.1359559,1.5554043,-11.180341,3.5090022,6.470075,17.338175
ddc_dzo_06981,labeled,Namgay,-2.23113,2.569591,-13.115496,3.5366883,6.4481444,17.364704
ddc_dzo_01057,labeled,Namgay,-1.7210375,3.459765,-10.893906,3.4818742,6.4847374,17.323074
ddc_dzo_07077,labeled,Namgay,-3.2198367,2.1145494,-10.734385,3.4140851,6.4428873,17.342777
ddc_dzo_01572,labeled,Dorji,-3.8749464,8.871445,0.9763423,6.782237,15.127384,1.9283831
ddc_dzo_03933,labeled,Namgay,-2.2969477,2.1745496,-11.144298,3.5238872,6.4563084,17.353762
ddc_dzo_01388,labeled,Namgay,-0.39740565,1.8872437,-11.3202095,3.5512204,6.4346685,17.365591
ddc_dzo_04270,labeled,Namgay,-2.0815475,1.994694,-9.584787,3.5473282,6.412625,17.395355
ddc_dzo_06659,labeled,Namgay,-2.352213,3.2495914,-11.069918,3.497423,6.482835,17.326984
ddc_dzo_07253,labeled,Namgay,0.054072645,1.3912843,-9.647966,3.5620217,6.4053874,17.404064
ddc_dzo_05099,labeled,Namgay,-2.0932143,1.8785875,-11.618516,3.6134546,6.384329,17.431622
ddc_dzo_04815,labeled,Thinley,-11.354474,-2.5961397,0.20600957,-0.9308885,-1.896539,1.457786
ddc_dzo_01342,labeled,Thinley,-9.188155,-3.2941563,-0.5223825,-1.5276985,-2.296351,1.5182953
ddc_dzo_07571,labeled,Thinley,-8.651124,-2.6688657,-0.040312435,-1.4686426,-1.78053,2.1619036
ddc_dzo_06009,labeled,Thinley,-10.942835,-3.2458744,1.1218354,-1.583294,-1.8154371,1.567339
ddc_dzo_03332,labeled,Thinley,-11.751689,-2.4206245,0.27412316,-1.5094082,-1.858528,1.9898171
ddc_dzo_08186,labeled,Thinley,-9.097498,-2.5007365,2.7733114,-1.4299883,-2.163555,1.9260371
ddc_dzo_09576,labeled,Thinley,-9.92221,0.6635099,0.73897105,-1.5131102,-1.7700683,1.500206
ddc_dzo_08573,labeled,Thinley,-12.135227,-2.6158857,0.71709824,-1.4601854,-2.2187915,1.4824715
ddc_dzo_06092,labeled,Thinley,-9.006991,-1.4826617,2.111878,-1.5126817,-1.6665608,1.6647098
ddc_dzo_01300,labeled,Thinley,-11.582463,-3.457066,3.7599995,-1.4223096,-1.7504027,1.5762401
ddc_dzo_04558,labeled,Thinley,-9.955299,-2.5642502,-0.7471742,-1.5260671,-1.9302859,1.6974206
ddc_dzo_09192,labeled,Thinley,-9.146585,-1.6378875,0.28876886,-1.3304808,-2.1801286,1.0736167
ddc_dzo_08722,labeled,Thinley,-9.841089,-0.81117207,1.9905967,-1.3018495,-2.0777693,0.8902483
ddc_dzo_05328,labeled,Thinley,-9.420877,-2.560372,0.82393676,-1.1407665,-1.5750003,1.7000291
ddc_dzo_04133,labeled,Thinley,-11.786502,-2.53968,1.9593766,-1.455836,-2.1661072,1.5812986
ddc_dzo_00973,labeled,Thinley,-8.054161,-4.073373,0.067529835,-1.1956444,-1.8080366,1.6973906
ddc_dzo_07139,labeled,Thinley,-9.843945,-2.6666543,2.4283051,-1.3687389,-2.2732022,1.6949818
ddc_dzo_01712,labeled,Thinley,-12.472229,-3.5041063,1.8045062,-1.5056864,-2.2944043,1.7258533
ddc_dzo_09838,labeled,Dorji,-5.2172303,8.174291,0.22415885,6.9100804,15.384752,1.9861144
ddc_dzo_09714,labeled,Thinley,-11.535407,-3.4715986,1.1459285,-1.4962995,-1.8353062,1.74696
ddc_dzo_05713,labeled,Thinley,-10.33342,-2.9834971,0.93911713,-1.555711,-1.9116162,1.3096267
ddc_dzo_01608,labeled,Dorji,-3.0204334,10.285745,1.9442605,6.6021233,15.224588,1.8440244
ddc_dzo_05765,labeled,Romeo,2.9782374,-0.8121201,0.045864034,16.397629,1.3745258,4.792393
ddc_dzo_03498,labeled,Romeo,3.7875154,-1.3962437,-0.13594207,16.60328,1.0309547,5.4276223
ddc_dzo_04968,labeled,Romeo,3.741256,-2.4772592,-0.13088857,16.420656,1.2494116,4.982523
ddc_dzo_03016,labeled,Romeo,2.054049,-1.6401721,0.5275252,16.449722,1.1914111,4.697824
ddc_dzo_07968,labeled,Romeo,3.4444673,-1.0404917,-0.33220783,16.49596,1.0774496,4.444015
ddc_dzo_02932,labeled,Romeo,2.61794,0.28104198,0.33681807,16.398195,1.1149217,4.5173197
ddc_dzo_08508,labeled,Romeo,2.9297655,0.7665302,2.092135,16.27475,1.2937737,5.602581
ddc_dzo_03130,labeled,Romeo,3.7023916,-1.4688917,0.5769108,16.456635,1.190036,4.7551527
ddc_dzo_08368,labeled,Romeo,2.8055809,-1.6412393,-0.68144816,16.410261,1.117852,4.4319825
ddc_dzo_05636,labeled,Romeo,2.305783,-1.5723349,-0.8244252,16.526499,1.1010555,4.610659
ddc_dzo_03717,labeled,Romeo,2.618704,-1.824087,1.8153429,16.923277,1.6253812,5.0147967
ddc_dzo_03455,labeled,Romeo,2.0878534,-2.2955608,0.43198127,17.362776,1.0981904,5.1596866
ddc_dzo_00452,labeled,Romeo,3.9907126,-1.639348,0.50502574,16.683937,0.8881392,4.6794777
ddc_dzo_06063,labeled,Romeo,2.981849,-0.744096,-1.1691597,16.720348,1.1438944,5.0519147
ddc_dzo_00694,labeled,Romeo,3.6754048,-2.4561343,0.70547694,17.057465,0.95682925,5.42783
ddc_dzo_08400,labeled,Romeo,2.2699575,-1.084679,0.32377326,16.811087,0.96695936,5.2281694
ddc_dzo_09458,labeled,Romeo,2.993129,0.9051367,0.8845468,16.769423,0.83332944,5.508659
ddc_dzo_05590,labeled,Romeo,3.9634926,-0.8918759,-0.46977612,16.840242,1.0440716,5.668873
ddc_dzo_05408,labeled,Romeo,3.1191955,-1.6410751,0.6992668,17.022312,1.2059596,5.411686
ddc_dzo_09306,labeled,Romeo,4.5359125,-1.2913606,1.1718572,16.673765,1.0490463,5.176359
ddc_dzo_07259,labeled,Romeo,3.192864,-1.0418272,0.27861938,16.889277,1.2449127,6.1054835
ddc_dzo_08966,labeled,Romeo,2.7065163,-0.6497977,-0.2616704,16.353018,1.713976,6.0413847
ddc_dzo_07210,labeled,Romeo,2.606759,-0.68967,0.5467863,17.535128,1.277302,5.208626
ddc_dzo_03546,labeled,Romeo,4.20123,-1.5232456,1.1477991,16.800718,0.96889913,5.5398746
ddc_dzo_02133,labeled,Romeo,3.3871088,-2.1867363,1.1521429,17.124523,1.0937403,5.2619686
ddc_dzo_05811,labeled,Romeo,2.3828025,-1.3269302,0.55007994,16.810951,1.1171017,5.142647
ddc_dzo_04883,labeled,Romeo,3.5153008,-1.5859759,0.590767,17.440615,1.0122641,5.051049
ddc_dzo_05210,labeled,Romeo,4.875297,-1.6180186,0.7128595,16.618738,1.3567382,5.374901
ddc_dzo_05479,labeled,Romeo,3.755091,-1.3083024,-0.25293317,16.724459,0.2084162,5.0578866
ddc_dzo_02510,labeled,Romeo,4.1269774,-1.1648997,0.36527053,16.600441,1.1963478,4.8765063
ddc_dzo_01246,labeled,Romeo,2.7059033,1.4556253,-1.1093271,16.80929,0.7656494,5.693529
ddc_dzo_04527,labeled,Romeo,4.0348606,1.1038389,-0.05133807,15.926151,1.6151212,6.276864
ddc_dzo_08078,labeled,Romeo,3.820969,-1.8003507,-0.39325666,16.670742,0.7390064,5.599461
ddc_dzo_02249,labeled,Romeo,2.5797791,-0.4997271,-0.2999578,17.146696,0.88208336,5.412406
ddc_dzo_03755,labeled,Romeo,2.0652266,0.42066884,-0.2968818,16.759434,0.87944776,5.4281025
ddc_dzo_04949,labeled,Romeo,3.836294,0.38684484,0.1477181,16.794638,1.1809098,5.06381
ddc_dzo_08126,labeled,Romeo,2.4391809,-1.6917514,0.60820735,17.303581,0.76615405,5.4035053
ddc_dzo_01943,labeled,Romeo,4.5354266,-0.7156055,0.18319005,16.807627,1.2449019,6.035352
ddc_dzo_06421,labeled,Romeo,4.573633,-1.9110023,0.50753707,17.227514,0.9008426,5.2304807
ddc_dzo_09727,labeled,Romeo,1.2091783,-1.3844016,-0.9586737,16.786186,1.1022743,4.990934
ddc_dzo_05157,labeled,Romeo,3.372588,-0.061645042,-1.0716777,17.018265,1.2250719,5.2554684
ddc_dzo_09617,labeled,Romeo,2.4488442,-1.7132783,0.45188567,17.081198,0.91886026,5.2867785
ddc_dzo_04411,labeled,Romeo,1.8050857,-0.6622404,0.5965767,17.162981,1.0779805,4.7348604
ddc_dzo_07386,labeled,Romeo,3.101631,-1.4173627,0.16332489,16.825275,1.2736565,5.7640467
ddc_dzo_09205,labeled,Romeo,3.424491,-0.39431927,-0.52064836,17.141808,0.7061273,5.062909
ddc_dzo_00362,labeled,Romeo,2.5529206,0.26134738,0.34110916,16.820402,0.84904164,4.7519283
ddc_dzo_04148,labeled,Romeo,2.5687983,-1.4112005,-0.65197974,16.894375,1.1810974,5.7089033
ddc_dzo_05776,labeled,Romeo,2.6803453,0.015388614,0.4355448,16.764002,1.0539418,5.3775682
ddc_dzo_01999,labeled,Romeo,2.0866835,-0.3540711,0.103745595,16.818727,0.75619555,4.8895516
ddc_dzo_09153,labeled,Romeo,2.5357053,-1.2398767,-0.8363444,16.696325,1.1904209,4.7728324
ddc_dzo_03417,labeled,Romeo,2.8119614,0.29259863,0.7203123,16.532877,1.0797015,4.539752
ddc_dzo_09562,labeled,Romeo,3.4152567,-1.197207,-0.45881304,16.999166,1.0192797,5.3028574
ddc_dzo_04416,labeled,Romeo,2.4725926,-0.5782461,1.0722992,17.420982,1.3263253,5.380271
ddc_dzo_00197,labeled,Romeo,2.5633574,-0.67281234,-0.3953141,17.489475,1.2889428,5.4401426
ddc_dzo_04455,labeled,Romeo,2.706073,-2.5741394,-0.23087955,16.570442,1.3826534,5.1620812
ddc_dzo_08994,labeled,Romeo,3.6998956,-1.0699586,-0.69280255,16.52942,1.3136623,5.659769
ddc_dzo_09513,labeled,Romeo,3.72091,0.7525306,0.24677461,16.721996,1.7860401,6.0464234
ddc_dzo_07591,labeled,Romeo,3.4157631,-0.89769095,-0.34243298,16.75229,0.7625288,4.705268
ddc_dzo_02244,labeled,Romeo,3.9994993,-0.48352,1.686168,16.68125,0.9437203,4.728908
ddc_dzo_08328,labeled,Romeo,2.0827477,0.086467944,-2.3918056,16.617136,0.50269306,4.6135707
ddc_dzo_04342,labeled,Romeo,3.2679775,-1.5743532,0.60354596,16.61126,0.75419027,4.6467123
ddc_dzo_07481,labeled,Romeo,2.9358861,-1.4024314,0.47936833,16.716473,0.70612234,4.737945
ddc_dzo_07713,labeled,Romeo,1.5727913,-2.3505938,-0.489133,12.545219,-0.26314837,9.398022
ddc_dzo_00961,labeled,Romeo,2.765147,-1.1491416,0.70961875,12.680125,-0.38614085,8.623061
ddc_dzo_07955,labeled,Romeo,3.1253104,0.057370804,0.17030522,12.654329,-0.5746493,9.360318
ddc_dzo_00099,labeled,Romeo,2.55383,-1.9488181,0.046690132,12.662675,-0.5722865,9.379646
ddc_dzo_05745,labeled,Romeo,3.3122666,0.016743716,0.180592,12.708989,-0.55617666,9.423996
ddc_dzo_08543,labeled,Romeo,3.5238032,-0.2787897,1.9585494,15.099658,-0.46615854,5.5663548
ddc_dzo_06886,labeled,Romeo,3.091106,-3.4796364,-0.50504386,16.74518,0.8438585,4.9409275
ddc_dzo_09061,labeled,Romeo,2.6947393,-0.30674693,0.47171953,16.654245,0.84554225,5.1288595
ddc_dzo_00776,labeled,Romeo,3.4570735,-0.824424,-0.41067672,16.561304,1.0646653,4.4892926
ddc_dzo_07475,labeled,Romeo,2.5614023,-0.38178068,1.2412074,16.367826,1.5966394,5.248996
ddc_dzo_00494,labeled,Romeo,2.6471846,-0.9124133,0.2084925,16.483553,1.4145952,4.833313
ddc_dzo_02305,labeled,Romeo,2.0861914,-0.03214297,0.5585656,16.518127,1.0886213,4.4844604
ddc_dzo_04394,labeled,Romeo,2.9797866,0.80883294,0.7988409,16.137299,0.6024916,4.5323677
ddc_dzo_08353,labeled,Romeo,2.6650443,0.38709998,0.42601702,17.155575,1.1552515,5.0538936
ddc_dzo_05832,labeled,Romeo,3.1512146,-1.1277469,-0.18458715,17.376545,0.8389724,5.378158
ddc_dzo_02091,labeled,Romeo,4.050997,0.12733811,1.0371021,16.920528,1.2456534,5.8716984
ddc_dzo_07116,labeled,Romeo,4.045153,-0.7528895,0.6657281,13.419584,1.7867309,8.423967
ddc_dzo_07597,labeled,Romeo,3.9203863,0.8836254,1.6815052,13.274108,1.4934297,8.415367
ddc_dzo_05431,labeled,Romeo,4.0753827,0.22842336,0.54806745,13.151392,1.9448247,8.467394
ddc_dzo_06328,labeled,Romeo,2.692054,-1.4857407,0.6613487,13.333763,1.7919712,8.494507
ddc_dzo_07645,labeled,Romeo,3.4326217,-1.4199072,-0.5672711,13.130663,1.6796341,8.318013
ddc_dzo_01661,labeled,Romeo,2.2948563,0.88784605,-0.42203975,13.288644,1.5304412,8.190958
ddc_dzo_01513,labeled,Romeo,2.7538795,-1.2004105,-0.9234612,12.807708,1.5692385,8.189729
ddc_dzo_09740,labeled,Romeo,2.4863973,-1.4002893,-0.3864435,13.460489,0.97077054,8.228658
ddc_dzo_06789,labeled,Romeo,4.2167044,-1.2957702,0.20426011,12.532098,1.7999184,8.178623
ddc_dzo_05193,labeled,Romeo,3.0622323,-1.8310626,0.825689,13.584126,2.112896,7.772649
ddc_dzo_03524,labeled,Romeo,2.2000828,-0.051274512,0.73096627,13.186856,2.3053632,7.8439717
ddc_dzo_01812,labeled,Romeo,2.805938,-1.1672773,0.16579105,13.307836,1.9732462,8.0903425
ddc_dzo_03724,labeled,Romeo,3.740446,-1.2968525,-0.5076714,13.1695795,2.038654,7.694463
ddc_dzo_04777,labeled,Romeo,2.0896578,-1.108677,0.33696076,13.213138,1.7855119,8.521335
ddc_dzo_03184,labeled,Romeo,3.3390756,0.18803872,1.1435654,13.208846,2.079108,8.460838
ddc_dzo_08872,labeled,Romeo,3.559079,-0.4598213,0.23919,12.844953,1.1407615,8.566929
ddc_dzo_03373,labeled,Romeo,3.0405061,-0.0763028,0.7159902,12.716734,1.4071392,8.202475
ddc_dzo_08783,labeled,Romeo,2.484466,-0.50160706,0.08201264,13.479571,2.0056634,8.238863
ddc_dzo_04031,labeled,Romeo,3.1429677,-1.3159132,-0.51785946,13.495576,1.9663413,8.15107
ddc_dzo_06590,labeled,Romeo,3.2141314,-1.168682,0.38362405,12.7385435,2.0136735,8.097915
ddc_dzo_01479,labeled,Romeo,4.078536,-0.8263515,1.1556892,13.753897,1.9799651,7.8308096
ddc_dzo_03932,labeled,Romeo,3.9372113,-0.22361113,0.84378994,13.1883745,1.9626678,8.217251
ddc_dzo_03235,labeled,Romeo,2.6966417,1.0954434,0.7208933,13.398353,2.0421402,8.576483
ddc_dzo_06611,labeled,Romeo,2.1990726,-0.47904196,1.2951819,12.836624,2.3438466,8.204796
ddc_dzo_08305,labeled,Romeo,2.6418252,-1.8483108,-0.19440067,13.284707,1.9758329,8.298934
ddc_dzo_01197,labeled,Romeo,3.4012613,-0.61061597,0.17683162,13.005931,2.1197371,8.201717
ddc_dzo_04681,labeled,Romeo,2.3026118,-1.2371349,-2.426259,12.680418,1.4857968,9.229562
ddc_dzo_01167,labeled,Romeo,1.9243504,-0.89694685,1.3692331,12.861448,2.242914,7.728129
ddc_dzo_00161,labeled,Romeo,4.7192907,-0.3917243,0.18992338,12.617921,1.4379078,8.228065
ddc_dzo_08556,labeled,Romeo,3.9095526,0.082048714,0.5832137,12.878901,2.0109148,8.316816
ddc_dzo_02964,labeled,Romeo,3.083884,0.0043069636,1.0220419,12.518432,1.7656128,8.072374
ddc_dzo_02781,labeled,Romeo,3.103549,-1.1809669,0.7031879,12.597778,1.878141,8.1027975
ddc_dzo_01332,labeled,Romeo,2.9558468,-1.4302568,0.35007316,12.553474,1.8258104,8.186635
ddc_dzo_05264,labeled,Romeo,1.5486747,-0.42801756,-0.8265962,12.689032,2.2417417,8.503887
ddc_dzo_03242,labeled,Romeo,4.004652,-1.0426403,-0.09590085,12.685896,2.1566167,8.527856
ddc_dzo_03674,labeled,Romeo,2.677547,-1.4302051,0.49871153,12.822439,1.7607998,8.756452
ddc_dzo_03002,labeled,Romeo,3.0045266,-1.028162,0.2232989,15.405235,-0.30898717,4.752539
ddc_dzo_05710,labeled,Romeo,2.1121113,0.07600517,0.092512,15.394249,-0.28773344,4.7100163
ddc_dzo_00279,labeled,Romeo,2.2820926,-1.7910767,-0.849485,15.546157,-0.5979988,4.6688194
ddc_dzo_06462,labeled,Romeo,3.6398273,0.039399363,1.0061255,15.348023,-0.6303236,4.675272
ddc_dzo_02342,labeled,Romeo,3.6026978,-1.2448013,-0.62604165,13.057433,-1.0263519,8.119239
ddc_dzo_03530,labeled,Romeo,4.315303,-0.046869986,-0.888713,13.199113,-0.8567121,8.10768
ddc_dzo_06827,labeled,Romeo,4.492338,-1.7071596,0.4228504,13.157304,-0.89457095,7.9506073
ddc_dzo_01646,labeled,Romeo,1.8043224,-2.059092,0.10518692,13.272976,-0.77290523,7.9885163
ddc_dzo_02882,labeled,Romeo,0.22787604,-1.8923954,-0.28640187,13.227799,-0.83031684,8.029153
ddc_dzo_09918,labeled,Romeo,3.8307593,-0.7223714,0.7911339,12.916131,-0.89964813,8.0254135
ddc_dzo_09284,labeled,Romeo,4.389416,-0.07156994,1.0124283,13.065646,-0.73814625,7.9154835
ddc_dzo_01272,labeled,Romeo,4.584727,-1.0522218,0.3141649,13.156935,-0.9074794,7.894129
ddc_dzo_07853,labeled,Romeo,2.988812,0.6683947,0.54981005,13.158958,-0.9155883,7.88356
ddc_dzo_00721,labeled,Romeo,2.7837644,-2.22781,1.0586904,13.127952,-0.92970836,7.9215207
ddc_dzo_03826,labeled,Romeo,2.502478,-1.1997455,-0.47948867,13.212559,-0.9485925,8.058068
ddc_dzo_04371,labeled,Romeo,1.751114,-1.4283725,0.56163347,13.187418,-0.9275712,7.9662
ddc_dzo_02459,labeled,Romeo,4.274678,-0.5203899,1.2696812,12.87057,-0.84778017,7.937737
ddc_dzo_01755,labeled,Romeo,2.8938124,-1.939489,1.242852,12.987821,-0.65079784,7.6900616
ddc_dzo_05293,labeled,Romeo,0.73474056,-1.1995934,0.44777668,12.927283,-0.8700206,7.972449
ddc_dzo_08246,labeled,Romeo,2.0806396,-2.840906,0.44365135,12.809519,-0.45734957,7.771979
ddc_dzo_02260,labeled,Romeo,3.8076823,0.15018395,0.11886239,13.052353,-0.8708938,7.9761786
ddc_dzo_06395,labeled,Romeo,4.4761567,-0.71915025,-0.5079733,13.013204,-0.91386825,8.638795
ddc_dzo_04248,labeled,Romeo,4.0416245,-2.1513028,1.0894237,12.925844,-0.13507669,8.134253
ddc_dzo_05915,labeled,Romeo,2.912163,-1.0805379,-1.4556277,12.975218,-0.99492335,8.141474
ddc_dzo_00135,labeled,Romeo,4.002596,-0.2526914,0.196264,12.861105,-0.9076538,7.826171
ddc_dzo_03133,labeled,Romeo,3.3692617,-0.79392403,0.36997572,12.92356,-0.6357584,8.023069
ddc_dzo_05881,labeled,Romeo,3.2992425,-0.1916964,0.011928892,12.878007,-0.96406895,8.012644
ddc_dzo_09125,labeled,Romeo,2.6654375,-2.135444,0.568468,12.871721,-0.83175844,8.046475
ddc_dzo_01863,labeled,Romeo,3.4414897,-1.4999413,-0.30381256,12.774226,-0.59717196,8.017016
ddc_dzo_09963,labeled,Romeo,2.3347073,-1.3801954,0.15284888,12.878442,-0.7254754,7.850207
ddc_dzo_02112,labeled,Romeo,1.0838846,-1.2940421,-0.73884994,12.868106,-0.47293645,7.739229
ddc_dzo_04697,labeled,Romeo,2.7681644,0.5261513,0.39238504,13.263119,-0.2847775,8.553544
ddc_dzo_07536,labeled,Romeo,3.1493752,-1.073889,0.8631383,12.984469,-0.81532776,7.8957796
ddc_dzo_01910,labeled,Romeo,3.444105,-2.1046085,0.48804364,12.737555,-0.6619789,7.975066
ddc_dzo_09849,labeled,Romeo,2.1755252,0.23196684,0.31580418,12.565745,-0.8408009,7.6923256
ddc_dzo_04085,labeled,Romeo,3.016729,0.34518588,0.5222717,12.658022,-0.79151857,7.7820907
ddc_dzo_03610,labeled,Romeo,4.445436,-0.74812275,-0.31093377,12.836693,-0.60049427,7.8245864
ddc_dzo_03098,labeled,Romeo,3.2557652,-2.1507292,-0.34171677,12.974492,-0.8087694,8.051458
ddc_dzo_00398,labeled,Romeo,3.1596406,-2.7072995,-0.3249949,12.677331,-0.81242,7.7777257
ddc_dzo_08948,labeled,Romeo,2.5164907,-1.123556,0.5863536,12.744067,-0.77920276,7.926431
ddc_dzo_08629,labeled,Romeo,3.6964414,-1.6897879,0.34604186,13.045889,-0.11577229,8.275647
ddc_dzo_00938,labeled,Romeo,3.4810572,-0.27394536,0.494423,12.712122,-0.7923573,7.8479156
ddc_dzo_07708,labeled,Romeo,3.2799153,0.7564594,0.3745296,12.773802,-0.8552883,7.9861207
ddc_dzo_08096,labeled,Romeo,3.515333,-0.2883576,0.7234323,13.117882,-0.5107718,8.863615
ddc_dzo_09794,labeled,Romeo,2.138054,-1.292562,-0.5220951,12.882953,-0.8942891,7.885034
ddc_dzo_09473,labeled,Romeo,3.0912004,-1.9549029,-0.90536225,12.803849,-0.86144793,7.863986
ddc_dzo_08244,labeled,Romeo,2.391268,-0.9462592,1.8886865,17.589771,0.9524514,5.2249546
ddc_dzo_04467,labeled,Romeo,4.09983,-0.31112894,1.0727305,17.185863,0.6707417,5.158581
ddc_dzo_00553,labeled,Romeo,4.390801,-1.5687454,0.120443374,16.55668,0.7057399,4.5820484
ddc_dzo_03214,labeled,Romeo,3.629074,-0.38437498,0.5571643,16.456367,1.1636494,5.2701464
ddc_dzo_06930,labeled,Romeo,4.5589743,-1.8425689,0.18741381,16.72564,0.90743077,4.5306916
ddc_dzo_01518,labeled,Romeo,1.7402567,-0.88888997,1.3539386,17.448484,1.0325152,5.091636
ddc_dzo_07015,labeled,Romeo,3.5474086,-2.081945,-1.2841942,16.63526,1.1531643,4.8579865
ddc_dzo_04136,labeled,Romeo,3.2460575,0.49575317,0.17310046,16.38703,0.4565016,4.6308484
ddc_dzo_08930,labeled,Romeo,2.971325,-0.042767674,0.60258776,16.65413,0.9162491,4.6319895
ddc_dzo_04004,labeled,Romeo,3.616659,0.22173804,-1.5384772,17.218275,1.3567683,5.8651667
ddc_dzo_03389,labeled,Romeo,4.349422,-0.493396,1.1955856,12.6636,-0.5221354,9.421449
ddc_dzo_07241,labeled,Romeo,1.9321876,0.17884636,-0.4945099,12.503921,-0.19251196,9.329063
ddc_dzo_00037,labeled,Romeo,1.621447,-1.3482898,1.153001,12.866635,-0.6152064,9.158802
ddc_dzo_08382,labeled,Romeo,2.875707,0.12894398,0.4300921,12.715314,-0.6152845,9.252086
ddc_dzo_01392,labeled,Romeo,3.313654,-0.48603797,0.98768324,12.711375,-0.41070837,9.36975
ddc_dzo_08772,labeled,Romeo,4.8685946,-0.4694757,-0.64276606,12.650997,-0.57218117,9.350969
ddc_dzo_05235,labeled,Romeo,3.1908522,-2.1002953,1.3937134,12.715729,-0.27107015,9.218808
ddc_dzo_01277,labeled,Romeo,3.396422,-1.6078117,0.5714251,15.158512,-0.49097556,5.4750977
ddc_dzo_06083,labeled,Romeo,1.9495816,-1.4001253,-0.4402262,15.034986,-0.29359567,5.832917
ddc_dzo_01396,labeled,Romeo,4.328629,-0.71228427,0.66826755,16.196672,1.4569943,5.961671
ddc_dzo_08978,labeled,Romeo,3.134851,-0.9188017,-0.42610103,15.417246,-0.48672935,5.555758
ddc_dzo_03989,labeled,Romeo,2.1190088,-0.6366958,0.11591172,13.108892,-0.8406693,7.9360967
ddc_dzo_04110,labeled,Romeo,3.4482534,-1.8907038,0.13837135,12.730707,-0.71349066,7.916066
ddc_dzo_07046,labeled,Romeo,3.506842,-2.4020681,1.5198848,13.137802,-0.5787513,8.025864
ddc_dzo_00179,labeled,Romeo,3.1253502,-1.1351653,1.1128572,12.7839985,-0.4862318,7.784786
ddc_dzo_08603,labeled,Thinley,-10.497828,-2.6590645,0.28348583,-0.74105847,-2.088163,1.4728817
ddc_dzo_08992,labeled,Romeo,4.922341,1.0025553,0.6576261,16.592049,1.1215552,5.448459
ddc_dzo_04498,labeled,Romeo,2.3261328,-1.242263,-1.062536,17.277704,0.8783296,5.291051
ddc_dzo_01023,labeled,Romeo,1.0941993,-0.51816314,-0.4144124,17.441103,1.01787,4.9619884
ddc_dzo_07418,labeled,Romeo,3.3652935,-0.114742026,-0.707935,17.60719,1.1323082,5.691817
ddc_dzo_04219,labeled,Romeo,1.9573673,-0.6875992,-0.38035122,17.742537,1.1110476,5.444566
ddc_dzo_08091,labeled,Romeo,3.8795578,-0.038475484,0.0381089,17.493103,0.972978,5.460328
ddc_dzo_03961,labeled,Romeo,3.0348728,0.5998214,-0.21682104,17.51722,1.0203861,5.223119
ddc_dzo_07747,labeled,Romeo,1.2085431,-0.15758,0.40228167,17.378477,0.861364,5.622728
ddc_dzo_09612,labeled,Romeo,3.777519,-0.34225327,-0.773557,16.963884,1.4891226,6.08456
ddc_dzo_06884,labeled,Romeo,4.89949,-0.6839339,0.9315651,16.490133,0.8911967,5.586623
ddc_dzo_08326,labeled,Romeo,2.4605145,-0.36149222,1.0420555,12.790211,-0.42210996,9.408046
ddc_dzo_01954,labeled,Romeo,3.370708,-1.2211511,1.0057536,12.665575,-0.31850675,9.363237
ddc_dzo_06699,labeled,Romeo,3.176165,-1.4110543,0.6021038,15.742394,-0.27650842,5.36745
ddc_dzo_08187,labeled,Romeo,1.9316744,-0.6323992,0.5714358,15.737158,-0.82000434,5.258335
ddc_dzo_00947,labeled,Romeo,1.7540181,-0.9935351,-0.46302485,15.786452,-0.6302348,5.390984
ddc_dzo_05347,labeled,Romeo,3.9542985,-0.33763084,1.165526,15.68514,-0.7024325,5.263952
ddc_dzo_08605,labeled,Romeo,3.137266,-0.7855023,-0.098969616,15.141053,-0.7095437,5.51568
ddc_dzo_03286,labeled,Romeo,4.888673,-0.49980456,0.32403523,15.757918,0.068636246,5.4229345
ddc_dzo_03828,labeled,Romeo,3.717758,-1.0172414,1.2142788,12.925396,0.10068895,8.524199
ddc_dzo_02747,labeled,Romeo,3.001311,-0.38778058,1.8183568,12.744857,-0.57904214,7.750229
ddc_dzo_04838,labeled,Romeo,2.7613366,-0.09973834,0.3318948,12.662335,-0.7266988,7.882634
ddc_dzo_05298,labeled,Romeo,2.568196,-1.8198495,-0.5583872,12.6674595,-0.7737406,7.805677
ddc_dzo_04996,labeled,Romeo,3.0154178,-1.8941331,-1.8232405,12.749744,-0.7997629,7.8546886
ddc_dzo_02174,labeled,Romeo,4.395212,-0.8809544,0.35107777,12.705599,-0.7421101,7.902146
ddc_dzo_01532,labeled,Romeo,-0.6287361,-0.36461216,-1.2431564,12.711011,-0.7381311,7.8146353
ddc_dzo_06473,labeled,Romeo,2.2893465,-0.9628401,0.42492735,12.625142,-0.80842215,7.7633967
ddc_dzo_08742,labeled,Romeo,1.5888851,-0.5578365,-0.24200109,12.707765,-0.715672,7.821214
ddc_dzo_01228,labeled,Thinley,-9.903705,-3.41781,0.51525295,-0.987946,-2.3387463,1.2024341
ddc_dzo_08127,labeled,Romeo,3.7680664,-1.060306,0.2977146,12.593557,1.2493935,8.294664
ddc_dzo_04640,labeled,Romeo,1.4377527,-1.3631682,-0.66983646,12.690108,-0.57417685,7.995081
ddc_dzo_02805,labeled,Thinley,-10.633513,-3.3497157,0.24103281,-1.3238475,-2.5376146,1.3325365
ddc_dzo_05939,labeled,Romeo,1.7520746,-1.2993274,-1.1314387,13.056041,-0.96549344,7.881448
ddc_dzo_09387,labeled,Thinley,-11.189711,-3.6135173,2.1180553,-1.3928497,-2.1616702,1.8954382
ddc_dzo_07271,labeled,Romeo,3.2553167,-1.8485188,-0.57008046,12.763413,-0.48009363,8.25732
ddc_dzo_01899,labeled,Romeo,4.185081,-0.5713328,0.28481534,12.650424,-0.76320666,7.8574896
ddc_dzo_05369,labeled,Thinley,-10.365198,-3.2808506,0.280975,-0.96464384,-1.928049,1.374346
ddc_dzo_00972,labeled,Romeo,4.2382565,-1.2984264,0.7631005,12.639138,-0.75119686,7.7687535
ddc_dzo_04891,labeled,Romeo,3.4201026,-0.17583856,2.683145,12.965769,-0.5580825,7.8432646
ddc_dzo_04729,labeled,Romeo,3.1984491,-1.045444,0.282635,14.985093,-0.60678005,5.0923705
ddc_dzo_04538,labeled,Thinley,-11.747998,-3.4508028,0.06567894,-1.0661017,-1.9919045,1.1056249
ddc_dzo_05466,labeled,Thinley,-11.511594,-4.324483,-0.08202052,-1.2540793,-2.4225967,1.2554895
ddc_dzo_06222,labeled,Romeo,3.228282,-0.9415738,0.09073961,13.202754,-0.4095759,8.921359
ddc_dzo_08541,labeled,Romeo,2.4427345,-0.48645264,-0.59289545,12.81873,-0.667039,8.541625
ddc_dzo_07914,labeled,Romeo,1.3250729,-1.7971565,-0.646717,13.265937,-0.7878071,8.071025
ddc_dzo_00068,labeled,Romeo,3.8593783,-1.3405131,0.20336288,12.84047,-0.5473989,7.895077
ddc_dzo_05517,labeled,Thinley,-11.839341,-4.500233,0.98276097,-0.95252633,-1.671704,1.6588017
ddc_dzo_05774,labeled,Romeo,3.617156,0.055711403,0.17074282,12.637647,-0.72071505,8.124302
ddc_dzo_09737,labeled,Romeo,3.6432137,-1.0098426,-0.30200806,12.955579,-0.904706,7.940797
ddc_dzo_00857,labeled,Romeo,2.897814,-0.8076282,0.12866552,12.906016,-0.95411736,7.883079
ddc_dzo_00743,labeled,Romeo,2.6331449,-1.365709,0.450922,13.009181,-0.9385275,7.9700727
ddc_dzo_02039,labeled,Thinley,-10.427183,-5.5053573,-1.0571889,-1.1260188,-2.1788712,1.3497396
ddc_dzo_04301,labeled,Romeo,1.6136374,-1.2844256,-0.25819665,13.194313,-0.6378499,8.144168
ddc_dzo_03280,labeled,Romeo,2.169206,-0.75935763,0.4254739,12.913726,-0.8130374,7.932435
ddc_dzo_07742,labeled,Romeo,3.7174141,-1.4902177,-0.3983186,12.79253,-0.7947191,7.910564
ddc_dzo_06570,labeled,Thinley,-10.160209,-4.0309443,1.0952352,-1.4134634,-2.5086856,1.2119379
ddc_dzo_09615,labeled,Thinley,-12.421297,-4.3710966,0.31412292,-0.8746947,-2.1533701,1.8583456
ddc_dzo_04913,labeled,Romeo,4.2462573,-0.094004996,-0.13673943,13.398746,-0.047479942,8.387294
ddc_dzo_03007,labeled,Thinley,-8.984273,-2.8433352,-2.1248279,-1.3003144,-2.024209,1.4269041
ddc_dzo_05988,labeled,Romeo,3.7726667,-0.04036931,0.43829212,15.122044,-0.38383698,5.51897
ddc_dzo_07575,labeled,Romeo,2.697138,-1.7855052,0.7520306,15.621205,-0.64312005,5.308861
ddc_dzo_05052,labeled,Romeo,4.409585,-1.5851082,0.42100033,15.286288,-0.61751974,5.439379
ddc_dzo_09323,labeled,Romeo,4.029201,-1.1132877,0.08692342,15.268582,-0.26136485,5.4323773
ddc_dzo_09961,labeled,Romeo,5.5266967,-0.57888275,0.28662208,15.655926,-0.82293725,4.880348
ddc_dzo_07506,labeled,Romeo,4.386711,-0.20515983,0.90283304,15.096461,-0.46477187,5.3433228
ddc_dzo_02753,labeled,Romeo,3.5642543,-0.09593412,0.50238705,15.503117,-0.6334069,4.419872
ddc_dzo_04808,labeled,Romeo,2.7303238,-1.4152911,0.6764933,15.078025,-0.56367064,5.3888917
ddc_dzo_06660,labeled,Romeo,3.7194161,-0.455261,0.7073822,15.832991,-0.6832715,4.8412266
ddc_dzo_00525,labeled,Romeo,3.1795194,0.6089608,-0.22408152,15.729471,-0.74982655,4.732216
ddc_dzo_03564,labeled,Romeo,3.2508616,-0.27854452,-1.814739,15.186377,-0.19037329,5.371803
ddc_dzo_07801,labeled,Romeo,3.6267834,1.2125896,0.4204791,15.494008,-0.2860346,4.613632
ddc_dzo_07986,labeled,Romeo,1.5434563,0.11383816,-0.7689359,16.265665,0.07814198,4.8101864
ddc_dzo_09315,labeled,Romeo,3.8710535,-0.8678671,0.31469265,15.379096,-0.29340884,4.712306
ddc_dzo_04359,labeled,Romeo,4.7746716,-0.7318252,0.26416543,15.468247,-0.30564037,4.61691
ddc_dzo_02683,labeled,Romeo,2.7699583,-0.96883166,0.5201075,15.428516,-0.2899207,4.6503687
ddc_dzo_05283,labeled,Romeo,5.1108437,-0.5187025,0.18835817,15.397915,-0.29069787,4.8215375
ddc_dzo_09796,labeled,Romeo,3.2261622,-1.8449298,-0.52531534,15.331206,-0.2627242,4.7755904
ddc_dzo_05731,labeled,Romeo,3.8756661,-1.021485,0.028602501,15.437838,-0.2284779,4.6065984
ddc_dzo_02561,labeled,Romeo,2.7917275,-1.1803663,-0.18280263,15.587663,0.014779979,4.571573
ddc_dzo_02159,labeled,Romeo,3.6310477,-1.266282,-0.22351997,15.524489,-0.42363995,4.651595
ddc_dzo_09689,labeled,Romeo,3.4590838,-1.602289,-0.02888575,15.497709,-0.5307123,5.196589
ddc_dzo_04618,labeled,Romeo,1.427448,0.6458529,1.0353546,15.451524,-0.23966354,4.6649375
ddc_dzo_01028,labeled,Romeo,3.6569304,-0.93497294,0.5581,15.350494,-0.38534656,5.262677
ddc_dzo_06714,labeled,Romeo,3.728613,-2.5528135,-0.18265912,15.523557,-0.47274962,4.8376865
ddc_dzo_00617,labeled,Romeo,4.240677,-2.3793914,-0.6675407,15.4467745,-0.3117435,4.8587213
ddc_dzo_01844,labeled,Romeo,3.2356014,-0.75015044,-1.3195895,15.620229,-0.521704,4.5707483
ddc_dzo_00823,labeled,Romeo,3.3315,-1.3012795,-0.6502324,15.429397,-0.26907557,4.613059
ddc_dzo_09889,labeled,Romeo,1.9323533,1.1683449,0.21302849,15.096918,-0.6407321,5.395867
ddc_dzo_01795,labeled,Romeo,2.183581,0.50785625,-0.30290294,15.609495,-0.6639929,4.3837013
ddc_dzo_04571,labeled,Romeo,3.8149078,-1.6563351,0.5224145,15.446803,-0.28863886,5.102144
ddc_dzo_01119,labeled,Romeo,2.123928,-1.7258791,-0.030537875,15.466139,-0.35116524,4.5863614
ddc_dzo_07819,labeled,Romeo,3.1492662,0.42181718,0.06935637,15.533494,-0.34334654,4.4581113
ddc_dzo_07684,labeled,Romeo,2.534679,0.6495101,0.4092437,15.456923,-0.2375545,4.5634685
ddc_dzo_06732,labeled,Romeo,4.6704645,-0.6586413,0.82989997,15.66399,-0.48889914,4.548479
ddc_dzo_02396,labeled,Romeo,3.6194396,-1.5075043,-0.47669405,15.338351,-0.2825911,4.6771235
ddc_dzo_06108,labeled,Romeo,3.178488,-0.9578505,-0.97871953,15.699456,-0.44450298,4.629425
ddc_dzo_08340,labeled,Romeo,3.4224544,-1.4483854,-0.19464068,15.326088,-0.29537585,4.7702265
ddc_dzo_03001,labeled,Romeo,2.226256,-1.0241098,1.2978542,15.177098,-0.38376984,4.779971
ddc_dzo_00786,labeled,Romeo,1.4888463,-0.55565816,-0.5585948,15.332786,-0.2513221,5.2009478
ddc_dzo_05942,labeled,Romeo,1.0637959,-2.4400933,-0.7283188,15.8539295,0.040537044,4.586005
ddc_dzo_00352,labeled,Romeo,3.8928652,-1.8180631,0.6077018,15.63816,-0.29031453,4.454662
ddc_dzo_09589,labeled,Romeo,4.1897774,-1.1402439,0.23124973,15.637879,-0.39640003,5.4603887
ddc_dzo_07440,labeled,Romeo,3.2507737,-1.9003941,0.1706884,15.74492,-0.6341972,5.409039
ddc_dzo_04163,labeled,Romeo,2.6450405,-0.26156488,-0.62095946,15.583736,-0.30307648,5.096211
ddc_dzo_07687,labeled,Romeo,2.1206846,-1.0564953,-0.43280596,15.93119,-0.314848,4.9781814
ddc_dzo_00214,labeled,Romeo,3.9679391,-2.0776827,0.26672763,15.709987,-0.43966538,5.2854676
ddc_dzo_00322,labeled,Romeo,3.7355232,-1.1209369,1.2403684,15.689843,-0.19100945,5.2948027
ddc_dzo_08042,labeled,Romeo,3.4203103,0.23979382,2.4168303,15.480536,-0.15288913,4.9104414
ddc_dzo_06850,labeled,Romeo,4.3263373,-2.0637403,1.3120624,15.2884445,-0.29481396,5.1643753
ddc_dzo_03208,labeled,Romeo,3.4460802,-2.1904836,0.018817566,15.646263,-0.24864414,4.6758885
ddc_dzo_04876,labeled,Romeo,1.574181,0.34651825,0.09063751,15.902597,-0.102151066,4.4783177
ddc_dzo_00702,labeled,Romeo,2.838438,-0.821049,0.0043752817,15.643312,-0.15356965,4.9160275
ddc_dzo_05487,labeled,Romeo,1.9512573,-1.867281,0.77987534,15.4586,-0.22794078,5.304659
ddc_dzo_08519,labeled,Romeo,0.5508997,-0.56112593,-2.9392657,14.422544,0.16819732,11.070515
ddc_dzo_08436,labeled,Romeo,2.4907205,-1.1010789,0.60274994,15.691587,-0.3912299,4.8950768
ddc_dzo_04072,labeled,Romeo,3.638059,-2.511254,-1.4472222,15.717525,0.15524034,5.3034687
ddc_dzo_08911,labeled,Romeo,4.3875384,0.109640606,0.5553526,15.662796,-0.22885515,4.7161794
ddc_dzo_04597,labeled,Romeo,3.5420573,-2.1755023,0.64596343,15.406346,-0.17757945,5.3040986
ddc_dzo_04398,labeled,Romeo,2.4610405,-0.90077585,0.6956331,15.46387,-0.21520992,4.783367
ddc_dzo_00132,labeled,Romeo,3.768308,-1.2792417,0.5597008,15.817043,-0.2909082,4.758202
ddc_dzo_07466,labeled,Romeo,3.5957956,-1.2750845,1.5559479,15.728275,0.19524258,5.401916
ddc_dzo_05631,labeled,Romeo,2.4980013,-2.6095297,-0.075378336,16.184101,-0.30008063,5.064879
ddc_dzo_01870,labeled,Romeo,3.636384,-1.3582097,0.47372106,12.78418,1.5744767,8.083328
ddc_dzo_05319,labeled,Romeo,4.8574333,-1.7141623,0.50993633,13.300591,1.467053,8.204332
ddc_dzo_00916,labeled,Romeo,3.9468265,-1.2623935,0.96901846,13.375916,1.358174,8.339722
ddc_dzo_00666,labeled,Romeo,4.154852,-0.41218382,0.79609543,13.166327,1.5578134,8.273291
ddc_dzo_03493,labeled,Romeo,4.9522834,-0.70608723,0.331806,13.374305,1.2477558,8.382133
ddc_dzo_06449,labeled,Romeo,3.1650045,-1.4659687,1.1275467,12.611912,1.5825504,8.14305
ddc_dzo_00054,labeled,Romeo,2.8672671,-2.2780335,-0.1304905,13.275243,1.4913526,8.906477
ddc_dzo_04268,labeled,Romeo,4.0977907,-1.2627136,0.73532194,13.233719,1.3363018,8.317548
ddc_dzo_02795,labeled,Romeo,2.8396473,-1.8600559,0.665941,13.40733,1.3556278,8.3020525
ddc_dzo_09921,labeled,Romeo,2.9421065,-2.5322425,0.37954283,12.813368,1.2918205,8.257738
ddc_dzo_00273,labeled,Romeo,2.2562335,-1.1925395,1.1163398,13.513568,1.3868743,8.667788
ddc_dzo_03381,labeled,Romeo,3.3895686,-0.6044796,0.12936994,13.163422,1.8071233,8.94851
ddc_dzo_07758,labeled,Thinley,-11.329154,-4.6763606,1.1392386,-1.5371954,-2.4270415,1.4621569
ddc_dzo_07933,labeled,Romeo,2.8527555,-1.7400124,-1.2498358,12.370473,1.4595346,8.679254
ddc_dzo_00235,labeled,Romeo,4.116371,-1.2012649,1.1089231,13.652228,1.3783365,8.108852
ddc_dzo_00868,labeled,Romeo,3.194162,-1.4853534,0.038646735,13.4532585,1.4242113,8.67924
ddc_dzo_07299,labeled,Romeo,5.10902,-0.28099194,-0.35589585,12.831608,1.6900675,8.661238
ddc_dzo_04935,labeled,Romeo,3.8098955,-2.53848,0.2826144,12.716021,1.3809973,8.636373
ddc_dzo_03229,labeled,Romeo,3.5901327,1.6600077,1.4766599,12.876968,1.3488654,9.12548
ddc_dzo_07907,labeled,Romeo,2.2985907,0.9126925,-0.49826005,13.422545,1.683979,8.075107
ddc_dzo_06762,labeled,Romeo,2.1099517,-1.0959777,0.45445058,12.564683,1.5701067,8.2767105
ddc_dzo_09833,labeled,Romeo,2.3071861,-0.33898896,-0.7874193,13.516243,1.2568392,8.269772
ddc_dzo_06603,labeled,Romeo,2.7308795,-0.73912233,2.0317392,12.722933,1.388659,8.414098
ddc_dzo_00482,labeled,Romeo,4.3549523,-1.7095368,0.09614742,13.440905,1.5037252,8.279807
ddc_dzo_05599,labeled,Thinley,-10.510566,-1.6314676,-0.82415956,-1.3638198,-2.4086452,1.6098975
ddc_dzo_07101,labeled,Romeo,3.5667562,-1.6224335,0.619166,13.415612,1.8299342,8.168364
ddc_dzo_01175,labeled,Romeo,3.856736,-0.8422663,2.3125088,13.315382,1.5010579,8.253039
ddc_dzo_08427,labeled,Thinley,-8.9704075,-1.9513581,0.41960284,-1.4427998,-2.479976,1.100562
ddc_dzo_05826,labeled,Thinley,-11.626111,-2.1949594,1.5927417,-1.4148953,-1.6507301,1.5784206
ddc_dzo_03834,labeled,Thinley,-11.056823,-1.9667114,-0.50590986,-1.4223782,-1.592343,1.4988647
ddc_dzo_04166,labeled,Thinley,-11.353047,-4.21022,-1.2928537,-1.2012657,-2.1706696,1.1331784
ddc_dzo_01402,labeled,Thinley,-12.039219,-3.887081,0.2612447,-1.1881317,-2.3886065,0.99351156
ddc_dzo_03948,labeled,Thinley,-8.519628,-3.907414,1.0965191,-1.5262612,-2.499027,1.2071122
ddc_dzo_06378,labeled,Thinley,-11.766732,-3.0480928,1.7088668,-1.507903,-1.8953787,1.3747027
ddc_dzo_06425,labeled,Thinley,-10.902803,-4.145386,0.2965823,-1.2243562,-2.3437712,1.896277
ddc_dzo_00948,labeled,Thinley,-11.658401,-4.385853,1.0629086,-0.7638034,-1.8862399,1.7891377
ddc_dzo_04561,labeled,Thinley,-10.306645,-3.9566076,0.1419966,-1.6045808,-2.275729,1.2860359
ddc_dzo_03719,labeled,Thinley,-10.411678,-2.0323408,0.20695715,-1.4813681,-2.0546293,1.8538014
ddc_dzo_07266,labeled,Thinley,-11.605778,-2.8626897,1.5523199,-0.9876838,-2.2468703,2.3124375
ddc_dzo_04192,labeled,Thinley,-10.528481,-1.9788126,-0.17696336,-0.9705467,-2.243193,2.3038101
ddc_dzo_03827,labeled,Thinley,-11.474396,-2.1408632,1.2613201,-1.5662044,-2.1169763,1.1937124
ddc_dzo_02449,labeled,Thinley,-11.5445795,-4.4195204,0.87152857,-1.230099,-2.44877,1.1785431
ddc_dzo_08118,labeled,Thinley,-10.93998,-3.574479,0.37960353,-1.5805479,-2.4698777,1.2386612
ddc_dzo_05127,labeled,Thinley,-11.218473,-4.3530765,1.696214,-1.5742555,-2.1309392,1.6679457
ddc_dzo_08995,labeled,Thinley,-11.937886,-4.018626,0.66080487,-1.4975182,-2.4909117,1.5039918
ddc_dzo_01329,labeled,Thinley,-11.880351,-2.8860676,0.35584638,-1.2160984,-2.2330804,1.4329253
ddc_dzo_04519,labeled,Thinley,-11.383662,-3.694253,-1.2044281,-1.5094503,-2.412346,1.1696397
ddc_dzo_06966,labeled,Thinley,-10.907022,-1.4612519,-0.47837785,-1.4551762,-1.8374351,1.0608312
ddc_dzo_09685,labeled,Thinley,-12.100773,-2.5480826,1.8097229,-1.6923432,-2.371686,1.259565
ddc_dzo_09606,labeled,Thinley,-12.104941,-1.7547262,2.2364163,-1.5857906,-2.3781328,1.1506248
ddc_dzo_07635,labeled,Thinley,-10.574839,-2.0968819,-0.49802515,-1.3250965,-2.1835032,1.2701056
ddc_dzo_06439,labeled,Thinley,-11.158713,-2.8417315,0.8837364,-1.6363282,-2.3985753,1.1735607
ddc_dzo_06672,labeled,Namgay,-1.566594,3.5446434,-11.257181,3.4880366,6.459437,17.346958
ddc_dzo_06082,labeled,Namgay,-3.6187336,2.605569,-7.1609654,3.45885,6.3806767,17.414839
ddc_dzo_05506,labeled,Namgay,-2.3610117,1.8148471,-9.676679,3.4539595,6.427674,17.353268
ddc_dzo_04360,labeled,Namgay,-0.99225163,3.5251405,-8.3762665,3.4362276,6.4425545,17.339363
ddc_dzo_03690,labeled,Namgay,-3.6870546,3.1482399,-10.650801,3.0813253,7.195369,17.076477
ddc_dzo_09041,labeled,Namgay,-3.9842298,4.2613955,-8.2009,3.1175926,6.9748564,16.98973
ddc_dzo_03419,labeled,Thinley,-10.974061,-2.112984,-0.17143928,-1.393366,-2.4061499,1.2447011
ddc_dzo_00635,labeled,Thinley,-11.792066,-3.1219244,-1.4783918,-1.2735156,-2.0743668,1.2608998
ddc_dzo_03168,labeled,Thinley,-9.371723,-3.6751516,1.2980454,-1.2068919,-2.4356155,1.4425591
ddc_dzo_01978,labeled,Thinley,-10.985212,-4.532692,-0.1719873,-1.4913304,-2.3811777,1.1374692
ddc_dzo_08697,labeled,Thinley,-10.660677,-0.7072075,-0.10117012,-1.5378275,-1.8836685,1.2531614
ddc_dzo_09298,labeled,Thinley,-9.3291445,-2.3265622,-0.18642853,-1.4846023,-2.2970657,1.3054308
ddc_dzo_09170,labeled,Thinley,-8.878837,-1.334209,-0.18218172,-1.6267568,-2.0962992,1.2874588
ddc_dzo_07509,labeled,Thinley,-9.895042,-0.30773908,0.9249943,-1.1544751,-1.9673691,1.1127212
ddc_dzo_05740,labeled,Thinley,-10.041795,-2.7543676,-0.16265273,-1.6075429,-2.0291147,1.2316022
ddc_dzo_09507,labeled,Thinley,-10.129706,-3.4841583,1.6036302,-1.061429,-2.0082662,2.0529308
ddc_dzo_03885,labeled,Thinley,-11.765521,-2.1940773,2.3252492,-1.1388792,-1.7672404,2.204602
ddc_dzo_05427,labeled,Thinley,-10.012314,-3.9761043,1.9186106,-1.141147,-1.5466043,2.1373708
ddc_dzo_06785,labeled,Thinley,-10.436213,-3.4449718,2.697176,-1.2281189,-1.8749377,2.2792315
ddc_dzo_09887,labeled,Thinley,-9.7209015,-0.6491962,1.4867847,-0.744196,-1.6150564,2.0781767
ddc_dzo_01637,labeled,Thinley,-8.837357,-2.0567389,2.560538,-1.3155241,-1.6878769,2.0689533
ddc_dzo_07412,labeled,Thinley,-10.920027,-4.3530564,1.7659541,-1.3208603,-1.8620142,2.2790632
ddc_dzo_05164,labeled,Thinley,-10.541155,-4.7777333,1.3052075,-1.370264,-2.0373836,1.9983847
ddc_dzo_05253,labeled,Thinley,-10.821359,-3.5065022,2.17501,-1.4045821,-1.6384861,2.105097
ddc_dzo_04423,labeled,Thinley,-10.501209,-3.3516955,2.6185684,-0.6757498,-1.8058203,1.9202492
ddc_dzo_09270,labeled,Thinley,-10.33051,-4.202453,0.15141313,-0.581272,-2.1101441,1.7148685
ddc_dzo_02051,labeled,Thinley,-11.17982,-3.1015196,0.8481456,-0.75006783,-2.151092,1.5358218
ddc_dzo_07326,labeled,Dorji,-3.9321573,12.951725,0.5293563,6.563686,15.261781,2.0307655
ddc_dzo_08228,labeled,Thinley,-11.69531,-3.0480645,1.511055,-0.70026,-2.125487,1.6927059
ddc_dzo_09770,labeled,Dorji,-1.8603666,8.48677,0.17290293,6.636951,15.106779,1.8394548
ddc_dzo_06134,labeled,Thinley,-12.1322,-2.244354,2.275738,-0.945737,-2.5298586,1.5180496
ddc_dzo_02658,labeled,Thinley,-12.100221,-3.6139853,-0.35827354,-0.9210343,-2.097463,1.7050449
ddc_dzo_05076,labeled,Dorji,-3.8538084,11.904911,0.020113867,6.643041,15.128766,1.9651952
ddc_dzo_05472,labeled,Dorji,-4.399731,11.82538,2.4745061,6.959788,15.586541,1.8840444
ddc_dzo_06866,labeled,Thinley,-12.053899,-4.2237425,0.42963818,-0.9741372,-2.320295,1.9528807
ddc_dzo_03123,labeled,Thinley,-12.153956,-3.8608985,1.1365587,-0.9823873,-2.21715,2.0560784
ddc_dzo_01299,labeled,Dorji,-5.7101865,12.243181,2.351862,6.749464,15.393158,2.0200887
ddc_dzo_02893,labeled,Dorji,-3.9272137,10.915973,2.704854,6.6798377,15.29351,1.8158585
ddc_dzo_07524,labeled,Dorji,-3.7014484,11.813265,1.2754372,6.626113,15.315395,1.8699359
ddc_dzo_03014,labeled,Dorji,-2.3573952,10.396218,0.19270301,6.584215,15.244228,1.9538554
ddc_dzo_03387,labeled,Dorji,-4.0262866,10.432494,-0.21474715,6.819379,15.415303,1.8403192
ddc_dzo_03984,labeled,Dorji,-2.7258978,9.9173,1.7947994,6.650057,15.266814,2.0934818
ddc_dzo_08616,labeled,Thinley,-11.349262,-2.869775,1.9572315,-0.99168265,-2.3951674,1.6036395
ddc_dzo_00935,labeled,Thinley,-11.164325,-3.158409,1.3801159,-0.95789844,-2.0120337,2.2387066
ddc_dzo_01749,labeled,Dorji,-1.4407496,10.834436,1.6188476,6.79211,14.806137,1.9518086
ddc_dzo_05804,labeled,Thinley,-9.327882,-3.4058,-1.228674,-1.0520209,-1.6076349,2.5198894
ddc_dzo_04373,labeled,Dorji,-2.3883317,12.284785,2.1343987,6.6151814,15.181306,2.10241
ddc_dzo_09437,labeled,Dorji,-2.7365248,10.250102,-1.3869256,6.6093307,15.120995,1.832137
ddc_dzo_09530,labeled,Dorji,-3.4791248,11.6300335,-0.5095587,6.967276,15.292556,1.8329355
ddc_dzo_05867,labeled,Dorji,-3.7059805,8.954691,-0.95324105,6.502983,15.197644,1.9693848
ddc_dzo_08630,labeled,Dorji,-3.277569,10.083215,2.5258832,6.939412,15.667179,2.0928357
ddc_dzo_00394,labeled,Dorji,-4.0287285,10.902999,1.411652,6.7696238,15.516212,1.9672302
ddc_dzo_00794,labeled,Dorji,-3.7303274,10.643017,1.4864099,6.682519,15.3403225,1.961296
ddc_dzo_05623,labeled,Dorji,-1.9868724,10.556183,1.2677745,6.7726126,15.561494,1.9852887
ddc_dzo_06400,labeled,Dorji,-4.470027,12.626654,-0.7373844,6.7598495,15.030772,1.9626033
ddc_dzo_01787,labeled,Dorji,-4.1401434,9.52335,1.4823598,7.0401535,15.396174,1.9876277
ddc_dzo_08183,labeled,Dorji,-2.5513237,13.304289,1.4979209,6.669345,15.256814,2.070945
ddc_dzo_06766,labeled,Dorji,-2.6506684,10.714854,2.120836,6.5272355,15.173307,2.2450287
ddc_dzo_07815,labeled,Dorji,-4.377136,10.962111,3.377886,7.06993,15.499965,2.5733564
ddc_dzo_04713,labeled,Dorji,-3.702938,10.843387,1.7305367,6.881729,15.248998,2.3012319
ddc_dzo_03619,labeled,Dorji,-4.5586233,9.68996,1.3498018,7.004472,15.552743,1.9666402
ddc_dzo_09748,labeled,Dorji,-2.994826,11.023281,0.61029375,7.0179043,15.538328,1.9913559
ddc_dzo_08713,labeled,Thinley,-10.24063,-2.2268682,-1.2042842,-1.3629535,-2.2297518,1.9385755
ddc_dzo_00996,labeled,Thinley,-10.910514,-3.1188807,1.1018951,-1.153651,-2.0264845,1.9332076
ddc_dzo_00503,labeled,Thinley,-11.717987,-2.9203694,0.5266959,-1.3377552,-1.7932811,2.0919793
ddc_dzo_06720,labeled,Thinley,-9.659258,-3.6765828,2.0944545,-1.2705857,-1.6313835,2.2963684
ddc_dzo_08916,labeled,Thinley,-10.549105,-3.997589,-1.0653849,-1.4412676,-2.13648,2.2063887
ddc_dzo_04845,labeled,Dorji,-3.0804515,12.158874,2.3166974,6.6739397,15.32512,1.9276483
ddc_dzo_08071,labeled,Dorji,-1.5439279,13.503301,2.737038,6.609616,15.290855,1.9502513
ddc_dzo_01918,labeled,Dorji,-3.556202,12.676305,2.5694594,6.701851,15.448441,2.0191453
ddc_dzo_08350,labeled,Dorji,-3.3284245,9.507394,0.18776287,6.6122637,15.034296,2.1375723
ddc_dzo_00556,labeled,Dorji,-3.384438,14.038516,1.1448027,6.7011504,15.323332,2.0093405
ddc_dzo_08445,labeled,Dorji,-3.059148,11.157453,0.07456171,6.9820814,15.36806,2.0155857
ddc_dzo_04803,labeled,Dorji,-4.1381516,12.23804,2.5790486,6.946993,15.411094,2.0003963
ddc_dzo_09433,labeled,Dorji,-2.4239602,11.816963,0.766182,6.6192865,15.390768,2.156512
ddc_dzo_06496,labeled,Dorji,-1.0499632,10.071375,0.82956994,6.8025966,16.199112,1.9715564
ddc_dzo_09212,labeled,Dorji,-4.202371,9.5673485,1.9780043,6.9424167,15.803866,2.0412788
ddc_dzo_02925,labeled,Dorji,-3.7578135,10.16706,1.9934012,6.919289,15.840654,2.016012
ddc_dzo_03127,labeled,Dorji,-4.0799446,10.457567,2.4816797,6.8615775,16.042322,2.1014555
ddc_dzo_02357,labeled,Dorji,-1.6000042,9.851526,0.83058286,6.814701,16.154089,1.9828576
ddc_dzo_05760,labeled,Dorji,-4.221991,10.945257,0.90468955,6.926055,15.918151,2.025904
ddc_dzo_04985,labeled,Dorji,-2.0144806,9.154422,0.3477394,6.7899566,16.233341,1.9541948
ddc_dzo_02632,labeled,Dorji,-3.8898485,11.781795,2.089101,7.009634,15.515853,2.1134357
ddc_dzo_09152,labeled,Dorji,-3.3381348,11.252028,3.3895063,6.7216654,15.523158,1.9887463
ddc_dzo_00457,labeled,Dorji,-4.0517373,11.854997,2.6506734,6.8463254,15.865671,2.0413194
ddc_dzo_01363,labeled,Dorji,-3.4533527,11.926046,1.4867758,7.006924,15.462098,2.0815172
ddc_dzo_00016,labeled,Dorji,-1.6380311,7.778473,0.9921165,6.8935914,15.55185,1.8570476
ddc_dzo_06943,labeled,Dorji,-3.490564,10.029575,2.9495878,6.8697095,15.763362,1.9798639
ddc_dzo_00774,labeled,Dorji,-3.4839475,13.059577,2.8987808,6.743935,15.346818,2.023434
ddc_dzo_05550,labeled,Dorji,-3.8051724,10.179627,1.0343425,6.7397923,15.283557,2.1166806
ddc_dzo_09204,labeled,Dorji,-4.6426396,11.637828,1.9183016,6.9735484,15.482963,1.8856523
ddc_dzo_01282,labeled,Dorji,-2.6134083,7.168361,0.9118246,6.8217826,16.152542,1.9807272
ddc_dzo_01490,labeled,Dorji,-2.607837,10.687106,2.5147846,6.605087,15.289128,2.2016075
ddc_dzo_01422,labeled,Thinley,-9.489782,-3.4470508,1.8225907,-1.2859792,-2.1048598,1.7596762
ddc_dzo_00335,labeled,Thinley,-11.09058,-4.9630933,2.3430414,-1.2263192,-2.3642085,1.9412185
ddc_dzo_05977,labeled,Thinley,-10.576222,-4.4622645,1.0069495,-0.7486785,-2.2449946,1.7677578
ddc_dzo_08762,labeled,Dorji,-2.5298567,8.4477625,1.891205,6.8375845,16.022186,2.1903286
ddc_dzo_05202,labeled,Dorji,-2.9827442,10.913662,3.5192745,6.8551326,15.895331,2.0654004
ddc_dzo_05154,labeled,Dorji,-4.22767,9.770384,0.44459423,6.9011083,15.893942,1.9977317
ddc_dzo_05357,labeled,Dorji,-3.592298,9.249468,1.2612107,7.0506043,15.464131,2.0114303
ddc_dzo_07068,labeled,Nima,-2.152915,2.1665928,-4.344235,9.263246,2.4300702,1.5059943
ddc_dzo_04441,labeled,Thinley,-11.639336,-3.8372688,0.78691685,-0.9434547,-2.1048949,1.9591131
ddc_dzo_03862,labeled,Nima,-1.3780416,0.90233904,-1.7176732,9.266078,2.437752,1.5226805
ddc_dzo_08571,labeled,Nima,-0.19760042,1.4077051,-1.4810641,9.270336,2.4399343,1.5267482
ddc_dzo_05026,labeled,Nima,-1.0176426,1.6575487,-2.2140257,9.267186,2.4368029,1.5122873
ddc_dzo_04195,labeled,Thinley,-10.622232,-3.7666876,0.43573457,-0.87259114,-1.9991552,1.5372576
ddc_dzo_02327,labeled,Nima,-0.22605938,0.78334594,-3.1164372,9.267919,2.4382644,1.519241
ddc_dzo_01151,labeled,Dorji,-1.6465522,12.1121025,-0.15898241,6.601703,15.201884,1.926326
ddc_dzo_08124,labeled,Thinley,-10.771145,-1.673208,-0.17725486,-1.4390694,-1.8496723,1.0756229
ddc_dzo_04459,labeled,Nima,-2.4629228,2.4537675,-2.746545,9.352887,2.484651,1.5597125
ddc_dzo_05928,labeled,Nima,-3.6469646,0.87202644,-2.587428,9.286331,2.4470677,1.5090436
ddc_dzo_01265,labeled,Nima,-1.7754838,0.25080165,-0.31928828,9.281648,2.446433,1.502962
ddc_dzo_06530,labeled,Nima,-1.4035815,-0.2811801,-3.598326,9.330349,2.501721,1.5795102
ddc_dzo_04756,labeled,Nima,-1.4164516,-1.2620959,-4.0740747,9.297973,2.4722912,1.5469896
ddc_dzo_07865,labeled,Dorji,-1.9913,9.44467,0.5977798,6.7866015,16.166208,1.9795334
ddc_dzo_05799,labeled,Thinley,-10.38305,-3.635379,-1.9634229,-1.3415513,-2.1572194,0.92004067
ddc_dzo_06164,labeled,Dorji,-4.5406866,10.827754,1.6242411,6.842474,15.6554165,2.0465093
ddc_dzo_01231,labeled,Nima,-3.5555875,1.0843492,-0.9886855,9.290152,2.457842,1.4998596
ddc_dzo_03669,labeled,Thinley,-11.250265,-2.5684679,1.0169288,-1.2999974,-1.95157,1.7117536
ddc_dzo_09826,labeled,Nima,-3.8645353,1.4023285,-1.3692095,9.295273,2.4637046,1.4899641
ddc_dzo_06265,labeled,Nima,-3.6538017,1.2439181,-1.1474364,9.28905,2.457377,1.5007498
ddc_dzo_09054,labeled,Nima,-2.2260885,1.5777165,-1.0153369,9.275566,2.4440975,1.4890269
ddc_dzo_06553,labeled,Nima,-3.713685,1.1480769,-1.5269874,9.287401,2.455229,1.5022725
ddc_dzo_03059,labeled,Nima,-0.86320955,3.330002,-2.2229486,9.271868,2.442731,1.5182782
ddc_dzo_04207,labeled,Nima,-0.39687097,2.673653,-2.716307,9.251428,2.4194574,1.5185627
ddc_dzo_04323,labeled,Dorji,-5.834178,10.090201,0.4533011,6.7267594,15.999841,2.2224145
ddc_dzo_05728,labeled,Dorji,-5.439242,11.709635,2.6673934,6.482915,15.264606,2.0905132
ddc_dzo_02035,labeled,Dorji,-3.4310408,11.960227,1.4987216,6.8946013,15.8730755,2.0558906
ddc_dzo_07014,labeled,Thinley,-10.969937,-4.694095,1.7008455,-0.75330216,-2.0637817,2.490841
ddc_dzo_08201,labeled,Dorji,-3.2407346,10.154707,0.5353822,6.97503,15.78144,2.0364861
ddc_dzo_07584,labeled,Thinley,-9.179967,-3.7014167,0.18689282,-1.1811182,-1.955091,2.6338124
ddc_dzo_08411,labeled,Thinley,-11.425722,-1.477578,0.4895919,-1.297248,-1.6130264,2.425785
ddc_dzo_09452,labeled,Thinley,-11.04953,-1.8922712,0.8884628,-1.542094,-2.4043903,1.5097492
ddc_dzo_06316,labeled,Thinley,-10.732988,-2.900073,1.2440863,-0.79179806,-2.0481148,1.2803252
ddc_dzo_09990,labeled,Thinley,-10.027074,-4.129301,0.1460771,-0.9033378,-1.6798997,1.875434
ddc_dzo_09650,labeled,Thinley,-9.260184,-4.3729157,-1.1299331,-1.4295521,-2.1971462,1.5641924
ddc_dzo_04283,labeled,Thinley,-10.895423,-3.5065286,0.9033575,-1.1761824,-1.9868274,2.2329233
ddc_dzo_01535,labeled,Thinley,-12.240001,-3.6881704,-0.37441486,-1.3782227,-2.3111906,2.1691175
ddc_dzo_07788,labeled,Thinley,-11.690936,-3.6521306,1.2579228,-1.025552,-1.8175256,2.012851
ddc_dzo_03785,labeled,Thinley,-11.165761,-2.4580927,2.5188344,-1.1362919,-1.5870175,2.2182686
ddc_dzo_08362,labeled,Thinley,-9.947694,-3.3245366,1.3161674,-1.2003783,-1.5996116,2.1090662
ddc_dzo_06962,labeled,Thinley,-12.659985,-3.0240595,1.3352112,-1.2119732,-1.9823754,2.4343486
ddc_dzo_06794,labeled,Thinley,-11.789418,-4.4855967,1.1641852,-1.1362231,-1.9011524,2.4633656
ddc_dzo_01651,labeled,Thinley,-9.013266,-2.0387604,-0.22784129,-0.8914202,-1.557964,1.6050313
ddc_dzo_01871,labeled,Thinley,-11.728783,-2.6087081,0.6503887,-1.3207881,-1.9176197,2.2203374
ddc_dzo_08491,labeled,Thinley,-11.560439,-2.4897528,0.7007669,-1.2693139,-1.9389172,2.2390034
ddc_dzo_07710,labeled,Thinley,-11.217935,-2.8264964,0.29101074,-1.2612011,-1.987026,2.3798888
ddc_dzo_05067,labeled,Thinley,-10.918045,-2.7756948,-1.6544992,-1.2992676,-2.2600248,2.0766084
ddc_dzo_02409,labeled,Thinley,-11.647488,-1.2895687,-2.0595345,-1.3560523,-2.1623046,2.1806896
ddc_dzo_08015,labeled,Thinley,-12.42452,-4.0088115,-0.99897176,-1.175365,-2.4620183,2.1433644
ddc_dzo_07602,labeled,Thinley,-9.721702,-4.473759,1.7280058,-1.1833748,-2.0375412,2.3103387
ddc_dzo_03798,labeled,Thinley,-10.725895,-3.5000923,0.12580231,-1.2217083,-2.0830247,2.2782335
ddc_dzo_03869,labeled,Thinley,-10.263322,-3.1186013,0.79992914,-1.2486019,-2.0741656,2.166187
ddc_dzo_03955,labeled,Thinley,-11.297848,-3.645382,-1.1223389,-1.2775989,-2.0182931,2.298763
ddc_dzo_01483,labeled,Romeo,4.1924005,-0.39823347,0.54638153,16.48601,1.2390658,4.8806057
ddc_dzo_00202,labeled,Romeo,3.0461547,-0.15140682,0.9284995,16.929228,1.5494033,5.7330437
ddc_dzo_01000,labeled,Romeo,1.8001411,-2.148894,-1.0282035,16.728256,1.4788015,6.207506
ddc_dzo_03038,labeled,Thinley,-11.671484,-1.5777929,0.19726065,-1.1700188,-2.131358,2.4841177
ddc_dzo_05968,labeled,Romeo,4.7624145,-1.3594673,0.1576103,16.71914,0.99960196,5.5527415
ddc_dzo_06897,labeled,Romeo,3.438969,-0.57961476,0.18345018,17.16728,0.6704311,5.3032045
ddc_dzo_07028,labeled,Romeo,4.163808,-0.2652999,0.63657945,16.927706,1.2395648,6.080056
ddc_dzo_01085,labeled,Romeo,4.2170706,-0.4508348,1.2815732,16.877275,0.9598314,5.6503434
ddc_dzo_01736,labeled,Romeo,4.531999,-0.8702686,1.1999358,17.229624,0.9536417,5.8545675
ddc_dzo_00793,labeled,Romeo,4.9580016,-2.319346,0.589366,16.618076,1.3651632,5.9547453
ddc_dzo_04608,labeled,Romeo,3.9242823,-0.19955173,1.8477588,17.018637,0.6649977,4.947315
ddc_dzo_01362,labeled,Romeo,3.1680088,-0.31002858,0.49020737,16.766922,1.3007579,6.093389
ddc_dzo_00316,labeled,Romeo,3.6653492,-1.5984793,1.0421658,16.62928,1.3402644,6.062196
ddc_dzo_02922,labeled,Romeo,3.1999567,-0.88284767,0.09928935,17.056355,1.5133451,5.3932548
ddc_dzo_02075,labeled,Romeo,4.007868,-0.87946403,1.429496,16.90591,1.432735,6.2393746
ddc_dzo_06926,labeled,Romeo,3.9536264,-0.63354063,0.9187537,16.891731,1.2777216,6.134791
ddc_dzo_04755,labeled,Romeo,3.2277331,-2.4932492,0.6325593,17.129845,1.0281171,5.751307
ddc_dzo_00429,labeled,Romeo,2.901158,-0.41724843,0.13447009,16.93877,1.2928706,6.2156653
ddc_dzo_09483,labeled,Romeo,4.6242175,-0.6722101,1.4616215,17.294971,1.46448,5.0498085
ddc_dzo_09065,labeled,Romeo,2.919631,-1.3074495,0.044427376,17.025095,1.3617698,5.4817204
ddc_dzo_05978,labeled,Romeo,2.8939402,-1.3334779,1.3163449,16.79358,1.3171967,6.167826
ddc_dzo_04314,labeled,Romeo,2.9520297,-0.99730384,0.25672436,17.281538,0.7964684,5.2374487
ddc_dzo_05616,labeled,Romeo,2.9534082,-0.97591466,-0.06573893,17.35293,1.6048632,5.4508767
ddc_dzo_09426,labeled,Romeo,1.0892913,-0.6185753,2.3438222,14.225238,0.3788288,10.642894
ddc_dzo_07971,labeled,Romeo,1.8107259,-1.0101932,1.4640744,16.937895,1.2943023,6.165056
ddc_dzo_03584,labeled,Romeo,2.3037577,-0.92255,1.2495431,17.234291,1.0686016,5.9786315
ddc_dzo_06357,labeled,Romeo,4.8098664,-1.203371,-0.31303346,16.795616,1.5273076,6.159023
ddc_dzo_00087,labeled,Romeo,5.1086326,-1.6996542,0.45900297,16.9232,1.4153609,5.8971715
ddc_dzo_02855,labeled,Romeo,3.1694973,-0.5381488,0.88907766,17.066772,1.3084655,5.977161
ddc_dzo_05217,labeled,Romeo,3.019695,-2.0389118,1.9151999,13.095562,1.7500863,7.889367
ddc_dzo_03351,labeled,Romeo,4.3683114,-1.7085984,0.30720496,13.065806,2.28139,7.840531
ddc_dzo_09459,labeled,Dorji,-2.5639744,10.2270355,2.2206237,6.941667,15.714283,2.5343487
ddc_dzo_00998,labeled,Dorji,-3.7255216,10.896201,1.1783403,6.9734697,15.363128,2.385368
ddc_dzo_00893,labeled,Romeo,4.1802607,0.15823199,-0.07774705,17.265802,0.8497567,5.430105
ddc_dzo_08458,labeled,Romeo,3.6413887,-1.0872922,-0.79202574,17.057907,0.77059853,5.5531573
ddc_dzo_00676,labeled,Romeo,3.3013852,-0.26174575,-0.1668723,16.865076,1.1609027,5.385045
ddc_dzo_08568,labeled,Thinley,-10.0534115,-3.3236403,0.51835555,-0.56407905,-1.9847969,1.482319
ddc_dzo_09935,labeled,Romeo,4.7382445,-0.12486829,0.32789195,16.484749,1.1573582,5.5061316
ddc_dzo_09269,labeled,Romeo,3.8377838,-1.291927,1.4653544,16.423512,1.0525669,5.1104527
ddc_dzo_02790,labeled,Romeo,3.497212,-1.1540833,0.9011764,16.713017,0.8923563,4.710736
ddc_dzo_03946,labeled,Thinley,-8.836185,-1.2046723,-0.2591162,-0.90839714,-1.7597672,1.3864346
ddc_dzo_09432,labeled,Dorji,-3.7336128,9.235032,1.4247307,6.785843,15.732058,2.2726657
ddc_dzo_06035,labeled,Romeo,1.8243325,-1.1252757,1.7410859,12.573407,-0.45104626,9.331543
ddc_dzo_01695,labeled,Romeo,1.8264016,-0.75760007,0.79337466,12.522834,-0.4504389,9.145891
ddc_dzo_04374,labeled,Romeo,2.6498427,-1.5803335,0.98231184,12.780523,-0.5420277,9.2205105
ddc_dzo_07659,labeled,Romeo,3.51445,0.76804906,1.9433748,15.879613,-0.22743309,4.6355433
ddc_dzo_03270,labeled,Romeo,2.8758636,0.06917161,0.82599807,15.749333,-0.7495521,4.5013013
ddc_dzo_09668,labeled,Romeo,3.409197,0.7030059,0.058154386,15.358675,-0.53033155,5.537261
ddc_dzo_08881,labeled,Romeo,1.2094392,-1.1948228,-1.0985736,12.647674,1.806165,7.900725
ddc_dzo_03484,labeled,Romeo,2.7304454,-0.33702242,-0.5795965,13.599765,1.8233142,7.9623604
ddc_dzo_06712,labeled,Romeo,2.8177102,-1.7357432,2.145807,13.75056,1.7071583,8.017777
ddc_dzo_09942,labeled,Romeo,1.8969492,-0.596755,-0.9265877,13.636733,1.8362365,7.8993917
ddc_dzo_00035,labeled,Romeo,3.7074237,-0.5735789,0.34845504,13.452683,1.8487256,7.8409204
ddc_dzo_02175,labeled,Romeo,3.0727005,-0.8671498,0.6862558,13.655263,1.6407803,8.051727
ddc_dzo_08946,labeled,Romeo,3.1250546,-1.9703649,2.0708587,13.033057,2.2385824,7.7465754
ddc_dzo_08718,labeled,Romeo,3.728518,-0.6448941,1.5093955,16.678522,1.0821309,4.555196
ddc_dzo_00285,labeled,Romeo,5.011048,-0.9007096,0.16798216,17.233646,0.7881755,5.2628164
ddc_dzo_01514,labeled,Romeo,3.060603,-1.00153,1.0591878,17.135809,0.8567368,5.2092495
ddc_dzo_00448,labeled,Romeo,3.9411721,-2.061827,0.85559714,16.832254,0.95424366,5.635219
ddc_dzo_04491,labeled,Thinley,-10.347226,-4.092216,0.15425102,-0.7387709,-2.1991398,1.3567425
ddc_dzo_02775,labeled,Romeo,2.8239303,0.6729974,0.33261487,17.192514,1.7708088,5.041717
ddc_dzo_07779,labeled,Thinley,-8.660943,-2.944974,0.06053291,-0.60648257,-2.0175006,1.3982455
ddc_dzo_06546,labeled,Romeo,3.310935,0.024489142,0.49429604,17.375954,1.0991889,5.0410295
ddc_dzo_06024,labeled,Romeo,1.2672207,-1.2232176,-0.74423665,16.010698,1.0320435,4.982808
ddc_dzo_09837,labeled,Romeo,4.479487,-1.2028415,0.93227625,12.932818,-0.43190295,8.8808
ddc_dzo_03758,labeled,Romeo,3.4823346,-0.34171024,-0.2627387,13.081177,-0.4865937,8.866245
ddc_dzo_02562,labeled,Romeo,4.21336,-0.7871569,-0.47045156,12.789112,-0.5157953,9.00572
ddc_dzo_03801,labeled,Romeo,3.1555417,-1.4552568,-0.279969,15.708899,-0.4123248,4.8839984
ddc_dzo_05453,labeled,Thinley,-8.487794,-3.4630234,1.7918582,-0.85582924,-2.0260973,2.4149144
ddc_dzo_02189,labeled,Romeo,4.031176,-0.097726196,1.0648767,15.683102,-0.6178666,5.0025897
ddc_dzo_04859,labeled,Romeo,3.8770537,-2.1838725,1.1067047,12.621936,1.7910095,7.9856553
ddc_dzo_06568,labeled,Romeo,3.2503808,-1.4439781,-0.22341311,12.559566,1.6670855,8.003077
ddc_dzo_09552,labeled,Romeo,3.5706935,-0.4186656,1.0021896,12.887772,2.0985355,7.8470106
ddc_dzo_02227,labeled,Romeo,3.4519238,-0.7201006,-0.17388248,13.081255,2.0337331,7.7078133
ddc_dzo_07380,labeled,Romeo,3.7482119,-0.654415,0.72154576,13.384226,1.9147805,7.583128
ddc_dzo_05667,labeled,Romeo,3.5670207,-1.1914425,1.0344207,12.907468,2.111308,7.7986193
ddc_dzo_04651,labeled,Romeo,3.0551224,0.588929,-0.13222672,12.69988,2.252379,7.842827
ddc_dzo_06344,labeled,Romeo,3.0940845,-1.0768825,0.40786502,12.701399,2.2463152,7.7420793
ddc_dzo_02585,labeled,Romeo,2.7199886,-0.4971659,-0.03894955,12.682242,2.250534,7.793517
ddc_dzo_01623,labeled,Romeo,1.9087722,-0.38196185,0.7339467,12.931695,2.2617934,7.7513165
ddc_dzo_07897,labeled,Romeo,2.7044175,-1.8407946,0.7659445,12.88773,2.3234286,7.8496814
ddc_dzo_00856,labeled,Romeo,3.4831617,-1.0315264,0.19680852,13.323098,0.9435838,8.207246
ddc_dzo_07807,labeled,Romeo,5.438944,-1.082405,1.2992213,13.338025,1.8064009,8.027777
ddc_dzo_08690,labeled,Romeo,3.080655,-1.5654372,0.6500258,12.785029,1.9786994,7.804832
ddc_dzo_00519,labeled,Romeo,4.576194,-0.6117997,0.40941703,12.824315,2.075272,7.9313707
ddc_dzo_08012,labeled,Romeo,3.278235,-1.0434687,0.18039282,12.822165,2.173109,7.798526
ddc_dzo_01670,labeled,Romeo,3.4393938,-0.62756115,0.13849437,12.730858,2.260805,7.72831
ddc_dzo_03995,labeled,Romeo,3.4638853,-0.22448131,1.6125599,12.527716,1.8983474,8.05693
ddc_dzo_07431,labeled,Romeo,1.3812609,-2.1711698,-0.5167766,12.820585,2.2703063,7.8190994
ddc_dzo_01098,labeled,Romeo,1.6616527,-1.37375,0.6096585,12.893563,2.3134303,7.7129235
ddc_dzo_07577,labeled,Romeo,3.604654,-0.8304052,0.5727056,12.43071,1.8629217,8.091452
ddc_dzo_03474,labeled,Romeo,3.0744548,-1.0472404,0.92029625,12.57431,2.09843,7.8514295
ddc_dzo_04559,labeled,Romeo,4.235564,-1.5248144,0.75514853,12.639235,2.13419,7.808807
ddc_dzo_04246,labeled,Romeo,3.1217592,-0.7037314,-0.41552004,12.903665,2.4275048,8.201622
ddc_dzo_05838,labeled,Romeo,2.8720338,-0.563354,-0.887299,12.774303,2.2130795,7.759737
ddc_dzo_09397,labeled,Romeo,2.498527,1.796982,0.6597564,12.646198,2.1574624,7.7719784
ddc_dzo_04486,labeled,Romeo,3.0794184,0.81731486,0.3997371,13.091716,2.2116396,7.6842556
ddc_dzo_06074,labeled,Romeo,3.6920874,0.07439237,-0.64125293,12.919643,2.352344,7.717458
ddc_dzo_07236,labeled,Romeo,3.139106,-1.1085168,-0.5202699,12.8027525,2.33398,7.6953897
ddc_dzo_02982,labeled,Romeo,2.3402805,-0.21407315,-0.9530631,12.61571,2.0710502,8.057746
ddc_dzo_03977,labeled,Romeo,2.3599153,-0.3633423,-1.0377386,12.644449,2.1795664,7.856912
ddc_dzo_04783,labeled,Romeo,2.1545663,-0.25725943,0.28645062,17.284277,1.847989,5.672936
ddc_dzo_05859,labeled,Romeo,0.5370496,-0.6330165,2.6466277,17.283615,1.3485016,5.455794
ddc_dzo_06602,labeled,Romeo,1.9987837,0.31027246,-0.024751836,16.49979,1.9578489,5.090329
ddc_dzo_06632,labeled,Romeo,1.4578013,-3.4262884,0.940314,17.247692,1.9681779,5.4419923
ddc_dzo_02608,labeled,Romeo,1.6265265,0.23042862,0.7637383,17.406288,1.8173193,5.63136
ddc_dzo_05922,labeled,Romeo,3.7379315,-0.72089565,0.0037965109,17.518435,1.6815661,5.7206225
ddc_dzo_05398,labeled,Romeo,2.3346941,-1.307749,-0.023367722,16.594557,1.729134,4.8308287
ddc_dzo_01578,labeled,Romeo,4.1274195,-1.2257223,-1.7189623,17.545776,1.3641182,5.6864567
ddc_dzo_01905,labeled,Romeo,3.0024774,-1.9762839,0.3579369,17.336483,1.956848,5.524039
ddc_dzo_05337,labeled,Romeo,0.90325683,-1.780549,-0.8383844,17.33249,1.7996202,5.791907
ddc_dzo_03673,labeled,Romeo,4.337967,-1.5792887,0.39332843,17.364109,1.48242,5.801663
ddc_dzo_00024,labeled,Romeo,3.6170661,-0.5387651,2.6307259,16.994204,1.416794,5.54473
ddc_dzo_03846,labeled,Thinley,-9.385846,-3.6578553,1.7718471,-0.8719189,-1.9685074,1.9381684
ddc_dzo_00065,labeled,Romeo,4.5768867,-0.34216616,1.5257565,16.88457,1.2096015,5.9778175
ddc_dzo_06640,labeled,Romeo,3.509389,-1.6251923,0.24409324,17.330135,1.612065,5.5827193
ddc_dzo_05262,labeled,Romeo,2.5036628,-2.3932772,0.4816552,16.467007,1.6416912,6.2936773
ddc_dzo_09863,labeled,Romeo,3.2284062,-1.2930124,0.7226619,17.254559,1.1646352,5.010307
ddc_dzo_03174,labeled,Romeo,1.0089917,0.95858705,3.8089898,17.616428,1.465514,5.523906
ddc_dzo_02788,labeled,Romeo,4.018385,-1.4086124,0.7008861,16.43132,1.8411261,5.5302253
ddc_dzo_09760,labeled,Romeo,2.7722683,-0.6445943,2.2472003,16.638872,1.7898666,5.0126095
ddc_dzo_04964,labeled,Romeo,3.1107233,-1.4782698,1.0575136,17.557505,0.99309725,5.6154118
ddc_dzo_06187,labeled,Romeo,3.375623,-1.1831528,0.5829766,17.362743,0.9603914,5.5499344
ddc_dzo_02831,labeled,Romeo,3.762496,-0.63289833,0.3938742,17.430277,1.4253658,5.848255
ddc_dzo_03557,labeled,Romeo,1.1551048,-0.6920892,-0.2729215,16.94112,1.7670146,5.931253
ddc_dzo_02752,labeled,Romeo,2.8056767,-1.3237273,1.0294691,16.539871,1.391774,5.888145
ddc_dzo_05490,labeled,Romeo,3.2602222,-0.06918195,2.4630902,17.506199,1.1379145,4.983217
ddc_dzo_04895,labeled,Romeo,1.8875765,-0.78727585,1.3508614,16.36041,1.912395,5.065728
ddc_dzo_08705,labeled,Romeo,2.9717834,-1.7000303,1.4364208,16.578045,1.9284191,5.9352703
ddc_dzo_06843,labeled,Romeo,3.5492136,-0.027068084,-0.71410817,16.782074,1.152127,5.368884
ddc_dzo_08038,labeled,Romeo,3.8197834,-1.0409082,-0.20730728,16.647638,1.2507386,5.078072
ddc_dzo_07167,labeled,Romeo,2.670287,0.11881142,0.8343105,16.592894,1.9855328,5.087829
ddc_dzo_05438,labeled,Romeo,3.1440907,-2.1812837,1.114936,16.446537,2.147531,5.736976
ddc_dzo_06571,labeled,Romeo,3.9842045,-1.1259894,-0.34555316,17.365177,1.554387,5.4764905
ddc_dzo_01873,labeled,Romeo,1.5451443,-0.9233382,1.5631642,16.780472,1.7345637,5.3017287
ddc_dzo_05384,labeled,Romeo,2.438635,-1.2756078,1.359809,17.189869,1.7585311,4.9399185
ddc_dzo_03195,labeled,Romeo,2.502957,-1.6216564,1.1362102,16.827326,1.6563056,6.2048173
ddc_dzo_03163,labeled,Romeo,2.7460568,-2.2394326,0.40909156,17.333197,1.701916,5.3923078
ddc_dzo_09885,labeled,Thinley,-11.164997,-3.0488377,0.7189226,-0.9480654,-2.3836923,1.8418634
ddc_dzo_05308,labeled,Thinley,-10.549865,-3.2396927,1.704729,-1.2122718,-1.9536707,2.1381083
ddc_dzo_08230,labeled,Thinley,-10.427321,-4.455457,0.09116564,-1.2092601,-1.6933519,2.574018
ddc_dzo_01399,labeled,Thinley,-13.50476,-3.4196365,1.3807244,-0.9346464,-2.1319554,2.1109517
ddc_dzo_07946,labeled,Thinley,-9.6698265,-3.4660647,-0.110126175,-0.9556092,-2.1153882,2.2037268
ddc_dzo_03249,labeled,Thinley,-11.273069,-3.0390258,1.2377264,-1.023257,-2.1083112,2.1909409
ddc_dzo_04661,labeled,Thinley,-9.649566,-2.9924245,-0.5240779,-1.4260815,-1.9391468,1.3968593
ddc_dzo_09178,labeled,Thinley,-9.662303,-3.4909754,0.24909589,-1.2759042,-2.0820236,1.3544654
ddc_dzo_05504,labeled,Dorji,-4.9704046,12.532191,0.49290746,6.6341815,15.320472,1.9927722
ddc_dzo_05594,labeled,Dorji,-3.831707,10.115651,1.7158475,6.6985793,15.483618,1.9792209
ddc_dzo_01722,labeled,Dorji,-2.9485073,11.014485,1.7324953,6.7215056,15.594508,2.145058
ddc_dzo_04422,labeled,Dorji,-2.457533,10.019379,2.2112596,6.688927,15.264063,1.8288382
ddc_dzo_07560,labeled,Thinley,-12.807043,-2.461414,1.530134,-0.840795,-2.3142185,2.2089112
ddc_dzo_07822,labeled,Dorji,-3.5180159,12.264466,0.879893,6.7629347,15.551456,2.2800214
ddc_dzo_00870,labeled,Thinley,-10.040923,-3.831371,0.18505058,-0.87086684,-2.3436093,2.1883752
ddc_dzo_09287,labeled,Thinley,-10.994583,-3.4821239,-0.36835745,-0.84290206,-2.353421,2.2148242
ddc_dzo_08688,labeled,Dorji,-3.6638918,8.7335825,1.40638,6.56115,15.097766,2.3587368
ddc_dzo_09104,labeled,Thinley,-13.377513,-4.060638,0.55784464,-1.144146,-2.01766,2.5411386
ddc_dzo_02944,labeled,Dorji,-4.55353,11.275507,3.0203242,7.013332,15.296554,2.2769718
ddc_dzo_08102,labeled,Thinley,-10.4519,-5.660007,2.07039,-0.98205054,-2.4605744,1.5593638
ddc_dzo_03210,labeled,Thinley,-11.798318,-3.0661528,2.3091471,-0.9210001,-2.2587068,2.2401402
ddc_dzo_04560,labeled,Dorji,-3.1273637,11.821125,1.8324562,6.8043613,15.627082,2.1606052
ddc_dzo_09265,labeled,Thinley,-10.734959,-4.5256667,-0.53138775,-1.4662969,-2.500981,1.2810692
ddc_dzo_02316,labeled,Dorji,-2.804534,13.785209,2.0375588,6.8160768,15.680422,2.1450684
ddc_dzo_00294,labeled,Thinley,-12.158975,-3.0272603,0.5390614,-0.59106976,-2.0367227,1.9293973
ddc_dzo_09449,labeled,Thinley,-11.016849,-4.4418006,-0.50568414,-1.0619011,-2.1472123,2.369164
ddc_dzo_09346,labeled,Dorji,-5.930704,10.12645,2.776153,6.716013,14.876076,2.4527802
ddc_dzo_02299,labeled,Thinley,-12.891221,-3.8498726,1.8128912,-0.9436655,-2.2844388,2.3003635
ddc_dzo_02567,labeled,Thinley,-12.542601,-1.6021376,0.41424242,-1.053571,-1.9997344,2.561066
ddc_dzo_08791,labeled,Dorji,-2.7003691,9.577357,1.6167047,6.9258575,15.380175,2.1807513
ddc_dzo_01958,labeled,Thinley,-12.516625,-3.052418,-0.4319047,-1.1631767,-2.1737666,2.408178
ddc_dzo_07327,labeled,Dorji,-1.732352,9.311052,1.9764798,6.8411355,15.487255,2.151295
ddc_dzo_06511,labeled,Dorji,-3.149821,7.851372,0.8053326,6.8943405,15.478542,2.028205
ddc_dzo_06218,labeled,Dorji,-3.9198067,10.8995,2.462419,6.9201236,15.301637,2.0371444
ddc_dzo_03746,labeled,Thinley,-12.101093,-1.0184319,1.9418592,-1.1747348,-1.8777889,2.192971
ddc_dzo_00812,labeled,Thinley,-12.208787,-4.786782,-2.0761516,-1.1985115,-1.7000792,2.6534781
ddc_dzo_02382,labeled,Thinley,-11.92839,-4.689685,0.6866438,-0.8537527,-2.020935,2.013925
ddc_dzo_06666,labeled,Dorji,-3.4038951,11.348474,2.511043,6.520224,15.082689,2.4676876
ddc_dzo_02080,labeled,Thinley,-10.282308,-3.5450094,0.70457095,-1.0375252,-1.9257021,2.3347862
ddc_dzo_02696,labeled,Thinley,-11.851821,-3.7339852,0.2715177,-1.1134043,-2.0719879,2.0716233
ddc_dzo_02066,labeled,Dorji,-2.4172635,9.6302805,0.9235224,6.5190954,15.060044,2.278008
ddc_dzo_01820,labeled,Dorji,-3.233964,9.8361635,0.43673855,7.0201263,15.472842,2.0613813
ddc_dzo_00582,labeled,Romeo,3.3638818,-1.594547,-0.29566956,16.45301,1.4468006,4.7319818
ddc_dzo_01258,labeled,Romeo,3.3230574,-0.7694784,-0.76158834,16.738441,1.3889914,4.643126
ddc_dzo_08625,labeled,Thinley,-10.502777,-1.3619018,-2.912869,-1.2771152,-1.652769,2.3502688
ddc_dzo_04161,labeled,Thinley,-11.405573,-3.3388379,0.27171066,-0.76367366,-1.8926193,2.4407303
ddc_dzo_05056,labeled,Thinley,-11.649555,-2.7385838,1.3011832,-1.1558871,-2.103408,2.1701927
ddc_dzo_09651,labeled,Thinley,-11.067874,-2.6013093,0.32946023,-1.1408169,-1.5714895,2.3585699
ddc_dzo_09774,labeled,Romeo,2.7988389,-1.1119804,0.9089668,16.613947,1.2668164,6.046545
ddc_dzo_09475,labeled,Romeo,2.9308743,-2.1745849,-0.022952575,16.34271,1.6797185,5.4187274
ddc_dzo_07842,labeled,Romeo,1.4153033,-0.25364703,-1.4811753,16.36058,1.2762831,5.950631
ddc_dzo_03695,labeled,Dorji,-3.0193362,11.267309,2.078055,6.833637,15.62427,2.5148408
ddc_dzo_02514,labeled,Romeo,2.3584733,-1.2726443,0.8069731,16.010052,-0.54587466,4.867792
ddc_dzo_00757,labeled,Romeo,4.772644,-1.9422175,1.1993102,15.667929,-0.66689694,5.389155
ddc_dzo_04160,labeled,Romeo,3.1378663,-0.63486546,0.8425919,15.663173,-0.7940575,5.008499
ddc_dzo_02337,labeled,Romeo,1.081968,-2.341884,1.7287073,15.691212,-0.6500896,5.312821
ddc_dzo_07761,labeled,Romeo,3.377454,-1.0918583,0.9662183,13.382478,-0.75654733,8.0974045
ddc_dzo_07067,labeled,Romeo,3.2866356,-2.1629257,0.825356,16.856224,0.42632425,5.3414006
ddc_dzo_07307,labeled,Romeo,2.7224357,-1.7866436,0.74326015,15.268771,-0.856784,6.091515
ddc_dzo_00247,labeled,Romeo,3.0931559,-1.3045672,1.6917464,14.009578,0.028297937,10.54786
ddc_dzo_08723,labeled,Romeo,2.5390275,-0.965209,0.07361887,14.029445,-0.488618,7.5571117
ddc_dzo_07022,labeled,Romeo,1.9546198,-1.1005062,-0.03786063,15.415367,-0.7933854,5.6388655
ddc_dzo_09908,labeled,Romeo,2.5903773,-1.226661,0.6814228,15.256128,-0.7877384,6.001415
ddc_dzo_07023,labeled,Romeo,3.0083153,-0.5003595,1.3673906,15.825757,-0.77631056,4.5674562
ddc_dzo_07975,labeled,Romeo,4.14092,0.10399741,1.0382758,15.476543,-0.6271386,5.2191324
ddc_dzo_01074,labeled,Romeo,2.7101238,-0.7993785,0.33581188,15.793607,-0.26637447,4.538476
ddc_dzo_02803,labeled,Thinley,-11.804969,-3.285735,2.1339312,-0.7921486,-2.441347,2.180108
ddc_dzo_06261,labeled,Romeo,3.0291054,-0.53472203,-0.29555586,15.638285,-0.5611825,5.3552713
ddc_dzo_09439,labeled,Thinley,-9.632895,-1.8392878,1.3303322,-0.60526115,-2.1430664,2.4460633
ddc_dzo_00444,labeled,Thinley,-10.858711,-2.504213,0.17835525,-0.43739638,-2.1685104,2.4305549
ddc_dzo_01153,labeled,Romeo,0.17673215,-2.6851137,-0.41013685,15.878159,-0.1405959,4.659315
ddc_dzo_07525,labeled,Thinley,-12.150076,-2.3587496,0.49786735,-0.6261984,-2.3128357,2.178939
ddc_dzo_01927,labeled,Romeo,2.9676313,0.5989043,-1.3049916,15.771181,-0.7666197,4.6037145
ddc_dzo_04554,labeled,Romeo,2.9429417,-1.4592417,-1.4623919,15.635855,-0.52299255,5.2987175
ddc_dzo_02090,labeled,Thinley,-12.068591,-2.533868,2.2792928,-0.6130936,-2.1613839,2.4476562
ddc_dzo_06160,labeled,Thinley,-10.976193,-3.7125087,0.5112263,-0.7824116,-1.7184339,1.9146001
ddc_dzo_05243,labeled,Romeo,3.9405806,-0.87385595,0.0156705,15.327677,-0.55266845,4.6706796
ddc_dzo_08364,labeled,Romeo,2.6403325,-1.6657184,-1.0756035,15.364213,-0.73340154,5.4827037
ddc_dzo_02845,labeled,Romeo,4.73763,1.559112,0.7932683,14.954056,-0.45348835,5.1311116
ddc_dzo_08176,labeled,Romeo,4.481004,0.8038465,0.068866596,15.282352,0.024576552,5.909332
ddc_dzo_04053,labeled,Romeo,4.361463,-0.4017522,1.3000069,13.723861,-0.64716864,8.14923
ddc_dzo_00418,labeled,Romeo,4.242761,0.22792837,-0.86421597,13.303739,0.27172476,8.061078
ddc_dzo_07616,labeled,Romeo,1.9643698,0.72792625,0.9625941,13.625986,-0.74679077,7.7751255
ddc_dzo_09331,labeled,Romeo,5.0973916,-1.0704308,1.1794003,13.447754,-0.50587124,7.6328726
ddc_dzo_05327,labeled,Romeo,4.1002417,-0.90235907,0.754198,13.747583,-0.5027482,7.3248577
ddc_dzo_02838,labeled,Romeo,1.8689227,1.3499296,0.6574266,13.842362,-0.5619559,7.6401544
ddc_dzo_09051,labeled,Thinley,-8.464975,-2.318248,0.698918,-0.5890361,-2.1147804,2.2921581
ddc_dzo_00765,labeled,Romeo,4.041157,-0.15775932,-0.31410652,13.971141,-0.36385795,7.0993977
ddc_dzo_07915,labeled,Romeo,3.5290384,0.28673276,0.08885744,15.236389,-0.083719194,5.2980337
ddc_dzo_00267,labeled,Thinley,-11.04739,-3.267074,0.7958628,-0.49433565,-2.2125204,2.4156528
ddc_dzo_00579,labeled,Romeo,4.39999,-2.139205,-0.2588808,13.425105,-0.39485782,7.5938253
ddc_dzo_08878,labeled,Romeo,1.8730161,-0.8848648,-1.2885892,15.586977,-0.53476423,5.094818
ddc_dzo_06834,labeled,Thinley,-10.304158,-3.8707354,0.41500553,-0.45259002,-2.1321692,2.4696426
ddc_dzo_09692,labeled,Romeo,1.8754084,-2.8845687,1.5957307,15.493223,-0.17718211,5.16926
ddc_dzo_07979,labeled,Romeo,3.9179895,-0.5818624,1.7302495,15.105151,-0.2865445,5.70638
ddc_dzo_00988,labeled,Romeo,3.3295434,-1.5452037,-0.17281905,15.592788,-0.44164664,5.269236
ddc_dzo_08572,labeled,Romeo,3.4923503,-2.0208533,0.94181406,15.057223,0.97995704,5.9079394
ddc_dzo_02534,labeled,Thinley,-10.784572,-2.964442,0.079316914,-0.46766704,-2.1844783,2.4073195
ddc_dzo_01683,labeled,Thinley,-11.564748,-2.0685704,1.3324461,-0.9706952,-2.234316,2.2812464
ddc_dzo_00086,labeled,Thinley,-9.103735,-1.713513,-0.54056484,-0.5180626,-2.177842,2.3692896
ddc_dzo_03177,labeled,Romeo,4.0348177,-0.554702,-0.70862836,15.3519535,-0.9586936,4.9819136
ddc_dzo_01491,labeled,Romeo,1.0778593,-0.43867448,0.26703337,16.000568,-0.74888825,4.785675
ddc_dzo_02302,labeled,Romeo,2.8243854,-0.26873296,2.179911,15.656215,-0.7391849,4.8594036
ddc_dzo_06873,labeled,Romeo,3.1161447,-0.71536833,-0.09215513,15.718073,-0.8585057,4.514306
ddc_dzo_07526,labeled,Romeo,3.4470282,-1.8916823,-0.93619,15.844145,-0.5764903,4.859394
ddc_dzo_03615,labeled,Romeo,2.6589766,-1.0472069,-0.7089546,15.792568,-0.5040985,5.0743318
ddc_dzo_03567,labeled,Romeo,2.4092174,-0.73227704,0.018079547,15.50004,-0.864984,4.78772
ddc_dzo_05794,labeled,Romeo,3.2940645,-0.7383382,1.053518,15.208268,-0.5843568,4.9281225
ddc_dzo_04093,labeled,Romeo,3.0819306,0.4906752,-0.8283009,16.011524,-0.56938344,4.4601874
ddc_dzo_07851,labeled,Romeo,2.582335,-1.8285183,0.23370472,15.288874,-0.94277257,4.78763
ddc_dzo_08826,labeled,Romeo,3.35892,-0.57311046,-0.5846705,15.407837,-0.42195284,5.11494
ddc_dzo_01751,labeled,Romeo,4.3502445,-1.7116195,0.5126859,15.348998,-0.8626046,4.5444202
ddc_dzo_07619,labeled,Romeo,1.1318917,0.24386266,0.38122684,15.597652,-0.5269236,4.419247
ddc_dzo_04963,labeled,Romeo,1.6951383,-2.0346167,1.1695725,15.43031,-0.77309895,4.8133516
ddc_dzo_03392,labeled,Romeo,3.2855153,-1.3282866,-0.49597847,15.517528,-0.6263037,4.7888966
ddc_dzo_04586,labeled,Romeo,2.8455527,-0.92063123,0.051533714,15.387299,-0.54129463,4.959463
ddc_dzo_08023,labeled,Romeo,3.1908545,0.15361644,1.4048842,15.530813,-0.5161756,4.58529
ddc_dzo_02343,labeled,Romeo,4.132989,0.14661638,0.7058407,15.282368,-0.57273763,4.7841835
ddc_dzo_02779,labeled,Romeo,1.5973101,-0.6878033,1.4383109,17.493317,1.0883417,4.8655925
ddc_dzo_06351,labeled,Romeo,4.351722,-0.29424965,0.47318736,15.4041605,-0.7751761,4.6993184
ddc_dzo_08415,labeled,Romeo,4.5186114,-1.0868613,0.8054242,15.478436,-0.7396818,4.868849
ddc_dzo_08708,labeled,Romeo,3.7435157,-1.2339785,0.07580477,15.566916,-0.81896293,4.6910233
ddc_dzo_02015,labeled,Romeo,2.1814342,-1.3931524,-0.3233334,15.433015,-0.2917149,4.9947853
ddc_dzo_02622,labeled,Romeo,4.022497,0.42031783,0.14889584,15.2113905,-0.6816547,4.8819246
ddc_dzo_07697,labeled,Romeo,2.4952602,-0.9908043,0.68396443,15.462303,-0.8373739,4.719642
ddc_dzo_06639,labeled,Romeo,3.6053705,-1.5906359,-0.20436752,15.890989,-0.32928362,4.906159
ddc_dzo_00388,labeled,Romeo,2.8781998,-1.1341565,0.39362282,15.862093,-0.5856833,5.026843
ddc_dzo_00314,labeled,Romeo,2.7169855,-0.61023647,-1.2438438,16.173763,-0.41428632,5.043558
ddc_dzo_00210,labeled,Romeo,2.2626321,-0.5742933,-0.020795682,16.22524,-0.5370089,4.92562
ddc_dzo_09545,labeled,Romeo,2.844885,-1.3156712,-0.6927638,15.846158,-0.68602926,5.1628823
ddc_dzo_00476,labeled,Romeo,4.5100136,-1.0238428,0.42151868,16.1993,0.16083673,4.7528014
ddc_dzo_05585,labeled,Romeo,4.433931,-0.89454454,-0.71918935,15.7508135,-0.56436014,4.8468523
ddc_dzo_08083,labeled,Romeo,5.5119247,-0.60324955,-1.1543589,16.196959,1.5488814,5.5229106
ddc_dzo_04202,labeled,Romeo,2.479695,-2.0366004,0.6097291,15.551621,-0.58112574,4.869717
ddc_dzo_04401,labeled,Romeo,3.8080533,-2.9081447,-0.89831096,15.902307,-0.3551301,5.074348
ddc_dzo_05871,labeled,Romeo,4.167121,-0.87287146,-1.1755115,15.52531,-0.62180024,5.109406
ddc_dzo_01732,labeled,Romeo,2.8148997,-0.35681516,0.28314397,15.756817,-0.7551731,4.6516275
ddc_dzo_05593,labeled,Romeo,3.435693,-0.57918423,-1.8622174,15.7753315,-0.78248745,4.640078
ddc_dzo_04711,labeled,Romeo,4.22139,-2.9763174,-0.6188114,15.570682,0.012747466,4.628124
ddc_dzo_04790,labeled,Romeo,2.146122,-1.0289044,0.63874763,15.519486,-0.56762743,5.4904523
ddc_dzo_05221,labeled,Romeo,2.9446092,-1.7244757,-0.55255306,15.820851,-0.76238316,5.1766796
ddc_dzo_00798,labeled,Romeo,3.2346644,-2.0360248,0.8988551,15.436764,-0.44919273,5.346367
ddc_dzo_00505,labeled,Romeo,4.0477457,-0.8923706,-0.1843327,15.763611,-0.8021709,4.752421
ddc_dzo_07052,labeled,Romeo,2.3655975,-0.9813891,-0.8414827,15.619623,-0.84607786,4.6975427
ddc_dzo_01719,labeled,Romeo,2.680932,-2.3556828,-0.64190006,15.240072,-0.34448448,5.2788205
ddc_dzo_03279,labeled,Romeo,3.4567783,-2.803624,-0.4212528,15.638427,-0.39048973,5.0962195
ddc_dzo_07407,labeled,Romeo,2.255886,-1.8914638,0.9001647,15.719753,-0.47974628,5.039249
ddc_dzo_01850,labeled,Thinley,-11.049287,-2.457144,-0.4306824,-1.2874496,-1.4628955,2.3677506
ddc_dzo_04992,labeled,Thinley,-9.396708,-4.0083714,1.848681,-0.46120924,-1.9252882,2.4673586
ddc_dzo_06301,labeled,Thinley,-12.177347,-2.5159633,1.4695476,-0.5185027,-2.1071353,2.451898
ddc_dzo_04150,labeled,Romeo,2.751224,2.1499114,0.4024242,17.448124,0.86621356,5.3576336
ddc_dzo_08844,labeled,Romeo,3.158122,-1.7655525,0.92502564,17.14312,1.6114691,5.0864635
ddc_dzo_02569,labeled,Romeo,2.1156201,1.517557,0.8221173,17.4832,0.9522451,5.179567
ddc_dzo_02455,labeled,Romeo,2.154712,-1.628978,1.9261115,17.236795,0.88762784,5.85002
ddc_dzo_07823,labeled,Romeo,3.9775488,-2.298281,0.26058075,16.94169,0.47827324,5.4187064
ddc_dzo_04245,labeled,Romeo,1.5532447,-0.39500454,-0.0631603,13.321806,1.8156692,9.039134
ddc_dzo_09716,labeled,Romeo,2.294317,-1.9665622,0.43225306,17.38558,1.1009817,5.5242414
ddc_dzo_06729,labeled,Romeo,2.467397,-1.7632118,-0.6098014,17.193138,1.3407592,5.238426
ddc_dzo_08335,labeled,Romeo,3.2413197,-2.4440324,0.35141686,17.196218,1.4604814,5.4735146
ddc_dzo_05000,labeled,Romeo,2.9775875,0.03743177,1.0744834,17.324509,1.4705718,4.9307017
ddc_dzo_08170,labeled,Romeo,3.854389,-2.0163221,-0.8178256,17.334427,0.73684865,5.2336283
ddc_dzo_04849,labeled,Romeo,2.9509597,-0.39965826,0.7176515,16.707584,0.3708458,4.985181
ddc_dzo_04934,labeled,Romeo,1.5640726,-0.64735335,0.34539562,17.09376,1.2451943,5.049542
ddc_dzo_05960,labeled,Romeo,2.8234005,-0.3556457,1.7681243,17.297258,1.3464968,4.8854313
ddc_dzo_02420,labeled,Romeo,3.6644466,-0.11263798,-0.28925094,17.419487,0.92174923,4.9203057
ddc_dzo_03437,labeled,Romeo,2.0569584,-0.47885185,2.0629377,16.700678,1.6678431,5.752077
ddc_dzo_06912,labeled,Romeo,4.100415,-0.7494107,0.4363377,17.364534,1.5647959,4.9504337
ddc_dzo_04511,labeled,Romeo,1.9572686,0.38695842,-1.048051,16.326303,0.5002281,4.591506
ddc_dzo_06202,labeled,Romeo,3.3403602,-1.5758487,-0.8816041,13.479178,1.4562125,8.467383
ddc_dzo_01218,labeled,Romeo,0.88666826,-0.63748676,2.2544823,13.601721,1.5157107,7.954647
ddc_dzo_07125,labeled,Romeo,2.299387,0.6207505,1.693731,13.819837,1.7422138,8.120406
ddc_dzo_07049,labeled,Romeo,4.2825747,0.69747007,-0.07818593,13.992205,1.7478259,8.093136
ddc_dzo_06535,labeled,Romeo,4.004966,-1.7316837,-0.7467514,13.539971,1.1646188,8.455256
ddc_dzo_02141,labeled,Romeo,3.379188,-1.8951113,-0.22672895,12.454195,1.653738,8.402572
ddc_dzo_03587,labeled,Romeo,1.8317196,-0.7866138,0.3422625,13.456005,2.25922,8.713794
ddc_dzo_05354,labeled,Romeo,3.0846982,-0.25862938,0.45868474,13.599677,1.9188559,8.296518
ddc_dzo_03148,labeled,Romeo,2.9520495,-2.3793519,0.5359595,12.999755,1.9527408,8.216075
ddc_dzo_04450,labeled,Romeo,2.1003723,-1.334588,1.29774,13.440455,2.057145,8.912219
ddc_dzo_02243,labeled,Romeo,2.410307,-1.3735714,0.38624397,13.0281315,1.7612166,8.457859
ddc_dzo_05059,labeled,Romeo,2.2891712,-1.7405996,-0.013953462,13.290204,1.7834641,9.064007
ddc_dzo_03500,labeled,Romeo,2.0399742,0.27758712,1.1892338,12.741799,1.8947916,8.920166
ddc_dzo_02717,labeled,Romeo,4.2407346,-0.13766804,-0.4429423,12.974601,1.1221887,9.177816
ddc_dzo_04585,labeled,Romeo,2.791294,-2.3381183,1.5386608,13.358472,1.5502201,9.058657
ddc_dzo_02731,labeled,Romeo,3.8755062,-1.1248741,0.032923996,13.146468,1.9482236,8.456766
ddc_dzo_09819,labeled,Romeo,3.1019948,0.11843393,0.090902194,13.13915,1.8776667,8.710678
ddc_dzo_08934,labeled,Romeo,3.290647,-0.8334869,0.16121542,13.067298,2.0398304,8.946462
ddc_dzo_08132,labeled,Romeo,1.1870023,-0.43138388,0.5154733,12.911028,1.3319695,8.2582655
ddc_dzo_07932,labeled,Romeo,3.479306,-1.3031329,-0.09943574,13.159358,2.2792964,8.62045
ddc_dzo_09591,labeled,Romeo,1.2861466,-0.34414834,0.005779302,13.389013,1.9332325,9.279639
ddc_dzo_09867,labeled,Romeo,2.2408204,-0.8007364,0.37890902,13.15776,1.7737666,7.821269
ddc_dzo_00930,labeled,Romeo,3.9740467,-1.9641986,-0.19198674,13.471249,2.2818782,8.160825
ddc_dzo_03015,labeled,Romeo,2.2250974,-0.76746714,0.86768246,13.31985,2.329128,8.239102
ddc_dzo_06444,labeled,Romeo,4.3799195,-1.5507222,0.13131876,13.311567,2.0990999,8.457237
ddc_dzo_07290,labeled,Romeo,2.3020325,-1.3638556,0.23150486,13.027766,2.2950609,8.047234
ddc_dzo_00178,labeled,Romeo,4.342406,-0.49254957,0.2805599,12.9973545,1.8130239,8.855416
ddc_dzo_09883,labeled,Thinley,-10.084699,-2.482824,0.62009984,-0.728952,-1.6751169,1.9671851
ddc_dzo_07397,labeled,Thinley,-9.211505,-2.724822,-0.38418186,-1.0838528,-1.5229038,2.558179
ddc_dzo_06147,labeled,Thinley,-7.4622912,-1.4629018,-0.33203104,-1.0367447,-1.7036427,2.5049162
ddc_dzo_01589,labeled,Romeo,3.3487632,-1.6415635,-0.6295008,16.752502,1.867731,5.1517935
ddc_dzo_03006,labeled,Romeo,4.179329,-0.7780793,-0.34900865,16.820824,1.2680913,5.4027233
ddc_dzo_06522,labeled,Romeo,3.615713,-1.672626,0.73783505,17.072538,1.9374715,5.3456764
ddc_dzo_08689,labeled,Romeo,3.0295374,-0.91549045,0.1278315,17.346863,1.2424526,5.7249804
ddc_dzo_06996,labeled,Romeo,4.4319415,-0.38197765,0.72538644,17.404434,1.4799803,5.7229753
ddc_dzo_08314,labeled,Romeo,4.067144,-0.9390568,0.34343413,17.129313,1.6503469,6.0357027
ddc_dzo_02827,labeled,Romeo,2.3221705,-0.3993052,-0.9923655,17.50229,1.153673,5.150091
ddc_dzo_03271,labeled,Romeo,2.1435204,-0.70486593,-0.7379571,17.70303,1.3720094,5.714304
ddc_dzo_03606,labeled,Romeo,4.426755,0.2814777,2.0680034,17.65071,1.3599122,5.82201
ddc_dzo_06677,labeled,Romeo,2.8897069,-0.7460376,-0.3227495,17.066381,1.5901256,5.2865405
ddc_dzo_07985,labeled,Romeo,3.3670895,-0.5943481,0.43566462,17.568806,1.2478077,5.2798533
ddc_dzo_02504,labeled,Romeo,2.6918721,-2.4334798,0.36992833,17.170012,1.4510505,5.827817
ddc_dzo_05277,labeled,Romeo,2.401838,-0.10481465,0.2946482,17.236387,1.945176,5.573839
ddc_dzo_09967,labeled,Romeo,3.2299993,-1.0221184,0.72333056,17.358622,1.4817536,5.8320856
ddc_dzo_01698,labeled,Romeo,3.1717618,-0.4100272,-0.06974501,17.457712,1.0512362,5.5267944
ddc_dzo_07330,labeled,Romeo,3.1631966,0.12984687,0.13018142,17.044298,1.3108011,5.96431
ddc_dzo_06270,labeled,Romeo,2.3898818,-1.1589698,0.12968616,17.514452,1.3204659,5.4362745
ddc_dzo_03411,labeled,Romeo,2.8833811,-1.199664,-1.0762163,17.638544,1.3410896,5.655778
ddc_dzo_07994,labeled,Romeo,3.2537482,-1.5844377,0.28032163,17.702547,1.3349831,5.648483
ddc_dzo_01274,labeled,Romeo,1.7884586,-1.3623041,0.07183245,17.652811,1.3000213,5.639045
ddc_dzo_06704,labeled,Romeo,3.5521822,-0.45253477,-0.101850405,16.71672,1.5491264,5.236187
ddc_dzo_03716,labeled,Romeo,2.253537,-1.3152891,0.87197924,16.725914,1.178129,5.5329766
ddc_dzo_09011,labeled,Romeo,3.4397597,-1.1556368,0.5127689,17.49222,1.0807272,5.2706623
ddc_dzo_03526,labeled,Romeo,3.2553322,-1.6359833,-1.6173834,17.52551,1.4547557,5.8968425
ddc_dzo_02408,labeled,Romeo,2.0362005,-1.2272317,-0.027466383,17.606205,1.4767922,5.7081695
ddc_dzo_03341,labeled,Romeo,4.1007524,-1.1446784,-0.11688366,17.370941,1.6942255,5.844733
ddc_dzo_09596,labeled,Romeo,2.3900156,0.12154402,0.27109185,17.50681,1.0174954,5.115109
ddc_dzo_02667,labeled,Romeo,3.640019,-0.46371365,0.32245559,16.290302,1.5251529,5.9302382
ddc_dzo_05929,labeled,Romeo,4.497627,-0.4336307,-0.33613625,17.11408,1.3802152,5.863323
ddc_dzo_01778,labeled,Romeo,4.0304375,-0.5478269,-0.2083225,17.036068,1.1706585,5.485686
ddc_dzo_00474,labeled,Romeo,2.8034348,-1.4820057,0.015402617,17.621584,1.4403505,5.6018586
ddc_dzo_08515,labeled,Romeo,1.9434284,-1.5760435,0.7178126,17.352774,0.9753348,5.092504
ddc_dzo_01355,labeled,Romeo,3.2438457,-1.9695939,0.023618165,17.554174,1.577912,5.7012725
ddc_dzo_00165,labeled,Romeo,1.8693452,-0.30543292,0.73428106,17.658922,1.422474,5.531992
ddc_dzo_05844,labeled,Romeo,4.366824,0.1785272,0.12319192,17.081953,1.7948369,5.1864552
ddc_dzo_08156,labeled,Romeo,3.8350644,0.10805092,1.5222671,17.582354,1.1839185,5.1096716
ddc_dzo_05780,labeled,Romeo,4.1937675,0.36502707,1.4824107,17.17759,1.7327363,5.670561
ddc_dzo_03780,labeled,Romeo,2.7049286,0.3574351,0.7682545,17.577196,1.5209142,5.4506545
ddc_dzo_09193,labeled,Romeo,3.7439966,0.59531415,-0.09765726,17.206974,1.3520938,5.9382157
ddc_dzo_02665,labeled,Romeo,3.4306324,-2.1763144,1.2244647,13.51023,1.6574692,8.324882
ddc_dzo_04227,labeled,Romeo,3.014539,-1.3820317,-0.55013454,13.536652,1.7300352,8.527269
ddc_dzo_04903,labeled,Romeo,3.9182014,0.18958022,0.974478,16.964346,1.1745344,5.2219157
ddc_dzo_05486,labeled,Romeo,2.8610244,-0.83757806,0.57699937,16.867416,1.63891,6.2419176
ddc_dzo_02434,labeled,Romeo,3.4386046,-1.4659327,0.32417965,17.202187,1.5770878,5.246727
ddc_dzo_03223,labeled,Romeo,4.0714183,-1.2824395,0.4776882,17.101477,1.1468025,5.535803
ddc_dzo_02774,labeled,Romeo,3.1856847,-1.2298019,-0.55019414,17.051632,1.2501413,5.264629
ddc_dzo_01929,labeled,Romeo,3.7635508,0.0715452,0.6060276,17.381523,0.96289986,5.854381
ddc_dzo_03283,labeled,Romeo,4.270455,0.3269772,0.2598335,17.184666,1.0155609,5.719172
ddc_dzo_09662,labeled,Romeo,3.6052966,0.047754772,1.1104119,17.37441,1.5061309,5.7643757
ddc_dzo_09316,labeled,Romeo,3.125202,-0.70187616,1.3196698,16.910015,1.4314572,5.380008
ddc_dzo_02920,labeled,Romeo,3.5758543,-0.15945916,0.07616868,17.131014,1.5749011,6.062851
ddc_dzo_05142,labeled,Romeo,4.4752755,0.1473686,-0.048622787,17.614088,1.4986936,5.33424
ddc_dzo_06907,labeled,Romeo,3.2545977,-0.47308627,0.97291154,13.266492,1.6496685,8.505466
ddc_dzo_01533,labeled,Romeo,4.340718,-0.14922053,-0.23581943,13.462526,1.4902537,7.883322
ddc_dzo_07439,labeled,Romeo,3.7862754,-0.63991785,1.781522,12.941783,1.9051874,8.827573
ddc_dzo_04278,labeled,Romeo,3.1452148,0.04801816,0.043244656,13.46833,0.6939153,8.67379
ddc_dzo_03762,labeled,Romeo,3.6185107,-0.15090078,1.3948615,13.004139,1.8666129,8.460838
ddc_dzo_08683,labeled,Romeo,2.0154269,-0.9363647,-0.5775279,13.444591,1.8780652,9.100012
ddc_dzo_01805,labeled,Romeo,2.0462809,-1.3716191,0.5917343,12.560782,1.7219367,7.9904737
ddc_dzo_08407,labeled,Romeo,3.5799608,-2.3443015,0.32095402,13.474927,1.7400576,8.526872
ddc_dzo_04556,labeled,Romeo,3.6720405,-2.052438,0.016803995,13.265257,2.0236912,8.511635
ddc_dzo_09340,labeled,Romeo,2.852016,-0.02126399,0.48994762,13.388215,1.7908455,8.933015
ddc_dzo_00830,labeled,Romeo,4.149071,-0.49452895,-0.23464915,13.007656,-0.3632696,8.583913
ddc_dzo_08242,labeled,Romeo,3.8761208,-1.276451,0.33058605,12.694115,0.021548051,8.2429285
ddc_dzo_03057,labeled,Romeo,2.571951,-0.34278873,0.23290043,12.773185,-0.9105968,8.5714
ddc_dzo_06295,labeled,Romeo,3.1856523,-0.9374752,0.225227,12.961898,-0.4100064,9.19515
ddc_dzo_03255,labeled,Romeo,3.4038005,-1.4346043,1.3991605,13.149324,-0.56203246,9.0017605
ddc_dzo_08587,labeled,Romeo,3.0128365,-1.2144644,1.8940238,13.201356,-0.3945016,8.889518
ddc_dzo_05770,labeled,Romeo,1.9525319,-1.6129189,0.11713164,13.076844,-0.46474868,9.166979
ddc_dzo_07826,labeled,Romeo,2.4347057,-0.15140946,-0.061369736,13.871919,-0.082769215,10.193362
ddc_dzo_01464,labeled,Romeo,3.7754812,-1.7559606,0.773195,13.120072,-0.29815355,8.775348
ddc_dzo_09780,labeled,Romeo,3.0199237,-0.81092936,1.1865532,13.023964,-0.4127295,8.517867
ddc_dzo_04064,labeled,Romeo,2.8595266,-1.0812926,1.0237472,13.101833,-0.4669903,9.153057
ddc_dzo_01993,labeled,Romeo,3.7945118,-1.3400446,0.74858266,13.229095,-0.8284289,8.610106
ddc_dzo_08432,labeled,Romeo,4.148359,-1.5553759,0.669037,13.15186,-0.38593373,8.840862
ddc_dzo_01774,labeled,Romeo,5.159179,-1.4398053,0.9329539,13.078963,-0.3219902,8.675388
ddc_dzo_07689,labeled,Romeo,4.0200834,-0.78958815,0.8802055,12.9483185,-0.54264045,9.121956
ddc_dzo_00127,labeled,Romeo,3.995186,-1.5594251,0.35672235,12.890442,-0.31123662,8.565608
ddc_dzo_02081,labeled,Romeo,3.2661822,-1.7288969,0.5749942,13.28409,-0.75702375,8.574637
ddc_dzo_01043,labeled,Romeo,2.4329138,-2.3632052,0.11393472,12.954072,-0.4171431,9.140455
ddc_dzo_01173,labeled,Romeo,3.0698392,-1.8673493,0.32977775,12.8965845,-0.43410674,9.08841
ddc_dzo_07030,labeled,Romeo,4.0328264,-2.4852018,-0.7914517,13.060328,-0.23936436,8.996942
ddc_dzo_01468,labeled,Romeo,3.2641213,-1.6961122,-0.15739264,13.874128,-0.07561596,10.18808
ddc_dzo_00903,labeled,Romeo,3.506863,-1.2799671,-0.24804872,12.606399,-0.06539119,8.494585
ddc_dzo_03914,labeled,Romeo,2.3173764,-1.7404937,-0.11704239,12.559463,-0.10475679,8.658029
ddc_dzo_06029,labeled,Romeo,0.42066053,-0.36306092,0.57981604,13.325819,-0.9220489,8.584042
ddc_dzo_00521,labeled,Romeo,3.7447896,-2.1360593,-0.02416855,13.404368,-0.85450214,8.616219
ddc_dzo_01847,labeled,Romeo,3.2270064,-1.5407506,-0.3895665,13.370747,-0.8858313,8.351584
ddc_dzo_02507,labeled,Romeo,3.183739,-1.793574,0.8970957,13.435693,-0.896188,8.330914
ddc_dzo_06111,labeled,Romeo,2.524263,-1.8282133,-0.6695507,13.358334,-0.9377972,8.5236
ddc_dzo_04044,labeled,Romeo,3.335539,-2.8364666,0.75140315,13.107768,-0.7505114,8.72386
ddc_dzo_07377,labeled,Namgay,-2.8614523,3.9256215,-9.672818,3.175501,7.1993504,16.949396
ddc_dzo_00255,labeled,Romeo,3.9674633,-1.5141125,0.61351705,13.062904,-0.67676103,8.366049
ddc_dzo_08891,labeled,Romeo,4.012399,-1.3912206,0.9887201,12.998626,-0.23583268,8.593961
ddc_dzo_03652,labeled,Romeo,3.987919,-1.155741,-0.29694688,13.298283,-0.51681393,8.750852
ddc_dzo_08767,labeled,Namgay,-3.2564917,1.8981302,-12.112658,3.5361764,7.076591,16.948637
ddc_dzo_07867,labeled,Romeo,4.7651806,-0.581918,-0.79577315,12.799499,-0.63561535,8.565067
ddc_dzo_04709,labeled,Romeo,3.3572292,-1.9191754,0.9900566,12.866627,-0.52194643,8.552379
ddc_dzo_02119,labeled,Namgay,-2.010534,3.158233,-9.417765,3.566549,7.042075,16.953907
ddc_dzo_01555,labeled,Romeo,3.73254,-1.067902,0.6752612,12.779197,-0.6618402,8.645762
ddc_dzo_07300,labeled,Romeo,4.3387423,-1.7844332,1.0610499,12.7805605,-0.233041,8.577306
ddc_dzo_02866,labeled,Romeo,3.5455568,-1.8185,-0.31372243,12.815864,-0.3836478,8.594476
ddc_dzo_07202,labeled,Namgay,-3.0844939,4.2723274,-9.828067,3.4754827,7.096331,16.943958
ddc_dzo_01883,labeled,Namgay,-4.2469115,1.7552027,-11.10175,3.3704214,7.1613803,16.925545
ddc_dzo_03317,labeled,Romeo,4.7684445,-1.6315529,-0.6578865,13.008919,-0.31659657,9.098676
ddc_dzo_09798,labeled,Romeo,3.322768,-1.0084307,0.5232768,12.832246,-0.60752857,9.169405
ddc_dzo_04857,labeled,Romeo,2.4707668,-1.8061033,0.29196778,12.845118,-0.4832887,9.2340765
ddc_dzo_04137,labeled,Romeo,2.6235847,0.34822118,-0.020044645,12.883967,-0.5607575,9.246911
ddc_dzo_07905,labeled,Romeo,2.953241,-0.23199774,-0.70743,13.0410385,-0.5605124,9.001096
ddc_dzo_00586,labeled,Romeo,2.3981209,-1.3148972,-0.5106734,12.970437,-0.70280385,9.232205
ddc_dzo_04962,labeled,Romeo,3.6358912,0.24956812,0.8219734,14.005586,0.028110702,10.432713
ddc_dzo_09711,labeled,Namgay,-3.5843878,4.081518,-12.107481,3.5401368,7.086833,16.9686
ddc_dzo_04683,labeled,Romeo,3.1922927,-0.20345904,0.100831926,14.09018,0.040951103,10.611918
ddc_dzo_04098,labeled,Romeo,4.2030096,-1.0227321,-0.24975666,14.087233,0.05870661,10.5801115
ddc_dzo_08223,labeled,Namgay,-2.6237504,0.76430017,-8.278631,3.4067113,7.1078,16.94833
ddc_dzo_08909,labeled,Romeo,1.7999567,-2.603323,0.2773898,12.711986,-0.41506323,8.445722
ddc_dzo_01517,labeled,Romeo,4.492849,-0.95239586,0.8743826,14.069985,0.09799724,10.564431
ddc_dzo_00665,labeled,Romeo,3.7522886,-2.3070102,0.7100613,14.026493,0.12803155,10.477522
ddc_dzo_09089,labeled,Namgay,-3.6334512,2.6483748,-12.731894,3.5979052,7.0373354,16.96848
ddc_dzo_03107,labeled,Romeo,1.913296,-0.28317037,-0.18695638,14.077229,0.07957694,10.557272
ddc_dzo_01448,labeled,Romeo,3.8724253,-0.5360497,0.25237176,14.036281,0.14727099,10.489566
ddc_dzo_05544,labeled,Romeo,1.4046222,0.003254971,-2.2219803,14.129813,0.043543242,10.64442
ddc_dzo_09995,labeled,Namgay,-2.4571233,3.601502,-9.07271,2.820167,7.5262065,16.77717
ddc_dzo_01115,labeled,Romeo,3.304575,1.974164,0.17390168,14.194559,0.17876035,10.694954
ddc_dzo_09290,labeled,Romeo,3.6516473,-1.4556012,0.09334097,13.99824,0.09504327,10.401752
ddc_dzo_02953,labeled,Romeo,3.2125006,-1.0585618,-0.11023066,14.10036,0.11277529,10.57967
ddc_dzo_03966,labeled,Romeo,3.6431582,-0.78364754,-0.07673287,13.286035,-0.76579547,8.776691
ddc_dzo_07218,labeled,Romeo,2.9631722,-0.64577746,1.1342944,14.100234,0.06639674,10.60123
ddc_dzo_07492,labeled,Romeo,5.4531736,0.2360258,-0.3315568,14.146549,0.12705828,10.6468935
ddc_dzo_03805,labeled,Romeo,2.8214731,-0.11829342,-1.7232974,14.092636,0.042565294,10.605541
ddc_dzo_08049,labeled,Romeo,3.635852,0.25763154,-0.15682094,14.145422,0.11277083,10.651759
ddc_dzo_06914,labeled,Namgay,-1.176891,1.067128,-10.894342,2.5210202,7.3340287,16.670744
ddc_dzo_01567,labeled,Romeo,4.032206,0.65623426,0.18355744,14.152828,0.1259592,10.648094
ddc_dzo_04322,labeled,Romeo,4.1391234,-1.0545377,0.813154,14.176956,0.08482116,10.704073
ddc_dzo_02745,labeled,Romeo,3.34929,-1.1721768,-0.5124572,14.139942,0.09717768,10.642794
ddc_dzo_08317,labeled,Romeo,3.1748502,-1.9626364,-0.007948087,13.301349,-0.71619827,8.738138
ddc_dzo_00358,labeled,Romeo,2.8466249,-0.78473794,0.569435,12.7359705,-0.50971925,8.482231
ddc_dzo_04350,labeled,Namgay,-0.40535992,3.9292853,-10.595644,3.5665293,7.0150213,16.947266
ddc_dzo_05137,labeled,Namgay,-5.492532,4.2634716,-10.719871,3.5754075,7.076884,16.928598
ddc_dzo_05109,labeled,Namgay,-3.532255,3.1513393,-11.030351,3.4989772,7.0745754,16.939146
ddc_dzo_08401,labeled,Namgay,-2.1232562,1.9540651,-10.070204,3.608031,7.0460343,16.94039
ddc_dzo_09720,labeled,Namgay,-2.5972512,3.0305,-12.049962,3.574489,7.0205846,16.963339
ddc_dzo_09392,labeled,Namgay,-3.951701,1.1519892,-9.713118,3.1967573,6.420016,17.289785
ddc_dzo_06633,labeled,Namgay,-5.2634273,-0.29346403,-8.614707,3.1654146,6.411456,17.286798
ddc_dzo_00148,labeled,Namgay,-2.303603,1.6250092,-9.743238,3.198575,6.419351,17.291336
ddc_dzo_05124,labeled,Namgay,-1.9101523,0.26735082,-7.3288603,3.1914613,6.39046,17.305367
ddc_dzo_06361,labeled,Namgay,-2.8003554,1.0707315,-10.820556,3.1822717,6.4104795,17.294552
ddc_dzo_04807,labeled,Romeo,3.0927606,-1.8195099,1.0980042,13.162763,-0.8423105,8.435097
ddc_dzo_06239,labeled,Romeo,2.1299555,-1.1599305,1.6598707,13.30413,-0.91333604,8.796517
ddc_dzo_01240,labeled,Romeo,2.2010794,-1.0125097,0.1537416,12.793661,-0.21086532,8.5236025
ddc_dzo_03506,labeled,Romeo,1.8995773,-0.6604984,0.08997282,13.2170925,-0.8881029,8.852696
ddc_dzo_01148,labeled,Romeo,4.512183,-0.88082045,0.12786649,13.373327,-0.8128431,8.743729
ddc_dzo_08967,labeled,Romeo,2.1727736,-0.6154695,-0.12428932,13.273701,-0.8203427,8.807561
ddc_dzo_09020,labeled,Romeo,1.9714187,-0.74124,-0.6989086,12.897547,0.19292322,8.664078
ddc_dzo_05565,labeled,Romeo,3.2698898,-0.17575644,0.58967096,12.948464,-0.94587314,8.671844
ddc_dzo_04848,labeled,Romeo,2.4509096,-0.37126487,0.80026704,13.194224,-0.11134107,8.761464
ddc_dzo_04379,labeled,Romeo,2.8416374,-1.3961675,-0.094694376,13.153573,-0.7108247,8.905095
ddc_dzo_07641,labeled,Romeo,4.3012238,-1.169065,0.846506,13.37453,-0.97804314,8.427897
ddc_dzo_04183,labeled,Romeo,3.3856173,-0.6673256,1.0267022,13.213441,-0.6392196,8.621733
ddc_dzo_01010,labeled,Romeo,3.5903728,-0.60925317,2.1243868,13.115403,-0.72980773,8.995637
ddc_dzo_09497,labeled,Romeo,4.239223,-1.8526816,-0.41063404,13.025679,-0.34299973,8.721773
ddc_dzo_04176,labeled,Romeo,2.1195838,-0.71769977,0.29878125,13.175037,-0.85175806,8.868349
ddc_dzo_07913,labeled,Romeo,4.8017263,0.25642797,0.16493808,13.098746,-0.2815822,8.876841
ddc_dzo_03741,labeled,Romeo,3.6695666,-1.2106328,0.96185744,13.341164,-0.029985012,8.739671
ddc_dzo_01961,labeled,Romeo,3.2971652,0.41239136,1.3924959,12.626534,-0.2734736,8.0614
ddc_dzo_06878,labeled,Romeo,4.0417285,-1.4979345,0.25844166,13.046451,-0.08380586,8.500992
ddc_dzo_04325,labeled,Romeo,3.6791408,-0.4825699,0.30688813,13.240215,0.04779614,8.586398
ddc_dzo_01089,labeled,Romeo,2.0276124,-1.6506779,-0.47128317,15.9857025,-0.5272127,4.541621
ddc_dzo_02532,labeled,Romeo,3.7442248,-0.8492919,0.03463677,13.043613,-0.2930305,8.577332
ddc_dzo_05963,labeled,Romeo,2.9660468,-1.6984379,0.052862637,13.284099,-0.203897,8.381419
ddc_dzo_09957,labeled,Romeo,2.354101,-1.0761293,-0.27260724,13.041753,-0.7371395,8.77899
ddc_dzo_02440,labeled,Namgay,-3.9843733,0.5539082,-7.6399984,4.0189476,8.106158,9.293724
ddc_dzo_07546,labeled,Romeo,2.7819831,-0.6856895,-0.7203701,13.023699,-0.62542856,9.121664
ddc_dzo_09553,labeled,Romeo,3.4696457,0.41795886,1.1348164,12.6841545,-0.60311556,9.158436
ddc_dzo_08602,labeled,Romeo,2.861781,-1.5465719,-0.78776956,12.588051,0.91949004,8.552588
ddc_dzo_03643,labeled,Namgay,-3.6126528,1.2239871,-3.897587,4.0184054,8.106561,9.293833
ddc_dzo_04324,labeled,Romeo,3.2690597,-0.050174758,-1.2095315,12.7516165,-0.62944674,9.370484
ddc_dzo_00690,labeled,Romeo,2.4648786,-0.9595662,-0.30348387,13.001105,-0.6831101,9.166912
ddc_dzo_05715,labeled,Romeo,1.861046,-0.9404063,0.7215956,13.194386,-0.9214375,8.818855
ddc_dzo_01857,labeled,Romeo,2.552392,-0.77609473,-1.0953002,12.898179,-0.7357983,9.112784
ddc_dzo_06236,labeled,Romeo,1.8468031,-2.5819569,1.0158324,12.879945,0.10887686,8.585606
ddc_dzo_07516,labeled,Romeo,2.2866833,-1.6189234,0.04358572,13.156474,-0.8057349,8.625945
ddc_dzo_08628,labeled,Romeo,2.6169121,1.2934244,0.5243807,13.066974,-0.6965592,9.086243
ddc_dzo_07154,labeled,Romeo,2.0651608,-1.7259836,1.9783652,14.48297,0.22948885,11.191267
ddc_dzo_02469,labeled,Namgay,-4.9447384,1.8601929,-7.433141,4.021191,8.103989,9.292081
ddc_dzo_09476,labeled,Romeo,0.91445565,-0.7901276,0.8961036,14.491586,0.2514158,11.188657
ddc_dzo_06419,labeled,Namgay,-3.0022464,1.1180364,-5.6348968,4.020976,8.103969,9.292353
ddc_dzo_05203,labeled,Namgay,-3.9474657,-0.44825697,-5.9151764,4.019892,8.10509,9.293093
ddc_dzo_02005,labeled,Romeo,2.3706589,2.327702,0.9257455,14.483566,0.23287407,11.202561
ddc_dzo_01721,labeled,Romeo,4.542716,-0.14974281,0.89132303,12.972577,-0.040284522,8.976105
ddc_dzo_07325,labeled,Romeo,3.4316542,-1.7837107,0.96491766,13.0566435,-0.68647194,8.482647
ddc_dzo_02403,labeled,Romeo,2.3806827,-2.8001778,-0.07516762,13.034769,-0.7116953,8.632671
ddc_dzo_01316,labeled,Romeo,4.3514533,-1.5528481,0.02942514,12.977881,-0.572458,8.68847
ddc_dzo_04931,labeled,Namgay,-1.7175691,3.0359192,-5.9134746,4.0193343,8.105875,9.293504
ddc_dzo_03577,labeled,Namgay,-3.7274382,2.0660896,-6.875198,4.022586,8.103249,9.291436
ddc_dzo_06832,labeled,Romeo,2.2220125,-2.3250842,0.72441834,14.403841,0.14421554,11.127075
ddc_dzo_03543,labeled,Romeo,2.238346,-1.0937006,-0.46258643,14.384458,0.22905189,11.018815
ddc_dzo_03378,labeled,Namgay,-3.389744,-0.59803635,-6.3010125,4.0227456,8.10248,9.291242
ddc_dzo_03620,labeled,Namgay,-4.3157954,1.3382412,-3.1492107,4.018992,8.10607,9.293373
ddc_dzo_07058,labeled,Romeo,1.0358026,-0.9011855,1.631904,13.325612,-0.93544704,8.663335
ddc_dzo_05840,labeled,Namgay,-2.06322,1.9913185,-6.3046255,4.022592,8.102595,9.289788
ddc_dzo_09047,labeled,Romeo,1.7236298,-1.4072399,0.72422767,12.599555,-0.4368037,8.668234
ddc_dzo_00720,labeled,Romeo,3.2284682,-1.5288142,-0.0021299662,13.168266,-0.58198726,8.91407
ddc_dzo_01062,labeled,Romeo,3.578461,-1.5458183,-0.09637659,14.342389,0.187883,10.957947
ddc_dzo_08924,labeled,Romeo,2.8804393,-1.0048242,-2.3027284,14.325511,0.10893741,10.959082
ddc_dzo_05507,labeled,Namgay,-4.2431264,3.2560356,-5.323079,4.021127,8.104034,9.292189
ddc_dzo_09044,labeled,Thinley,-12.54966,-3.5586216,0.7717792,-0.93613935,-1.728041,2.4476302
ddc_dzo_05302,labeled,Thinley,-10.375809,-4.530656,-0.074040785,-0.42546028,-1.8810558,2.3645039
ddc_dzo_00865,labeled,Thinley,-10.062987,-1.755654,0.8787993,-0.73590106,-1.512611,2.6036015
ddc_dzo_05094,labeled,Thinley,-9.24041,-2.871178,0.569874,-0.40870938,-1.9456853,2.5756738
ddc_dzo_08455,labeled,Thinley,-10.008043,-4.6066623,0.65716946,-0.51295584,-1.7235432,2.3076298
ddc_dzo_03449,labeled,Thinley,-12.482635,-4.062235,1.7899119,-0.5372477,-1.7637292,2.404699
ddc_dzo_00795,labeled,Thinley,-10.401362,-3.3835897,0.36496887,-0.47664237,-1.7991915,2.4995992
ddc_dzo_05953,labeled,Thinley,-11.179344,-3.0875733,0.06268768,-0.40975028,-1.9727014,2.5505679
ddc_dzo_02383,labeled,Thinley,-11.451329,-3.4960413,1.37291,-0.5854735,-1.9603958,2.5024643
ddc_dzo_06939,labeled,Thinley,-10.672221,-3.4970515,2.0639215,-0.42014208,-1.7860607,2.485719
ddc_dzo_05409,labeled,Thinley,-10.667999,-4.031828,-0.5044376,-0.33265722,-1.9403768,2.5687382
ddc_dzo_00076,labeled,Thinley,-9.381674,-3.8861668,0.6569888,-0.35275176,-1.9660858,2.6136513
ddc_dzo_08285,labeled,Thinley,-12.496898,-2.6168444,2.9374027,-0.5502471,-2.0396552,2.5057318
ddc_dzo_03217,labeled,Thinley,-9.441026,-4.037407,0.42397448,-0.64319193,-1.5524292,2.581101
ddc_dzo_06125,labeled,Thinley,-10.291274,-1.042165,0.8847302,-0.41252095,-1.701236,2.4132257
ddc_dzo_02082,labeled,Thinley,-9.48419,-3.708343,1.9830136,-0.4837881,-1.8192258,2.489302
ddc_dzo_07283,labeled,Namgay,-2.5992296,4.890034,-12.0098505,0.5664895,11.768129,6.3015647
ddc_dzo_07396,labeled,Namgay,-5.43867,1.9485241,-13.092636,0.5653373,11.777963,6.288608
ddc_dzo_03660,labeled,Thinley,-9.455698,-2.7567995,-1.3977838,-0.97671735,-1.7449591,2.2180986
ddc_dzo_08249,labeled,Namgay,-4.5098495,1.4733406,-13.633917,0.56707674,11.755147,6.316689
ddc_dzo_06628,labeled,Namgay,-4.97008,2.813127,-11.766384,0.5660396,11.769593,6.3012905
ddc_dzo_00932,labeled,Thinley,-11.140152,-2.4574163,0.24745852,-0.93472594,-1.5326943,2.130169
ddc_dzo_00832,labeled,Thinley,-10.782935,-3.0972354,0.59573424,-0.50768197,-1.9818643,1.8567908
ddc_dzo_08386,labeled,Thinley,-9.8755865,-3.3345962,-0.8727416,-1.0681858,-1.4728993,2.3740668
ddc_dzo_00176,labeled,Thinley,-10.547594,-2.1550863,0.2568462,-1.085013,-1.4355726,2.2504828
ddc_dzo_04632,labeled,Thinley,-11.286984,-3.3344872,0.31980366,-1.1499428,-1.9471056,2.383014
ddc_dzo_09896,labeled,Thinley,-10.896225,-3.8583457,-0.7865803,-1.0594149,-1.4715973,2.3624444
ddc_dzo_04509,labeled,Thinley,-11.682432,-3.1757221,0.25143087,-1.0874159,-1.6052475,2.4734068
ddc_dzo_09684,labeled,Thinley,-10.664639,-1.5331807,1.1091459,-0.99711126,-1.6258091,2.3809304
ddc_dzo_01190,labeled,Thinley,-10.090102,-2.5619683,-0.7988365,-1.1147331,-1.481826,2.4134662
ddc_dzo_08941,labeled,Thinley,-11.001837,-1.7435243,0.97418684,-1.0168415,-1.5013407,2.371666
ddc_dzo_05873,labeled,Thinley,-11.421852,-2.824043,-0.17385453,-1.017519,-1.4791981,2.2292485
ddc_dzo_01128,labeled,Thinley,-11.410338,-0.17956458,1.0448388,-1.1237268,-1.3284589,2.0083735
ddc_dzo_02981,labeled,Thinley,-10.55645,-2.3287787,0.9148818,-1.2099488,-1.3667686,1.9967252
ddc_dzo_08516,labeled,Thinley,-11.318902,-0.54809344,1.4119905,-1.0761652,-1.3157898,2.1208513
ddc_dzo_07829,labeled,Thinley,-11.298436,-2.4799647,0.772291,-1.1407679,-1.802379,2.5133798
ddc_dzo_00940,labeled,Thinley,-9.871503,-2.4933174,1.1198174,-1.0005802,-1.4909196,2.511373
ddc_dzo_03691,labeled,Thinley,-12.340395,-1.3853718,0.9812277,-1.2307673,-1.4967599,2.357718
ddc_dzo_06037,labeled,Thinley,-12.447873,-4.7808886,0.9466291,-1.1768293,-1.8504475,2.4635558
ddc_dzo_06567,labeled,Thinley,-11.514446,-3.6711607,1.9064949,-1.2196528,-1.7666823,2.3944662
ddc_dzo_04668,labeled,Romeo,2.5283763,-0.9614144,0.24215361,12.928758,1.7794954,9.00935
ddc_dzo_01206,labeled,Romeo,2.6530926,0.4891506,0.32227352,12.96557,1.8667363,8.913363
ddc_dzo_02111,labeled,Romeo,3.1610384,-0.09845256,0.089401074,17.336708,1.0470395,5.101389
ddc_dzo_00520,labeled,Romeo,2.0534415,0.24056593,-0.29970047,17.442251,1.1612146,5.104676
ddc_dzo_07097,labeled,Romeo,3.3146951,-0.93524295,-0.08819116,16.556229,1.1279932,5.0445204
ddc_dzo_02840,labeled,Romeo,4.578303,-1.6070621,-0.8000556,17.550396,1.4593521,5.4514155
ddc_dzo_04162,labeled,Romeo,3.2728217,-1.9318415,0.91040796,13.207087,1.7056105,8.733868
ddc_dzo_09238,labeled,Romeo,1.485304,-0.9736693,0.018630777,12.952029,0.39837986,8.650364
ddc_dzo_02198,labeled,Romeo,2.210357,-1.6041495,-0.87903523,12.377678,1.6641334,8.410624
ddc_dzo_02059,labeled,Romeo,2.7240136,-1.3226733,0.8792628,12.427063,1.7227916,8.603393
ddc_dzo_09060,labeled,Romeo,3.4736362,-0.6014645,-0.68728024,13.171324,1.0448865,8.851684
ddc_dzo_03432,labeled,Romeo,3.7473629,0.73311275,-0.48955527,12.58299,1.7873565,8.731608
ddc_dzo_00576,labeled,Romeo,4.2866707,-0.05195181,-0.18896009,12.626135,1.5910577,8.5229645
ddc_dzo_03945,labeled,Romeo,1.1281313,0.73389965,-0.17866054,12.319046,1.536833,8.794081
ddc_dzo_04419,labeled,Romeo,2.076133,-1.3394135,0.9666077,12.405645,1.5260696,8.701573
ddc_dzo_05807,labeled,Romeo,3.915871,-0.6717398,0.8140015,12.776954,1.1757855,8.87555
ddc_dzo_08191,labeled,Romeo,2.2391863,-1.2723087,0.21573843,12.355995,1.5251918,8.693151
ddc_dzo_08559,labeled,Romeo,3.507228,-1.9004484,0.6119425,12.746846,1.7189927,8.90078
ddc_dzo_00225,labeled,Romeo,4.0087605,-1.8512115,-0.64630103,12.449723,1.3342,8.98265
ddc_dzo_09628,labeled,Romeo,3.472922,-2.178234,-0.9469873,12.709626,1.6519524,9.046646
ddc_dzo_09944,labeled,Romeo,4.1881948,-0.64031434,0.8482293,12.732448,1.2264713,9.17752
ddc_dzo_00488,labeled,Romeo,3.3987758,-0.014851089,-0.29763016,12.655938,1.2688888,9.177288
ddc_dzo_06477,labeled,Romeo,3.8261814,-0.8726681,-0.60729605,12.3461075,1.3793929,8.781303
ddc_dzo_01474,labeled,Romeo,4.596631,-0.46132293,1.4522955,12.731383,1.5950886,9.03483
ddc_dzo_08082,labeled,Romeo,1.3553492,-1.4727612,-0.10972566,13.010838,1.7456034,9.233779
ddc_dzo_04443,labeled,Romeo,3.5941787,-1.7683933,0.07671468,12.482657,1.6079918,8.868856
ddc_dzo_03340,labeled,Romeo,1.1135279,-1.1337153,-0.016559709,12.80848,1.8502836,9.158365
ddc_dzo_09565,labeled,Romeo,2.2958274,-1.479809,-0.029242085,12.653194,1.6839463,8.891787
ddc_dzo_01689,labeled,Romeo,3.2204795,-0.12983488,0.351527,12.824807,1.6382052,9.241233
ddc_dzo_07222,labeled,Romeo,1.9296155,-1.0628594,0.033476777,12.992051,2.329397,8.880951
ddc_dzo_01458,labeled,Romeo,3.749882,-1.0771152,-0.14052987,12.836776,1.4399374,9.145244
ddc_dzo_05772,labeled,Romeo,2.6632996,-0.90848297,0.13334863,12.729844,1.7406094,8.87382
ddc_dzo_09418,labeled,Romeo,3.4826295,-1.2059172,0.09587653,13.028377,1.8527164,9.109421
ddc_dzo_04764,labeled,Romeo,1.6543452,-0.04824497,0.70889664,12.343487,1.568943,8.698457
ddc_dzo_01563,labeled,Romeo,2.5374255,-1.8060802,1.4956338,12.810939,1.755597,9.1389675
ddc_dzo_03795,labeled,Romeo,3.5930037,-1.9185491,1.2659625,12.896889,1.7578638,9.101378
ddc_dzo_01693,labeled,Romeo,3.9597554,-1.2539563,-0.11647451,13.135263,1.6183532,9.081649
ddc_dzo_05218,labeled,Romeo,1.6597154,-1.0338814,-1.2490139,12.353081,1.7683423,8.634804
ddc_dzo_07921,labeled,Romeo,1.9934435,-2.6719375,-0.85510206,13.080505,2.1342208,9.07079
ddc_dzo_03585,labeled,Romeo,2.021604,-1.2627113,0.9153156,12.915965,2.1052651,9.012917
ddc_dzo_02335,labeled,Romeo,1.8742435,-0.24696454,0.23732984,12.922311,1.1177934,9.044903
ddc_dzo_02505,labeled,Romeo,2.1480505,-1.1705996,0.031626165,12.915295,2.337219,8.619836
ddc_dzo_08837,labeled,Romeo,2.1797163,-1.4322124,1.283688,13.411956,1.8236487,9.206489
ddc_dzo_02564,labeled,Romeo,4.089721,-0.5446373,1.0014411,13.006809,2.1503794,8.836082
ddc_dzo_07799,labeled,Romeo,4.234005,-0.79664445,0.38099796,13.456925,2.1505165,8.6836815
ddc_dzo_03114,labeled,Romeo,2.8545625,0.44794732,1.4597081,13.33865,2.1825948,8.705554
ddc_dzo_02625,labeled,Romeo,2.6286256,-0.18663765,-0.2778164,13.304469,1.1644955,8.790811
ddc_dzo_01557,labeled,Romeo,3.511685,-0.08194702,0.2763448,12.7408495,2.0476096,8.54596
ddc_dzo_05673,labeled,Romeo,2.5395675,-2.4728281,0.48610523,13.17096,2.3638642,8.564538
ddc_dzo_01735,labeled,Romeo,3.6328096,-0.27989063,1.1104966,13.481287,2.196373,8.806724
ddc_dzo_03603,labeled,Romeo,2.8602743,-1.9082028,-0.6386554,13.059075,2.2591083,8.848885
ddc_dzo_01833,labeled,Romeo,2.2467408,0.035035636,0.1476301,13.000525,2.5595427,8.642132
ddc_dzo_04699,labeled,Romeo,3.2777376,-0.7906194,0.57886386,13.099711,2.2977176,8.814609
ddc_dzo_01832,labeled,Romeo,3.110461,-0.5009178,0.04915318,12.397044,1.7962257,8.159596
ddc_dzo_07443,labeled,Romeo,2.4801164,-0.9303929,1.4512024,12.546233,1.6208487,9.082435
ddc_dzo_04844,labeled,Romeo,2.6295924,0.536991,-1.3181573,12.876313,2.0396504,9.254619
ddc_dzo_03307,labeled,Romeo,2.2982454,0.6369542,0.55541563,12.451121,1.5903918,8.964418
ddc_dzo_04925,labeled,Romeo,2.2649012,-1.1020354,-1.2708768,12.37274,1.4930156,8.898398
ddc_dzo_08356,labeled,Romeo,2.289113,-0.074154265,-0.7554119,12.794927,1.3016592,9.255384
ddc_dzo_08737,labeled,Romeo,1.7162374,0.119467124,0.9532871,12.771317,1.2935413,9.236467
ddc_dzo_00257,labeled,Romeo,4.867842,-0.083299816,-1.4839228,12.321444,1.7275832,8.655825
ddc_dzo_05612,labeled,Romeo,2.9829438,0.7083665,1.0995725,12.271956,1.5222051,8.820739
ddc_dzo_07715,labeled,Romeo,3.4593754,-2.7212622,-0.28112614,12.483184,1.4808967,9.003706
ddc_dzo_01291,labeled,Romeo,2.7168565,-0.74462306,1.4860207,12.418842,1.6225001,8.960485
ddc_dzo_09324,labeled,Romeo,3.3944225,-2.352186,0.2485842,12.609568,1.7491131,9.017882
ddc_dzo_04914,labeled,Romeo,1.3800486,-1.016288,0.31841242,12.5095215,1.4362975,8.955437
ddc_dzo_08499,labeled,Romeo,3.6427183,-0.24020237,-0.60312456,12.440591,1.4893138,9.017419
ddc_dzo_06673,labeled,Romeo,1.8293612,-0.20028518,0.50051767,13.119564,2.0761852,9.105381
ddc_dzo_08054,labeled,Romeo,3.7924469,-0.2634058,0.87625235,12.412783,1.5995878,8.858143
ddc_dzo_03934,labeled,Romeo,3.9097586,-1.8778099,0.0068617295,15.951995,1.3440082,6.0969462
ddc_dzo_06467,labeled,Romeo,4.126646,-1.2212553,1.1432819,17.062523,1.6569368,5.4796176
ddc_dzo_04958,labeled,Romeo,4.4995275,-1.5420399,-0.7035229,16.482443,1.7655883,4.8916345
ddc_dzo_05092,labeled,Romeo,3.417481,-0.91855675,0.47389716,12.7549305,2.0693977,8.546987
ddc_dzo_01615,labeled,Romeo,4.4517026,-0.659796,0.027992807,15.153636,-0.88246644,5.543422
ddc_dzo_05344,labeled,Romeo,3.5733776,-0.5813671,-0.007625433,12.455237,1.3417656,8.045127
ddc_dzo_09251,labeled,Romeo,3.9883296,-0.35415643,0.99710226,12.577244,0.6494848,8.15893
ddc_dzo_08875,labeled,Romeo,4.395869,-1.04034,1.1080552,12.679463,-0.4702609,8.384582
ddc_dzo_07648,labeled,Romeo,3.9284627,-0.9262241,1.06479,12.933709,-0.4122219,9.191043
ddc_dzo_02871,labeled,Romeo,2.05682,-1.3374048,0.7724978,13.113682,-0.4834414,8.57258
ddc_dzo_07272,labeled,Romeo,3.0229204,-1.5209507,0.31718686,13.178162,-0.051363017,8.6788645
ddc_dzo_02287,labeled,Romeo,3.7186897,-1.5012448,0.753478,13.180004,-0.038538132,8.625051
ddc_dzo_08298,labeled,Romeo,2.8519087,-1.5943209,0.32112166,13.055685,-0.20949325,8.468174
ddc_dzo_05919,labeled,Romeo,1.5029004,-1.3937624,1.4374267,12.794232,-0.5191764,8.918763
ddc_dzo_00678,labeled,Romeo,3.0830052,-1.5546514,0.20043477,12.624718,1.370211,8.469246
ddc_dzo_06596,labeled,Romeo,3.825183,-2.4730356,1.1685337,13.096746,0.035023987,8.641941
ddc_dzo_04749,labeled,Romeo,2.571288,-1.1811928,0.8990143,13.178631,-0.08303323,8.68121
ddc_dzo_08787,labeled,Romeo,3.4356313,0.35485467,1.1053799,13.054327,-0.37993994,9.140892
ddc_dzo_05120,labeled,Romeo,3.4710484,-2.62034,-0.3591628,13.052392,-0.44352114,9.173244
ddc_dzo_07878,labeled,Romeo,2.8781412,-1.1708562,0.069125764,12.8292885,-0.030359702,9.310365
ddc_dzo_07245,labeled,Romeo,2.3120553,-1.0556113,-0.45189047,12.930568,-0.502243,9.219391
ddc_dzo_02648,labeled,Romeo,3.6395872,-1.6546916,0.095368125,12.891925,-0.2676863,9.24541
ddc_dzo_01427,labeled,Romeo,0.7632956,-1.6279154,1.1062826,12.84956,1.1425334,9.3101635
ddc_dzo_09649,labeled,Romeo,2.2086415,-0.5459789,-0.03991505,12.533261,-0.083976276,9.029779
ddc_dzo_06194,labeled,Romeo,3.2072957,0.35129243,0.92214197,15.29042,-0.99615484,5.3084536
ddc_dzo_00227,labeled,Romeo,4.085932,-1.6757357,0.4802128,15.197249,-0.7432314,5.4730573
ddc_dzo_06722,labeled,Romeo,3.9280736,-1.0962263,-0.08147939,15.250281,-0.69778746,5.181187
ddc_dzo_01387,labeled,Romeo,3.325326,-0.77494764,-0.46784312,15.388219,-1.0097991,5.173735
ddc_dzo_01733,labeled,Thinley,-8.7165165,-2.5711694,2.2182841,-0.54714257,-2.1351948,1.5728223
ddc_dzo_08644,labeled,Thinley,-10.050008,-1.5447236,1.6510836,-0.4336007,-1.7449808,1.8257575
ddc_dzo_06994,labeled,Thinley,-11.620802,-4.717249,-0.13590245,-0.274158,-1.811701,2.4394095
ddc_dzo_06038,labeled,Thinley,-9.347182,-2.6417315,-1.7606139,-0.34057003,-1.7522911,2.460556
ddc_dzo_00280,labeled,Dorji,-2.4961886,11.611335,1.695836,6.572473,15.142751,2.7178245
ddc_dzo_05366,labeled,Dorji,-3.6582005,10.495022,1.234423,6.583527,15.162534,2.723771
ddc_dzo_00211,labeled,Dorji,-4.8046074,10.860046,0.7103076,6.757937,14.696977,2.2967477
ddc_dzo_09624,labeled,Thinley,-12.112682,-2.2946944,1.0138588,-0.49674597,-1.7382311,2.4087403
ddc_dzo_07179,labeled,Dorji,-3.8912008,9.930255,1.2829763,6.63452,14.922167,2.533553
ddc_dzo_05626,labeled,Dorji,-3.1386793,12.304791,3.1700227,6.6542196,15.140429,2.7593398
ddc_dzo_08770,labeled,Dorji,-4.103569,9.367367,2.1726234,6.5798883,15.124292,2.4648125
ddc_dzo_05211,labeled,Dorji,-4.1945934,9.913024,1.7227262,6.6083417,15.141107,2.7031968
ddc_dzo_01048,labeled,Thinley,-9.246734,-3.9191766,-0.5547072,-0.34385702,-1.95145,2.5473573
ddc_dzo_07468,labeled,Dorji,-4.3749094,12.179887,2.257502,6.5063524,15.100604,2.6630576
ddc_dzo_03124,labeled,Thinley,-8.66758,-4.62761,0.8378449,-0.31901366,-1.8470014,2.5310674
ddc_dzo_08104,labeled,Thinley,-10.426744,-5.3938284,1.8697726,-0.4264912,-1.7977158,2.4111986
ddc_dzo_08961,labeled,Namgay,-1.6700159,1.9731162,-12.273976,3.4428759,6.6553583,17.214464
ddc_dzo_03617,labeled,Thinley,-10.693194,-3.7240486,0.16170643,-0.27317348,-1.7752441,2.4601226
ddc_dzo_08416,labeled,Dorji,-1.4025201,9.543973,1.0352242,6.664882,15.096836,2.5448506
ddc_dzo_06579,labeled,Dorji,-2.8955524,12.79398,1.3165687,6.691765,15.286548,2.6758137
ddc_dzo_05965,labeled,Thinley,-11.389725,-5.501843,0.2564763,-0.2858121,-1.8511992,2.5071294
ddc_dzo_05265,labeled,Thinley,-9.0161085,-3.7719374,-2.0747013,-0.29996938,-1.7651051,2.5055745
ddc_dzo_06166,labeled,Dorji,-4.236631,10.219175,3.3248343,6.939317,15.299801,2.6383042
ddc_dzo_08913,labeled,Thinley,-10.4772415,-2.7604103,1.0446297,-0.28687772,-1.8133143,2.5012486
ddc_dzo_04271,labeled,Thinley,-9.536246,-2.0785222,-0.6763033,-0.2854374,-1.7846092,2.4223895
ddc_dzo_04902,labeled,Thinley,-9.97921,-3.3755026,0.6583762,-0.29890487,-1.7990773,2.4975338
ddc_dzo_05545,labeled,Thinley,-11.581537,-4.056732,1.4591552,-0.4087221,-1.8309745,2.5365198
ddc_dzo_01181,labeled,Thinley,-8.9748955,-2.6222172,0.8631621,-0.3921127,-1.6817696,2.4017713
ddc_dzo_07730,labeled,Romeo,1.3611829,-0.8221979,-2.3157861,14.586354,0.23870614,11.571392
ddc_dzo_00194,labeled,Romeo,3.892157,-1.2051004,0.31858394,16.572035,1.016429,5.2838316
ddc_dzo_05352,labeled,Romeo,2.9933743,-0.030053113,-0.43054754,17.307304,1.26606,4.931116
ddc_dzo_05693,labeled,Romeo,1.1136403,-0.8285345,-0.35025463,17.390749,1.048623,4.886096
ddc_dzo_03327,labeled,Romeo,3.7664557,-0.6161734,-0.4895556,17.21739,1.0258598,4.7689023
ddc_dzo_00159,labeled,Romeo,3.4458852,-0.8139223,0.6759167,16.126818,-0.5744274,4.852948
ddc_dzo_05632,labeled,Romeo,2.8507946,-0.08273534,-0.64280033,16.151186,1.4646157,5.456817
ddc_dzo_09379,labeled,Romeo,3.5718327,0.34257287,-0.108612865,16.8233,0.8817204,5.866539
ddc_dzo_01008,labeled,Romeo,3.8265057,0.24655406,0.71421385,16.923655,0.59421784,5.012107
ddc_dzo_03465,labeled,Romeo,3.4768813,-1.9240674,0.30395222,17.34316,0.9382391,4.9922657
ddc_dzo_07766,labeled,Romeo,4.028791,-0.5634098,-0.15974633,16.68805,1.568674,5.2721677
ddc_dzo_03206,labeled,Romeo,3.774969,-0.56964105,-1.0751067,16.899626,1.3863859,5.160897
ddc_dzo_00405,labeled,Romeo,3.1134222,-0.3607695,0.78132355,17.012787,1.9456458,5.408387
ddc_dzo_07623,labeled,Romeo,2.1201816,-0.94429934,0.52466977,16.835642,1.2240723,6.0051184
ddc_dzo_03847,labeled,Romeo,3.0018096,-0.73796225,1.1772046,17.352068,0.9773562,4.80138
ddc_dzo_07341,labeled,Romeo,3.3426096,-0.66857034,-0.17871608,17.158129,0.848539,4.9121933
ddc_dzo_06782,labeled,Romeo,3.1992257,-0.8071253,-0.7660906,16.981197,0.82837313,4.8308334
ddc_dzo_05449,labeled,Romeo,4.0648217,-0.71278065,0.011717758,16.895176,0.92674345,4.9012923
ddc_dzo_09108,labeled,Romeo,3.1427226,-0.17725204,0.9404563,17.30793,1.1998535,5.3063745
ddc_dzo_09307,labeled,Romeo,1.7415094,0.10646338,-0.4633709,17.524164,0.9873632,5.199195
ddc_dzo_07531,labeled,Romeo,2.033041,-0.09618829,1.6793338,16.947374,1.0024586,4.445698
ddc_dzo_03363,labeled,Romeo,3.9566514,0.09584363,0.35660014,17.098845,1.3806181,5.0932374
ddc_dzo_04027,labeled,Romeo,3.6679454,0.52940816,-0.6098046,17.039005,1.367239,5.3263493
ddc_dzo_07760,labeled,Romeo,2.0633483,-1.3926659,0.1051991,13.218758,1.2384833,8.106334
ddc_dzo_03894,labeled,Romeo,4.0511656,-0.87457305,-0.5443506,16.875546,1.2095147,5.7628016
ddc_dzo_09501,labeled,Romeo,3.107471,-1.0699278,1.1204063,16.27188,1.6088535,5.6566353
ddc_dzo_04203,labeled,Romeo,2.9770775,-1.2083278,0.9237876,16.924229,1.017352,5.635791
ddc_dzo_06713,labeled,Romeo,2.4136822,-1.4992065,1.4882835,16.319483,1.7328322,5.933882
ddc_dzo_05331,labeled,Romeo,3.600042,-1.0107757,-0.3214161,16.954828,1.4068528,4.9249396
ddc_dzo_02677,labeled,Romeo,2.263874,0.21725473,1.0676204,16.778088,0.63536066,4.734353
ddc_dzo_03723,labeled,Romeo,2.756536,-2.2595904,1.0386727,16.980629,1.3923411,5.363474
ddc_dzo_09925,labeled,Romeo,3.481142,0.47651726,0.15839158,17.133343,1.3551772,5.077938
ddc_dzo_09411,labeled,Namgay,-2.7578561,-0.5979898,-11.025564,0.553729,12.207598,5.8251762
ddc_dzo_06485,labeled,Thinley,-11.362697,-3.3170238,0.8522165,-0.5997192,-1.9297612,2.4765477
ddc_dzo_00351,labeled,Thinley,-12.433268,-5.1685576,0.9554676,-0.4350398,-1.966807,2.384207
ddc_dzo_09536,labeled,Thinley,-12.077266,-3.8787196,1.4502625,-0.32556963,-1.7624003,2.1779022
ddc_dzo_03494,labeled,Thinley,-10.438387,-3.6174006,0.89600533,-0.41742852,-1.7197243,2.3464544
ddc_dzo_06989,labeled,Thinley,-12.068109,-3.3798363,0.9067197,-0.7384837,-1.8279264,1.9499193
ddc_dzo_04589,labeled,Thinley,-8.218499,-1.7349924,0.17553912,-0.5432409,-1.6460277,2.0336027
ddc_dzo_05012,labeled,Thinley,-10.778795,-3.7745712,1.076393,-0.45647243,-1.9276313,1.7390091
ddc_dzo_09998,labeled,Thinley,-12.164103,-4.4161615,0.8052777,-0.4383895,-1.9843558,2.4353635
ddc_dzo_06857,labeled,Thinley,-11.588607,-2.8014214,1.463915,-0.9610755,-2.2642162,2.3100579
ddc_dzo_06283,labeled,Thinley,-12.739218,-4.1389976,0.89882594,-0.39512128,-1.8631473,2.1818864
ddc_dzo_08361,labeled,Dorji,-3.2493718,10.653109,0.6907072,6.724555,15.3513,2.7061949
ddc_dzo_06889,labeled,Dorji,-3.7813923,10.772009,0.9708938,6.753974,14.970721,2.4658067
ddc_dzo_09891,labeled,Dorji,-3.871301,11.592011,2.543876,6.977256,15.313608,2.6741345
ddc_dzo_04524,labeled,Dorji,-2.023364,10.005261,1.5417598,6.828898,15.421133,2.4460826
ddc_dzo_00307,labeled,Dorji,-3.5669196,11.678004,2.2664254,6.866372,15.352853,2.7655854
ddc_dzo_00108,labeled,Dorji,-5.2016597,12.607374,1.7673244,6.8129716,15.012606,2.491309
ddc_dzo_05144,labeled,Dorji,-3.949043,13.093578,2.9593914,6.923875,15.182983,2.627986
ddc_dzo_09380,labeled,Dorji,-2.4147613,11.480271,3.0286314,6.9228106,15.225623,2.5589657
ddc_dzo_01295,labeled,Dorji,-2.1508334,9.448566,0.63880366,6.8183784,15.256044,2.2315245
ddc_dzo_09640,labeled,Dorji,-1.889575,12.195198,0.2778172,6.6267886,15.187501,2.346306
ddc_dzo_06802,labeled,Dorji,-3.5792177,14.268584,0.16124813,6.735842,15.125645,2.4700913
ddc_dzo_00642,labeled,Namgay,0.13226373,0.33548546,-5.5445027,14.237529,-0.0019678748,13.02641
ddc_dzo_02589,labeled,Namgay,1.1069226,0.117617324,-4.386665,14.252923,0.011028078,13.00829
ddc_dzo_05879,labeled,Namgay,-0.30184993,1.0224094,-6.3803253,14.238046,-0.0015263945,13.025718
ddc_dzo_01995,labeled,Namgay,1.7831453,1.3961061,-6.381103,14.237976,-0.0012843298,13.023965
ddc_dzo_02724,labeled,Namgay,-2.032157,3.4956784,-12.137348,0.56751466,12.684691,6.0379834
ddc_dzo_07142,labeled,Namgay,-3.342605,2.7984455,-11.5182,0.55307025,12.19696,5.824068
ddc_dzo_02846,labeled,Namgay,-2.621778,2.4919426,-11.9295,0.5679343,12.6955805,6.0373673
ddc_dzo_03362,labeled,Namgay,-2.4118955,2.1034718,-9.848415,0.56478316,12.68351,6.036062
ddc_dzo_06863,labeled,Namgay,-0.075464234,2.1195912,-10.63694,-3.8580918,12.394582,5.908652
ddc_dzo_04333,labeled,Namgay,-2.8212488,2.8572023,-10.952369,-3.8628118,12.399345,5.9039
ddc_dzo_00034,labeled,Namgay,0.13498665,1.9443456,-9.350359,-3.857487,12.392269,5.910606
ddc_dzo_05436,labeled,Namgay,-2.0061615,1.9955856,-12.399327,0.56750333,12.676847,6.0354633
ddc_dzo_06381,labeled,Namgay,-2.9397662,3.5461383,-10.810234,-3.8417404,12.377881,5.925342
ddc_dzo_02116,labeled,Namgay,-3.7896194,2.5876117,-11.672931,0.56727904,12.66626,6.031818
ddc_dzo_03692,labeled,Namgay,-3.9507735,2.0856214,-8.416738,-3.8083475,12.344907,5.958362
ddc_dzo_01925,labeled,Namgay,-3.6693764,0.9513607,-9.591075,-3.8232713,12.359789,5.943495
ddc_dzo_09719,labeled,Namgay,-3.171247,3.206352,-12.708862,0.56774217,12.644906,6.021113
ddc_dzo_02993,labeled,Namgay,-3.141763,1.1599348,-9.134749,-3.8270597,12.363817,5.939444
ddc_dzo_07962,labeled,Namgay,-1.2496756,2.6039932,-13.214585,-3.8233883,12.362341,5.9411435
ddc_dzo_07357,labeled,Namgay,-1.9839543,2.0114372,-10.46352,0.5670995,12.645554,6.021874
ddc_dzo_09974,labeled,Namgay,-0.597373,0.8699669,-11.264716,0.5482872,12.195951,5.8225837
ddc_dzo_07513,labeled,Namgay,-2.8758,0.65602154,-11.223952,0.5621845,12.211526,5.8338366
ddc_dzo_09447,labeled,Namgay,-3.5795562,0.37300438,-12.86619,0.551813,12.204509,5.8299303
ddc_dzo_06399,labeled,Namgay,-2.2869797,1.8433349,-11.567572,0.5647302,12.219873,5.830935
ddc_dzo_01170,labeled,Namgay,-1.5234137,2.6984813,-9.548253,0.5349909,12.18093,5.808241
ddc_dzo_01312,labeled,Namgay,-1.8759812,1.129253,-12.363512,0.5536535,12.2110815,5.837999
ddc_dzo_02170,labeled,Namgay,-2.6142845,0.23023172,-11.172395,0.5518339,12.203042,5.8281484
ddc_dzo_09502,labeled,Namgay,-2.6004372,2.9298966,-10.997517,0.53928435,12.187441,5.8135962
ddc_dzo_07646,labeled,Namgay,-3.5614913,1.80415,-14.349908,0.57435966,12.17644,5.860289
ddc_dzo_09350,labeled,Namgay,-3.558478,2.8103151,-9.737177,0.55308723,12.211574,5.839879
ddc_dzo_06427,labeled,Namgay,-2.218925,1.7859606,-13.619826,0.55844045,12.212535,5.8271503
ddc_dzo_07032,labeled,Namgay,-1.4809536,1.878614,-12.706106,0.5694837,12.209031,5.844333
ddc_dzo_02899,labeled,Namgay,-2.0609968,0.92357963,-10.556747,0.5527665,12.196505,5.823374
ddc_dzo_09227,labeled,Namgay,-2.3525329,2.807031,-13.304265,0.5956092,12.260584,5.8858747
ddc_dzo_09555,labeled,Namgay,-2.4231038,2.3563566,-13.951814,0.58129233,12.276087,5.876097
ddc_dzo_08520,labeled,Dorji,-3.5440023,8.886558,-0.3793105,7.062404,15.210964,2.7258177
ddc_dzo_00809,labeled,Dorji,-3.6228344,9.152106,-0.7440724,7.00035,15.311239,2.750301
ddc_dzo_09101,labeled,Dorji,-2.4686508,9.081512,1.0089098,6.978099,15.319189,2.7387507
ddc_dzo_05598,labeled,Dorji,-2.0447743,11.467245,-0.11088302,7.0234942,15.29668,2.8062181
ddc_dzo_06538,labeled,Thinley,-10.706336,-4.4726043,1.578509,-0.74941826,-1.9456253,2.5261717
ddc_dzo_05480,labeled,Dorji,-1.4365327,11.452536,1.6107243,6.704214,15.361775,2.6662335
ddc_dzo_05848,labeled,Dorji,-4.5176244,7.7912893,1.5166371,6.751767,15.780413,2.684184
ddc_dzo_05306,labeled,Dorji,-2.8602319,10.616661,1.1544191,6.806087,15.816216,2.6219661
ddc_dzo_01781,labeled,Dorji,-3.5862918,11.085519,1.9259796,6.8074155,15.795425,2.5829499
ddc_dzo_06140,labeled,Dorji,-2.003613,10.504717,1.3571659,6.8302608,15.593932,2.625084
ddc_dzo_05816,labeled,Thinley,-9.91691,-3.8531952,0.5986355,-0.41295496,-2.03667,2.4590702
ddc_dzo_06631,labeled,Thinley,-11.685617,-3.1275268,0.12534991,-0.85081077,-2.0406542,2.5394428
ddc_dzo_07109,labeled,Thinley,-8.87607,-5.878758,-0.1755459,-0.25019574,-1.9496789,2.6060479
ddc_dzo_03967,labeled,Thinley,-9.879137,-3.7205598,-0.22030285,-0.7574598,-2.0752125,2.272637
ddc_dzo_01194,labeled,Thinley,-11.060343,-3.2569997,0.49281585,-1.0199021,-1.7402282,2.5521657
ddc_dzo_05998,labeled,Thinley,-12.074027,-4.0326066,0.7066634,-0.820216,-2.024256,1.5709298
ddc_dzo_00442,labeled,Thinley,-12.42595,-3.981248,-0.9690625,-1.2071278,-1.7326522,2.6229107
ddc_dzo_08701,labeled,Thinley,-12.176331,-2.7953188,-0.16428813,-1.2517055,-1.6508625,2.567332
ddc_dzo_07416,labeled,Thinley,-12.02088,-2.762465,0.5425439,-1.0811232,-2.2093618,2.378919
ddc_dzo_02010,labeled,Thinley,-12.013612,-3.0983043,-0.44521502,-0.9834587,-2.16991,2.3189685
ddc_dzo_06967,labeled,Thinley,-13.228855,-4.2821894,0.55475575,-0.63104135,-2.2421598,1.632098
ddc_dzo_03187,labeled,Thinley,-12.80292,-2.5265136,0.48808545,-0.93516314,-2.1158502,1.3886305
ddc_dzo_04980,labeled,Thinley,-9.306348,-2.4203699,-0.8399847,-1.0481707,-2.403788,1.4094481
ddc_dzo_07808,labeled,Thinley,-11.786951,-4.7710667,0.5945512,-0.90884066,-2.3147285,1.3641047
ddc_dzo_06196,labeled,Thinley,-11.784549,-2.829837,2.5415914,-1.3062991,-2.0843449,1.4997475
ddc_dzo_09842,labeled,Thinley,-11.584856,1.0647216,1.7227572,-0.98817694,-1.4218866,1.8238204
ddc_dzo_09119,labeled,Thinley,-10.114023,-3.0093322,2.285504,-1.168902,-1.4723382,1.7890338
ddc_dzo_00366,labeled,Thinley,-11.338953,-2.6235492,1.9186414,-1.0881033,-1.7962251,1.3516339
ddc_dzo_01583,labeled,Thinley,-14.085919,-3.4281254,0.6289235,-0.98740786,-1.8898506,2.2483928
ddc_dzo_05671,labeled,Thinley,-11.613434,-3.9791155,0.09537848,-0.6566338,-1.8276167,2.3112476
ddc_dzo_04296,labeled,Thinley,-11.22768,-2.9763114,0.30552155,-1.1532409,-1.4872618,1.9383326
ddc_dzo_09787,labeled,Thinley,-10.918202,-3.1195464,1.6223303,-1.1659055,-1.8668835,1.0120804
ddc_dzo_03523,labeled,Thinley,-10.076585,-1.7604299,-0.46488237,-1.3576976,-1.4757942,1.916068
ddc_dzo_03621,labeled,Thinley,-10.666526,-2.7461822,1.6392941,-1.0025909,-1.6950665,1.6672034
ddc_dzo_09140,labeled,Thinley,-11.333997,-4.527352,1.3553194,-1.1132596,-1.7708371,1.7728231
ddc_dzo_04694,labeled,Thinley,-10.997149,-2.7230406,1.3309752,-0.9229672,-1.7077641,1.9599454
ddc_dzo_04101,labeled,Thinley,-11.557875,-4.309986,1.7995737,-1.3354093,-2.2093356,1.0275981
ddc_dzo_01092,labeled,Thinley,-11.202093,-3.1948748,1.4318972,-0.88303053,-2.2477138,2.0697362
ddc_dzo_01047,labeled,Dorji,-3.2983267,9.980007,1.214914,6.6467075,15.375557,2.709878
ddc_dzo_06336,labeled,Thinley,-11.771123,-4.5018406,-0.516389,-0.7271517,-2.1438475,1.5977612
ddc_dzo_02151,labeled,Thinley,-12.029991,-2.0650833,0.1283849,-1.1663046,-1.9410207,1.2398958
ddc_dzo_06757,labeled,Thinley,-12.204678,-4.9913306,0.20304431,-0.5148883,-2.1290884,2.3165412
ddc_dzo_05602,labeled,Thinley,-11.319453,-3.5596771,1.2815313,-0.8630062,-2.153629,2.4737906
ddc_dzo_06008,labeled,Thinley,-11.807653,-4.663104,0.19793104,-1.344624,-1.9088037,2.1957915
ddc_dzo_07382,labeled,Thinley,-12.448983,-2.9639971,0.93305665,-0.9244948,-2.1333578,1.9344602
ddc_dzo_06053,labeled,Thinley,-8.8631115,-3.6564527,-1.0772429,-1.0106854,-1.6294082,2.3160336
ddc_dzo_09359,labeled,Thinley,-11.097898,-4.5690193,0.61230624,-0.98619366,-2.3195527,1.9753798
ddc_dzo_08565,labeled,Dorji,-3.5821764,10.325072,0.97093093,6.906797,15.147948,2.4643319
ddc_dzo_02226,labeled,Dorji,-2.9438891,11.491625,2.8449156,6.625575,15.315811,2.691006
ddc_dzo_05890,labeled,Dorji,-3.505594,11.829792,2.5798967,6.6425805,15.085134,2.7395382
ddc_dzo_09481,labeled,Dorji,-5.362843,9.491243,1.9455973,6.715769,15.2271385,2.7656722
ddc_dzo_03251,labeled,Dorji,-2.4072096,11.801464,2.529745,6.577535,15.3027115,2.7743158
ddc_dzo_07911,labeled,Dorji,-3.4424725,10.359523,1.6495602,6.7121553,15.1033325,2.57316
ddc_dzo_07196,labeled,Dorji,-4.233201,11.425834,2.7200303,6.6059847,14.833846,2.548924
ddc_dzo_01294,labeled,Dorji,-4.438324,12.11287,1.9850439,6.6492553,15.017246,2.5330665
ddc_dzo_00806,labeled,Dorji,-4.32473,12.51782,2.9424217,6.8457155,15.132747,2.3853352
ddc_dzo_02301,labeled,Dorji,-5.1365423,11.687302,2.1608448,6.811381,15.447474,2.683709
ddc_dzo_04762,labeled,Dorji,-4.516689,9.507757,2.3857627,6.697929,15.022855,2.6176646
ddc_dzo_00684,labeled,Dorji,-3.5072176,11.261277,3.118338,6.645757,15.241944,2.6735983
ddc_dzo_08637,labeled,Dorji,-4.7634983,11.515251,3.5080738,6.6722884,15.371017,2.756518
ddc_dzo_08665,labeled,Dorji,-3.8403769,11.668639,2.086767,6.7077074,15.102374,2.64777
ddc_dzo_04158,labeled,Dorji,-3.5345845,11.5829315,1.1512984,6.742688,15.286168,2.7499926
ddc_dzo_07679,labeled,Dorji,-4.6461596,12.790689,2.4166565,6.770724,15.270621,2.7533536
ddc_dzo_01765,labeled,Dorji,-2.1255498,8.969945,0.45640224,6.845078,15.972278,2.435181
ddc_dzo_07850,labeled,Dorji,-4.769576,10.458701,2.0792365,6.873132,15.8301735,2.261898
ddc_dzo_01232,labeled,Dorji,-3.1976073,10.498797,1.9133539,6.8875113,15.859075,2.3742409
ddc_dzo_07912,labeled,Dorji,-2.8112712,10.565932,0.8994574,6.8754444,15.983578,2.4873755
ddc_dzo_04414,labeled,Dorji,-1.4614928,10.018584,0.96371835,6.857161,15.993251,2.463818
ddc_dzo_03982,labeled,Dorji,-3.8180783,10.498487,1.5926236,6.872553,15.979643,2.4342537
ddc_dzo_08297,labeled,Dorji,-5.4187064,14.094435,2.8443553,6.862653,15.083136,2.5480535
ddc_dzo_06506,labeled,Dorji,-4.5468445,10.599158,-0.0788838,6.6477847,15.0563755,2.517092
ddc_dzo_09177,labeled,Dorji,-3.829763,9.404639,2.2234733,6.876486,15.886207,2.3867435
ddc_dzo_09590,labeled,Dorji,-2.6425776,9.187116,0.91535664,6.7411,15.782522,2.5170422
ddc_dzo_08485,labeled,Dorji,-2.6441114,10.00121,0.66622114,6.818751,16.180695,1.976629
ddc_dzo_08945,labeled,Dorji,-2.2332551,11.32268,1.8510599,6.711332,15.430813,2.6405537
ddc_dzo_08092,labeled,Dorji,-4.112701,12.127508,1.8016564,6.6859164,15.3222275,2.651705
ddc_dzo_08236,labeled,Dorji,-1.5407089,12.321823,0.57994014,6.943313,15.5025425,2.39195
ddc_dzo_08268,labeled,Dorji,-3.4935706,12.250206,1.899919,6.668659,15.507219,2.5380404
ddc_dzo_08381,labeled,Dorji,-3.10545,12.351729,2.245518,6.588522,15.510071,2.571785
ddc_dzo_00715,labeled,Dorji,-3.5484333,12.779283,2.2012904,6.716824,15.504785,2.6525655
ddc_dzo_00839,labeled,Dorji,-3.0071938,9.965353,2.2530408,6.4887724,15.192011,2.6138635
ddc_dzo_02126,labeled,Dorji,-3.2841794,12.619445,1.264163,6.688386,15.50194,2.5732102
ddc_dzo_09076,labeled,Dorji,-2.0474823,8.84034,0.5471798,6.797076,16.178772,2.0126777
ddc_dzo_07065,labeled,Dorji,-3.2676337,12.234072,1.9924461,6.882794,15.915197,2.1052518
ddc_dzo_04291,labeled,Dorji,-3.4939368,9.56516,2.3634439,7.0975585,15.336149,2.3506744
ddc_dzo_02800,labeled,Dorji,-3.5400362,11.647017,2.5559347,6.6501284,15.34178,2.412713
ddc_dzo_09815,labeled,Dorji,-3.1300664,9.78592,2.146083,6.5107374,15.148317,2.5922747
ddc_dzo_04479,labeled,Dorji,-4.7088094,11.677879,1.8488492,6.955766,15.255537,2.406308
ddc_dzo_03678,labeled,Dorji,-4.022101,11.341853,1.8312654,7.078488,15.338634,2.2339404
ddc_dzo_09699,labeled,Dorji,-4.296006,9.046653,1.5267476,6.9310927,15.128265,2.4105873
ddc_dzo_04317,labeled,Dorji,-2.206882,10.605983,0.18431942,6.946645,15.133047,2.4470735
ddc_dzo_04582,labeled,Dorji,-4.3405523,10.833744,0.9683275,6.604715,14.816052,2.032101
ddc_dzo_01463,labeled,Dorji,-0.6871867,13.477098,3.4615548,6.630751,15.212008,2.4598222
ddc_dzo_01601,labeled,Dorji,-3.3016903,11.537827,1.7319453,6.7099376,15.383844,2.50276
ddc_dzo_02147,labeled,Dorji,-4.116266,11.238453,1.736172,7.017363,15.284045,2.4475768
ddc_dzo_02276,labeled,Dorji,-3.0722651,12.332954,1.9035842,6.6146555,15.32486,2.4838824
ddc_dzo_00296,labeled,Dorji,-2.787015,11.035533,1.562015,6.8241487,15.542337,2.4829974
ddc_dzo_05139,labeled,Dorji,-3.4089603,11.066444,2.3041148,6.8377275,15.77609,2.414557
ddc_dzo_01207,labeled,Dorji,-3.6286914,11.473255,0.309895,6.935805,15.692182,2.4654489
ddc_dzo_02313,labeled,Dorji,-4.166019,12.19427,2.8777034,6.9588847,15.249731,2.5205028
ddc_dzo_03082,labeled,Dorji,-5.6372986,10.916422,2.2770422,6.9908085,15.073997,2.458093
ddc_dzo_09951,labeled,Dorji,-5.8229585,10.519223,1.888872,7.0022073,15.0943775,2.2972963
ddc_dzo_09003,labeled,Dorji,-2.3654442,9.490287,0.25331667,7.0256877,15.553908,2.3347232
ddc_dzo_03030,labeled,Thinley,-11.814119,-3.8632195,-0.0672823,-1.3281156,-2.457014,1.7980719
ddc_dzo_02705,labeled,Thinley,-12.232505,-4.2010193,1.82648,-1.0173666,-2.0100534,2.179399
ddc_dzo_04926,labeled,Thinley,-10.357851,-3.062827,0.4316349,-0.8168554,-1.977584,1.5188898
ddc_dzo_07633,labeled,Thinley,-12.178084,-3.5400505,1.4897814,-0.9450682,-1.7993844,2.4418557
ddc_dzo_05039,labeled,Thinley,-10.848404,-3.0098193,0.8400881,-1.089091,-1.8435694,2.3487465
ddc_dzo_03911,labeled,Thinley,-11.600885,-4.748849,0.67122746,-1.1110948,-1.9237142,2.3540869
ddc_dzo_08593,labeled,Thinley,-12.395248,-3.1198025,1.1270937,-1.2270317,-2.0866823,2.3709245
ddc_dzo_02809,labeled,Thinley,-12.424551,-4.0501037,1.3782749,-0.71607625,-1.7466718,1.8596194
ddc_dzo_00717,labeled,Thinley,-11.538196,-3.315087,0.37740248,-1.1772326,-1.7560724,1.8529987
ddc_dzo_00603,labeled,Thinley,-12.0951395,-4.756212,0.28372428,-0.812776,-2.3611267,1.944582
ddc_dzo_04490,labeled,Thinley,-11.254705,-3.0301108,0.7596517,-1.0150042,-1.966712,1.1977934
ddc_dzo_07750,labeled,Thinley,-10.956606,-3.542894,1.2169026,-1.3082534,-1.7772329,1.3791711
ddc_dzo_00991,labeled,Thinley,-12.128775,-3.022073,-1.9021126,-1.4081743,-2.2927065,2.2877088
ddc_dzo_04022,labeled,Thinley,-10.977555,-4.134862,0.83819574,-0.9357351,-2.3230124,2.1197395
ddc_dzo_02381,labeled,Thinley,-13.166902,-3.4782445,1.3287241,-0.9627864,-1.805519,1.4573444
ddc_dzo_03764,labeled,Thinley,-11.19703,-3.4343476,0.98149234,-1.4292843,-2.4112554,1.0486113
ddc_dzo_02656,labeled,Thinley,-11.973683,-2.133199,0.54331565,-1.0236703,-1.8111643,1.4853251
ddc_dzo_04566,labeled,Thinley,-9.911519,-1.0019855,-1.7909425,-1.4457506,-1.7102823,1.1320057
ddc_dzo_00156,labeled,Thinley,-12.349521,-1.9304473,0.57007337,-1.4360303,-2.2086005,1.0863594
ddc_dzo_02470,labeled,Thinley,-12.158102,-3.7609634,-0.2464862,-1.037095,-2.15866,1.2867594
ddc_dzo_09659,labeled,Thinley,-10.570998,-2.9557307,-0.2264261,-1.380813,-2.3678074,1.4429872
ddc_dzo_06293,labeled,Thinley,-12.934648,-2.3492956,0.6959421,-1.0874561,-2.1481824,1.4582745
ddc_dzo_05345,labeled,Thinley,-12.625883,-3.5232687,0.67326635,-1.1262829,-2.1972337,1.2205201
ddc_dzo_00059,labeled,Thinley,-12.511004,-3.639934,0.6662778,-1.2707825,-2.4000056,1.4460711
ddc_dzo_03978,labeled,Thinley,-11.716358,-3.6836786,-0.40592986,-1.2339079,-2.3328023,1.366264
ddc_dzo_07311,labeled,Thinley,-11.36007,-3.1780767,1.7355859,-0.40590775,-1.745304,2.248633
ddc_dzo_01368,labeled,Thinley,-12.118273,-4.7967286,0.5896178,-0.9853537,-2.2678757,1.187722
ddc_dzo_05668,labeled,Thinley,-10.495008,-4.6462054,-0.19909094,-0.7252516,-2.0289779,1.5274733
ddc_dzo_00435,labeled,Thinley,-10.669198,-3.6611345,0.58357316,-0.77621555,-2.3365812,1.4086269
ddc_dzo_02490,labeled,Thinley,-10.559645,-2.8614867,0.25932348,-0.9736449,-2.394315,1.2126998
ddc_dzo_05723,labeled,Thinley,-11.08844,-3.6438856,0.34052956,-0.6591876,-1.7815562,1.6876602
ddc_dzo_09295,labeled,Thinley,-11.954298,-3.5279927,1.2301022,-0.5427293,-2.1128955,1.4440382
ddc_dzo_03830,labeled,Thinley,-13.002983,-3.4212077,2.351791,-1.0807167,-1.7157464,1.755059
ddc_dzo_03105,labeled,Thinley,-10.241817,-4.154037,0.9728836,-0.3865504,-2.1351225,1.828601
ddc_dzo_00779,labeled,Thinley,-9.686724,-2.901275,-0.6709794,-0.89978474,-1.5119452,2.3945124
ddc_dzo_09785,labeled,Thinley,-8.406494,-2.0299842,-0.058588352,-1.0540494,-1.5193154,2.280032
ddc_dzo_05635,labeled,Thinley,-12.08711,-4.3955545,1.0441105,-0.7004264,-1.6657015,2.2327423
ddc_dzo_05397,labeled,Thinley,-10.550426,-4.196933,0.11967092,-0.81408966,-1.9221135,2.443034
ddc_dzo_09374,labeled,Thinley,-11.149885,-2.125717,2.0037684,-1.4539471,-2.2232254,1.6884592
ddc_dzo_08334,labeled,Thinley,-8.871505,-2.9469326,1.1803428,-0.89999723,-1.9873064,2.6066463
ddc_dzo_01016,labeled,Thinley,-9.997249,-4.4261928,0.66990876,-0.8485129,-1.8617423,2.593603
ddc_dzo_05207,labeled,Thinley,-13.257414,-4.2327046,1.6880891,-0.9761087,-1.7837609,2.6298273
ddc_dzo_04991,labeled,Thinley,-12.428541,-3.8991024,0.09171987,-1.2308066,-1.8616915,2.4761803
ddc_dzo_00637,labeled,Thinley,-10.285812,-4.30283,0.70064455,-0.7230469,-1.7832355,2.6071594
ddc_dzo_00487,labeled,Thinley,-10.470467,-3.6971958,1.2323778,-0.936027,-1.6880676,2.4567325
ddc_dzo_04629,labeled,Thinley,-12.451482,-2.0256338,1.8675207,-1.1536689,-1.8966773,2.5436985
ddc_dzo_00964,labeled,Thinley,-11.576384,-3.7342725,0.51912975,-1.1561732,-1.6129699,2.492967
ddc_dzo_07640,labeled,Thinley,-10.59664,-4.772672,-0.39139506,-1.2895173,-1.8601885,2.2290583
ddc_dzo_03403,labeled,Thinley,-10.866693,-2.2662506,-0.33273327,-1.4112682,-2.1108475,1.9276042
ddc_dzo_05102,labeled,Thinley,-11.140086,-5.4340997,1.9087036,-1.4057267,-1.8460745,1.9686577
ddc_dzo_03522,labeled,Thinley,-9.915202,-3.9541986,1.4744613,-1.620267,-2.3361382,1.4510934
ddc_dzo_06104,labeled,Thinley,-11.020313,-4.117287,0.8919169,-0.94125164,-1.8075264,1.9361117
ddc_dzo_02370,labeled,Thinley,-10.821114,-5.1706448,0.7565384,-1.4846438,-2.3486476,1.2782872
ddc_dzo_03888,labeled,Thinley,-11.3031645,-3.7355483,2.0935867,-1.1916913,-1.9780062,1.6619974
ddc_dzo_01412,labeled,Romeo,2.3329446,-1.0880814,0.90520227,15.539779,1.8493024,6.1661067
ddc_dzo_08171,labeled,Romeo,4.0438538,-1.969391,-0.8205706,15.628559,1.5395218,5.6337023
ddc_dzo_07398,labeled,Romeo,5.2515945,-1.0689874,0.18472815,15.649117,1.6123554,5.714209
ddc_dzo_09587,labeled,Romeo,2.7853878,-1.438528,0.97098124,16.279835,1.3076355,5.858115
ddc_dzo_09079,labeled,Romeo,3.8366375,-0.7252825,0.7631823,16.450651,1.0172565,5.4201427
ddc_dzo_00828,labeled,Romeo,2.5692673,-0.9276181,0.89968246,16.749184,0.25670794,4.701598
ddc_dzo_00244,labeled,Romeo,3.6444888,-2.1591895,1.1977944,13.930706,1.6541791,8.445673
ddc_dzo_00392,labeled,Romeo,3.30207,-0.8311127,0.5413194,13.897645,1.75493,8.668455
ddc_dzo_03632,labeled,Romeo,3.6376595,-1.3389634,1.2756947,14.009084,1.9394703,8.391635
ddc_dzo_01869,labeled,Romeo,2.3767252,-1.3805757,1.3850609,13.241482,1.6632525,9.040597
ddc_dzo_02778,labeled,Romeo,2.6317542,-1.1273638,0.9819865,13.782032,1.7075255,8.767843
ddc_dzo_01200,labeled,Romeo,3.1404333,-0.33807856,0.73028773,13.453421,1.1619339,8.3762245
ddc_dzo_03510,labeled,Romeo,2.050068,-1.8258407,-0.20074357,13.734837,1.2310073,8.987039
ddc_dzo_03260,labeled,Romeo,3.1315708,-2.4621525,-0.101614565,13.9359255,0.90836215,9.925202
ddc_dzo_03159,labeled,Romeo,3.1299253,-1.1878632,1.2988667,13.277186,2.180134,9.122004
ddc_dzo_03814,labeled,Romeo,2.4657266,-1.2601706,1.3671837,13.291208,2.163492,9.102462
ddc_dzo_02654,labeled,Romeo,2.5992026,-0.8469285,1.5332164,13.11383,2.0917454,8.990968
ddc_dzo_00918,labeled,Romeo,1.7706777,-2.6412103,1.5702083,13.145773,2.1224136,9.036088
ddc_dzo_00659,labeled,Romeo,3.6646576,-1.8052593,2.0053167,14.175226,1.6662657,7.8666334
ddc_dzo_03578,labeled,Romeo,3.6201053,-2.3017976,0.15839854,13.439695,1.9371785,8.795177
ddc_dzo_09512,labeled,Romeo,2.7256033,-1.8603413,1.6354135,16.406115,1.704116,6.095758
ddc_dzo_00799,labeled,Romeo,1.9979633,-0.9902866,0.9577967,13.490196,2.3594263,8.723994
ddc_dzo_05572,labeled,Romeo,3.4581616,-1.6503953,1.5340782,13.566589,2.090744,8.820775
ddc_dzo_03213,labeled,Romeo,2.876966,-1.5061269,0.0033322554,13.31707,2.0809557,9.08071
ddc_dzo_04871,labeled,Romeo,3.5896854,-1.4587932,-0.44989932,13.362425,1.8174479,9.320904
ddc_dzo_08306,labeled,Romeo,1.3179573,-2.4105883,-0.005598638,13.99362,0.21551128,10.314541
ddc_dzo_00892,labeled,Romeo,3.7021818,-0.07776148,1.2126398,13.787513,1.3809239,9.019596
ddc_dzo_02970,labeled,Romeo,2.7699058,-0.62893623,-0.118273474,13.773409,1.2659159,9.274806
ddc_dzo_04824,labeled,Romeo,2.6072586,1.0319928,0.067830816,13.849048,1.057978,9.806067
ddc_dzo_09247,labeled,Romeo,2.8510745,-2.0557873,-0.5785647,13.874253,0.9975667,9.801365
ddc_dzo_04723,labeled,Romeo,2.9365513,-1.7410363,-1.6284405,13.58363,1.1125183,9.2251215
ddc_dzo_08051,labeled,Romeo,3.3817031,-1.4200288,-0.7673794,13.797317,1.2660332,9.562205
ddc_dzo_07451,labeled,Romeo,2.3335385,0.42836758,-0.08590265,13.800652,1.2711749,9.59893
ddc_dzo_06392,labeled,Romeo,3.734181,-0.33748767,-0.18403938,13.279761,2.0729318,9.229145
ddc_dzo_05785,labeled,Romeo,1.7047163,-1.9602252,0.253669,12.73896,2.0837753,8.715022
ddc_dzo_08867,labeled,Romeo,3.0894399,-1.0134574,0.11912086,13.208514,1.9847702,9.062046
ddc_dzo_00869,labeled,Romeo,3.6129827,-0.2226355,0.67440915,13.308552,2.1896002,9.060792
ddc_dzo_00033,labeled,Romeo,2.8443644,-0.8442571,-0.18317175,13.495262,1.7750196,9.312714
ddc_dzo_07542,labeled,Romeo,2.341075,-1.7487987,0.08058256,12.514942,1.8260404,8.864631
ddc_dzo_06253,labeled,Romeo,5.3233805,-1.2783648,0.6195224,13.397065,1.7209823,9.153911
ddc_dzo_09056,labeled,Romeo,2.6626704,-1.562899,0.94238776,13.398365,1.9473172,9.256357
ddc_dzo_08784,labeled,Romeo,3.705234,-0.85489094,0.011813739,12.507411,1.5611528,8.905577
ddc_dzo_01432,labeled,Romeo,3.028033,-1.120979,0.31979698,13.368029,1.4735183,8.841866
ddc_dzo_05773,labeled,Romeo,3.6053085,-1.5985887,-0.28523204,13.62307,1.7508659,9.12843
ddc_dzo_02963,labeled,Romeo,2.6266196,-0.26305825,1.006488,13.631676,1.2048367,9.434508
ddc_dzo_06726,labeled,Romeo,4.459118,-1.8364145,0.32419437,13.776703,1.20899,9.559912
ddc_dzo_01245,labeled,Romeo,2.3506918,-0.17008904,0.8151295,13.814515,2.0295682,8.53726
ddc_dzo_05653,labeled,Romeo,2.6969097,-1.4092195,-1.7122358,13.479179,1.876573,9.28718
ddc_dzo_02911,labeled,Romeo,2.735154,-1.4534837,-0.5557034,12.69563,1.1726098,9.055856
ddc_dzo_08122,labeled,Romeo,2.1738663,-1.1038822,0.21612728,13.763257,1.2498147,9.605465
ddc_dzo_00609,labeled,Romeo,5.097356,-0.37149864,-0.2457381,13.6192665,1.5986973,9.351305
ddc_dzo_07624,labeled,Romeo,3.3542435,0.18082826,0.29193342,13.423446,1.4038236,9.257482
ddc_dzo_05421,labeled,Romeo,4.278899,-0.6963554,0.4412834,13.5060835,1.8017344,9.253917
ddc_dzo_09611,labeled,Romeo,1.5594985,-1.6996835,0.13673675,13.450997,1.8997512,9.231912
ddc_dzo_00461,labeled,Romeo,2.6516714,-1.0441742,0.4611938,13.280591,1.9343257,9.11084
ddc_dzo_03346,labeled,Romeo,4.1476216,0.34937343,-0.20418651,13.517073,1.9106908,9.337423
ddc_dzo_02518,labeled,Romeo,3.3372524,-0.2571786,-0.5861714,13.470318,1.9033397,9.203087
ddc_dzo_05916,labeled,Romeo,1.6585058,-1.651037,-1.0294453,13.375999,2.148616,9.164231
ddc_dzo_07491,labeled,Romeo,3.0438979,-1.4756277,0.16956629,13.137178,1.7118412,9.003294
ddc_dzo_05706,labeled,Romeo,2.4465492,0.39363056,-0.19517475,13.228155,2.1871886,9.173624
ddc_dzo_06135,labeled,Romeo,1.9462423,0.039617497,-0.08414645,13.378461,2.188874,9.208377
ddc_dzo_07722,labeled,Romeo,2.239888,0.027634142,0.22164382,13.258089,2.2435775,9.220321
ddc_dzo_07331,labeled,Romeo,3.645322,-0.5127997,0.7733017,16.065252,1.6944574,5.1137276
ddc_dzo_08189,labeled,Romeo,2.629229,-0.09142831,-0.42727634,17.435663,0.9630347,4.8374076
ddc_dzo_04208,labeled,Romeo,3.0916023,-1.213198,0.3411526,12.903489,1.4568282,8.826802
ddc_dzo_07843,labeled,Romeo,3.8931653,-1.7082477,0.09634777,13.753408,1.9805218,8.590941
ddc_dzo_01806,labeled,Romeo,3.517046,-0.9812163,1.1771386,13.856766,1.8291708,8.026066
ddc_dzo_02019,labeled,Romeo,3.9604373,-2.3648345,0.2779353,13.5583,1.9039689,8.899701
ddc_dzo_01965,labeled,Romeo,4.309269,-1.3102231,0.3731144,13.105971,1.9051007,9.11902
ddc_dzo_06920,labeled,Romeo,3.971134,-2.3627236,0.7461595,13.755852,1.7185684,8.209084
ddc_dzo_01520,labeled,Romeo,4.2236056,-0.46090564,-0.12851527,13.495098,1.9083353,8.521398
ddc_dzo_02185,labeled,Romeo,2.351597,0.4897281,0.64062613,13.546242,2.0704587,8.272215
ddc_dzo_08274,labeled,Romeo,2.981732,0.50109035,-0.02959611,13.813103,1.888239,8.325889
ddc_dzo_05296,labeled,Romeo,3.800426,-0.41049147,0.11997508,13.433193,1.9542032,8.236425
ddc_dzo_01286,labeled,Romeo,2.6865249,-0.6608301,0.78992754,13.564173,1.7691455,8.670549
ddc_dzo_06573,labeled,Romeo,3.4718761,-0.98205006,-0.84887534,13.603592,1.8491598,8.85686
ddc_dzo_09164,labeled,Romeo,1.996949,-0.36171716,0.594078,17.415268,0.96436965,5.529202
ddc_dzo_00749,labeled,Romeo,2.7935915,-0.50557655,-0.43162465,13.603081,1.9710883,8.237773
ddc_dzo_08057,labeled,Romeo,2.5124693,-0.5837048,0.7729998,13.607696,1.4714966,8.218497
ddc_dzo_04262,labeled,Romeo,1.4049245,-1.9157592,2.433718,13.988499,1.8237014,8.045434
ddc_dzo_00535,labeled,Romeo,3.363232,-2.6738153,1.4591284,13.533139,1.5835276,8.578983
ddc_dzo_00185,labeled,Romeo,3.7839468,-0.4931061,1.438489,13.300961,1.5709507,9.023365
ddc_dzo_09862,labeled,Romeo,2.3947475,-0.9939977,-0.064402804,13.056012,1.5408146,8.981629
ddc_dzo_08721,labeled,Romeo,3.4382248,0.19357006,1.1205466,13.24949,1.1394184,8.264356
ddc_dzo_06455,labeled,Romeo,4.2859645,-0.8561018,0.3037065,13.524414,1.7229005,8.871829
ddc_dzo_07593,labeled,Romeo,3.6941428,-0.88360167,0.48096833,13.123283,1.5731499,9.033369
ddc_dzo_04012,labeled,Romeo,2.8063736,-0.99750537,0.6758835,13.30872,1.9962255,9.192593
ddc_dzo_04916,labeled,Romeo,3.429544,0.10222067,0.7125994,13.1416855,1.900775,8.569076
ddc_dzo_08384,labeled,Romeo,2.84777,-0.76623315,0.85627234,13.151907,0.94765264,8.666202
ddc_dzo_04407,labeled,Romeo,4.481118,-0.8891626,1.6296645,13.017259,1.5847796,8.774371
ddc_dzo_03171,labeled,Romeo,2.83473,-0.5711187,0.31135863,13.123367,1.9777124,9.143859
ddc_dzo_08517,labeled,Romeo,2.6219466,1.495576,0.29357463,13.561148,1.8468179,9.201372
ddc_dzo_02253,labeled,Romeo,4.3043065,-0.83883315,1.0943117,16.162317,1.4595289,5.758797
ddc_dzo_01212,labeled,Romeo,3.3282351,-1.080347,-0.6867966,13.968817,1.0747534,8.086993
ddc_dzo_09241,labeled,Romeo,5.2992897,-1.0024517,0.31329703,16.597578,1.3911204,6.1007986
ddc_dzo_01116,labeled,Romeo,2.5344267,-1.8863608,0.35988367,16.112385,-0.69234014,4.904849
ddc_dzo_04547,labeled,Romeo,0.8662444,-3.1190302,-0.6972274,13.928782,1.9217007,7.8657556
ddc_dzo_09524,labeled,Romeo,2.3704393,-2.0186713,1.497678,13.670641,1.7814655,8.355942
ddc_dzo_02528,labeled,Romeo,3.304437,-0.5466856,-0.36302942,13.583647,2.2213936,8.108078
ddc_dzo_02218,labeled,Romeo,3.9276385,-0.9270503,0.79731977,13.360776,2.308562,8.621212
ddc_dzo_00198,labeled,Romeo,3.729453,-0.78842854,0.0580628,13.476429,2.3494358,8.085815
ddc_dzo_06209,labeled,Romeo,2.3444884,-0.52920735,0.4092838,13.179364,2.3728817,8.243067
ddc_dzo_05860,labeled,Romeo,3.0494978,-0.36072487,-0.20690031,12.827982,1.8261403,8.1149435
ddc_dzo_09594,labeled,Romeo,2.167098,1.3199126,1.9634751,13.848139,2.0529854,8.211383
ddc_dzo_02581,labeled,Romeo,0.70529044,-0.632927,1.5941122,14.339184,0.23397972,10.916802
ddc_dzo_07909,labeled,Romeo,2.1247704,-1.2255517,-1.8103046,13.961633,0.8965858,9.969437
ddc_dzo_06363,labeled,Romeo,3.8557606,-0.039398294,1.0952567,13.606889,1.888187,8.191094
ddc_dzo_01662,labeled,Romeo,2.9199052,-1.2826328,0.7924827,14.199733,0.23399314,10.680005
ddc_dzo_02701,labeled,Romeo,5.413709,-0.7988819,0.956894,14.157922,0.37829018,10.5519905
ddc_dzo_07988,labeled,Romeo,5.606528,-1.1222295,0.47962293,13.9997015,0.7369861,10.108944
ddc_dzo_03939,labeled,Romeo,2.4761102,-1.837834,-1.6298372,13.951211,0.87308073,9.964134
ddc_dzo_00555,labeled,Romeo,3.0969927,0.6694382,-0.7692012,13.601819,2.1680276,7.9827175
ddc_dzo_08033,labeled,Romeo,3.5522432,-0.07939946,-0.61868167,16.431341,0.85705227,4.710909
ddc_dzo_00097,labeled,Romeo,1.8420194,-0.37460104,0.76899,13.72218,2.2397864,7.9187026
ddc_dzo_09752,labeled,Romeo,2.2623756,0.27736676,2.2545104,13.239176,2.0891442,8.110384
ddc_dzo_01017,labeled,Romeo,1.2864056,-0.77795815,1.050014,13.512768,2.353091,8.050885
ddc_dzo_09035,labeled,Romeo,4.986934,-1.4081546,0.07665664,13.633948,2.1485956,7.8050933
ddc_dzo_01075,labeled,Romeo,1.6524261,-1.0645576,-0.23793729,13.625726,2.2178767,7.9757504
ddc_dzo_02107,labeled,Romeo,4.3417068,-1.5941193,0.27506745,13.186998,2.062639,8.611211
ddc_dzo_02613,labeled,Romeo,2.6405478,-0.74988514,0.16877854,13.651645,2.2614493,7.882173
ddc_dzo_05222,labeled,Romeo,2.90749,0.07331662,-0.008827474,13.565741,2.3759296,7.7623544
ddc_dzo_07252,labeled,Romeo,4.0677133,-1.0950187,0.8750323,13.421629,2.4444873,7.827466
ddc_dzo_03662,labeled,Romeo,2.573852,0.035455976,-0.5450678,13.544922,2.388613,7.755608
ddc_dzo_05388,labeled,Romeo,3.6117709,-0.95978457,-0.7586706,13.586038,2.3875947,7.770968
ddc_dzo_06346,labeled,Romeo,3.7228975,-0.0710478,-0.5001974,13.366243,2.303471,8.147898
ddc_dzo_05430,labeled,Romeo,2.2738867,0.62299734,1.1132069,13.646263,2.303774,7.8754044
ddc_dzo_00381,labeled,Romeo,1.9129758,-0.047149796,0.6200629,13.597776,2.3388655,7.7857423
ddc_dzo_04751,labeled,Romeo,3.7421563,0.05406092,0.5863054,13.487768,2.3335986,7.8062477
ddc_dzo_01188,labeled,Romeo,3.4779282,-1.229766,-0.40457135,13.640766,2.3195536,7.7898526
ddc_dzo_09123,labeled,Romeo,3.9119933,-1.2642485,-1.6259379,16.255013,1.8177494,5.2558694
ddc_dzo_08904,labeled,Romeo,3.8922675,-0.029106319,1.0675654,17.16117,1.4787045,5.5384026
ddc_dzo_01445,labeled,Romeo,3.2434025,0.1838977,0.36422712,16.782114,0.91400003,5.4497814
ddc_dzo_05192,labeled,Romeo,3.9931788,-2.0450099,0.85767883,16.709703,1.9879388,5.8015156
ddc_dzo_02558,labeled,Romeo,2.3522243,-0.55156904,-0.34602875,17.234827,1.4734992,5.489391
ddc_dzo_06471,labeled,Romeo,2.5525591,-0.33947447,0.8630328,16.94482,1.1939166,5.1738048
ddc_dzo_06172,labeled,Romeo,1.7525067,-2.8947444,0.08227806,17.288494,1.4132786,5.6963825
ddc_dzo_00890,labeled,Romeo,3.6314845,-1.2867756,0.48779187,17.113274,1.058843,4.877305
ddc_dzo_01967,labeled,Romeo,3.1971562,-0.6032197,-0.057284504,17.268566,1.4437594,5.7340236
ddc_dzo_05944,labeled,Romeo,2.3791373,-2.7424238,0.54063463,16.300303,0.9299532,4.7547526
ddc_dzo_02392,labeled,Romeo,3.5759003,-2.1625903,0.06415824,16.473824,1.0577692,4.6028457
ddc_dzo_08490,labeled,Romeo,2.2734714,0.21331204,0.58402,16.852077,1.1789957,5.602352
ddc_dzo_07085,labeled,Romeo,3.3364804,-1.323063,0.39891645,16.352716,1.2196646,4.8342943
ddc_dzo_06552,labeled,Romeo,5.0423956,0.0132427085,-0.73546165,16.810585,1.013213,4.5681996
ddc_dzo_02085,labeled,Romeo,2.7503412,-1.0222257,1.2135574,16.626328,0.90249974,4.622244
ddc_dzo_08107,labeled,Romeo,2.3225033,-1.9745553,0.46667513,16.51487,1.2809429,4.6097875
ddc_dzo_00021,labeled,Romeo,3.211838,-1.5563148,0.43415448,17.169973,1.1517812,4.9259253
ddc_dzo_01616,labeled,Romeo,2.6166804,-1.1190069,0.22953469,17.293293,0.94001085,4.8700895
ddc_dzo_01731,labeled,Romeo,4.290216,-1.3964362,1.5794045,17.396614,1.0915236,5.765849
ddc_dzo_06822,labeled,Romeo,4.088349,-0.6239814,0.5412192,17.303278,1.0587003,4.8620596
ddc_dzo_02052,labeled,Romeo,4.096536,-0.5076147,1.4006174,17.36726,0.826879,5.215875
ddc_dzo_03874,labeled,Romeo,2.7707908,-0.27574652,0.8116409,17.698444,1.3281608,5.4696174
ddc_dzo_08691,labeled,Romeo,2.6072783,-0.7065636,0.6294152,17.212648,1.3209,5.1247897
ddc_dzo_07954,labeled,Romeo,3.292818,-0.5281425,0.6969545,16.968412,1.9721296,5.75283
ddc_dzo_02456,labeled,Romeo,2.3981805,-0.769964,0.4213468,17.289562,1.3330836,4.875881
ddc_dzo_05817,labeled,Romeo,3.5411906,-1.3530209,0.6512766,16.504278,1.1255026,4.4629703
ddc_dzo_04684,labeled,Romeo,4.70917,-0.5621317,-1.1291993,17.276596,1.178757,5.0818443
ddc_dzo_02482,labeled,Romeo,2.5455546,-1.0471165,0.18995218,16.551882,1.022921,4.4634256
ddc_dzo_05244,labeled,Yigzin,1.2066793,3.354757,-2.121171,-7.6485043,5.2413964,7.069035
ddc_dzo_06077,labeled,Yigzin,0.61328,4.770293,-3.8682432,-7.670604,5.2633224,7.0474
ddc_dzo_01846,labeled,Yigzin,-0.80523044,4.1723814,-4.7678843,-7.6705313,5.263313,7.0472245
ddc_dzo_08852,labeled,Romeo,2.6028109,-1.2795488,-1.2390633,16.395397,1.8561454,5.0392733
ddc_dzo_08403,labeled,Romeo,3.1584313,-1.1954672,-0.46948606,17.237091,1.5075748,5.148464
ddc_dzo_08133,labeled,Romeo,2.4446769,-1.5344822,-0.26255372,17.622515,1.4858692,5.6260047
ddc_dzo_08757,labeled,Romeo,2.3533561,-0.23023163,-1.2110476,16.663937,2.110117,5.715861
ddc_dzo_08454,labeled,Romeo,3.1302316,-1.209069,0.7105519,17.116188,1.6701447,5.510441
ddc_dzo_03435,labeled,Romeo,0.33400336,2.3509026,1.0054554,16.964258,1.4297789,4.793337
ddc_dzo_09182,labeled,Romeo,3.5976765,1.3404157,0.7143999,17.102852,1.6250619,5.4135904
ddc_dzo_06300,labeled,Romeo,3.2639973,-0.53312725,1.0357542,17.422016,1.5532954,5.609865
ddc_dzo_02034,labeled,Romeo,2.3748538,-1.3254828,0.70737183,17.046505,1.8262902,5.4080906
ddc_dzo_04549,labeled,Romeo,2.744886,-1.6318882,0.8801301,16.762941,2.139831,5.4800763
ddc_dzo_02854,labeled,Romeo,2.8365865,0.88521576,0.43886802,17.130093,1.4240673,4.874493
ddc_dzo_02332,labeled,Romeo,4.810814,-0.25123176,1.3747056,16.94642,1.5239948,5.8593526
ddc_dzo_01881,labeled,Romeo,5.315727,-1.5250666,0.41250828,16.73937,1.6346544,5.787238
ddc_dzo_07510,labeled,Romeo,3.4089057,-1.7883283,1.9226346,17.16841,1.733976,5.5885
ddc_dzo_06027,labeled,Romeo,2.4036183,-0.67664146,0.82878053,16.629969,2.019159,5.1444187
ddc_dzo_03125,labeled,Romeo,4.1288967,0.46211964,0.7223261,16.757126,2.1169353,5.1784544
ddc_dzo_07727,labeled,Romeo,2.3081994,-0.27359098,-0.42477956,16.679937,1.9695582,5.0727944
ddc_dzo_01209,labeled,Romeo,2.8869073,-1.58279,1.0907279,16.892605,1.9743578,5.230521
ddc_dzo_06013,labeled,Romeo,1.1684402,-0.8732451,-1.6344262,15.540092,1.868458,5.8548293
ddc_dzo_04691,labeled,Romeo,0.9161868,-1.9716101,-0.57110363,17.43532,1.5238769,5.235213
ddc_dzo_07250,labeled,Romeo,3.6604977,-1.693979,0.5853792,16.525246,1.8583149,5.2785454
ddc_dzo_01343,labeled,Romeo,3.5969431,-1.4537841,1.0311599,17.126707,1.7078366,5.376667
ddc_dzo_06259,labeled,Romeo,3.5015895,-1.8610424,1.6198089,16.724327,1.8945655,5.223061
ddc_dzo_09146,labeled,Romeo,3.392565,-0.616996,0.5859785,16.713316,1.9885324,5.485363
ddc_dzo_02692,labeled,Romeo,2.6601312,-1.7322838,0.5348431,15.950791,0.7329802,5.7209387
ddc_dzo_00120,labeled,Romeo,3.8564668,0.88872474,0.9096343,16.714756,1.6887625,5.021052
ddc_dzo_07751,labeled,Romeo,3.2524588,-0.85239613,-0.44377792,16.457594,1.9786143,5.5291796
ddc_dzo_01158,labeled,Romeo,3.0039058,-1.3492832,0.4321367,15.808383,1.5291378,5.7715306
ddc_dzo_06091,labeled,Romeo,3.053284,-0.9457875,-0.60566235,16.114872,1.9677243,6.2034364
ddc_dzo_02655,labeled,Romeo,3.829905,-1.3371433,0.24023066,16.002707,1.5555428,5.795656
ddc_dzo_00816,labeled,Romeo,4.678194,-0.5108038,0.25187045,15.687706,1.9355712,5.699895
ddc_dzo_08710,labeled,Romeo,5.433148,-0.7219581,1.0424172,15.8348,1.6873205,5.730933
ddc_dzo_04887,labeled,Romeo,3.4756517,1.3225064,-0.09382406,15.6772995,1.965177,5.748308
ddc_dzo_02502,labeled,Romeo,2.771517,-0.12789156,0.07493048,15.626287,1.8769628,5.730837
ddc_dzo_07860,labeled,Romeo,4.739946,-0.90596586,-0.42993376,15.673075,1.9168483,5.7054086
ddc_dzo_02906,labeled,Romeo,4.583695,-1.1382865,1.4181505,15.569999,1.8957429,5.821659
ddc_dzo_07550,labeled,Romeo,3.4219077,-1.1732292,-0.5273961,15.64889,1.7749449,6.2084074
ddc_dzo_03025,labeled,Romeo,1.9069239,-1.3894616,-1.643977,15.628145,1.8938031,6.233146
ddc_dzo_09059,labeled,Romeo,4.225302,-0.3976952,0.23857863,15.901957,1.905821,6.279878
ddc_dzo_06329,labeled,Romeo,3.5541234,-1.6514285,-0.6174499,15.576369,1.9407845,5.9341364
ddc_dzo_07402,labeled,Romeo,2.638738,-1.7021642,-0.051824253,15.592979,1.8394067,6.0469694
ddc_dzo_00489,labeled,Romeo,5.5333204,0.27500972,-1.289003,15.567569,1.8551018,5.728617
ddc_dzo_09456,labeled,Romeo,4.262421,3.0109875,-0.70465684,15.630915,1.9857029,6.0153346
ddc_dzo_08693,labeled,Romeo,1.2590703,0.049232744,-0.9960195,15.443823,1.7147276,6.174628
ddc_dzo_01912,labeled,Romeo,1.2538351,-0.23356174,0.665454,15.5205765,1.4303011,6.028548
ddc_dzo_01648,labeled,Romeo,3.2134483,-1.9413605,-0.0632732,15.562316,1.7830452,5.8283696
ddc_dzo_04785,labeled,Romeo,0.74319863,1.5464954,-2.3026724,15.588967,1.8835366,5.7438183
ddc_dzo_08217,labeled,Romeo,2.2137318,-0.9018619,-0.36783558,15.526748,1.8579345,6.0539303
ddc_dzo_07657,labeled,Romeo,2.4880087,-1.7974569,0.39546907,16.381239,2.0618484,5.895282
ddc_dzo_02430,labeled,Romeo,3.7176306,-0.32333615,-0.2989369,16.109926,1.8058633,6.282191
ddc_dzo_01677,labeled,Romeo,4.4683757,-1.516675,-0.17752182,15.956941,1.799803,5.579044
ddc_dzo_03747,labeled,Romeo,1.041005,-0.86656344,0.3959803,15.618308,1.9450698,6.071152
ddc_dzo_04534,labeled,Romeo,2.5157788,0.42313713,-1.9935057,14.270984,0.17771159,10.809532
ddc_dzo_08513,labeled,Romeo,6.0531716,-1.4450133,0.9543367,16.619205,1.515187,5.3321557
ddc_dzo_00713,labeled,Romeo,4.351568,-1.4462241,0.5239233,17.213877,1.9326098,5.4877625
ddc_dzo_06372,labeled,Romeo,4.8648343,-0.4189653,0.5227905,17.434843,1.0795554,4.8287544
ddc_dzo_04452,labeled,Romeo,1.4120425,-2.1451032,-1.3659073,16.191753,1.891169,6.1673994
ddc_dzo_03591,labeled,Romeo,3.172279,-1.4927987,-0.38852975,15.989691,1.9400511,5.541635
ddc_dzo_03659,labeled,Romeo,1.9534643,-3.1222155,0.34817648,16.001356,2.0002978,5.5697737
ddc_dzo_09406,labeled,Romeo,4.1137314,0.18682595,0.77995735,16.967953,1.7169112,6.1576934
ddc_dzo_07124,labeled,Romeo,4.21745,-0.05896305,0.14913528,16.931604,1.491158,5.5669622
ddc_dzo_01400,labeled,Romeo,2.805737,-1.1992352,0.6435977,15.779664,1.8884368,5.686824
ddc_dzo_08965,labeled,Romeo,2.9772437,-0.7930287,-0.010299321,16.035685,1.9033326,6.135346
ddc_dzo_05571,labeled,Romeo,5.132045,-1.2576246,-1.1999944,15.625178,1.8985988,5.857745
ddc_dzo_00879,labeled,Romeo,3.5553477,-1.4017346,-0.85559595,15.44505,1.9581712,5.851596
ddc_dzo_04272,labeled,Romeo,3.4206588,-0.65324455,-1.2907335,15.619053,1.9421748,5.709091
ddc_dzo_05341,labeled,Romeo,2.508867,-0.37424505,0.2741565,15.948186,1.8359365,5.5583043
ddc_dzo_06869,labeled,Romeo,3.6462805,0.64351565,-0.7934457,15.721986,1.9026825,5.5361695
ddc_dzo_02948,labeled,Romeo,3.3914742,-0.110823,0.11201962,15.759719,1.9717776,5.99074
ddc_dzo_08584,labeled,Romeo,1.4942467,-1.5672005,0.46244878,15.569107,1.8564668,5.676832
ddc_dzo_07312,labeled,Romeo,2.3114843,-1.3409572,-0.7586663,15.581582,1.8951651,5.8626246
ddc_dzo_00242,labeled,Romeo,3.3592908,0.08184906,-0.2704605,15.530422,1.8401269,5.5055294
ddc_dzo_00250,labeled,Romeo,1.3793383,0.5460413,0.6858789,15.508496,1.8238276,5.4985204
ddc_dzo_07490,labeled,Romeo,4.5844536,-1.4359443,0.6937703,15.71727,1.8602368,5.4506893
ddc_dzo_01711,labeled,Romeo,3.7110982,0.68019617,-0.15309754,15.47662,1.891768,5.438482
ddc_dzo_05184,labeled,Romeo,1.465019,-0.45006108,0.12204678,15.514505,1.9636894,5.7408743
ddc_dzo_04613,labeled,Romeo,3.4878595,-0.35700104,0.52173555,15.538925,1.8525237,6.2471676
ddc_dzo_02404,labeled,Romeo,4.619905,-0.21152207,0.99068356,15.651685,1.8663306,5.4757013
ddc_dzo_00190,labeled,Romeo,4.4900994,-0.10530013,0.73852503,16.307,1.9681264,5.9139295
ddc_dzo_08745,labeled,Romeo,2.9301372,-1.736953,-0.32590756,15.85619,1.7816787,5.868013
ddc_dzo_03084,labeled,Romeo,4.9564614,-1.3194848,-0.4620155,15.687521,2.0748878,5.8698277
ddc_dzo_00299,labeled,Romeo,3.5000024,-0.059898503,0.2659194,15.722415,1.9388489,6.14447
ddc_dzo_09030,labeled,Romeo,4.6303577,-0.7495088,1.476233,16.058743,1.9196627,5.41392
ddc_dzo_02709,labeled,Romeo,4.214558,-1.7215428,0.060570844,15.725041,1.9523966,5.9761553
ddc_dzo_05050,labeled,Romeo,3.219496,0.30285257,-1.4080489,15.5631,2.1118813,5.845697
ddc_dzo_08563,labeled,Romeo,3.7077832,-0.8264996,-0.80804867,15.655046,1.9410833,5.9827843
ddc_dzo_03866,labeled,Romeo,3.672317,-1.1935811,-0.24013378,15.511436,2.0075483,5.944143
ddc_dzo_07791,labeled,Romeo,2.9672046,-0.4370519,1.9701768,14.201884,0.39729035,10.603489
ddc_dzo_08005,labeled,Romeo,2.9973326,-1.6220922,0.22841677,14.082842,0.614514,10.308993
ddc_dzo_06428,labeled,Romeo,2.9575796,-1.132808,0.2221553,13.945469,0.94388753,9.879575
ddc_dzo_06882,labeled,Romeo,3.5290372,0.14973216,0.5491145,15.862771,1.8997952,5.354639
ddc_dzo_08991,labeled,Romeo,2.0328379,-1.4029484,0.2630228,14.072745,1.7673885,7.8303185
ddc_dzo_01322,labeled,Romeo,1.7892817,-1.6986666,0.79971224,15.513763,1.9023175,6.0938225
ddc_dzo_01259,labeled,Romeo,3.6284356,-0.5440486,-1.115118,13.9100275,1.9321532,7.7414804
ddc_dzo_04091,labeled,Romeo,3.6341941,-1.8006464,0.7245118,13.759206,1.8221258,7.9067974
ddc_dzo_00329,labeled,Romeo,3.0843976,-2.5821328,0.17873779,13.634986,1.8798409,7.6802583
ddc_dzo_08062,labeled,Romeo,3.579935,-1.8013281,-0.6783493,13.961064,1.9335437,7.642365
ddc_dzo_00740,labeled,Romeo,2.5168545,-0.21164544,-0.6239393,13.965749,1.9116797,7.7139397
ddc_dzo_05415,labeled,Romeo,3.33036,-0.10965348,0.32092124,13.931652,1.8437151,7.744373
ddc_dzo_08360,labeled,Romeo,2.583929,0.24449088,2.5854876,13.958468,1.5009503,7.852393
ddc_dzo_06186,labeled,Romeo,3.7335281,-0.96712154,0.7275753,13.877828,1.9262747,7.7985396
ddc_dzo_03179,labeled,Romeo,1.5127254,-0.4429779,0.6619767,13.949374,1.9380432,7.6694922
ddc_dzo_09159,labeled,Romeo,3.8199403,-1.2394359,0.44130242,13.960118,1.8284584,7.761011
ddc_dzo_01451,labeled,Romeo,2.5037677,-0.85485476,-0.31733277,13.733339,1.9036673,7.746941
ddc_dzo_06933,labeled,Romeo,4.4025407,-2.078015,1.7264404,13.6342325,2.0450273,8.008758
ddc_dzo_06577,labeled,Romeo,4.055573,-1.588136,0.74436504,13.550296,1.9989443,7.9240136
ddc_dzo_06518,labeled,Romeo,4.0889816,-2.0950599,0.47508094,13.219129,-0.09686263,8.259236
ddc_dzo_00146,labeled,Romeo,4.0043983,-1.2437863,1.3445096,13.433655,-0.18506122,8.0684805
ddc_dzo_02886,labeled,Romeo,3.4135237,-1.8823658,0.8755964,13.324196,-0.38539612,8.327226
ddc_dzo_06219,labeled,Romeo,3.3421645,-0.5684292,0.76257455,13.335599,-0.5608237,8.514839
ddc_dzo_06119,labeled,Romeo,2.691135,-0.43685263,0.90992683,13.253203,-0.9105164,8.545367
ddc_dzo_01821,labeled,Romeo,2.0978968,-1.1525857,-0.36277527,13.339679,0.026483024,8.238504
ddc_dzo_04205,labeled,Romeo,3.2378168,-0.75514215,0.4008573,13.257318,0.027854647,8.882081
ddc_dzo_02348,labeled,Romeo,3.077119,-1.7771405,2.1678677,14.041044,0.12409363,10.461094
ddc_dzo_04590,labeled,Romeo,3.3133502,-0.63805884,0.16430402,14.068228,0.14982593,10.506933
ddc_dzo_02168,labeled,Romeo,3.8817368,-1.8620417,-0.5540536,14.082477,0.08829354,10.570474
ddc_dzo_01582,labeled,Romeo,2.964391,-1.5272536,0.53133094,13.413697,-0.39872172,8.157605
ddc_dzo_06999,labeled,Romeo,3.6165276,-1.8361433,-0.10523932,13.710415,-0.5467018,8.010039
ddc_dzo_01997,labeled,Romeo,3.828615,-2.1523788,2.234041,13.703833,-0.5357263,8.150489
ddc_dzo_03433,labeled,Romeo,3.285924,-0.40522623,2.2396193,13.261989,-0.8335115,8.530946
ddc_dzo_03790,labeled,Romeo,2.931882,-0.39452413,2.3356702,15.103938,-0.87164754,5.8980036
ddc_dzo_02212,labeled,Romeo,2.6940806,-0.98886764,0.7587304,13.222366,-0.57430077,8.928522
ddc_dzo_04955,labeled,Romeo,2.9467127,-1.4010527,0.30818632,13.238219,-0.30595562,8.4412365
ddc_dzo_04671,labeled,Romeo,2.4795773,-1.4866816,-0.4679938,13.977799,0.06886868,10.409398
ddc_dzo_09746,labeled,Romeo,1.1386024,-1.8751305,-1.7806398,14.159369,0.111377485,10.676891
ddc_dzo_05788,labeled,Romeo,3.0380251,-2.388018,-1.8336402,14.060294,0.109194085,10.54065
ddc_dzo_02598,labeled,Romeo,0.9381346,-0.76258653,1.5575774,14.127441,0.057497554,10.654576
ddc_dzo_01358,labeled,Romeo,3.6053867,-0.41676778,-0.013358186,14.214202,0.17375158,10.706583
ddc_dzo_01669,labeled,Romeo,2.215814,0.22936514,-0.3596247,14.33355,0.28095153,10.908119
ddc_dzo_01449,labeled,Romeo,3.1911936,-0.7412281,0.8091979,13.287594,-0.56938446,8.581089
ddc_dzo_07576,labeled,Romeo,2.8641198,-1.4287595,-1.1333994,15.698852,-0.30762038,5.3757114
ddc_dzo_08856,labeled,Romeo,2.7130291,-0.4195055,-0.044283193,15.364479,-0.8880311,4.88485
ddc_dzo_09763,labeled,Romeo,1.7701418,-1.5679439,1.207139,15.505549,1.892444,6.04152
ddc_dzo_04174,labeled,Romeo,3.6043622,-1.5829744,0.3586694,15.480902,1.7430166,5.544288
ddc_dzo_03018,labeled,Romeo,4.1157465,0.22449972,0.33512935,15.89306,1.862752,6.1205363
ddc_dzo_01750,labeled,Romeo,2.439972,-0.31884223,0.56816375,15.498805,1.8083426,5.525002
ddc_dzo_08157,labeled,Romeo,4.288497,-2.0742235,1.3781567,15.546656,1.7838554,5.5166454
ddc_dzo_09084,labeled,Romeo,2.4555767,-1.5408285,1.0638574,15.593487,1.8217623,5.537282
ddc_dzo_00219,labeled,Romeo,3.2188468,-0.34197542,-0.6588215,15.501123,1.7720226,5.5263767
ddc_dzo_00341,labeled,Romeo,1.9981328,-1.8202537,1.7118844,15.779351,1.7105343,5.429511
ddc_dzo_07983,labeled,Romeo,2.608014,-0.8301331,-0.04900562,16.985115,0.72996956,5.583828
ddc_dzo_01911,labeled,Romeo,2.2539823,-1.8981531,-1.3157407,17.075508,1.9934816,5.850722
ddc_dzo_07216,labeled,Romeo,2.4603832,-1.6691263,0.97144264,17.111937,1.2769419,5.172667
ddc_dzo_02727,labeled,Romeo,3.683052,0.5023747,0.70833695,16.58737,1.4629256,5.0035834
ddc_dzo_01489,labeled,Romeo,3.2540116,-0.3895204,0.6333375,16.31646,1.3209736,5.4858837
ddc_dzo_03416,labeled,Romeo,2.9738653,-0.6641438,0.6179903,16.387632,1.3945667,5.970895
ddc_dzo_08349,labeled,Romeo,4.3400583,2.149874,0.4713722,17.126371,1.4054956,5.105105
ddc_dzo_05940,labeled,Romeo,2.7335346,-1.1527066,-0.1212358,13.413479,-0.8886039,8.609081
ddc_dzo_05520,labeled,Romeo,3.0231857,-1.2688595,-0.54368484,13.470688,-0.6254394,8.621078
ddc_dzo_08592,labeled,Romeo,2.224497,-0.8771877,-0.12789403,13.495415,-0.53314966,8.734692
ddc_dzo_04377,labeled,Romeo,3.2178373,-1.7207954,-0.15088196,13.414583,-0.31010747,8.338644
ddc_dzo_02128,labeled,Romeo,2.302334,-0.11538277,1.1644754,13.546201,-0.6462704,8.704148
ddc_dzo_07454,labeled,Romeo,3.9343762,-1.573843,-0.6537528,13.56026,-0.27126986,8.676317
ddc_dzo_07356,labeled,Romeo,1.8349631,-2.0589533,0.042041093,14.280978,0.081444666,10.870707
ddc_dzo_08546,labeled,Romeo,3.7153785,-2.2818096,-1.0407243,14.1255245,0.110838205,10.598335
ddc_dzo_08253,labeled,Romeo,2.3576202,-0.0977316,-0.21431154,14.249818,0.019261722,10.811786
ddc_dzo_02303,labeled,Romeo,1.9362419,-1.2588016,0.6105147,14.109813,0.03512154,10.648908
ddc_dzo_02160,labeled,Romeo,3.6539962,-0.9400664,-0.6609535,14.168372,0.098733656,10.70859
ddc_dzo_04944,labeled,Romeo,3.4600616,0.44112036,0.37486187,13.463759,-0.5668342,8.196274
ddc_dzo_03952,labeled,Romeo,4.702479,-1.5066866,-0.15163599,14.039317,0.100400165,10.537149
ddc_dzo_01123,labeled,Romeo,2.5561452,0.5500631,-1.2289767,15.405739,0.07645343,5.405547
ddc_dzo_09829,labeled,Romeo,2.9703012,-1.1349809,-0.3010886,16.870766,1.5393971,5.4717236
ddc_dzo_08809,labeled,Romeo,2.4576678,-2.7538366,-0.816428,15.5118065,-0.30595288,5.0238
ddc_dzo_06312,labeled,Romeo,3.0023847,-1.3103691,-0.39384162,15.763068,-0.5465058,4.7908893
ddc_dzo_05658,labeled,Romeo,3.2840638,-0.0052148537,0.7539908,15.745965,-0.5823457,4.8902144
ddc_dzo_01088,labeled,Romeo,3.0937214,-2.063384,0.39338166,15.947766,-0.8345164,4.7906322
ddc_dzo_04639,labeled,Romeo,2.816891,-0.48035344,-0.3069448,15.969498,-0.6569208,5.0824127
ddc_dzo_00696,labeled,Romeo,3.6549616,-1.4609712,0.33007407,15.753617,-0.6079648,4.467927
ddc_dzo_05604,labeled,Romeo,2.6468084,-1.7465754,1.5179677,16.015068,-0.759292,4.929367
ddc_dzo_01544,labeled,Romeo,1.6271931,1.0141892,1.0077589,16.203463,-0.51008314,4.690551
ddc_dzo_01227,labeled,Romeo,3.8197508,-0.7124212,0.10029546,15.734806,-0.9145988,4.650039
ddc_dzo_02474,labeled,Romeo,2.4329276,-0.8387003,0.39352766,15.761636,-0.7888196,4.48915
ddc_dzo_02113,labeled,Romeo,4.463372,-0.6268554,-1.467037,15.297697,-0.3482435,4.9855967
ddc_dzo_01409,labeled,Romeo,2.586385,-1.8546222,0.5492842,16.521133,0.073927306,4.7279205
ddc_dzo_07182,labeled,Romeo,1.1875659,0.027436549,0.9521192,16.083593,-0.381722,4.534169
ddc_dzo_01051,labeled,Romeo,0.67125213,0.48965502,-0.9069551,15.638437,-0.6148354,4.668277
ddc_dzo_03238,labeled,Romeo,3.4379559,-0.7414529,-0.4342347,13.335179,-0.11170329,8.192265
ddc_dzo_07618,labeled,Romeo,1.4436164,-1.5860286,-0.17784742,13.316879,-0.47002378,8.782413
ddc_dzo_05361,labeled,Romeo,0.5980614,-1.2943113,0.58544457,13.634613,-0.63980794,8.044649
ddc_dzo_02859,labeled,Romeo,2.9401417,-2.209997,1.6740746,13.432102,-0.049901977,8.065059
ddc_dzo_03304,labeled,Romeo,4.888495,-1.2129121,1.3826513,13.443807,-0.37557957,8.137215
ddc_dzo_09672,labeled,Romeo,5.214696,-2.4845486,-0.2595256,13.485174,-0.4142765,8.42247
ddc_dzo_05865,labeled,Romeo,2.6608047,0.041879117,1.4256631,13.43115,-0.22018747,8.419414
ddc_dzo_03940,labeled,Romeo,4.451026,0.44566882,-0.0736151,13.410028,-0.3741721,8.136679
ddc_dzo_05903,labeled,Romeo,3.2742457,-1.9860595,1.6651876,13.278323,-0.4597204,8.5704
ddc_dzo_07511,labeled,Romeo,3.1199377,-1.4573404,1.3613871,13.372746,-0.39566338,8.592209
ddc_dzo_07104,labeled,Romeo,3.1590505,-0.85058206,1.4540881,13.296072,-0.41845682,8.136808
ddc_dzo_09928,labeled,Romeo,3.766223,-1.8781524,0.7615649,12.753357,-0.46006876,8.369112
ddc_dzo_08421,labeled,Romeo,2.0162473,-1.4643272,0.52745825,13.002407,-0.23420258,7.972975
ddc_dzo_07467,labeled,Romeo,3.916187,0.41665947,0.34835717,13.0698395,-0.47609776,7.9695086
ddc_dzo_05071,labeled,Romeo,3.0289643,-0.79453284,0.038081966,13.067887,-0.15271716,8.080542
ddc_dzo_09322,labeled,Romeo,3.453285,-2.3983774,0.9153319,12.98894,-0.41097352,8.243834
ddc_dzo_03760,labeled,Romeo,1.5854877,-1.1995485,0.5451116,12.778579,-0.16622524,8.233348
ddc_dzo_06342,labeled,Romeo,2.7403626,1.0416038,1.0256562,12.919198,-0.56386095,8.358833
ddc_dzo_02023,labeled,Romeo,4.0036817,0.27633446,1.1984158,13.29304,-0.80827075,8.464941
ddc_dzo_02530,labeled,Romeo,4.214598,-0.853125,0.3987485,13.215171,-0.34457827,8.450503
ddc_dzo_02621,labeled,Romeo,2.8754926,-2.1305456,1.6487058,13.394638,-0.57933015,8.343195
ddc_dzo_04747,labeled,Romeo,2.6072452,-0.24892606,-1.3690274,14.106532,0.13038711,10.647867
ddc_dzo_07429,labeled,Romeo,2.133832,-0.33680686,0.79674673,14.242233,0.08132461,10.835279
ddc_dzo_02389,labeled,Romeo,0.6512807,-0.1483276,-0.21608734,14.385134,0.17499068,11.026388
ddc_dzo_06684,labeled,Romeo,0.96146363,-0.33427474,-1.5934769,14.376849,0.18065551,11.011801
ddc_dzo_07827,labeled,Romeo,3.868039,-2.0259368,0.8440054,13.316195,-0.81849194,8.440756
ddc_dzo_08488,labeled,Romeo,1.9736619,0.25407842,-1.2708454,14.410562,0.19252613,11.06238
ddc_dzo_02568,labeled,Romeo,4.1064425,0.20682792,1.1576166,13.577715,-0.5635239,8.303367
ddc_dzo_00251,labeled,Romeo,2.9254024,0.68610543,1.0041361,13.500489,-0.41358796,8.107719
ddc_dzo_02100,labeled,Romeo,3.8321342,-0.99857676,0.95559365,15.82839,-0.6524036,4.976776
ddc_dzo_07144,labeled,Romeo,2.663392,-1.4524057,-0.48969263,13.117,-0.9167502,8.585158
ddc_dzo_07548,labeled,Romeo,3.011809,-0.20910712,0.40167004,12.849345,-0.1725062,8.411347
ddc_dzo_05481,labeled,Romeo,3.8154705,-1.8915498,0.9690759,13.065061,-0.3704544,8.277279
ddc_dzo_08055,labeled,Romeo,4.1189394,-1.0551276,0.17584847,14.013099,0.012389696,10.471091
ddc_dzo_01658,labeled,Romeo,3.9649286,-0.71213526,0.11564224,14.078231,0.017909786,10.602395
ddc_dzo_07297,labeled,Romeo,1.6072603,-0.086110026,-0.44762883,12.999179,-0.92651767,8.115715
ddc_dzo_02837,labeled,Romeo,3.0015233,0.11287528,1.0471663,13.456987,-0.50577664,8.14711
ddc_dzo_02580,labeled,Romeo,2.8995152,-0.8950586,0.3057072,13.474889,-0.5308018,8.139421
ddc_dzo_01147,labeled,Romeo,1.1723019,-0.33751377,-1.1363934,13.560108,-0.82999843,8.255498
ddc_dzo_02418,labeled,Romeo,2.0572755,-0.4509898,1.5968195,13.372641,-0.8848826,8.375926
ddc_dzo_02207,labeled,Romeo,3.674147,-2.1509042,0.4469657,13.269942,-0.30297968,8.354558
ddc_dzo_04298,labeled,Romeo,3.5258582,-0.27459857,-0.17607418,13.481557,0.00096648315,8.056816
ddc_dzo_08885,labeled,Romeo,1.9531392,-1.0134352,0.97137594,15.854531,-0.62901586,4.510076
ddc_dzo_06280,labeled,Romeo,2.9683053,-1.0105202,-1.0044397,16.18958,-0.56949127,4.943472
ddc_dzo_03721,labeled,Romeo,2.6359904,-1.0873183,-0.8127609,15.556297,-0.2761887,4.922251
ddc_dzo_08905,labeled,Romeo,2.5951962,-0.6430858,-1.124756,16.04033,-0.69208026,5.1413727
ddc_dzo_02759,labeled,Romeo,3.2900705,-1.2994666,0.32015648,16.222017,-0.6300644,4.9980955
ddc_dzo_01505,labeled,Romeo,1.5293068,-1.8111252,0.7337609,13.164301,0.10021553,8.152609
ddc_dzo_09122,labeled,Romeo,2.790039,-1.0045956,0.24984457,13.563652,-0.20876034,8.352482
ddc_dzo_02063,labeled,Romeo,2.6199985,-0.21587911,0.28193203,13.404778,0.17676106,8.244364
ddc_dzo_07031,labeled,Romeo,3.806231,-0.12212372,1.095405,13.578062,-0.027449654,8.27332
ddc_dzo_08048,labeled,Romeo,4.358664,0.047711268,0.327888,13.270753,-0.13660431,8.227339
ddc_dzo_02983,labeled,Romeo,3.3283246,0.49685478,-0.6474872,13.395865,0.14493057,8.38035
ddc_dzo_07639,labeled,Romeo,3.8164306,-0.9329989,0.056221165,13.146002,-0.07115793,8.446294
ddc_dzo_09040,labeled,Romeo,3.5366046,0.07384072,-0.19262305,13.345942,-0.3191949,8.195404
ddc_dzo_01287,labeled,Romeo,3.7224593,-0.9013042,-0.6293419,13.237118,0.031936597,8.633525
ddc_dzo_02913,labeled,Romeo,2.013009,-1.2308937,1.5647863,12.946972,-0.0068318513,8.331509
ddc_dzo_01565,labeled,Romeo,2.8312774,-2.0524588,-1.0818472,13.272967,0.05645196,8.180641
ddc_dzo_00184,labeled,Romeo,3.3628793,-0.9511183,0.07811836,13.405571,-0.17240906,8.174321
ddc_dzo_07393,labeled,Romeo,3.6707032,-0.3202109,-0.3993616,13.132996,-0.6394032,8.900446
ddc_dzo_01131,labeled,Romeo,4.241362,-1.5987344,0.07317668,12.9851,-0.31260538,8.189808
ddc_dzo_02361,labeled,Romeo,4.2358556,-1.6128728,0.04695045,13.392726,-0.17078935,8.728258
ddc_dzo_03275,labeled,Romeo,4.1796293,0.98499763,0.22213207,13.039337,-0.20673084,8.225375
ddc_dzo_02268,labeled,Romeo,4.0548472,-0.9766943,0.4465155,13.332073,-0.27541703,8.6015215
ddc_dzo_07702,labeled,Romeo,3.9360538,-0.06677381,1.1984544,12.7349,-0.38855514,8.532486
ddc_dzo_06304,labeled,Romeo,3.7239301,-0.8768638,0.767689,12.766277,-0.17392682,8.29301
ddc_dzo_06156,labeled,Romeo,3.7022648,-0.61722285,0.61306304,13.04589,0.030059023,8.58434
ddc_dzo_02890,labeled,Romeo,3.4268963,-1.422387,0.82244885,13.337501,-0.24452151,8.652363
ddc_dzo_08974,labeled,Romeo,3.5565286,-0.017215136,0.032741893,13.423773,-0.13663545,8.526352
ddc_dzo_09901,labeled,Romeo,4.4637713,-0.73042434,0.32844302,13.389543,-0.060291983,8.574571
ddc_dzo_09558,labeled,Romeo,4.030514,-1.221126,-0.09368819,13.159001,-0.16406997,8.421115
ddc_dzo_05070,labeled,Romeo,2.963583,-1.3259804,1.822237,13.30765,-0.34261954,8.816071
ddc_dzo_03715,labeled,Romeo,4.9012933,0.84462446,0.94115996,12.899701,0.33437377,8.840839
ddc_dzo_04446,labeled,Romeo,2.9806433,-0.86195654,-0.76444197,15.783284,-0.5452479,5.3214083
ddc_dzo_01210,labeled,Romeo,2.6932201,0.99377805,-0.43354622,13.149305,-0.6604351,8.778779
ddc_dzo_03883,labeled,Romeo,3.441046,-0.33490264,1.0847697,13.357792,-0.68889683,8.587098
ddc_dzo_09811,labeled,Romeo,1.6956142,-1.1735885,0.3886038,13.299337,-0.6914987,8.882515
ddc_dzo_04901,labeled,Romeo,3.5076385,-0.5037369,1.3941771,13.147947,-0.672979,8.5813055
ddc_dzo_02841,labeled,Romeo,1.4704074,-0.37054598,1.3680807,13.28406,-0.26136792,8.855335
ddc_dzo_08052,labeled,Romeo,3.1764588,-1.6916829,-1.044416,13.12478,-0.58385545,9.037281
ddc_dzo_08510,labeled,Romeo,2.1748738,-1.238102,0.811571,12.906903,-0.21321647,8.588438
ddc_dzo_03461,labeled,Romeo,2.4180675,-0.021813326,1.9186933,13.536542,-0.54221827,8.66081
ddc_dzo_07055,labeled,Romeo,2.7407825,-0.2781922,0.13683034,12.952707,-0.022434706,9.2233925
ddc_dzo_02241,labeled,Romeo,1.7222245,-0.9082919,1.1958632,13.341306,-0.58276165,8.665606
ddc_dzo_00436,labeled,Romeo,1.4515276,-0.95906466,0.037126318,13.364975,-0.7468527,8.6865835
ddc_dzo_08354,labeled,Romeo,2.9953647,-1.833168,0.94189876,12.763009,1.0693138,9.151211
ddc_dzo_06406,labeled,Romeo,2.1505842,-1.13138,0.7526541,12.959937,-0.67034143,8.709414
ddc_dzo_00359,labeled,Romeo,2.119763,1.0774068,0.6747062,13.387957,0.20600988,8.641638
ddc_dzo_07173,labeled,Romeo,4.013883,0.74495953,0.4927573,13.164447,-0.4411379,9.181791
ddc_dzo_00117,labeled,Romeo,2.2989047,-1.0359614,0.23910046,12.96983,-0.6671574,8.656866
ddc_dzo_08431,labeled,Romeo,4.197536,-1.2227943,0.53146195,13.156696,-0.43988845,8.524759
ddc_dzo_07940,labeled,Romeo,3.8557181,0.16949606,1.4238288,13.138136,-0.5894281,8.813509
ddc_dzo_07726,labeled,Romeo,1.9241499,0.077316195,-0.33515584,13.069035,1.4237908,9.18696
ddc_dzo_08141,labeled,Romeo,2.6599872,-1.363022,0.46842667,13.162844,-0.57440996,8.927932
ddc_dzo_00208,labeled,Romeo,3.3985574,0.734793,-0.32749787,13.144758,-0.9119507,8.711175
ddc_dzo_00011,unlabeled,Unknown,-11.552492,-2.6494586,0.7659239,-1.360491,-2.231319,0.93689746
ddc_dzo_00017,unlabeled,Unknown,-3.7186704,3.2355704,-4.6385036,5.785925,-1.93348,-7.3426967
ddc_dzo_00026,unlabeled,Unknown,0.0375244,-1.4327928,0.2951436,15.821299,0.62996095,0.7709444
ddc_dzo_00002,unlabeled,Unknown,0.63545865,-0.7554465,-0.70681316,16.404814,1.3207731,1.1285962
ddc_dzo_00025,unlabeled,Unknown,-10.258021,-2.7083333,2.7990334,-0.9261798,-2.065493,1.267798
ddc_dzo_00038,unlabeled,Unknown,1.9798588,1.6197276,-1.2619985,16.87,1.9806541,4.7261467
ddc_dzo_00031,unlabeled,Unknown,-2.8613074,4.260273,-3.6026118,5.7588115,-1.8055334,-7.263949
ddc_dzo_00044,unlabeled,Unknown,1.7328969,1.7531424,0.71929055,15.37388,-0.8096151,4.4325743
ddc_dzo_00040,unlabeled,Unknown,-0.6087442,-1.0457889,-2.0964935,15.623369,2.1282797,1.6648914
ddc_dzo_00036,unlabeled,Unknown,-1.2442226,-3.8097966,1.7663099,15.424497,0.63678694,1.5667789
ddc_dzo_00050,unlabeled,Unknown,-1.2105874,-2.151562,0.8687791,15.493533,0.7183892,1.670144
ddc_dzo_00052,unlabeled,Unknown,2.9543002,-1.5297397,0.33909246,15.36097,-0.74752516,4.6996717
ddc_dzo_00047,unlabeled,Unknown,2.863666,-1.9993849,0.8874287,15.235072,-0.5300725,5.322355
ddc_dzo_00058,unlabeled,Unknown,-2.072452,1.8071774,-9.234727,2.9737618,7.514632,16.788809
ddc_dzo_00079,unlabeled,Unknown,-1.3466177,2.6301026,-11.220754,0.54982847,14.196965,6.578247
ddc_dzo_00077,unlabeled,Unknown,0.35119668,-1.5375718,1.7921181,15.441416,0.7151887,1.6829754
ddc_dzo_00081,unlabeled,Unknown,0.6014851,-0.456214,0.9215955,15.536438,0.731407,1.6581786
ddc_dzo_00093,unlabeled,Unknown,1.3505425,-1.0997506,0.988628,16.259611,1.2946382,0.85196674
ddc_dzo_00109,unlabeled,Unknown,2.1427383,-0.6263328,1.2411327,16.83794,2.2546253,5.5672097
ddc_dzo_00114,unlabeled,Unknown,-1.0232393,3.758454,-2.0464869,-7.693413,5.286266,7.024238
ddc_dzo_00125,unlabeled,Unknown,-6.038372,1.9500662,-3.2535791,5.8678465,-2.466473,-7.8543777
ddc_dzo_00118,unlabeled,Unknown,3.9299169,-0.23008187,0.50378394,16.01558,1.7965943,6.0205374
ddc_dzo_00116,unlabeled,Unknown,3.6238425,-1.4933693,0.7994318,15.4302435,-0.6214199,5.5307293
ddc_dzo_00129,unlabeled,Unknown,3.7908163,-0.186071,0.91224617,15.371978,-0.91163963,5.2173786
ddc_dzo_00157,unlabeled,Unknown,-4.28173,1.0686634,-1.7999117,5.871529,-2.2124715,-7.5434012
ddc_dzo_00149,unlabeled,Unknown,3.9353426,-0.12864219,-0.2176543,14.886344,-0.5911615,5.4450665
ddc_dzo_00140,unlabeled,Unknown,-3.2898104,1.718382,-1.196515,5.7453365,-2.183263,-7.91873
ddc_dzo_00151,unlabeled,Unknown,-10.07436,-4.300783,-1.4900697,-0.89705026,-2.276874,1.6993531
ddc_dzo_00139,unlabeled,Unknown,4.1388807,-0.91221666,0.83373636,12.594667,1.7077489,9.09225
ddc_dzo_00182,unlabeled,Unknown,-13.002784,-2.0414,-0.81730616,-1.2385075,-1.9299037,0.8997737
ddc_dzo_00186,unlabeled,Unknown,5.2944627,-1.2604942,0.42392892,15.382719,-0.8892787,4.9609547
ddc_dzo_00174,unlabeled,Unknown,2.8739254,-1.8195882,-0.4474982,12.931601,2.2367015,8.153364
ddc_dzo_00209,unlabeled,Unknown,3.646627,-2.5409372,1.2834147,16.379066,1.611991,6.1743927
ddc_dzo_00200,unlabeled,Unknown,4.2189074,-1.2469357,0.5187697,13.140274,2.2947233,8.3593235
ddc_dzo_00238,unlabeled,Unknown,-0.3617866,-0.814994,-0.42185757,16.030159,0.8821647,0.5940866
ddc_dzo_00245,unlabeled,Unknown,0.012785241,-0.93414795,-2.1203392,16.461628,1.2204888,1.3658507
ddc_dzo_00240,unlabeled,Unknown,3.623497,-1.4158878,-1.3834692,16.562136,2.134173,5.0929003
ddc_dzo_00260,unlabeled,Unknown,-12.049465,-1.8722166,0.63815445,-1.2037312,-2.2545233,0.9499568
ddc_dzo_00275,unlabeled,Unknown,-0.97925043,0.23690851,-12.542238,0.47352517,14.164933,6.5048733
ddc_dzo_00284,unlabeled,Unknown,4.395397,0.2919641,0.96516114,16.614855,2.0433245,5.1621094
ddc_dzo_00293,unlabeled,Unknown,4.246583,-0.64617264,0.49225843,16.60354,2.0997627,5.7432885
ddc_dzo_00321,unlabeled,Unknown,-6.100309,3.448296,-1.4843813,5.702156,-1.8350006,-7.28008
ddc_dzo_00312,unlabeled,Unknown,-1.6446146,-0.6509959,0.54564446,15.874659,0.6241931,0.71840394
ddc_dzo_00318,unlabeled,Unknown,-4.893889,8.558455,-2.1850703,6.8897576,14.399763,1.7011497
ddc_dzo_00308,unlabeled,Unknown,2.6464226,-1.0625412,0.62888634,16.429832,2.209632,5.6847515
ddc_dzo_00315,unlabeled,Unknown,-11.454417,-3.2127993,2.7280893,-0.74504775,-2.0371857,2.4601662
ddc_dzo_00320,unlabeled,Unknown,-12.028695,-5.4319015,1.3856417,-0.8283246,-2.4008036,1.9626371
ddc_dzo_00340,unlabeled,Unknown,-4.6750283,3.4884727,-0.16204007,5.7753315,-2.3043344,-7.9776626
ddc_dzo_00347,unlabeled,Unknown,-2.1631467,4.423319,-13.238085,3.4152784,6.916791,16.9999
ddc_dzo_00336,unlabeled,Unknown,4.7518907,-1.9791421,1.1414133,16.71718,1.1813776,5.3294573
ddc_dzo_00332,unlabeled,Unknown,4.329193,-0.0698245,1.4783316,13.203577,2.048516,8.2760315
ddc_dzo_00363,unlabeled,Unknown,1.8105488,-0.62430066,-0.23087026,16.255337,1.2944186,0.9731944
ddc_dzo_00383,unlabeled,Unknown,-5.936481,11.687034,1.0021776,6.7693505,14.32756,1.971422
ddc_dzo_00370,unlabeled,Unknown,1.707591,0.1418779,-1.052183,16.498777,1.3869197,1.4642121
ddc_dzo_00380,unlabeled,Unknown,2.9338236,-0.6397931,1.5034214,15.025033,-0.55392855,4.9452963
ddc_dzo_00376,unlabeled,Unknown,3.0344274,-2.111442,0.25688112,15.976396,1.1115973,6.4791446
ddc_dzo_00397,unlabeled,Unknown,-5.076319,12.171751,-0.71278584,6.804445,14.450665,1.9706993
ddc_dzo_00390,unlabeled,Unknown,0.5789188,-1.9940892,-0.3138767,16.316893,1.3393229,1.6078243
ddc_dzo_00400,unlabeled,Unknown,4.520547,-0.25696197,-0.21751237,16.380075,1.8093011,6.015357
ddc_dzo_00385,unlabeled,Unknown,4.5407877,-0.17123389,0.6567034,12.98116,1.8240389,8.904094
ddc_dzo_00417,unlabeled,Unknown,-5.2713957,3.237988,-10.008763,3.2143447,7.269357,17.147636
ddc_dzo_00423,unlabeled,Unknown,2.1028254,-2.312594,0.15075988,16.182901,1.5206428,1.4900787
ddc_dzo_00428,unlabeled,Unknown,4.672785,-1.830746,0.15086499,15.307384,-0.43429744,4.9660435
ddc_dzo_00416,unlabeled,Unknown,4.9420404,-1.3906765,-0.28752756,16.707623,0.8469925,6.0222583
ddc_dzo_00446,unlabeled,Unknown,-1.3342047,-1.3233497,-1.3518741,15.88987,0.73284936,0.59135723
ddc_dzo_00458,unlabeled,Unknown,-2.1677735,-2.013187,1.9153073,15.905121,0.69957256,0.73911345
ddc_dzo_00465,unlabeled,Unknown,3.156335,-0.22901699,1.1554568,16.934975,2.20229,5.5792103
ddc_dzo_00451,unlabeled,Unknown,2.9686306,-0.53609467,0.03648059,16.420078,2.0975783,5.3801384
ddc_dzo_00445,unlabeled,Unknown,3.2786803,-1.150152,0.905374,12.796943,2.2164109,8.1200695
ddc_dzo_00475,unlabeled,Unknown,-4.614078,3.7053394,-2.563754,5.6707006,-1.8266773,-7.2649693
ddc_dzo_00491,unlabeled,Unknown,-0.4741371,3.704528,-3.3739185,-7.6605215,5.2533765,7.0571094
ddc_dzo_00493,unlabeled,Unknown,3.1518502,-1.4268055,0.36920244,16.475595,2.083457,6.057374
ddc_dzo_00472,unlabeled,Unknown,3.4480164,-2.6616971,-0.124337226,16.58512,2.0486705,5.3466673
ddc_dzo_00509,unlabeled,Unknown,1.1305891,-2.2802992,1.2250795,15.4826355,0.7130163,1.6684252
ddc_dzo_00507,unlabeled,Unknown,2.8579416,-0.9666749,0.4200105,16.55463,2.1946793,5.2385902
ddc_dzo_00518,unlabeled,Unknown,3.6680415,-2.335456,0.93316156,16.812412,1.5649555,5.0500407
ddc_dzo_00511,unlabeled,Unknown,4.5634565,-1.194253,0.81431186,16.955257,1.5438664,6.188314
ddc_dzo_00514,unlabeled,Unknown,5.176714,-0.7864172,0.27991688,13.327706,1.9769857,8.564076
ddc_dzo_00531,unlabeled,Unknown,-5.8064847,0.81901914,-1.6717886,5.6743693,-1.8706089,-7.294583
ddc_dzo_00542,unlabeled,Unknown,-3.9830692,3.8129907,-9.350899,2.79363,7.4702687,16.870647
ddc_dzo_00540,unlabeled,Unknown,0.7436991,-1.1497703,1.9930393,16.164583,1.0206516,0.7309066
ddc_dzo_00522,unlabeled,Unknown,1.4211757,-1.6538761,-2.965985,16.424395,1.1875079,4.4809093
ddc_dzo_00573,unlabeled,Unknown,-10.707307,-0.32613355,1.7950891,-1.1937253,-1.8572457,0.806651
ddc_dzo_00547,unlabeled,Unknown,-10.155323,-0.8725896,-0.09006314,-1.0963217,-2.0139759,0.7470814
ddc_dzo_00566,unlabeled,Unknown,-8.572363,-0.29349655,-5.2219915,2.787502,7.325814,16.927095
ddc_dzo_00567,unlabeled,Unknown,-2.7896717,2.6349726,-4.4393926,5.9750433,-2.2186298,-7.2679076
ddc_dzo_00552,unlabeled,Unknown,-5.7552953,0.8835364,-1.171455,5.941309,-2.548576,-7.968056
ddc_dzo_00568,unlabeled,Unknown,-1.5408728,1.1497228,-9.496063,0.52617806,14.216436,6.511735
ddc_dzo_00558,unlabeled,Unknown,-4.5646725,7.4333367,0.543421,6.883288,14.349322,1.68864
ddc_dzo_00561,unlabeled,Unknown,-1.4045808,-3.3782678,0.5525793,15.882514,0.925662,1.5616373
ddc_dzo_00550,unlabeled,Unknown,1.5291544,-1.8458289,-1.0728028,15.497421,0.6964864,1.6702756
ddc_dzo_00554,unlabeled,Unknown,3.0591474,-1.3402079,1.1113362,15.334727,-0.88383704,5.078624
ddc_dzo_00588,unlabeled,Unknown,-4.4166074,0.3771959,-0.57538533,5.9659166,-2.346409,-7.6231475
ddc_dzo_00595,unlabeled,Unknown,-3.33923,3.531844,-10.090049,3.2579124,7.2737193,17.169886
ddc_dzo_00598,unlabeled,Unknown,-0.66662306,1.6904309,-10.77629,0.44278398,14.146984,6.474514
ddc_dzo_00584,unlabeled,Unknown,-1.2726637,-2.1106167,1.0693089,16.090908,1.0458776,0.68661714
ddc_dzo_00574,unlabeled,Unknown,-9.820457,-1.3446459,-0.4958233,-1.0508446,-2.1086078,0.91020256
ddc_dzo_00589,unlabeled,Unknown,3.878515,-0.008330279,-0.2527549,16.401396,1.9147235,5.2742195
ddc_dzo_00577,unlabeled,Unknown,3.4004138,-0.37527558,0.052804302,16.474653,1.4204249,5.7578893
ddc_dzo_00591,unlabeled,Unknown,-11.713352,-3.5360796,0.61340654,-0.6774673,-1.9774938,2.2835891
ddc_dzo_00597,unlabeled,Unknown,-12.395806,-3.7949686,0.036323603,-1.4880319,-2.1149867,1.3439623
ddc_dzo_00607,unlabeled,Unknown,-5.1811604,2.1108127,-3.1108022,5.707692,-1.8166314,-7.3143
ddc_dzo_00602,unlabeled,Unknown,-0.043696404,1.6379732,-10.381978,0.50117886,14.186643,6.530888
ddc_dzo_00623,unlabeled,Unknown,0.5880947,2.1417036,-0.45157123,16.19822,1.1946352,0.81702787
ddc_dzo_00601,unlabeled,Unknown,-12.054393,-1.728713,1.0236062,-1.1769042,-2.192785,1.8897214
ddc_dzo_00610,unlabeled,Unknown,3.8582845,-0.6807296,-0.017598858,17.294306,0.9646891,4.8404427
ddc_dzo_00632,unlabeled,Unknown,3.1907945,-0.049281303,0.24616276,15.027024,-0.57312,4.9507155
ddc_dzo_00647,unlabeled,Unknown,4.018312,-1.5669441,0.16262391,15.173563,-0.71986854,5.3732953
ddc_dzo_00644,unlabeled,Unknown,3.8516169,-0.85191137,1.008542,15.312069,-0.9661116,5.236672
ddc_dzo_00668,unlabeled,Unknown,2.6559486,-2.2355216,0.91814417,15.433394,0.7123264,1.690791
ddc_dzo_00664,unlabeled,Unknown,-0.22375573,-2.1918602,1.3284674,15.892039,1.0775825,1.4372419
ddc_dzo_00661,unlabeled,Unknown,4.0148544,0.2390237,1.106045,16.33109,2.1260734,5.6476965
ddc_dzo_00663,unlabeled,Unknown,2.4626844,0.19764039,0.53616345,12.895267,1.9894699,9.114842
ddc_dzo_00685,unlabeled,Unknown,2.5510437,0.8430438,-0.71201897,15.348262,-0.79030436,4.713113
ddc_dzo_00692,unlabeled,Unknown,0.9759285,-0.38458303,0.39716518,16.316921,1.1962843,1.11851
ddc_dzo_00680,unlabeled,Unknown,1.3195077,-2.728216,-1.0342207,16.32828,1.5304313,1.5137533
ddc_dzo_00703,unlabeled,Unknown,3.7856636,-1.1374657,-0.1597737,16.280014,1.9293115,5.5489335
ddc_dzo_00705,unlabeled,Unknown,-5.47344,0.6415664,0.90160924,5.9332457,-2.5184267,-7.911126
ddc_dzo_00728,unlabeled,Unknown,-4.2026334,4.306012,-11.776917,3.1731243,7.2653456,17.11653
ddc_dzo_00725,unlabeled,Unknown,0.5978591,-1.8518455,0.713797,16.319899,1.2024131,0.8160856
ddc_dzo_00727,unlabeled,Unknown,3.625744,-1.1357634,0.06638813,16.552345,1.9269018,5.3299413
ddc_dzo_00731,unlabeled,Unknown,-1.9876399,3.3038218,-8.863214,3.4918294,7.338902,16.815512
ddc_dzo_00730,unlabeled,Unknown,-0.69837844,0.86875325,-10.692117,0.4709694,14.2259655,6.502788
ddc_dzo_00732,unlabeled,Unknown,3.7262893,-1.9934623,-0.09255816,16.867226,2.161413,5.5516815
ddc_dzo_00741,unlabeled,Unknown,-10.698024,-2.090331,0.4031842,-0.64741325,-1.6765887,2.385082
ddc_dzo_00760,unlabeled,Unknown,1.5238336,0.3523692,-0.8328812,15.924808,1.5572885,1.6560287
ddc_dzo_00759,unlabeled,Unknown,-2.9652853,-3.2781293,-0.22496228,16.049877,0.87224376,1.4177842
ddc_dzo_00761,unlabeled,Unknown,2.3048325,-1.970913,-1.5926876,16.26691,1.5496231,1.8848215
ddc_dzo_00762,unlabeled,Unknown,1.7533003,-2.7346652,0.2550545,16.427803,1.4056308,1.5945827
ddc_dzo_00770,unlabeled,Unknown,2.9020958,-0.48552603,0.8861388,16.838242,2.1090155,5.6583915
ddc_dzo_00768,unlabeled,Unknown,2.8325143,-2.5210037,1.587391,16.29411,1.0466845,6.0655107
ddc_dzo_00805,unlabeled,Unknown,-4.450496,1.0644706,-0.4812078,5.9188237,-2.5441475,-7.998756
ddc_dzo_00789,unlabeled,Unknown,2.4885805,-0.6518156,1.8924096,16.049837,0.93064404,0.562288
ddc_dzo_00796,unlabeled,Unknown,0.06181275,0.09947206,-0.35197943,16.080103,0.83957386,0.68143225
ddc_dzo_00784,unlabeled,Unknown,0.36040103,-1.0968788,-1.9404503,16.071001,1.4468511,1.6762828
ddc_dzo_00797,unlabeled,Unknown,-0.13341619,-2.842935,-0.8417453,16.010149,1.5268681,1.5206395
ddc_dzo_00783,unlabeled,Unknown,-1.787022,-3.1727462,-0.049880326,15.476333,0.7022198,1.7074579
ddc_dzo_00801,unlabeled,Unknown,3.4442947,-0.39384094,1.2369862,16.670748,1.1446365,5.5995526
ddc_dzo_00818,unlabeled,Unknown,-3.7890928,2.3722405,-1.9223179,5.6705313,-1.8446705,-7.327554
ddc_dzo_00817,unlabeled,Unknown,-6.5259595,2.0569525,-4.5256343,2.1788325,6.974954,16.64807
ddc_dzo_00833,unlabeled,Unknown,-1.2454334,1.7872112,-0.27335897,16.313139,1.1536336,0.8672754
ddc_dzo_00831,unlabeled,Unknown,0.753326,-2.0215092,-0.5162378,15.5375,0.7304034,1.7077656
ddc_dzo_00813,unlabeled,Unknown,0.17866564,-2.7761664,1.1652112,15.462805,0.6980335,1.6310917
ddc_dzo_00824,unlabeled,Unknown,2.6839647,-0.3198448,1.5659142,16.881615,1.6612571,5.5620112
ddc_dzo_00859,unlabeled,Unknown,0.81716406,0.9716897,-1.5851558,17.054565,1.8070152,4.8291035
ddc_dzo_00844,unlabeled,Unknown,-3.1264515,3.231816,-12.133169,2.645136,7.764686,16.563454
ddc_dzo_00851,unlabeled,Unknown,2.1523511,-2.5543342,0.41262224,16.153704,1.245428,1.0405108
ddc_dzo_00842,unlabeled,Unknown,1.7764192,-2.599752,0.59530795,15.453259,0.7223143,1.6287698
ddc_dzo_00858,unlabeled,Unknown,2.7945206,-0.28992257,2.2426887,17.319405,1.7725099,5.0298533
ddc_dzo_00837,unlabeled,Unknown,2.052686,-0.63960755,0.3019702,16.702673,1.5098268,4.97472
ddc_dzo_00889,unlabeled,Unknown,-6.5963354,2.1869333,-3.1763031,5.788093,-1.90658,-7.3423953
ddc_dzo_00867,unlabeled,Unknown,-0.5900122,1.8232446,-9.908256,0.4214447,14.139959,6.451516
ddc_dzo_00880,unlabeled,Unknown,0.9757902,-1.0742326,-0.2594795,16.398642,1.3927695,1.4592341
ddc_dzo_00906,unlabeled,Unknown,-0.6948002,3.651381,-11.456698,2.8524108,7.5665665,16.745342
ddc_dzo_00894,unlabeled,Unknown,-2.308042,-0.57741046,-0.53403175,16.129005,0.63057435,1.0806501
ddc_dzo_00900,unlabeled,Unknown,0.3536173,-2.0217745,-1.8406556,15.678918,2.059229,1.6300149
ddc_dzo_00902,unlabeled,Unknown,1.2342205,-3.3151076,0.45938247,16.309723,1.3628936,1.4511334
ddc_dzo_00910,unlabeled,Unknown,-1.4545195,2.5783832,-13.158075,3.4833126,6.6189055,17.237545
ddc_dzo_00901,unlabeled,Unknown,3.009856,-1.7359457,0.08530255,14.982396,-0.776142,5.1977754
ddc_dzo_00895,unlabeled,Unknown,2.3859358,-0.53217924,1.0300809,15.354434,-0.40024355,5.291925
ddc_dzo_00920,unlabeled,Unknown,-2.3920658,1.8639456,-11.921176,2.7849631,7.614223,16.72546
ddc_dzo_00936,unlabeled,Unknown,0.94327086,-2.0016756,-0.38744995,15.903356,1.136545,1.3945534
ddc_dzo_00927,unlabeled,Unknown,3.0945559,-2.010761,1.5296589,15.414854,-0.9651949,5.0406837
ddc_dzo_00924,unlabeled,Unknown,4.088031,-1.2423211,0.8426043,13.006894,2.3355486,8.215342
ddc_dzo_00951,unlabeled,Unknown,-3.2984862,1.7616643,-11.692983,2.8947666,7.517246,16.807844
ddc_dzo_00945,unlabeled,Unknown,-2.6824162,2.846762,-14.014179,2.648149,7.767935,16.56233
ddc_dzo_00962,unlabeled,Unknown,-0.31822023,-2.5017023,0.049239025,16.155209,1.6134902,1.6117734
ddc_dzo_00955,unlabeled,Unknown,-8.266256,-3.498775,0.037725255,-1.2061636,-1.6304315,2.2493181
ddc_dzo_00954,unlabeled,Unknown,-12.524716,-3.272211,1.8367505,-1.2629209,-2.468528,1.598576
ddc_dzo_00958,unlabeled,Unknown,2.2468863,-1.2268807,1.3647591,17.125563,0.9641638,5.6397448
ddc_dzo_00952,unlabeled,Unknown,3.3468513,-0.5247566,-0.35483828,13.651394,1.7493839,8.673632
ddc_dzo_00997,unlabeled,Unknown,-1.1263831,2.249957,-5.4314833,-7.663814,5.2564387,7.0544195
ddc_dzo_00987,unlabeled,Unknown,2.2290733,-1.4610237,0.3109049,16.524384,1.7135258,5.016604
ddc_dzo_00985,unlabeled,Unknown,1.5873647,-1.0825907,-0.49812993,14.052499,0.678217,10.221022
ddc_dzo_00974,unlabeled,Unknown,3.6171775,-0.6392537,0.48747522,13.030947,2.4528549,8.379459
ddc_dzo_01014,unlabeled,Unknown,2.0312493,-0.14473203,-1.5385612,15.468083,-1.040094,5.035565
ddc_dzo_01011,unlabeled,Unknown,-11.51373,-3.3110578,0.79099524,-1.3539507,-2.1729589,1.1882356
ddc_dzo_01004,unlabeled,Unknown,0.104078844,-3.7994409,0.47793677,15.422134,0.6856388,1.6276534
ddc_dzo_01012,unlabeled,Unknown,0.85828525,-2.0960157,-1.0876226,15.485491,2.0990248,1.8118029
ddc_dzo_01024,unlabeled,Unknown,4.269768,-0.7862909,-0.23227255,14.960254,-0.68951064,5.277987
ddc_dzo_01003,unlabeled,Unknown,2.0410411,0.5704455,-0.88793457,13.080482,0.8371325,8.543025
ddc_dzo_01053,unlabeled,Unknown,0.20646198,-0.14848681,-0.028358316,16.149675,1.1131455,0.5912166
ddc_dzo_01055,unlabeled,Unknown,-0.025844116,-1.0031086,-1.2156934,15.800798,1.8454252,1.6705556
ddc_dzo_01066,unlabeled,Unknown,-5.19529,10.603902,1.4458604,6.7648025,14.386622,1.9693532
ddc_dzo_01069,unlabeled,Unknown,0.25082296,-1.4742882,0.8879922,15.929384,1.5625592,1.7566781
ddc_dzo_01040,unlabeled,Unknown,1.2339453,-2.255523,0.17716376,15.428019,2.1517217,1.8524926
ddc_dzo_01056,unlabeled,Unknown,4.962208,-1.000482,0.48571876,15.245908,-0.8427952,5.02516
ddc_dzo_01052,unlabeled,Unknown,3.1601584,-0.48230687,0.31704926,15.534286,-0.8656781,5.2400045
ddc_dzo_01063,unlabeled,Unknown,3.522096,-0.6038857,1.2437488,16.513792,1.9286435,5.550178
ddc_dzo_01041,unlabeled,Unknown,3.633957,-0.39414787,0.22206448,12.656744,2.0798917,8.148661
ddc_dzo_01101,unlabeled,Unknown,-2.254825,1.8816721,-1.2041479,5.9783955,-2.2626903,-7.4747176
ddc_dzo_01094,unlabeled,Unknown,-3.4441755,10.193368,-0.14912723,6.751131,14.289355,1.8773038
ddc_dzo_01106,unlabeled,Unknown,-0.34083518,-0.4281276,-0.39637163,16.025843,1.6390035,1.547642
ddc_dzo_01086,unlabeled,Unknown,0.04291323,-3.0204525,0.6180203,15.895262,0.93117595,1.3956333
ddc_dzo_01099,unlabeled,Unknown,1.3542589,-1.5438743,0.4466932,15.522583,2.0799203,1.7894272
ddc_dzo_01087,unlabeled,Unknown,2.626192,-2.6811764,-0.3654902,15.28183,-0.9109052,4.8868837
ddc_dzo_01104,unlabeled,Unknown,4.524508,-0.7886293,0.75217944,12.771623,2.1514976,8.255022
ddc_dzo_01124,unlabeled,Unknown,-4.774572,4.1332345,-10.140452,3.0251608,7.2659287,17.045841
ddc_dzo_01135,unlabeled,Unknown,-0.7351506,0.043918982,1.6006758,16.299465,1.1637222,0.8080548
ddc_dzo_01127,unlabeled,Unknown,-10.066258,-2.640752,1.1623038,-0.8098446,-1.5898863,2.445095
ddc_dzo_01120,unlabeled,Unknown,3.1351674,-0.96970147,-0.25563937,16.248495,2.1340506,6.1357822
ddc_dzo_01143,unlabeled,Unknown,-5.0942574,3.3557038,-9.40363,2.8541532,7.4733624,16.82458
ddc_dzo_01146,unlabeled,Unknown,-9.809702,-0.5685302,-0.40781343,-1.2909746,-1.7185146,1.28955
ddc_dzo_01171,unlabeled,Unknown,-5.9870744,9.437177,-1.9526944,6.7191725,14.332944,2.0216584
ddc_dzo_01160,unlabeled,Unknown,4.785,-1.6928817,-0.5209161,15.856106,-0.7537692,5.2081738
ddc_dzo_01192,unlabeled,Unknown,-4.279069,1.1995142,-0.8934489,5.9209313,-2.4833465,-7.9437547
ddc_dzo_01198,unlabeled,Unknown,-0.6233893,1.9552352,-1.0455042,15.926858,0.5945611,0.7981441
ddc_dzo_01201,unlabeled,Unknown,-0.3969597,-3.347212,-0.59106344,15.517724,0.69458675,1.615385
ddc_dzo_01189,unlabeled,Unknown,0.9760333,-2.1566327,0.7111791,15.503406,0.71760195,1.7433515
ddc_dzo_01211,unlabeled,Unknown,-11.5910635,-3.3990972,1.4169259,-1.1177418,-2.3546646,2.0170321
ddc_dzo_01217,unlabeled,Unknown,3.486381,-2.1618845,0.42738897,15.316538,-0.534369,5.527853
ddc_dzo_01226,unlabeled,Unknown,3.0069606,-1.3843201,1.2738012,15.434533,-0.66436183,5.110127
ddc_dzo_01223,unlabeled,Unknown,2.780973,-0.77940917,1.4786953,15.2439995,-0.86363846,5.0018024
ddc_dzo_01262,unlabeled,Unknown,2.277533,-0.72565466,0.7385858,16.527237,2.3121386,5.510253
ddc_dzo_01267,unlabeled,Unknown,-2.0789835,-1.6761518,1.090702,16.165575,1.1389863,0.69205636
ddc_dzo_01247,unlabeled,Unknown,-1.724981,-0.52524585,-1.3553832,15.784559,1.872315,1.6430528
ddc_dzo_01254,unlabeled,Unknown,-3.281991,2.5456936,-12.06764,3.4068475,6.6050553,17.23
ddc_dzo_01306,unlabeled,Unknown,1.4506723,0.11947264,0.6127465,15.541024,-0.29578424,4.4191074
ddc_dzo_01305,unlabeled,Unknown,-1.5950068,-1.8487861,-1.0875103,16.020184,0.9620968,0.59076756
ddc_dzo_01288,unlabeled,Unknown,0.7925155,-1.4609733,0.37851122,15.866267,0.95966035,1.5355734
ddc_dzo_01281,unlabeled,Unknown,-1.220072,1.8824111,0.6158457,16.150364,1.1304084,1.5043275
ddc_dzo_01285,unlabeled,Unknown,-1.7322795,0.9453005,-12.646628,3.4711416,6.6214623,17.243738
ddc_dzo_01279,unlabeled,Unknown,-11.182149,-3.6259968,0.5321483,-1.3644133,-1.752419,2.1640437
ddc_dzo_01310,unlabeled,Unknown,-10.380087,-1.1098864,-0.7438931,-1.2938604,-1.7562972,1.3385665
ddc_dzo_01290,unlabeled,Unknown,3.227614,-0.7869425,0.47160172,14.968341,-0.8036313,5.266451
ddc_dzo_01296,unlabeled,Unknown,3.4034274,-0.06620335,-0.06392975,12.89502,2.217949,8.118499
ddc_dzo_01341,unlabeled,Unknown,-3.8899646,0.1682947,-4.41479,2.1762514,6.948702,16.625444
ddc_dzo_01333,unlabeled,Unknown,-0.50463593,-1.7403675,1.4912497,16.14747,1.1367805,1.7723143
ddc_dzo_01336,unlabeled,Unknown,2.442354,-0.83958995,0.39325467,16.708227,1.6047028,5.0013275
ddc_dzo_01324,unlabeled,Unknown,3.528655,-0.052185334,0.27341366,12.962865,2.2760763,8.493065
ddc_dzo_01375,unlabeled,Unknown,0.7425964,1.3587539,-2.9801695,-7.685717,5.2785463,7.0319343
ddc_dzo_01367,unlabeled,Unknown,2.3258448,1.7034565,0.5848462,15.528256,-0.30702776,4.5566015
ddc_dzo_01380,unlabeled,Unknown,-0.85129356,-0.041136872,0.48180097,15.870022,0.5839622,0.77597
ddc_dzo_01374,unlabeled,Unknown,-10.800881,-3.0930488,0.9954954,-0.6487871,-1.6370336,1.7085859
ddc_dzo_01347,unlabeled,Unknown,-4.8345966,10.913132,-2.1271834,6.831486,14.495348,1.8245252
ddc_dzo_01372,unlabeled,Unknown,2.7282434,-0.57157224,-0.4629112,16.797094,2.0630481,5.6105127
ddc_dzo_01349,unlabeled,Unknown,3.081511,0.09133409,0.7285897,16.925552,1.5957826,6.2129645
ddc_dzo_01411,unlabeled,Unknown,1.9521245,2.9735909,-1.4942904,16.497423,1.3586624,1.483221
ddc_dzo_01383,unlabeled,Unknown,-4.3405433,0.63134915,-6.523298,2.196328,6.9596653,16.652073
ddc_dzo_01401,unlabeled,Unknown,-3.0381315,1.401553,-6.131773,2.164725,6.9436193,16.622896
ddc_dzo_01403,unlabeled,Unknown,-3.745167,8.843285,-0.6344769,6.880611,14.3776245,1.7053043
ddc_dzo_01406,unlabeled,Unknown,-9.743008,-2.0923138,0.1516686,-1.2157542,-1.9782176,0.78063637
ddc_dzo_01389,unlabeled,Unknown,4.4295125,-1.0624744,2.8385909,16.440609,1.9247065,5.1023803
ddc_dzo_01395,unlabeled,Unknown,3.9706306,-0.76134133,-0.17450154,15.403432,-0.70416325,5.6310434
ddc_dzo_01382,unlabeled,Unknown,2.0978348,-0.329081,0.23675624,17.738768,1.0732052,5.3832965
ddc_dzo_01438,unlabeled,Unknown,-11.736969,-1.3735073,0.85820544,-1.2000875,-2.0243468,1.0771793
ddc_dzo_01417,unlabeled,Unknown,-5.768108,2.3982463,-2.1989305,5.7119155,-2.0153291,-7.633563
ddc_dzo_01447,unlabeled,Unknown,1.6625953,-2.606233,-1.904347,15.6282425,2.0989976,1.668971
ddc_dzo_01434,unlabeled,Unknown,1.334325,-3.5896878,0.17283972,15.388885,0.6058819,1.7764579
ddc_dzo_01444,unlabeled,Unknown,-9.639261,-3.1801338,0.6083278,-1.4496679,-1.6042693,1.9424373
ddc_dzo_01426,unlabeled,Unknown,3.1419477,1.182226,1.4199939,16.645523,1.7256027,6.1082425
ddc_dzo_01416,unlabeled,Unknown,3.1957455,-2.4109967,1.0927954,15.033992,-0.63170946,4.9045506
ddc_dzo_01431,unlabeled,Unknown,1.9867947,0.06454195,1.2258095,15.619151,-0.9381792,4.7215176
ddc_dzo_01470,unlabeled,Unknown,-11.700357,-1.6147926,0.9629904,-1.1781756,-2.3408704,1.1376212
ddc_dzo_01452,unlabeled,Unknown,-4.192172,1.750587,-2.3716266,5.9268456,-2.5397232,-8.024588
ddc_dzo_01462,unlabeled,Unknown,-5.3944187,2.668419,-3.3491938,5.6445904,-1.770621,-7.295771
ddc_dzo_01481,unlabeled,Unknown,-4.1470847,9.591246,1.2148284,6.8266177,14.363312,2.0411973
ddc_dzo_01465,unlabeled,Unknown,-0.86343783,0.541666,-1.4101133,16.420801,1.3936993,1.4912215
ddc_dzo_01471,unlabeled,Unknown,-9.640584,-1.2780735,-1.2904937,-1.4747404,-1.8850394,1.1513693
ddc_dzo_01453,unlabeled,Unknown,5.1346016,-0.8458997,-1.0176655,15.408763,-0.68525904,5.6134067
ddc_dzo_01498,unlabeled,Unknown,0.85454845,-0.5927246,-0.5468967,15.467345,0.69811386,1.7099317
ddc_dzo_01494,unlabeled,Unknown,0.7759952,-2.209511,0.5618818,15.546752,0.82055193,1.619151
ddc_dzo_01502,unlabeled,Unknown,3.6748886,-0.59776443,0.26323128,16.783056,2.0229301,5.150027
ddc_dzo_01504,unlabeled,Unknown,4.2590656,-0.82649773,0.67154723,12.941342,2.2155442,8.637472
ddc_dzo_01493,unlabeled,Unknown,3.3729594,1.1450942,1.7906525,13.255491,1.3102955,9.0024185
ddc_dzo_01545,unlabeled,Unknown,-4.1645103,0.9952851,-5.4598374,2.1366663,6.92009,16.607603
ddc_dzo_01734,unlabeled,Unknown,-4.2941823,-0.2728418,0.9784622,15.833762,0.6026666,0.6987866
ddc_dzo_01525,unlabeled,Unknown,2.999124,-1.6080939,0.056359287,16.226044,1.334662,1.0155994
ddc_dzo_01523,unlabeled,Unknown,0.492014,-2.855051,-1.3701278,15.573333,1.9965606,1.7110234
ddc_dzo_01529,unlabeled,Unknown,0.54546726,-1.0570472,-0.8108549,15.511622,0.7272414,1.7227426
ddc_dzo_01530,unlabeled,Unknown,2.82831,-1.9126337,0.10934796,15.378673,-0.62600875,4.905266
ddc_dzo_01537,unlabeled,Unknown,2.6399899,0.054183975,-0.46018228,15.160851,-0.7370543,5.27053
ddc_dzo_01536,unlabeled,Unknown,3.3880615,-0.12647751,0.24587446,12.63367,1.8933234,8.143337
ddc_dzo_01580,unlabeled,Unknown,-4.853895,2.0961406,-1.7011409,5.932266,-2.181416,-7.4757013
ddc_dzo_01577,unlabeled,Unknown,-5.691047,1.9577652,-3.2484145,5.97006,-2.5867305,-7.98896
ddc_dzo_01568,unlabeled,Unknown,-4.3098803,8.720879,-4.222105,6.7985406,14.587727,1.7359046
ddc_dzo_01588,unlabeled,Unknown,0.48139343,-1.0703052,-3.5350227,16.29166,1.5546672,1.6592056
ddc_dzo_01591,unlabeled,Unknown,0.45859018,-1.655645,0.21004826,15.632192,0.90184426,1.6648909
ddc_dzo_01579,unlabeled,Unknown,-10.199671,-3.0435636,0.33138856,-1.0168629,-1.743891,2.2846591
ddc_dzo_01564,unlabeled,Unknown,1.9516104,-0.36079478,0.40940523,14.127862,0.5142523,10.426366
ddc_dzo_01605,unlabeled,Unknown,-4.5805445,2.4338455,-1.651691,5.7567873,-2.1986759,-7.9455986
ddc_dzo_01603,unlabeled,Unknown,-1.4622002,2.1592495,-13.236936,0.5560737,14.168505,6.5847793
ddc_dzo_01620,unlabeled,Unknown,-1.24818,1.5044144,-12.401166,0.5155937,14.16974,6.5429363
ddc_dzo_01625,unlabeled,Unknown,-0.41226372,-0.26133347,0.67370784,16.19916,1.1138579,1.3728398
ddc_dzo_01618,unlabeled,Unknown,1.3372542,-2.8030672,-0.42425972,15.495885,0.75478035,1.6897191
ddc_dzo_01607,unlabeled,Unknown,3.445544,-0.9568531,-1.9587674,16.4954,1.9661943,6.095723
ddc_dzo_01621,unlabeled,Unknown,1.5657352,-0.04050943,-0.52729064,17.134825,0.90248585,4.7494774
ddc_dzo_01647,unlabeled,Unknown,-12.545625,-0.6507935,0.94671255,-1.1321077,-1.9305979,0.9214475
ddc_dzo_01660,unlabeled,Unknown,-2.6548593,-1.1198369,-2.135221,15.818734,0.53477407,0.7427764
ddc_dzo_01631,unlabeled,Unknown,1.057541,-2.6366374,0.50497496,16.211662,1.3283948,0.7550809
ddc_dzo_01641,unlabeled,Unknown,-0.66356647,0.087116346,1.0055327,16.056295,1.0396216,0.9562757
ddc_dzo_01634,unlabeled,Unknown,0.12585358,-4.2476134,1.5159103,15.568512,0.8222424,1.6053377
ddc_dzo_01652,unlabeled,Unknown,1.9420704,-2.4878318,-0.58817774,12.791046,1.6853322,9.206763
ddc_dzo_01696,unlabeled,Unknown,2.7409604,0.8085681,-1.5529957,16.823622,2.02663,4.759023
ddc_dzo_01667,unlabeled,Unknown,2.7638476,-0.49613208,0.44351348,16.651972,2.2206197,5.8553667
ddc_dzo_01682,unlabeled,Unknown,2.0915117,0.0768278,1.1481359,16.944082,1.5038385,4.812958
ddc_dzo_01685,unlabeled,Unknown,3.9694352,-1.6477566,1.4303443,16.387028,1.0685346,5.698322
ddc_dzo_01729,unlabeled,Unknown,-2.0608091,3.7951593,-3.8749776,5.9209003,-2.2265015,-7.5172534
ddc_dzo_01705,unlabeled,Unknown,-4.8576756,1.9790269,-1.0991083,5.8795824,-2.4109457,-7.9965973
ddc_dzo_01710,unlabeled,Unknown,-4.5244317,4.147514,-9.029347,3.2738197,7.2562246,17.090149
ddc_dzo_01724,unlabeled,Unknown,-3.6294346,2.2093437,-12.392876,3.3482726,6.7624087,17.160622
ddc_dzo_01703,unlabeled,Unknown,4.81598,-1.1450592,-0.39083356,15.250972,-0.759561,5.383873
ddc_dzo_01768,unlabeled,Unknown,-1.1394145,10.820259,0.14387642,6.825752,14.339658,2.091972
ddc_dzo_01764,unlabeled,Unknown,-3.9706593,4.6899986,-12.257671,2.8408742,7.4266853,16.885551
ddc_dzo_01767,unlabeled,Unknown,1.3630002,-1.5266105,1.331002,15.450618,0.73842597,1.6735207
ddc_dzo_01748,unlabeled,Unknown,2.9134545,-1.1497768,0.8681822,16.675592,2.236363,5.476906
ddc_dzo_01761,unlabeled,Unknown,3.4392006,-1.6067245,1.7405065,15.598994,-0.70606464,5.004182
ddc_dzo_01763,unlabeled,Unknown,2.327097,-2.053791,0.9947227,14.133118,0.51016176,10.159517
ddc_dzo_01772,unlabeled,Unknown,-5.444536,1.0972589,-0.60044694,5.681165,-1.7912441,-7.31289
ddc_dzo_01773,unlabeled,Unknown,1.7147151,-0.6751357,-0.0859269,15.768559,0.7342683,1.1619132
ddc_dzo_01783,unlabeled,Unknown,-0.78009003,-2.6464279,1.1139868,15.994727,0.8973437,0.64587927
ddc_dzo_01793,unlabeled,Unknown,1.2968277,-1.2238276,-0.4772352,16.16581,1.3971784,1.6625073
ddc_dzo_01770,unlabeled,Unknown,2.3506596,-2.5822184,0.35738105,15.591498,0.6536428,1.3717121
ddc_dzo_01800,unlabeled,Unknown,0.77656776,-0.9142361,-0.7983595,16.192862,1.1339921,1.736502
ddc_dzo_01776,unlabeled,Unknown,2.6205368,-0.941987,0.7515517,16.246527,0.8786115,6.3567824
ddc_dzo_01788,unlabeled,Unknown,4.094728,-0.019876119,-0.16922246,17.017931,0.9663118,6.0140347
ddc_dzo_01834,unlabeled,Unknown,-1.1566838,1.325135,1.289161,16.30694,1.0448828,1.156708
ddc_dzo_01835,unlabeled,Unknown,0.36849013,-0.063808076,-0.61938334,16.277601,1.1800737,0.79741
ddc_dzo_01816,unlabeled,Unknown,-0.41665334,-3.4243371,-0.35776147,16.195017,1.1354961,1.4291534
ddc_dzo_01813,unlabeled,Unknown,-11.553263,-2.2284544,-0.7595529,-1.0601624,-2.1547503,1.1015269
ddc_dzo_01818,unlabeled,Unknown,-5.1508856,12.176608,-0.39621502,6.6788974,14.261692,1.9236875
ddc_dzo_01829,unlabeled,Unknown,1.7289777,0.8870579,0.02452888,16.613455,2.2275221,5.691743
ddc_dzo_01830,unlabeled,Unknown,3.1440904,0.0072693247,-1.0986471,16.274628,1.7363387,6.3676195
ddc_dzo_01861,unlabeled,Unknown,-5.153841,2.0480914,0.57049686,5.762301,-1.8878216,-7.240012
ddc_dzo_01862,unlabeled,Unknown,-1.7834631,1.9704957,-12.370539,0.5770127,14.207586,6.6100655
ddc_dzo_01854,unlabeled,Unknown,-3.252524,-2.4710479,-0.77359504,15.837269,0.72146827,0.81531024
ddc_dzo_01867,unlabeled,Unknown,-3.484817,12.419756,-1.2429603,6.7125793,14.318349,2.0149465
ddc_dzo_01859,unlabeled,Unknown,3.4490147,-2.1699367,-0.26436177,16.449888,2.0624685,5.831314
ddc_dzo_01840,unlabeled,Unknown,-12.793208,-2.584154,2.5342023,-1.3121252,-2.3026452,1.485485
ddc_dzo_01895,unlabeled,Unknown,-7.0347595,-0.78472686,-1.629504,5.8227,-2.468272,-8.044828
ddc_dzo_01878,unlabeled,Unknown,-0.42169935,-1.0983133,-2.7593324,16.52869,1.3895862,1.4459603
ddc_dzo_01903,unlabeled,Unknown,4.31709,-1.5902716,0.7712289,15.222561,-0.9526452,5.2905526
ddc_dzo_01875,unlabeled,Unknown,4.5353117,-2.5118716,0.16062292,16.26246,0.89219546,5.521061
ddc_dzo_01894,unlabeled,Unknown,3.0860882,-0.24776664,1.1377726,12.977885,1.9399724,9.160205
ddc_dzo_01933,unlabeled,Unknown,-1.7294909,2.4740088,-9.939483,0.4202683,14.124316,6.4522924
ddc_dzo_01938,unlabeled,Unknown,-0.6903608,-0.2674247,0.34018475,15.928228,0.55871814,0.7989104
ddc_dzo_01922,unlabeled,Unknown,-10.284946,-1.6067978,0.040971145,-1.1305621,-1.990804,1.1502249
ddc_dzo_01926,unlabeled,Unknown,0.6377531,-0.3408772,0.34326488,16.225082,1.224051,0.6537
ddc_dzo_01930,unlabeled,Unknown,-0.7555693,-0.71326345,1.0252705,16.069933,1.2251817,1.6441032
ddc_dzo_01940,unlabeled,Unknown,2.9564943,-0.34072658,-0.42916617,16.57817,2.102064,5.8503504
ddc_dzo_01936,unlabeled,Unknown,2.715082,-0.019552078,0.27352658,12.97005,2.388544,8.456523
ddc_dzo_01916,unlabeled,Unknown,3.7191193,-1.0951834,-0.78866255,13.769892,1.3170823,9.516724
ddc_dzo_01957,unlabeled,Unknown,-3.5374715,6.1858044,-2.439541,6.932096,14.380898,1.6600802
ddc_dzo_01950,unlabeled,Unknown,0.00024030604,-0.6427131,1.265714,15.777832,1.1531953,1.5379865
ddc_dzo_01974,unlabeled,Unknown,3.1449165,-1.2418534,0.6400832,16.375814,1.7809638,6.2753997
ddc_dzo_01951,unlabeled,Unknown,4.4743376,-1.9381266,-0.13329874,15.33978,-0.68030894,4.568439
ddc_dzo_01959,unlabeled,Unknown,2.3577049,-0.12472882,1.3592185,15.303772,-0.38531926,5.6965833
ddc_dzo_01984,unlabeled,Unknown,-2.088937,0.44049883,-11.055636,0.47164497,14.200389,6.5042953
ddc_dzo_01982,unlabeled,Unknown,1.2368351,-2.0477269,-0.5114978,16.311844,1.2938554,1.548429
ddc_dzo_01988,unlabeled,Unknown,3.1819706,1.1891382,0.8108726,16.978516,1.881216,4.8681316
ddc_dzo_01994,unlabeled,Unknown,2.465859,0.52098405,-0.08592353,15.199871,-0.5831644,4.6228657
ddc_dzo_01986,unlabeled,Unknown,3.515594,-0.8538677,0.38644508,15.320915,-0.7541446,5.262542
ddc_dzo_02012,unlabeled,Unknown,0.14187303,-1.086196,-0.38102794,16.244879,1.086895,0.8009971
ddc_dzo_02013,unlabeled,Unknown,0.9442381,0.3342024,0.34595692,16.223198,1.2188689,0.76559615
ddc_dzo_02030,unlabeled,Unknown,1.3744974,-1.7302163,1.4665786,16.80214,2.2646453,5.516383
ddc_dzo_02037,unlabeled,Unknown,2.816841,-1.0724066,-0.50295705,15.19753,-0.65218043,4.969502
ddc_dzo_02055,unlabeled,Unknown,-3.1264966,3.5552151,-1.3212745,5.826722,-2.0868704,-7.36378
ddc_dzo_02050,unlabeled,Unknown,0.3381495,-3.007682,-1.7662051,16.045534,0.9149938,0.5230092
ddc_dzo_02044,unlabeled,Unknown,-9.547235,-0.30672628,0.2103195,-1.0935383,-2.005569,0.85420597
ddc_dzo_02069,unlabeled,Unknown,4.1586537,-1.2301084,-0.2622392,17.197693,1.5083352,5.515402
ddc_dzo_02043,unlabeled,Unknown,2.200475,-0.9803827,-0.7691921,15.764085,-1.0375806,5.0491133
ddc_dzo_02045,unlabeled,Unknown,1.3650147,0.84152114,-0.5220365,12.732685,1.9461966,8.979431
ddc_dzo_02088,unlabeled,Unknown,-4.594091,1.1223418,-10.228737,2.7448719,7.549361,16.7602
ddc_dzo_02094,unlabeled,Unknown,-1.9116803,-1.3480074,0.22405861,16.071941,0.73126423,1.0358564
ddc_dzo_02097,unlabeled,Unknown,2.6020508,0.5297362,0.82810444,16.176416,1.1323935,0.7242112
ddc_dzo_02095,unlabeled,Unknown,3.6061811,-1.7039043,0.576987,16.499403,1.8789564,5.033728
ddc_dzo_02076,unlabeled,Unknown,2.3770308,0.70546496,-0.16689822,16.542423,1.3439553,4.6289926
ddc_dzo_02072,unlabeled,Unknown,3.2211394,-1.6592463,-1.2662283,15.601361,-0.67884964,4.4512095
ddc_dzo_02132,unlabeled,Unknown,3.5568404,-0.89991266,0.009607343,16.28435,0.890816,6.2981153
ddc_dzo_02125,unlabeled,Unknown,2.5794446,0.034275677,0.08366019,16.130657,1.8257772,5.264783
ddc_dzo_02137,unlabeled,Unknown,-3.9279675,2.3042848,-11.23312,3.2342913,7.2750483,17.130562
ddc_dzo_02140,unlabeled,Unknown,2.7407093,-0.15583275,1.1692023,16.878323,2.1332707,5.4709783
ddc_dzo_02153,unlabeled,Unknown,3.9495728,-2.0990093,0.441468,15.218497,-0.5876994,5.6299233
ddc_dzo_02143,unlabeled,Unknown,3.3607707,-0.22117436,0.010025608,12.992326,2.2211154,8.399981
ddc_dzo_02167,unlabeled,Unknown,-2.2624555,0.15086265,-1.273406,5.8298125,-2.4634633,-8.069183
ddc_dzo_02164,unlabeled,Unknown,-6.438647,0.86207366,-10.59206,2.2573445,6.995982,16.701757
ddc_dzo_02171,unlabeled,Unknown,-0.71780145,-0.15158215,0.59543663,15.676246,2.0206022,1.6755437
ddc_dzo_02183,unlabeled,Unknown,4.355976,-1.5762405,0.3979718,16.804752,1.9266194,5.750006
ddc_dzo_02193,unlabeled,Unknown,-2.5454886,2.7324684,-2.3635907,5.8391085,-2.4623778,-8.02445
ddc_dzo_02205,unlabeled,Unknown,-2.5263255,2.7832365,-12.042955,2.7650383,7.5961385,16.766941
ddc_dzo_02214,unlabeled,Unknown,0.007928784,-1.9734321,0.3507824,15.440742,2.0964463,1.861939
ddc_dzo_02221,unlabeled,Unknown,-4.7869782,9.715976,1.05637,6.7596703,14.521813,1.9569694
ddc_dzo_02194,unlabeled,Unknown,-11.673054,-3.9426353,0.4829796,-0.8813163,-2.4617891,1.9598165
ddc_dzo_02217,unlabeled,Unknown,3.5992687,-2.034114,-0.89396584,15.443956,-1.0171425,5.2251935
ddc_dzo_02245,unlabeled,Unknown,-3.193612,9.955399,-1.50535,6.8098497,14.359787,1.8231364
ddc_dzo_02242,unlabeled,Unknown,0.95332456,-1.7427586,-0.10714824,16.122017,1.429144,1.2942209
ddc_dzo_02229,unlabeled,Unknown,-9.416854,-0.9524598,-0.383795,-1.1329542,-1.8132935,0.87189466
ddc_dzo_02233,unlabeled,Unknown,1.7462132,-2.4902341,-0.43862066,15.510045,0.793384,1.6768215
ddc_dzo_02223,unlabeled,Unknown,4.141428,-1.1220198,1.3925513,13.163572,2.2736666,8.483702
ddc_dzo_02234,unlabeled,Unknown,3.6264453,-0.6280931,0.855796,12.879211,2.1263685,8.636659
ddc_dzo_02269,unlabeled,Unknown,-2.4214234,0.03484562,0.6261356,15.849057,0.5896161,0.7163883
ddc_dzo_02272,unlabeled,Unknown,1.5953997,0.74086374,0.22810885,16.199436,1.1954696,1.1263354
ddc_dzo_02270,unlabeled,Unknown,-1.0721539,-0.18518831,1.8169626,16.151678,1.321575,0.93769854
ddc_dzo_02262,unlabeled,Unknown,2.77176,-0.9700224,0.7673839,16.444473,2.111233,5.617633
ddc_dzo_02271,unlabeled,Unknown,2.069471,-0.29951274,0.7406285,16.578781,2.102763,5.2738204
ddc_dzo_02279,unlabeled,Unknown,3.054725,0.19665046,1.3100907,16.640125,1.0567826,5.4982796
ddc_dzo_02308,unlabeled,Unknown,-11.715383,-1.3371103,-0.28276804,-1.4143741,-2.2893875,0.9908382
ddc_dzo_02296,unlabeled,Unknown,-0.47447467,0.25337246,-1.0139972,16.055176,0.94160014,0.8695749
ddc_dzo_02290,unlabeled,Unknown,-2.294713,0.25128517,2.043308,16.130938,0.91417694,0.67266583
ddc_dzo_02306,unlabeled,Unknown,-11.412001,-1.865,-0.8351387,-1.2982426,-2.3846781,0.9479108
ddc_dzo_02282,unlabeled,Unknown,1.7723446,-0.52912045,2.4422455,16.562517,2.2808573,5.8470607
ddc_dzo_02291,unlabeled,Unknown,1.9676663,-1.7575368,0.6451702,17.249443,0.9075815,4.7541018
ddc_dzo_02286,unlabeled,Unknown,2.33917,-2.6136286,-0.1797462,13.0131445,2.239683,8.265997
ddc_dzo_02312,unlabeled,Unknown,-11.414735,-1.97458,0.2627306,-1.1166543,-1.8244781,1.3402748
ddc_dzo_02336,unlabeled,Unknown,2.324985,-2.9646418,0.38295546,16.33148,1.2663254,1.4240544
ddc_dzo_02323,unlabeled,Unknown,-10.364305,-3.0415952,-0.66076285,-1.1304245,-2.0638335,1.1354614
ddc_dzo_02311,unlabeled,Unknown,5.031792,-1.1212264,0.6408099,16.569017,2.0906653,5.6801624
ddc_dzo_02339,unlabeled,Unknown,2.2701287,-1.3489199,1.5050746,16.842386,1.265019,6.224822
ddc_dzo_02321,unlabeled,Unknown,3.032619,-0.13144872,-0.33324778,12.832304,1.2017946,9.293181
ddc_dzo_02351,unlabeled,Unknown,-6.3530498,2.2672472,-1.0934662,5.666035,-1.8305244,-7.3466225
ddc_dzo_02360,unlabeled,Unknown,-4.1283436,4.230428,-10.124348,3.237755,7.2907104,16.887913
ddc_dzo_02362,unlabeled,Unknown,0.17991988,-2.3878946,-1.886186,16.166105,1.5203558,1.5357372
ddc_dzo_02368,unlabeled,Unknown,5.337238,-2.8071213,1.0807271,15.348947,-0.77139705,5.488186
ddc_dzo_02341,unlabeled,Unknown,3.5153809,-0.5452589,-0.19465229,17.38352,1.2628574,5.4776993
ddc_dzo_02385,unlabeled,Unknown,-4.2592397,2.447394,-0.6183264,5.760154,-2.4201868,-7.875842
ddc_dzo_02384,unlabeled,Unknown,-12.789543,-0.5808155,1.1810057,-1.0679486,-1.7927166,1.0705315
ddc_dzo_02375,unlabeled,Unknown,-2.0279617,1.5194769,-9.20394,0.4931614,14.17873,6.52437
ddc_dzo_02378,unlabeled,Unknown,-3.6637228,-0.6018382,-0.46700472,15.847173,0.60639244,0.71278536
ddc_dzo_02380,unlabeled,Unknown,2.7778723,-1.2927092,0.28352368,14.053712,0.6486485,10.288935
ddc_dzo_02406,unlabeled,Unknown,-3.4307165,2.1985447,-2.2022657,5.797952,-2.0095978,-7.3793974
ddc_dzo_02400,unlabeled,Unknown,-0.47805455,-1.1774786,-0.74320513,15.612904,2.1164792,1.6747619
ddc_dzo_02414,unlabeled,Unknown,-5.4233284,10.996781,-0.069207035,6.8788733,14.396269,1.7191334
ddc_dzo_02407,unlabeled,Unknown,3.3303952,-1.8209931,0.698263,16.352356,1.2896729,6.4736004
ddc_dzo_02416,unlabeled,Unknown,3.1237972,-0.88289326,0.69426733,13.229215,2.1128056,8.249339
ddc_dzo_02429,unlabeled,Unknown,-4.1116714,0.5459929,-1.0234404,5.928899,-2.3598626,-7.6755753
ddc_dzo_02450,unlabeled,Unknown,1.5767488,-2.7975092,0.5056199,16.274887,1.263778,1.5714029
ddc_dzo_02436,unlabeled,Unknown,4.235563,-1.8404757,0.15169258,15.948561,1.8090155,6.0611954
ddc_dzo_02433,unlabeled,Unknown,3.682753,-0.6206734,-0.5090819,15.447729,-0.6287647,4.703769
ddc_dzo_02484,unlabeled,Unknown,-0.4447106,1.3058295,-0.76124936,15.926851,-0.4166819,4.433953
ddc_dzo_02479,unlabeled,Unknown,-11.418219,-3.1910577,0.85128325,-1.0371006,-2.188262,1.9101038
ddc_dzo_02481,unlabeled,Unknown,3.7356,-1.1482403,1.4216903,13.48121,1.8492069,8.734284
ddc_dzo_02503,unlabeled,Unknown,-3.085674,4.042724,-10.184066,3.240141,7.2914968,17.174139
ddc_dzo_02499,unlabeled,Unknown,-3.5506737,-1.9270906,0.47422242,16.103104,0.55622697,0.9546156
ddc_dzo_02508,unlabeled,Unknown,0.6538896,-1.4193691,0.79621196,16.186836,1.3363047,1.1955655
ddc_dzo_02489,unlabeled,Unknown,2.51206,-3.222552,1.1702566,15.437464,0.7138342,1.729918
ddc_dzo_02494,unlabeled,Unknown,4.610109,0.032185998,0.27873027,16.399654,1.8457164,5.296814
ddc_dzo_02492,unlabeled,Unknown,2.8043187,-1.7377456,0.028904133,13.02747,1.7534676,9.128846
ddc_dzo_02493,unlabeled,Unknown,4.3695064,0.072460905,1.2622102,13.270924,2.3634665,8.559724
ddc_dzo_02538,unlabeled,Unknown,-5.2412567,0.07835037,-0.8157394,5.994161,-2.5627415,-7.9548974
ddc_dzo_02525,unlabeled,Unknown,-6.1904936,2.4145331,-3.512033,5.705632,-1.8720641,-7.3529215
ddc_dzo_02524,unlabeled,Unknown,3.8128667,-0.6981253,0.6653251,13.060706,1.2539883,8.862678
ddc_dzo_02553,unlabeled,Unknown,-2.1435153,1.5653296,-11.932993,0.4374011,14.170936,6.471647
ddc_dzo_02571,unlabeled,Unknown,-0.43986934,2.484014,-10.355579,0.44955334,14.140748,6.4793377
ddc_dzo_02601,unlabeled,Unknown,-0.049631212,-0.20779519,-1.055306,16.481434,1.455889,1.4502228
ddc_dzo_02592,unlabeled,Unknown,4.6955523,-0.6915276,1.4152582,15.294011,-0.6509921,5.4990816
ddc_dzo_02579,unlabeled,Unknown,4.4798884,-0.6222083,0.7404584,12.757359,1.9312032,8.124415
ddc_dzo_02611,unlabeled,Unknown,-0.07334266,-2.8455584,-0.898424,15.553324,2.120996,1.7386448
ddc_dzo_02624,unlabeled,Unknown,-3.4320614,10.199571,0.81167203,6.8646007,14.401838,1.8762342
ddc_dzo_02610,unlabeled,Unknown,2.5728397,-0.4965244,-0.5246187,15.248045,-0.62357867,5.575451
ddc_dzo_02641,unlabeled,Unknown,-0.34695458,-1.6883409,-0.05216788,16.191963,1.1596102,0.60620385
ddc_dzo_02652,unlabeled,Unknown,-0.7395049,-1.2812837,-1.3837817,15.746749,1.7571547,1.6508865
ddc_dzo_02644,unlabeled,Unknown,0.5571436,-1.3687382,0.9420281,15.512074,2.062643,1.797345
ddc_dzo_02647,unlabeled,Unknown,-12.565095,-3.324966,1.3384395,-1.4524176,-2.0915449,1.8835964
ddc_dzo_02645,unlabeled,Unknown,4.519568,-1.1664042,-1.5408005,15.017537,-0.70362157,4.9829884
ddc_dzo_02639,unlabeled,Unknown,2.782654,-1.9374213,0.46097732,15.321872,-0.74342644,5.0793123
ddc_dzo_02662,unlabeled,Unknown,3.4965384,-0.76943713,0.76952463,13.105724,2.4528756,8.348022
ddc_dzo_02693,unlabeled,Unknown,-5.077183,4.0939236,-8.413633,3.0949874,7.35182,16.877113
ddc_dzo_02684,unlabeled,Unknown,-5.4997554,8.636888,-2.4968557,6.8385262,14.30301,1.6968529
ddc_dzo_02686,unlabeled,Unknown,-4.7037168,11.68322,-1.079777,6.654665,14.213218,1.8681694
ddc_dzo_02675,unlabeled,Unknown,3.5515003,-0.83379894,-0.3640243,16.474453,2.0907786,5.555414
ddc_dzo_02697,unlabeled,Unknown,-4.7661614,3.1575015,-3.1671636,5.762445,-1.8296877,-7.177718
ddc_dzo_02698,unlabeled,Unknown,-2.8018217,-1.0099597,-6.5407243,2.176045,6.946993,16.633633
ddc_dzo_02703,unlabeled,Unknown,-0.064224266,-2.432921,-0.6483924,15.435054,2.1501276,1.8417884
ddc_dzo_02695,unlabeled,Unknown,3.3287797,-1.7350392,-0.77681,16.552649,1.9649246,5.159427
ddc_dzo_02708,unlabeled,Unknown,3.2960455,-2.0109138,1.4060333,16.421118,1.170245,6.204555
ddc_dzo_02711,unlabeled,Unknown,2.8616002,-0.52239877,0.596546,12.656307,1.739297,8.182784
ddc_dzo_02718,unlabeled,Unknown,3.647987,-2.1485467,0.31934303,12.783294,1.8810544,8.6526
ddc_dzo_02736,unlabeled,Unknown,-5.846506,0.7090281,-2.769128,5.664962,-1.7592359,-7.291213
ddc_dzo_02726,unlabeled,Unknown,-2.314151,1.3624527,-11.071921,0.3824303,14.065587,6.416345
ddc_dzo_02728,unlabeled,Unknown,0.227724,1.6816154,2.3944077,16.108948,1.0749592,0.6417598
ddc_dzo_02733,unlabeled,Unknown,-0.42700282,-1.8030492,1.2160956,16.128662,1.3351182,1.6351593
ddc_dzo_02739,unlabeled,Unknown,5.653455,-1.8478236,0.6912666,15.218332,-0.92693275,5.1593714
ddc_dzo_02749,unlabeled,Unknown,-12.272099,-4.035443,0.80523825,-1.1603608,-2.287378,1.644993
ddc_dzo_02760,unlabeled,Unknown,-4.5640864,1.211069,-7.998748,2.2851748,7.022333,16.713568
ddc_dzo_02767,unlabeled,Unknown,0.93879575,0.6874001,0.51159286,16.228373,1.2784455,0.8575849
ddc_dzo_02773,unlabeled,Unknown,2.9834156,-0.942891,-0.4951169,16.190077,1.1834824,0.61658394
ddc_dzo_02762,unlabeled,Unknown,0.54750866,-1.7764543,0.6820332,16.21801,1.206632,0.6560732
ddc_dzo_02772,unlabeled,Unknown,0.6582546,-0.07432412,-2.512432,16.522757,1.3785268,1.4214
ddc_dzo_02764,unlabeled,Unknown,4.4139304,0.46993208,-1.0644358,15.261433,-0.7359411,5.1471896
ddc_dzo_02771,unlabeled,Unknown,3.108016,-1.2322788,1.3499477,12.855927,1.9700001,9.0963125
ddc_dzo_02794,unlabeled,Unknown,-3.8915284,3.703928,-3.923046,5.6244473,-1.7552924,-7.239283
ddc_dzo_02798,unlabeled,Unknown,1.6691879,0.8821095,-0.6669894,15.391626,-0.89706004,4.80264
ddc_dzo_02799,unlabeled,Unknown,-0.24263261,-2.0858889,2.0778701,15.715912,1.3797408,1.5912219
ddc_dzo_02791,unlabeled,Unknown,-12.349888,-3.6972535,-0.9004263,-1.2836282,-2.2063968,1.4242564
ddc_dzo_02797,unlabeled,Unknown,2.374547,0.87746,1.6367971,14.145003,0.5398972,10.431351
ddc_dzo_02825,unlabeled,Unknown,-0.021143204,-0.9982941,0.006703099,15.721566,2.047979,1.6559458
ddc_dzo_02826,unlabeled,Unknown,-0.950072,-0.7123448,-0.2069824,16.22292,1.6024429,1.4286085
ddc_dzo_02834,unlabeled,Unknown,3.2866895,-1.8238636,0.77919674,16.572115,2.1569223,5.8204107
ddc_dzo_03049,unlabeled,Unknown,3.5719895,-0.16619158,-0.2009228,16.784418,1.6916655,5.0373335
ddc_dzo_02817,unlabeled,Unknown,-12.179025,-3.579856,1.9851897,-0.63235307,-1.7588612,1.9063741
ddc_dzo_02832,unlabeled,Unknown,3.9066522,-1.6263462,0.12052699,16.428165,1.9199953,5.7897787
ddc_dzo_02829,unlabeled,Unknown,2.3960826,0.19270125,-0.93750143,15.544222,-0.4431003,4.4939823
ddc_dzo_02867,unlabeled,Unknown,-10.121002,-3.3233638,-1.6804044,-1.347702,-2.0889535,2.000355
ddc_dzo_02847,unlabeled,Unknown,3.8529756,-1.3791119,1.2731489,13.006259,1.4046502,8.71425
ddc_dzo_02878,unlabeled,Unknown,-4.8509965,1.9952022,-0.9864028,5.8407087,-2.4400132,-7.988166
ddc_dzo_02885,unlabeled,Unknown,-5.118518,1.1180137,-3.8778968,5.7396984,-1.8963364,-7.371038
ddc_dzo_02881,unlabeled,Unknown,-5.423541,1.1145763,-6.690606,2.1518562,6.928239,16.606731
ddc_dzo_02897,unlabeled,Unknown,1.0221744,-1.238489,-1.2378024,15.914228,1.2195088,1.5520587
ddc_dzo_02898,unlabeled,Unknown,3.6899958,-1.0283306,-0.2026644,16.330338,1.7878106,5.259498
ddc_dzo_02892,unlabeled,Unknown,3.1480856,0.68243897,0.013238201,14.078503,0.6415566,10.286721
ddc_dzo_02894,unlabeled,Unknown,-10.606515,-4.074753,-0.3037667,-0.85970914,-2.2434433,1.346473
ddc_dzo_02931,unlabeled,Unknown,-0.02328966,7.093686,-3.5655239,6.793778,14.357866,1.8643017
ddc_dzo_02934,unlabeled,Unknown,0.31504214,-1.174829,-1.2114345,16.06243,0.9687929,0.5644704
ddc_dzo_02933,unlabeled,Unknown,0.08971291,0.034426864,-1.1680167,16.194355,1.0440621,0.6902997
ddc_dzo_02921,unlabeled,Unknown,2.2299075,-0.3057727,-1.0113301,15.367551,-0.98551255,5.368098
ddc_dzo_02908,unlabeled,Unknown,2.6114528,-1.4575676,0.679859,12.933661,2.4498553,8.516032
ddc_dzo_02936,unlabeled,Unknown,3.4115005,0.13707234,1.1686796,13.320972,2.1607528,8.414064
ddc_dzo_02966,unlabeled,Unknown,-5.6325912,1.3143582,-2.751432,5.8047423,-2.4489374,-8.065828
ddc_dzo_02957,unlabeled,Unknown,-3.2396915,-1.9007909,1.1477938,15.9767275,0.85813236,1.1597685
ddc_dzo_02958,unlabeled,Unknown,-5.059699,12.5217705,1.450047,6.6541495,14.253447,1.8867377
ddc_dzo_02942,unlabeled,Unknown,0.7288729,-2.407406,0.30896845,15.630137,0.7746612,1.4683068
ddc_dzo_02959,unlabeled,Unknown,-10.793834,-2.065636,1.7804779,-1.4092343,-2.1012797,1.2458172
ddc_dzo_02962,unlabeled,Unknown,-11.376109,-3.4599762,1.0812391,-1.1357177,-2.292964,1.9098213
ddc_dzo_02999,unlabeled,Unknown,-0.5974113,1.740189,-3.605186,-7.641749,5.2345843,7.075875
ddc_dzo_02974,unlabeled,Unknown,-1.724036,0.42235413,-0.07535924,15.961164,0.8384455,0.6342758
ddc_dzo_02972,unlabeled,Unknown,0.08310671,0.012460376,1.071493,16.076792,1.0035304,0.6190179
ddc_dzo_03000,unlabeled,Unknown,0.38386095,-2.6296465,-0.80682325,15.622714,2.107303,1.6827271
ddc_dzo_03004,unlabeled,Unknown,4.504973,0.7064338,-0.13788167,16.979965,1.9156983,5.5700765
ddc_dzo_02988,unlabeled,Unknown,-11.373362,-3.4938042,0.90090686,-1.3258951,-2.2825248,1.358301
ddc_dzo_02975,unlabeled,Unknown,4.2458234,-0.1793852,0.5330496,16.478321,0.8870514,5.9923086
ddc_dzo_03037,unlabeled,Unknown,-10.901844,-3.2752118,1.7418883,-0.8094598,-2.2046964,1.8701276
ddc_dzo_03041,unlabeled,Unknown,-4.8898416,1.8942246,-2.7724118,5.622209,-1.7894936,-7.369127
ddc_dzo_03040,unlabeled,Unknown,-11.422654,-2.553085,0.6460564,-1.2881272,-2.1430037,1.6983631
ddc_dzo_03034,unlabeled,Unknown,3.434143,0.40040496,0.082652465,15.494132,-0.4200813,4.4719944
ddc_dzo_03026,unlabeled,Unknown,4.9347477,-0.60928667,0.8246247,14.994417,-0.79813045,5.159587
ddc_dzo_03032,unlabeled,Unknown,3.4259121,-0.3775037,2.723091,13.317736,2.1192694,8.264318
ddc_dzo_03046,unlabeled,Unknown,3.5581453,-0.38790065,0.70207477,13.018129,2.2678487,8.561368
ddc_dzo_03085,unlabeled,Unknown,-4.0835514,-1.7422863,-0.9165077,5.8923883,-2.3563297,-7.692067
ddc_dzo_03067,unlabeled,Unknown,-4.9427915,2.7429798,-10.63133,2.7638888,7.611001,16.757269
ddc_dzo_03080,unlabeled,Unknown,-1.8995703,3.8551466,-10.701454,2.7437568,7.6171875,16.76397
ddc_dzo_03051,unlabeled,Unknown,-1.6299396,1.398733,-10.481807,0.5571773,14.106727,6.587595
ddc_dzo_03087,unlabeled,Unknown,1.743361,-0.09068679,0.5038113,16.196238,0.92177,1.2041258
ddc_dzo_03065,unlabeled,Unknown,3.2709475,-1.4068295,-1.5277121,16.23953,1.1532313,0.68954635
ddc_dzo_03060,unlabeled,Unknown,0.41139624,-3.4158282,0.9567029,16.388195,1.2376187,1.5147582
ddc_dzo_03056,unlabeled,Unknown,-12.837986,-4.1891627,0.6351275,-1.1996914,-2.2891269,1.2733089
ddc_dzo_03054,unlabeled,Unknown,3.4873037,0.165065,0.50461525,15.40706,-0.77463806,5.401061
ddc_dzo_03053,unlabeled,Unknown,4.578456,-0.43101907,-0.3295118,12.864911,1.8539529,8.7439995
ddc_dzo_03076,unlabeled,Unknown,4.053221,-0.41305137,0.28448498,12.86508,1.9054524,9.005899
ddc_dzo_03116,unlabeled,Unknown,-2.929757,7.318788,-0.07974121,6.8416376,14.436809,1.8599201
ddc_dzo_03119,unlabeled,Unknown,1.2471048,-1.3292795,-0.54568064,16.123997,1.4761348,1.646988
ddc_dzo_03113,unlabeled,Unknown,-5.109282,10.226941,-0.95665777,6.63428,14.199745,1.8476121
ddc_dzo_03121,unlabeled,Unknown,-9.50044,-3.1299536,1.7097831,-0.4365017,-1.9734343,2.2607584
ddc_dzo_03106,unlabeled,Unknown,1.8433473,-1.2118822,0.39712882,13.827236,1.2129909,9.657135
ddc_dzo_03094,unlabeled,Unknown,0.73068905,-0.7097659,1.3902464,14.178917,0.46560255,10.513932
ddc_dzo_03093,unlabeled,Unknown,2.8919513,-0.59392786,1.5951189,12.956116,1.8075114,9.23645
ddc_dzo_03134,unlabeled,Unknown,-2.6960843,5.972087,-1.4905578,6.871815,14.312339,2.1795673
ddc_dzo_03137,unlabeled,Unknown,-6.694066,1.4621805,-4.3677564,2.1429896,6.9073873,16.696213
ddc_dzo_03142,unlabeled,Unknown,-1.8212429,-1.6143312,0.34030825,15.847587,0.53360957,0.723388
ddc_dzo_03204,unlabeled,Unknown,0.5386437,-0.37210938,2.662343,16.051542,0.9909403,0.7299071
ddc_dzo_03144,unlabeled,Unknown,-8.0263605,-0.049675096,0.97871476,-1.458851,-1.6345658,1.4309442
ddc_dzo_03149,unlabeled,Unknown,2.6719406,-1.5920206,2.1459243,15.466348,0.69898474,1.6221229
ddc_dzo_03128,unlabeled,Unknown,0.7698765,-1.1712757,-0.47371498,15.460919,2.1242235,1.8324718
ddc_dzo_03131,unlabeled,Unknown,4.251817,-0.08625588,0.26351228,16.875893,0.86610705,5.4327536
ddc_dzo_03170,unlabeled,Unknown,-5.321252,-0.17702386,-2.587356,5.870204,-2.402682,-7.8503942
ddc_dzo_03185,unlabeled,Unknown,0.93121463,1.1809797,0.7252092,17.188946,1.660678,4.8110003
ddc_dzo_03196,unlabeled,Unknown,1.8388338,-0.14770822,-0.6472277,16.698824,2.0407186,5.7557354
ddc_dzo_03188,unlabeled,Unknown,-3.115585,2.099908,-1.502322,5.703626,-1.8674489,-7.292512
ddc_dzo_03194,unlabeled,Unknown,1.1428148,1.0661265,1.0710435,15.53972,-0.8014067,4.4263434
ddc_dzo_03201,unlabeled,Unknown,-0.5572555,-1.0239437,1.138224,15.587697,-0.22210495,4.4096575
ddc_dzo_03176,unlabeled,Unknown,0.34318095,-2.2143507,-0.9540679,16.483742,1.3539592,1.4523648
ddc_dzo_03197,unlabeled,Unknown,2.7502875,0.05106931,-0.86284226,15.980509,-0.72821206,4.9420834
ddc_dzo_03234,unlabeled,Unknown,1.4922215,0.40519845,-1.2281933,15.71877,-0.53039235,4.35164
ddc_dzo_03227,unlabeled,Unknown,4.7127233,0.2408111,1.9698547,15.790428,-0.8728258,4.9811983
ddc_dzo_03231,unlabeled,Unknown,2.5630822,0.5731339,1.1942842,15.22352,-0.95581156,5.1307673
ddc_dzo_03233,unlabeled,Unknown,2.5827577,-1.6772548,0.9511727,12.848458,2.4474063,8.293767
ddc_dzo_03276,unlabeled,Unknown,1.8251919,0.67971486,-1.7021409,16.567602,1.4099245,4.6094937
ddc_dzo_03277,unlabeled,Unknown,-4.6029367,4.128349,-8.5950985,2.7906783,7.543195,16.793102
ddc_dzo_03259,unlabeled,Unknown,3.024045,-0.81785893,-0.5834431,15.653666,1.6579105,6.142066
ddc_dzo_03261,unlabeled,Unknown,1.0631943,-1.8522102,-1.0575935,16.282904,1.234944,1.6416373
ddc_dzo_03257,unlabeled,Unknown,-1.0127797,-1.7879957,-0.13773744,16.340715,1.3698866,1.5587957
ddc_dzo_03282,unlabeled,Unknown,-4.113213,2.84237,-12.236418,2.9763787,7.238509,17.027233
ddc_dzo_03315,unlabeled,Unknown,-2.8723097,1.1128318,-4.1642833,5.6373105,-1.8072149,-7.2989845
ddc_dzo_03298,unlabeled,Unknown,-1.9261805,4.2068067,-10.846473,2.7708774,7.5687113,16.77139
ddc_dzo_03311,unlabeled,Unknown,-1.5873098,1.905854,-6.9269567,0.44647565,14.160446,6.4768205
ddc_dzo_03289,unlabeled,Unknown,-1.0841556,2.1205757,-10.970991,0.45287097,14.152958,6.4820986
ddc_dzo_03300,unlabeled,Unknown,-11.639592,-4.4312153,1.6243205,-1.3493023,-1.9667431,1.0089922
ddc_dzo_03292,unlabeled,Unknown,-11.38199,-2.5087256,0.9465194,-0.47833377,-1.9681618,1.567715
ddc_dzo_03301,unlabeled,Unknown,-2.3111806,0.8549351,-12.021293,3.45729,6.650222,17.208338
ddc_dzo_03285,unlabeled,Unknown,-10.813741,-1.2174724,-0.7848501,-1.5207037,-1.8659923,1.8564588
ddc_dzo_03291,unlabeled,Unknown,2.7132576,-0.3571999,1.102211,13.10084,1.9178323,9.194272
ddc_dzo_03352,unlabeled,Unknown,-5.7450504,1.9638877,-0.56513876,5.978395,-2.5799053,-7.962815
ddc_dzo_03338,unlabeled,Unknown,-1.495124,3.1276298,-10.485898,3.2461283,7.303237,17.135817
ddc_dzo_03337,unlabeled,Unknown,-1.6338633,1.4994234,-11.642298,0.51527375,14.186746,6.5437617
ddc_dzo_03329,unlabeled,Unknown,2.0451813,-2.919567,0.71233433,15.507279,0.76305175,1.6872231
ddc_dzo_03324,unlabeled,Unknown,-7.449646,-3.571736,0.73655224,-1.1185436,-1.5586141,2.3958766
ddc_dzo_03335,unlabeled,Unknown,3.818979,-0.89454865,1.2679265,16.922943,1.7905719,5.1156774
ddc_dzo_03353,unlabeled,Unknown,2.7513278,0.16138038,1.0754094,16.858458,2.1829374,5.5057583
ddc_dzo_03322,unlabeled,Unknown,4.113961,-0.74532336,0.38919413,16.79702,2.2202187,5.5855837
ddc_dzo_03354,unlabeled,Unknown,1.7357,-0.47556096,-0.08961534,12.347713,1.5856581,8.673528
ddc_dzo_03331,unlabeled,Unknown,3.4350693,0.15648042,0.6302765,12.863187,1.8078521,8.928331
ddc_dzo_03382,unlabeled,Unknown,-1.9040138,3.309307,-12.020229,2.7707627,7.5831957,16.773212
ddc_dzo_03374,unlabeled,Unknown,-6.804395,2.176148,-1.544413,5.7545924,-1.7722119,-7.2305036
ddc_dzo_03367,unlabeled,Unknown,-11.086352,-0.8372325,1.5261033,-1.1541883,-1.746673,0.84492946
ddc_dzo_03390,unlabeled,Unknown,1.000507,-1.3767779,1.4333588,15.555799,1.0533412,1.6357569
ddc_dzo_03355,unlabeled,Unknown,-10.530446,-3.2552848,0.7371604,-0.9615869,-2.175869,1.4450483
ddc_dzo_03386,unlabeled,Unknown,4.0360703,-0.3720421,1.0473001,16.617771,2.1934187,5.383633
ddc_dzo_03360,unlabeled,Unknown,3.4125674,0.7421232,-0.41356733,13.04949,1.8901939,9.113384
ddc_dzo_03421,unlabeled,Unknown,-4.3660307,0.24726856,-2.7127237,5.8180842,-2.4581904,-8.052896
ddc_dzo_03428,unlabeled,Unknown,-4.7824984,1.8857678,-8.994944,2.7246723,7.624799,16.727802
ddc_dzo_03410,unlabeled,Unknown,-5.546107,8.845708,-2.328815,6.891042,14.364411,1.6699421
ddc_dzo_03418,unlabeled,Unknown,0.29151386,-2.5639584,0.73846406,16.209215,1.2752643,1.1645689
ddc_dzo_03407,unlabeled,Unknown,1.0792316,-1.6869004,-0.19224742,16.297577,1.4012384,1.5120126
ddc_dzo_03412,unlabeled,Unknown,3.030962,0.23029655,0.50654036,16.789461,2.0671108,5.63309
ddc_dzo_03431,unlabeled,Unknown,2.6595776,-0.56781346,0.39763016,15.111167,-0.6737192,4.8792505
ddc_dzo_03467,unlabeled,Unknown,-11.050424,-1.8458736,0.8278568,-1.0273405,-2.1428256,0.9584638
ddc_dzo_03454,unlabeled,Unknown,-1.0290995,2.4534907,-2.4297824,-7.633267,5.2259836,7.084613
ddc_dzo_03464,unlabeled,Unknown,-3.9059448,1.5857052,0.18620898,5.9303684,-2.5740154,-8.061297
ddc_dzo_03453,unlabeled,Unknown,-0.91919994,0.08188991,-0.53854775,15.890305,0.6693156,0.65657026
ddc_dzo_03460,unlabeled,Unknown,0.91850454,-1.3437026,0.91576123,16.326323,1.217179,1.5952966
ddc_dzo_03471,unlabeled,Unknown,1.0326613,-0.7405139,-0.5313896,16.122868,1.3776617,1.1550279
ddc_dzo_03438,unlabeled,Unknown,4.017932,-1.6936241,-0.64742655,16.594683,2.0184069,5.143073
ddc_dzo_03473,unlabeled,Unknown,-8.621548,-3.7737079,-1.0498357,-1.2733427,-2.292756,1.193367
ddc_dzo_03448,unlabeled,Unknown,2.6462848,-0.90658176,1.9269265,12.499857,1.729612,8.861974
ddc_dzo_03441,unlabeled,Unknown,3.7116816,-0.34885225,1.3561723,13.235489,1.1312811,7.989553
ddc_dzo_03513,unlabeled,Unknown,-3.9987953,0.9902694,-0.78418714,5.711306,-1.8579363,-7.266934
ddc_dzo_03491,unlabeled,Unknown,-1.898572,1.7417636,-13.2565565,0.5224697,14.132852,6.5370855
ddc_dzo_03497,unlabeled,Unknown,-4.130154,8.200057,-2.5489933,6.8575335,14.369124,1.7029455
ddc_dzo_03479,unlabeled,Unknown,0.3902981,-2.548618,0.7327696,15.453316,0.72147024,1.6486782
ddc_dzo_03489,unlabeled,Unknown,-11.626999,-2.4586549,0.62942076,-1.2042018,-1.5523164,2.2186882
ddc_dzo_03509,unlabeled,Unknown,-6.8161697,7.0977836,1.4742334,6.82296,14.353785,1.9338892
ddc_dzo_03520,unlabeled,Unknown,-0.6138934,-1.2878692,1.4136403,15.971615,0.52520406,0.73830736
ddc_dzo_03532,unlabeled,Unknown,-10.049401,-2.4746327,-0.67100406,-1.2593226,-2.2032912,1.0963197
ddc_dzo_03536,unlabeled,Unknown,-8.738597,-1.2259595,-0.14726138,-1.0482459,-2.5326807,1.1368663
ddc_dzo_03516,unlabeled,Unknown,0.015747668,-2.0045748,0.3629741,15.594473,0.7682897,1.5175663
ddc_dzo_03541,unlabeled,Unknown,-10.9479475,-2.6173127,-0.95285636,-1.5445356,-2.3650713,1.2264833
ddc_dzo_03551,unlabeled,Unknown,1.7536492,-0.96081173,0.26988932,15.411984,-1.0014315,5.1624303
ddc_dzo_03533,unlabeled,Unknown,2.4813209,-1.5628054,0.24410334,15.326688,-0.95387995,5.001624
ddc_dzo_03581,unlabeled,Unknown,-4.8870792,1.887316,-5.503827,5.739599,-1.7691748,-7.212998
ddc_dzo_03570,unlabeled,Unknown,-3.3434012,-0.004676861,-9.761238,0.54908127,14.176697,6.5855947
ddc_dzo_03582,unlabeled,Unknown,0.040997628,-0.6295764,2.1251557,16.313131,1.3467052,1.665843
ddc_dzo_03554,unlabeled,Unknown,-4.4207635,9.8940935,0.532225,6.8303905,14.451364,1.891888
ddc_dzo_03586,unlabeled,Unknown,-5.313137,6.8742657,2.6503675,6.836633,14.472739,1.8585209
ddc_dzo_03574,unlabeled,Unknown,4.695322,-0.29460043,0.8378334,15.336309,-1.0159374,5.1191006
ddc_dzo_03589,unlabeled,Unknown,-9.8182535,-3.3725893,1.96394,-1.0060401,-1.8592705,1.4749988
ddc_dzo_03595,unlabeled,Unknown,-6.1276803,2.9634182,-2.6617048,5.773644,-1.8137823,-7.2069726
ddc_dzo_03624,unlabeled,Unknown,-6.3577733,1.4789057,-3.6434805,5.794268,-1.8109467,-7.2568793
ddc_dzo_03596,unlabeled,Unknown,0.71450144,-0.85767025,-0.42720512,15.746491,1.9240288,1.6320326
ddc_dzo_03626,unlabeled,Unknown,-0.48006302,-1.7777286,-0.22359699,15.722629,0.99714977,1.6085519
ddc_dzo_03598,unlabeled,Unknown,0.11226017,-1.788101,-0.32373515,15.393391,0.6709093,1.5982122
ddc_dzo_03594,unlabeled,Unknown,-10.606011,-3.4011037,0.9807428,-0.8965802,-1.6698048,1.976917
ddc_dzo_03622,unlabeled,Unknown,1.7056983,-1.2285185,0.47593415,12.814467,2.0482657,8.976185
ddc_dzo_03645,unlabeled,Unknown,1.5147047,3.144153,-0.7795823,16.660862,1.5792227,4.570415
ddc_dzo_03656,unlabeled,Unknown,-0.5551265,-1.0841732,0.8388535,16.161572,1.0568569,0.5962484
ddc_dzo_03663,unlabeled,Unknown,-11.110481,0.2326223,-1.3518419,-1.2253286,-1.6921257,1.1249623
ddc_dzo_03666,unlabeled,Unknown,-12.267486,-4.1132984,0.5908576,-0.7920257,-2.0606968,1.4799383
ddc_dzo_03634,unlabeled,Unknown,4.0550995,-0.042367198,-0.16355793,16.751213,1.8611754,4.918002
ddc_dzo_03638,unlabeled,Unknown,3.6620426,-1.1824123,0.1806409,16.448816,1.6560608,5.930678
ddc_dzo_03705,unlabeled,Unknown,-4.581748,4.420052,-2.9906325,5.6873894,-1.8934877,-7.4030304
ddc_dzo_03702,unlabeled,Unknown,-4.274073,0.9929249,-5.014949,2.160911,6.9395437,16.629562
ddc_dzo_03699,unlabeled,Unknown,-2.6582217,-1.7440386,0.3940568,15.904386,0.6582861,1.1920915
ddc_dzo_03693,unlabeled,Unknown,0.9009712,-0.8907008,-1.2984151,15.983606,0.71115226,0.7661517
ddc_dzo_03698,unlabeled,Unknown,1.0683899,-3.2304914,1.6002004,15.436852,2.1380918,1.8417933
ddc_dzo_03688,unlabeled,Unknown,-4.157663,9.948153,2.1397357,6.663773,14.265828,1.9214132
ddc_dzo_03682,unlabeled,Unknown,2.6948454,-0.11694328,1.9083389,17.607912,1.2389528,5.669379
ddc_dzo_03700,unlabeled,Unknown,3.0959065,-2.5493522,0.12318554,16.703812,1.3498461,5.084571
ddc_dzo_03683,unlabeled,Unknown,3.3301446,-0.25451964,0.4050854,15.402896,-0.73701084,5.382592
ddc_dzo_03710,unlabeled,Unknown,-4.60097,0.9510064,-0.728556,6.0366125,-2.6077461,-7.8810415
ddc_dzo_03734,unlabeled,Unknown,-4.9642205,3.9285636,-8.252789,3.1775002,7.24852,16.964195
ddc_dzo_03713,unlabeled,Unknown,-2.0633092,1.9165025,-10.203473,0.56068796,14.145073,6.591717
ddc_dzo_03736,unlabeled,Unknown,-5.887923,6.794734,-0.80037767,6.9154005,14.435952,1.7138611
ddc_dzo_03728,unlabeled,Unknown,1.8999143,-1.5898681,1.1339866,16.308884,1.4112525,1.7247566
ddc_dzo_03718,unlabeled,Unknown,-3.440283,10.608812,-1.097018,6.687383,14.2254715,1.9131616
ddc_dzo_03730,unlabeled,Unknown,1.7552885,-2.0423985,0.98183644,16.131721,1.7689806,1.5303167
ddc_dzo_03722,unlabeled,Unknown,3.9511707,1.0117029,-0.09766154,16.511377,0.89663535,6.2298417
ddc_dzo_03768,unlabeled,Unknown,-7.2813053,0.7202467,0.043173827,5.762863,-1.9225215,-7.246043
ddc_dzo_03778,unlabeled,Unknown,-5.4578876,2.0364902,-0.78884935,2.1661355,6.9415865,16.634054
ddc_dzo_03759,unlabeled,Unknown,-4.416758,-0.013294931,-3.3197067,2.1522198,6.927293,16.6191
ddc_dzo_03786,unlabeled,Unknown,-5.031765,10.026768,-3.9583542,6.8796725,14.372411,1.6916642
ddc_dzo_03779,unlabeled,Unknown,2.0362492,0.052708976,1.5482674,16.295774,1.352465,0.8781082
ddc_dzo_03766,unlabeled,Unknown,-0.26682803,-1.2553631,0.5738949,15.537803,0.8116796,1.7037022
ddc_dzo_03782,unlabeled,Unknown,-10.30986,-1.8113112,0.5059875,-1.397046,-1.8538188,1.2005504
ddc_dzo_03763,unlabeled,Unknown,3.2595701,-0.05774772,-0.14155723,15.433812,-0.66739947,5.38707
ddc_dzo_03756,unlabeled,Unknown,3.7087307,0.44317886,0.79349715,15.528651,-0.9525666,5.347297
ddc_dzo_03757,unlabeled,Unknown,2.626291,-0.27707356,-1.0301187,14.087922,0.61593735,10.348099
ddc_dzo_03809,unlabeled,Unknown,-6.1421432,8.074672,-3.0063608,6.923921,14.541813,1.7731067
ddc_dzo_03797,unlabeled,Unknown,-11.036712,-0.3935491,1.0523682,-1.1944629,-1.593211,1.0447551
ddc_dzo_03815,unlabeled,Unknown,0.7086916,-1.9818977,-0.43237817,16.145077,1.3269613,1.344664
ddc_dzo_03810,unlabeled,Unknown,4.386028,-1.0757648,-0.5958012,16.531721,2.0767932,5.8471775
ddc_dzo_03808,unlabeled,Unknown,2.4527957,-0.9396341,0.5825886,13.9623375,0.81015646,10.041126
ddc_dzo_03853,unlabeled,Unknown,2.5783281,0.7307021,-2.2326248,17.546364,1.4676156,5.146036
ddc_dzo_03849,unlabeled,Unknown,-0.84553295,3.4905343,-12.879135,2.8019295,7.6299524,16.709124
ddc_dzo_03861,unlabeled,Unknown,-4.9415574,2.0781503,-1.6826717,5.778925,-1.8828636,-7.415866
ddc_dzo_03835,unlabeled,Unknown,2.2864091,-0.74227965,0.6089633,16.218718,1.4205295,1.5735178
ddc_dzo_03844,unlabeled,Unknown,2.3317733,-0.5533254,1.3228673,12.950027,2.484799,8.432687
ddc_dzo_03837,unlabeled,Unknown,2.41927,-0.54408896,-0.3096443,12.935615,2.4461954,8.304752
ddc_dzo_03899,unlabeled,Unknown,-2.1139169,4.0694857,-12.054775,2.751729,7.5618196,16.7933
ddc_dzo_03868,unlabeled,Unknown,-5.668085,0.05702177,-4.941663,2.1676204,6.950611,16.636644
ddc_dzo_03867,unlabeled,Unknown,-1.0687461,-2.3061886,-0.3922392,16.19939,1.1396983,0.6782149
ddc_dzo_03886,unlabeled,Unknown,1.3270842,0.75579834,1.5697243,16.222017,1.0442303,0.7150813
ddc_dzo_03900,unlabeled,Unknown,-11.169684,-2.7879531,0.53335685,-1.1946125,-2.2589972,1.0212481
ddc_dzo_03903,unlabeled,Unknown,-10.242401,-2.0852587,-0.18525456,-1.3884356,-2.0304725,1.1321597
ddc_dzo_03879,unlabeled,Unknown,2.0856206,-1.0553654,1.3866915,16.705585,1.865931,5.0455265
ddc_dzo_03882,unlabeled,Unknown,3.6413355,-0.92965287,1.4144222,16.673,1.4818727,6.181824
ddc_dzo_03930,unlabeled,Unknown,-1.1437297,1.8415434,-1.5403695,-7.670272,5.262958,7.047813
ddc_dzo_03906,unlabeled,Unknown,-3.3136542,1.4693956,-0.30595544,5.779279,-2.269551,-7.5008807
ddc_dzo_03931,unlabeled,Unknown,-5.5398645,2.3432825,-0.7904649,5.646372,-1.7662833,-7.287859
ddc_dzo_03909,unlabeled,Unknown,-2.11835,1.8931437,-11.082061,0.5518968,14.171304,6.5872045
ddc_dzo_03904,unlabeled,Unknown,-0.54053473,-0.9582441,1.0901331,15.904281,0.68760306,0.6435503
ddc_dzo_03922,unlabeled,Unknown,-3.305881,10.601031,-1.7852356,6.6379976,14.250354,1.8807445
ddc_dzo_03918,unlabeled,Unknown,-10.594287,-1.3796483,1.5604798,-1.1383446,-1.7762618,1.8011972
ddc_dzo_03936,unlabeled,Unknown,0.78272194,-1.6814574,-0.35649535,16.032976,1.4808033,1.6723012
ddc_dzo_03924,unlabeled,Unknown,-12.3098,-2.037056,0.647312,-1.4006199,-2.1290166,1.4333043
ddc_dzo_03937,unlabeled,Unknown,1.0529144,0.25296244,0.2528531,16.950493,1.8461591,5.0277543
ddc_dzo_03905,unlabeled,Unknown,2.553127,-1.4753143,0.9730084,13.060239,2.4865172,8.651472
ddc_dzo_03976,unlabeled,Unknown,-3.2556007,2.9495208,-12.658226,3.2931945,7.227243,17.12646
ddc_dzo_03975,unlabeled,Unknown,-3.9761212,3.3180723,-11.229329,2.7576933,7.571041,16.775196
ddc_dzo_03953,unlabeled,Unknown,0.21703781,-1.2465366,0.34793064,16.061766,0.7830448,0.78425163
ddc_dzo_03971,unlabeled,Unknown,0.8606165,-2.4717546,-0.7809229,16.216898,1.5009197,1.5883245
ddc_dzo_03964,unlabeled,Unknown,2.8779526,-0.39428234,1.221984,16.797134,1.803517,6.1675167
ddc_dzo_03949,unlabeled,Unknown,4.0237756,-0.41219845,-0.076264024,16.443419,1.3023175,6.369753
ddc_dzo_04001,unlabeled,Unknown,-4.080587,0.35676324,-1.5161577,5.7828665,-2.0385284,-7.3965573
ddc_dzo_03985,unlabeled,Unknown,-0.83386517,2.0441556,-9.628264,0.51442933,14.187447,6.5490003
ddc_dzo_04007,unlabeled,Unknown,-1.1911405,2.019354,-11.871083,0.52985746,14.210648,6.5751815
ddc_dzo_04011,unlabeled,Unknown,2.9345365,-1.1777897,0.094645016,16.196615,1.2870109,0.9268581
ddc_dzo_03992,unlabeled,Unknown,1.3464135,-3.8221521,-0.16684102,16.16491,1.3021656,1.5555415
ddc_dzo_04021,unlabeled,Unknown,1.5790161,-2.598638,0.60671926,15.915219,0.97492504,1.7047286
ddc_dzo_04010,unlabeled,Unknown,1.9121003,-0.5158532,0.7444613,16.437887,2.2652266,5.9249864
ddc_dzo_03993,unlabeled,Unknown,4.1163898,0.27030748,0.63446766,16.24044,0.87881076,6.381343
ddc_dzo_04002,unlabeled,Unknown,2.8550873,-0.22425176,0.045175903,16.530756,0.7943357,5.741067
ddc_dzo_04046,unlabeled,Unknown,-2.8337715,4.4725494,-3.1489315,5.9457316,-2.185287,-7.3550467
ddc_dzo_04037,unlabeled,Unknown,-2.9729314,1.3948087,-2.8139615,5.9761767,-2.34809,-7.589491
ddc_dzo_04058,unlabeled,Unknown,-6.6827145,-1.1877578,0.7074849,5.9552026,-2.4835844,-7.8441725
ddc_dzo_04042,unlabeled,Unknown,-6.099045,0.4395302,-6.985336,2.224841,6.9781976,16.683023
ddc_dzo_04052,unlabeled,Unknown,0.06048178,3.296499,-11.97369,0.5221967,14.1588,6.5637155
ddc_dzo_04029,unlabeled,Unknown,-6.115842,8.8322315,-3.2458153,6.955138,14.462792,1.6828867
ddc_dzo_04036,unlabeled,Unknown,0.75823784,-1.3949386,-0.034440458,15.97222,0.81206226,0.5709015
ddc_dzo_04050,unlabeled,Unknown,-0.11055231,-1.4534024,-0.14306381,15.876091,1.6944996,1.4568157
ddc_dzo_04040,unlabeled,Unknown,-9.807557,-2.4756703,-1.1622744,-1.4248168,-2.074025,2.2296348
ddc_dzo_04048,unlabeled,Unknown,-8.93615,-1.2748396,-1.605318,-0.80336434,-1.6572683,1.8022053
ddc_dzo_04030,unlabeled,Unknown,-10.788931,-3.6772768,-0.7509881,-0.7008515,-2.0994904,1.4145021
ddc_dzo_04099,unlabeled,Unknown,-5.4989705,3.0672812,-7.2241874,2.5625098,7.249541,16.918737
ddc_dzo_04083,unlabeled,Unknown,-5.1326747,2.1520557,-7.5330462,2.5664093,7.251101,16.923077
ddc_dzo_04071,unlabeled,Unknown,-5.431857,1.072126,-1.8299589,5.702061,-1.8246063,-7.379107
ddc_dzo_04090,unlabeled,Unknown,0.7042082,2.1106975,-10.623816,0.5582753,14.158741,6.582716
ddc_dzo_04065,unlabeled,Unknown,-1.342193,2.631482,-11.004967,0.50760794,14.206654,6.56758
ddc_dzo_04078,unlabeled,Unknown,0.4163842,-2.5148447,1.2465012,16.115553,0.9538108,0.5442394
ddc_dzo_04096,unlabeled,Unknown,1.0762224,-0.40429854,0.50407904,15.856882,1.5859996,1.7435019
ddc_dzo_04068,unlabeled,Unknown,0.6608099,-2.2674234,-0.409189,15.43116,0.7291305,1.7188022
ddc_dzo_04063,unlabeled,Unknown,2.418251,0.93882024,0.8145383,15.550152,-0.79559153,4.603813
ddc_dzo_04081,unlabeled,Unknown,4.989914,-1.1274205,-0.3205372,16.118626,0.8753181,6.436515
ddc_dzo_04131,unlabeled,Unknown,-2.464032,3.09882,-3.6493056,5.7894893,-1.9303228,-7.244283
ddc_dzo_04104,unlabeled,Unknown,-2.8902545,0.32791004,-1.1487496,5.87914,-2.1588483,-7.5422335
ddc_dzo_04124,unlabeled,Unknown,-5.959693,1.1392419,-0.53490293,5.8823752,-2.518789,-8.044392
ddc_dzo_04126,unlabeled,Unknown,-11.330518,-2.1008625,0.91569525,-1.0715364,-1.9065857,1.0402007
ddc_dzo_04128,unlabeled,Unknown,-1.2738909,2.4902642,-13.460742,0.5563381,14.146283,6.578994
ddc_dzo_04112,unlabeled,Unknown,-2.6378121,2.6528451,-12.584261,0.44145253,14.130705,6.4720793
ddc_dzo_04113,unlabeled,Unknown,0.5830297,-0.98056895,-0.39407694,16.134615,1.0971614,1.6922741
ddc_dzo_04111,unlabeled,Unknown,-1.5776191,0.08665271,-12.553251,3.502635,6.6087704,17.236055
ddc_dzo_04105,unlabeled,Unknown,3.8234668,-0.38418034,1.2391706,15.254467,-0.53823304,5.2769403
ddc_dzo_04118,unlabeled,Unknown,3.299212,-0.6245578,0.49115923,15.238424,-1.0210053,5.1860814
ddc_dzo_04159,unlabeled,Unknown,-4.7309103,2.7401829,-1.7349612,5.846833,-2.4558787,-7.9522834
ddc_dzo_04172,unlabeled,Unknown,0.32484928,0.31559414,-0.29652652,15.747671,0.6908561,1.9706316
ddc_dzo_04170,unlabeled,Unknown,2.0903718,-2.2978022,-0.043142404,15.452099,0.6957676,1.732476
ddc_dzo_04171,unlabeled,Unknown,-1.7959121,1.6404507,-9.3028755,3.3265977,7.108889,16.942387
ddc_dzo_04169,unlabeled,Unknown,-11.127482,-2.7735527,-0.94660836,-1.3619182,-2.2710905,2.2784345
ddc_dzo_04146,unlabeled,Unknown,4.746113,-0.84177893,-0.38586235,16.448235,1.9567549,5.945109
ddc_dzo_04173,unlabeled,Unknown,3.8359132,-1.8941358,-0.5128988,12.8671665,2.1001482,8.817385
ddc_dzo_04193,unlabeled,Unknown,-5.9966636,0.34465924,-1.9121437,5.8383985,-2.4847963,-8.013545
ddc_dzo_04181,unlabeled,Unknown,-2.188877,1.2908775,-13.490144,2.6326993,7.7814536,16.54194
ddc_dzo_04197,unlabeled,Unknown,-7.434034,-0.31295764,0.2665302,-1.1205693,-1.737318,0.90851426
ddc_dzo_04200,unlabeled,Unknown,-1.3899188,1.4148074,0.9266799,16.310846,1.1584822,1.0154306
ddc_dzo_04188,unlabeled,Unknown,0.38905945,-2.123461,0.04940531,15.934968,1.4745,1.733168
ddc_dzo_04209,unlabeled,Unknown,-2.581271,10.441238,-2.5049982,6.687451,14.266939,1.9148282
ddc_dzo_04213,unlabeled,Unknown,3.9642882,-0.674897,-0.008812434,16.583698,2.1941187,5.4883895
ddc_dzo_04220,unlabeled,Unknown,1.4789164,0.9427028,0.61775273,17.004395,2.1958933,5.463854
ddc_dzo_04225,unlabeled,Unknown,-5.2292514,4.0779133,-4.740162,5.7448854,-1.8231359,-7.230078
ddc_dzo_04230,unlabeled,Unknown,0.4939533,-2.142234,-0.048927348,16.115294,1.0702424,0.57398987
ddc_dzo_04234,unlabeled,Unknown,-0.2644716,1.7835704,0.31567052,16.02896,0.9495535,0.5440132
ddc_dzo_04251,unlabeled,Unknown,-1.5991181,0.96365625,0.015572482,16.309484,0.9815239,0.847428
ddc_dzo_04240,unlabeled,Unknown,0.8825843,-2.2960317,-1.1956958,16.45444,1.1853887,1.3375297
ddc_dzo_04242,unlabeled,Unknown,-5.1176972,9.659532,-0.7147612,6.6726484,14.2354355,1.8984646
ddc_dzo_04223,unlabeled,Unknown,3.7850394,0.1274162,-0.3096374,16.447004,2.085016,5.154425
ddc_dzo_04238,unlabeled,Unknown,2.7561514,-1.1513708,2.4022584,16.852098,1.4063544,5.1871214
ddc_dzo_04226,unlabeled,Unknown,2.696838,-0.34212384,-0.47764853,13.2647085,2.158447,8.888077
ddc_dzo_04286,unlabeled,Unknown,-10.703901,-0.5367279,-0.30978104,-1.2429812,-1.8655947,0.80406874
ddc_dzo_04288,unlabeled,Unknown,-2.4673913,1.8877527,-11.9527235,2.8086007,7.5708895,16.770586
ddc_dzo_04261,unlabeled,Unknown,0.1779355,0.082113534,-10.880633,0.5799574,14.234305,6.6189775
ddc_dzo_04367,unlabeled,Unknown,-4.6825266,12.283512,0.1889457,6.6293902,14.2237835,1.8406994
ddc_dzo_04269,unlabeled,Unknown,3.6154344,0.1111725,0.8830612,16.818527,1.9277925,5.202072
ddc_dzo_04274,unlabeled,Unknown,2.6907125,-1.8019886,-2.125453,16.707804,0.75648344,5.881595
ddc_dzo_04294,unlabeled,Unknown,-7.1481996,3.0147443,-0.77310395,5.702064,-1.8073864,-7.2643433
ddc_dzo_04304,unlabeled,Unknown,-6.5308394,0.94373834,-3.8986692,5.721558,-2.0970893,-7.853399
ddc_dzo_04315,unlabeled,Unknown,-11.3476,-2.9454055,0.07053997,-0.9077495,-1.6062598,1.5352536
ddc_dzo_04299,unlabeled,Unknown,0.75995976,-0.69431674,0.15386625,16.49139,1.3634079,1.4341319
ddc_dzo_04329,unlabeled,Unknown,2.992081,-0.82211846,0.6897175,13.244893,2.063916,8.687875
ddc_dzo_04331,unlabeled,Unknown,-1.2352763,-0.25525165,-0.27929044,16.332193,1.046666,1.0034381
ddc_dzo_04366,unlabeled,Unknown,-7.4530354,-1.5815201,-0.2243086,-1.3076868,-1.5994177,1.6718065
ddc_dzo_04351,unlabeled,Unknown,-9.628822,-1.3656846,0.62664473,-1.300382,-1.8425595,0.9231392
ddc_dzo_04346,unlabeled,Unknown,-9.666079,-5.4290466,-1.2268965,-0.8041559,-2.4013414,1.7141373
ddc_dzo_04338,unlabeled,Unknown,-11.930902,-2.7750509,1.6387129,-1.0123641,-2.18245,1.1531174
ddc_dzo_04368,unlabeled,Unknown,-4.3762164,3.9634752,-1.6098745,5.8268023,-2.226972,-7.6029716
ddc_dzo_04397,unlabeled,Unknown,-1.9887803,-0.2067696,-0.0682346,5.924981,-2.542775,-8.006274
ddc_dzo_04392,unlabeled,Unknown,-5.3967285,3.4524622,-10.521586,2.7981603,7.544483,16.808714
ddc_dzo_04403,unlabeled,Unknown,1.8712717,0.76052463,-0.29884854,15.247279,-0.4913419,5.120127
ddc_dzo_04400,unlabeled,Unknown,-0.7373093,2.3466582,-11.226439,0.38817957,14.103885,6.420006
ddc_dzo_04372,unlabeled,Unknown,-11.276758,-2.1024525,-0.72506857,-1.0817263,-1.806642,0.8741184
ddc_dzo_04405,unlabeled,Unknown,-11.027005,-3.5783014,0.5015042,-0.9768292,-1.8460532,1.5043263
ddc_dzo_04378,unlabeled,Unknown,2.1493983,-0.43966025,-0.53814083,12.815149,1.9043624,9.161694
ddc_dzo_04440,unlabeled,Unknown,-10.354444,-2.1782472,0.7154245,-0.7784512,-2.1863759,1.4117913
ddc_dzo_04410,unlabeled,Unknown,-10.321368,-1.2334826,0.576902,-1.3964185,-2.3013422,0.902602
ddc_dzo_04429,unlabeled,Unknown,-5.053653,1.3822944,-1.2243482,5.804245,-1.7242684,-7.1777835
ddc_dzo_04409,unlabeled,Unknown,-0.45536402,-1.7363478,0.21275494,15.985408,0.8642376,0.6163084
ddc_dzo_04412,unlabeled,Unknown,-11.361002,-2.7430859,1.4619265,-0.6347858,-1.757464,1.9025378
ddc_dzo_04427,unlabeled,Unknown,1.0599097,-2.769556,-1.7307401,16.324059,1.2505963,1.6732191
ddc_dzo_04442,unlabeled,Unknown,4.3440924,-1.4572294,1.0842824,16.729473,2.1091475,5.932996
ddc_dzo_04432,unlabeled,Unknown,2.3009174,-1.2536372,-0.19229428,16.206553,1.3964183,6.386601
ddc_dzo_04448,unlabeled,Unknown,2.3314092,-3.5011826,0.82700366,13.027852,2.053587,8.373606
ddc_dzo_04461,unlabeled,Unknown,-4.9182806,1.440402,1.4033347,5.7661004,-1.9371247,-7.2544775
ddc_dzo_04485,unlabeled,Unknown,-3.4550154,3.708302,-11.826875,3.1858287,7.245461,17.138252
ddc_dzo_04471,unlabeled,Unknown,-0.9693816,0.38364598,-4.6884885,2.125063,6.9109397,16.59934
ddc_dzo_04464,unlabeled,Unknown,0.022778576,-1.6257898,-0.8991197,15.914148,0.7351035,0.6795271
ddc_dzo_04466,unlabeled,Unknown,-0.9796966,-2.2697048,0.0821284,16.051336,0.91873235,0.50564945
ddc_dzo_04463,unlabeled,Unknown,0.7685639,-1.5145717,0.22610477,15.568261,2.119268,1.7674397
ddc_dzo_04468,unlabeled,Unknown,-0.4279604,-1.4176507,1.6588532,15.545269,0.8673503,1.6674746
ddc_dzo_04475,unlabeled,Unknown,1.8367765,-2.5814555,-1.4701318,16.185764,1.4802874,1.5089678
ddc_dzo_04449,unlabeled,Unknown,3.7005775,1.1690214,-0.18293788,16.365192,1.659103,6.0518575
ddc_dzo_04516,unlabeled,Unknown,-6.183969,-0.23175421,-2.2536716,5.7380586,-1.9051619,-7.2423797
ddc_dzo_04500,unlabeled,Unknown,-3.3863003,3.9633446,-9.520589,2.8270767,7.551569,16.807644
ddc_dzo_04525,unlabeled,Unknown,-0.7338647,3.9813018,-13.076481,0.47289884,14.166526,6.5028315
ddc_dzo_04507,unlabeled,Unknown,0.06799979,-1.9930243,-2.4737911,16.283228,0.9492368,1.2962983
ddc_dzo_04502,unlabeled,Unknown,2.2240233,-0.8226286,-0.12860885,16.254513,1.313683,0.7430347
ddc_dzo_04517,unlabeled,Unknown,0.508261,-0.66083604,-0.64557683,16.192364,0.81403524,1.1500901
ddc_dzo_04493,unlabeled,Unknown,0.74301136,-2.1469502,-0.57534117,16.265081,1.311735,1.4536932
ddc_dzo_04506,unlabeled,Unknown,1.9330386,-0.8644547,-0.4733834,16.480795,2.267263,5.2967234
ddc_dzo_04520,unlabeled,Unknown,4.4003296,-0.04151379,-1.2605377,16.41481,2.0832913,5.5235877
ddc_dzo_04518,unlabeled,Unknown,3.0828567,0.14988914,0.26590362,16.451818,1.4541798,4.9194527
ddc_dzo_04494,unlabeled,Unknown,3.7640357,-1.1640625,0.32006356,13.430759,1.9895616,8.477975
ddc_dzo_04528,unlabeled,Unknown,-4.9707336,2.555496,-0.8725553,5.6628456,-1.7946814,-7.318822
ddc_dzo_04536,unlabeled,Unknown,-11.254673,0.47009805,-1.9205,-1.2662808,-1.8967648,1.1254388
ddc_dzo_04550,unlabeled,Unknown,0.44984028,-2.601601,0.82288617,16.213318,1.3159122,1.6386689
ddc_dzo_04541,unlabeled,Unknown,2.955446,-0.18786779,0.05318348,16.619465,2.010944,6.0262876
ddc_dzo_04564,unlabeled,Unknown,3.1287236,-1.9213823,-0.53197175,16.589632,2.2263873,5.3797607
ddc_dzo_04555,unlabeled,Unknown,2.6255949,-3.231745,1.3352739,15.391479,-0.5844268,5.055755
ddc_dzo_04595,unlabeled,Unknown,-2.0298834,3.030532,-10.827406,2.8340328,7.594495,16.756556
ddc_dzo_04579,unlabeled,Unknown,-0.7026203,-0.4257875,0.36105412,15.81094,0.60199195,0.7130827
ddc_dzo_04583,unlabeled,Unknown,0.5726016,-1.8153167,2.1104817,15.909144,0.69019896,0.7324925
ddc_dzo_04598,unlabeled,Unknown,-9.26243,-2.926953,-1.1175296,-1.2426631,-1.9947274,0.6859954
ddc_dzo_04605,unlabeled,Unknown,-10.785043,-2.9559498,0.5531254,-1.0701779,-2.0920289,2.1826658
ddc_dzo_04592,unlabeled,Unknown,3.882132,1.5015019,0.99464595,16.513102,1.7866509,5.1788855
ddc_dzo_04645,unlabeled,Unknown,1.1694682,-1.5646775,2.3109617,16.345854,1.2000932,0.80178434
ddc_dzo_04636,unlabeled,Unknown,1.5480409,-1.7023927,-0.5827596,16.260525,1.4149798,1.6047233
ddc_dzo_04625,unlabeled,Unknown,-2.717326,9.285521,-1.1110541,6.771522,14.4261265,1.9049135
ddc_dzo_04641,unlabeled,Unknown,3.2026896,1.7487682,0.03158675,16.455359,0.6576876,5.7350445
ddc_dzo_04664,unlabeled,Unknown,-1.2830799,2.4739244,-10.352516,0.4447575,14.16629,6.479151
ddc_dzo_04665,unlabeled,Unknown,0.049985155,-0.9204223,0.18733586,15.889527,0.65046185,0.6825027
ddc_dzo_04678,unlabeled,Unknown,-8.568441,-1.138012,0.30080837,-0.72019315,-1.6211699,1.5935098
ddc_dzo_04657,unlabeled,Unknown,0.4311022,-2.7451382,0.69141585,16.289593,1.3608692,1.4539381
ddc_dzo_04680,unlabeled,Unknown,-8.943765,-0.101968035,0.9480899,-1.1053989,-1.6626059,1.7677991
ddc_dzo_04676,unlabeled,Unknown,3.4996507,-1.1590436,-0.4453702,16.41693,1.902464,5.220515
ddc_dzo_04672,unlabeled,Unknown,5.1934814,-0.5480271,1.4864084,16.730436,1.7956159,6.1014333
ddc_dzo_04686,unlabeled,Unknown,5.794986,-0.27223855,-0.35749075,15.14702,-0.8999114,5.0197887
ddc_dzo_04655,unlabeled,Unknown,3.8873188,-1.3447899,1.7107483,16.982918,0.7760681,5.0254645
ddc_dzo_04701,unlabeled,Unknown,-5.553548,1.191166,-0.6588813,6.018515,-2.4863336,-7.791294
ddc_dzo_04706,unlabeled,Unknown,-4.2299094,2.867898,-8.821266,2.2318933,6.981036,16.689888
ddc_dzo_04715,unlabeled,Unknown,-0.6943466,-1.442357,-0.535717,16.059525,0.77132833,0.7926624
ddc_dzo_04718,unlabeled,Unknown,0.50268614,-1.0095352,-0.3372853,16.21828,1.3957576,1.2141416
ddc_dzo_04717,unlabeled,Unknown,2.0121188,-1.1990178,0.5682382,16.326778,1.3262079,1.4485143
ddc_dzo_04708,unlabeled,Unknown,2.3399646,0.7472953,0.38984504,17.058065,1.6354364,4.777665
ddc_dzo_04689,unlabeled,Unknown,1.9638935,0.72300726,0.8793245,16.666607,1.765355,6.0796366
ddc_dzo_04696,unlabeled,Unknown,4.281656,-1.6080228,1.5082376,15.370546,-0.9656962,4.907332
ddc_dzo_04760,unlabeled,Unknown,-4.3160877,1.292724,-2.743168,5.9571238,-2.5698216,-8.029789
ddc_dzo_04733,unlabeled,Unknown,-0.0071193483,-1.854187,-0.106499836,15.526421,0.79568815,1.6492665
ddc_dzo_04745,unlabeled,Unknown,-3.193418,10.688756,0.19253625,6.6235948,14.597736,2.06496
ddc_dzo_04738,unlabeled,Unknown,2.543086,-0.5645843,0.60235065,15.2550955,-0.72958505,5.773169
ddc_dzo_04730,unlabeled,Unknown,2.436573,1.3049552,1.093927,16.942513,0.9151441,5.9612193
ddc_dzo_04781,unlabeled,Unknown,2.049237,-0.08982713,0.22188917,17.043318,1.6817249,5.3118167
ddc_dzo_04795,unlabeled,Unknown,-1.1346806,-1.0392169,1.2963955,16.120844,0.65705276,0.97688115
ddc_dzo_04770,unlabeled,Unknown,-0.21637343,-0.36273924,0.26952463,16.024998,0.89248353,0.7588348
ddc_dzo_04784,unlabeled,Unknown,-0.5617593,0.13858959,1.0040735,16.102985,1.0756003,0.6262439
ddc_dzo_04799,unlabeled,Unknown,0.39121822,-0.5130992,-0.9800302,15.916065,1.7957003,1.5672164
ddc_dzo_05542,unlabeled,Unknown,-12.048924,-2.527994,0.5619651,-1.5074096,-2.3254688,1.2270997
ddc_dzo_04766,unlabeled,Unknown,3.5854797,-0.3073615,0.09776123,16.47523,2.027571,5.6465936
ddc_dzo_04778,unlabeled,Unknown,2.2040012,-1.5436687,0.35158634,17.106354,1.071616,4.69799
ddc_dzo_04786,unlabeled,Unknown,3.2777429,-2.2534184,0.17996736,13.042121,2.1083224,8.434569
ddc_dzo_04826,unlabeled,Unknown,1.1261058,2.9722965,-3.0816462,-7.665588,5.2583494,7.0522256
ddc_dzo_04818,unlabeled,Unknown,3.5395513,0.6513012,-2.1764193,16.66515,2.2157145,5.24445
ddc_dzo_04816,unlabeled,Unknown,-4.589874,3.4821813,-1.0039194,5.7393327,-2.0291295,-7.586339
ddc_dzo_04829,unlabeled,Unknown,-2.4007618,0.3692501,-12.727118,0.53234076,14.159009,6.5644593
ddc_dzo_04828,unlabeled,Unknown,-0.3907354,1.9860073,-11.438759,0.48895735,14.154486,6.514613
ddc_dzo_04820,unlabeled,Unknown,2.3917654,-2.8178678,0.9414569,15.399713,0.68886626,1.6854215
ddc_dzo_04827,unlabeled,Unknown,2.077514,-2.0474248,-1.1262275,16.145063,1.622462,1.6113746
ddc_dzo_04802,unlabeled,Unknown,1.9502048,-1.4761705,1.0181036,15.417208,-0.64811313,4.5935364
ddc_dzo_04839,unlabeled,Unknown,-6.7196407,4.288603,-0.7275616,5.8707914,-2.3928216,-7.9196224
ddc_dzo_04861,unlabeled,Unknown,-6.167278,3.1382518,-1.2832265,5.8387747,-2.454972,-8.047032
ddc_dzo_04868,unlabeled,Unknown,-0.21046092,0.6901176,-2.0141284,16.95045,1.7252624,4.6678066
ddc_dzo_04855,unlabeled,Unknown,1.144241,2.4685493,-1.0399528,16.365492,1.1072192,1.0708743
ddc_dzo_04869,unlabeled,Unknown,-9.599322,-2.9129968,0.35525423,-0.6955573,-1.8122609,1.6812199
ddc_dzo_04851,unlabeled,Unknown,2.1525505,-0.02009348,-0.75844496,16.275717,0.21053693,4.615966
ddc_dzo_04863,unlabeled,Unknown,1.333951,-0.3556377,1.4379507,17.044683,0.9622287,5.932195
ddc_dzo_04878,unlabeled,Unknown,-4.6305523,1.9817656,-8.364944,2.8596847,7.308637,16.977757
ddc_dzo_04890,unlabeled,Unknown,-10.878232,-1.0151536,1.1209459,-0.98698235,-2.071076,0.86724424
ddc_dzo_04881,unlabeled,Unknown,0.67944175,1.0352303,0.79956007,15.645506,-0.6406279,4.6414676
ddc_dzo_04900,unlabeled,Unknown,2.254854,-1.6824757,-0.47185057,14.980077,-0.45562333,5.5634084
ddc_dzo_04911,unlabeled,Unknown,-3.7678926,0.5209728,-8.20651,2.2217388,6.9812536,16.658314
ddc_dzo_04904,unlabeled,Unknown,-3.7321475,9.531661,-2.029856,6.902333,14.376989,1.6748271
ddc_dzo_04885,unlabeled,Unknown,-10.858383,-3.7279327,1.5000197,-1.3312666,-1.81829,1.2563704
ddc_dzo_04882,unlabeled,Unknown,2.9034967,-1.2155035,0.44024992,15.288772,-0.44655958,5.370657
ddc_dzo_04948,unlabeled,Unknown,-4.9594374,2.742116,-1.901828,5.872872,-2.5157785,-8.092721
ddc_dzo_04927,unlabeled,Unknown,-1.6996021,3.6993473,-8.421338,2.6148682,7.796617,16.524061
ddc_dzo_04943,unlabeled,Unknown,-0.615357,-0.003771892,-0.7814323,16.272528,1.1310835,1.5226166
ddc_dzo_04947,unlabeled,Unknown,-10.509397,-2.9261203,0.5542205,-1.0661199,-1.7169833,1.5831144
ddc_dzo_04937,unlabeled,Unknown,2.0837855,-0.7686842,0.27636167,16.487597,2.2062256,5.346151
ddc_dzo_04942,unlabeled,Unknown,3.3973064,-0.87697464,1.1081929,13.212282,2.4069622,8.189165
ddc_dzo_04918,unlabeled,Unknown,4.310406,-0.874829,0.81939137,12.96014,2.4641852,8.258627
ddc_dzo_04981,unlabeled,Unknown,-10.515777,-1.9944183,-0.43445435,-1.012879,-1.989224,0.9002057
ddc_dzo_04961,unlabeled,Unknown,-5.21942,4.3223763,-11.277519,3.1253698,7.3802443,16.907612
ddc_dzo_04977,unlabeled,Unknown,2.173541,-1.6942322,-0.014946161,15.5023155,0.7578562,1.7028273
ddc_dzo_04972,unlabeled,Unknown,-2.3320003,-1.1244876,-0.12064731,15.52501,0.8223731,1.6443053
ddc_dzo_04954,unlabeled,Unknown,2.8824587,-0.401324,0.23726498,15.304729,-0.9763245,5.2818255
ddc_dzo_05013,unlabeled,Unknown,-5.877915,0.9167335,-2.3800685,5.6685395,-1.8195164,-7.2907
ddc_dzo_05001,unlabeled,Unknown,2.7154305,0.44905597,0.0035574024,15.4781,-0.71019244,4.7449303
ddc_dzo_05021,unlabeled,Unknown,-6.819946,2.0141711,-0.83639145,5.7463536,-1.86563,-7.384184
ddc_dzo_05005,unlabeled,Unknown,1.5756168,-1.1843041,-0.97401637,15.644036,2.10365,1.6620365
ddc_dzo_05016,unlabeled,Unknown,1.6462206,-3.2342014,-2.795509,16.074394,1.2437578,1.7695756
ddc_dzo_04989,unlabeled,Unknown,2.39705,-1.6592174,0.6908202,16.652712,1.4246778,5.151014
ddc_dzo_05011,unlabeled,Unknown,3.2466686,-1.3680152,-0.29479492,14.978026,-0.58702046,4.8400846
ddc_dzo_05018,unlabeled,Unknown,4.0440254,-1.674736,1.0929147,12.929775,2.4698977,8.294796
ddc_dzo_05017,unlabeled,Unknown,3.8178105,-1.2704964,0.732846,13.124844,2.4013212,8.366082
ddc_dzo_05060,unlabeled,Unknown,-3.0834024,0.67380667,1.1850743,6.017281,-2.2989109,-7.660215
ddc_dzo_05062,unlabeled,Unknown,-0.08142248,-1.1767567,-0.7900157,15.85135,0.59449923,0.89929205
ddc_dzo_05044,unlabeled,Unknown,-10.371771,-0.37305388,1.5306449,-1.0895814,-1.7551293,0.901026
ddc_dzo_05041,unlabeled,Unknown,-0.4686534,1.5064677,-0.2046563,15.859225,0.690261,0.571491
ddc_dzo_05027,unlabeled,Unknown,-1.5063734,-1.7993478,-0.18048249,15.468879,2.125872,1.8140709
ddc_dzo_05058,unlabeled,Unknown,3.5653534,-0.69592524,0.8104005,15.186545,-0.89411706,5.204853
ddc_dzo_05091,unlabeled,Unknown,-3.9668336,3.5022025,-0.6605528,5.631724,-1.7751013,-7.2603483
ddc_dzo_05081,unlabeled,Unknown,-4.0255413,3.17605,-9.41852,2.6072927,7.817868,16.503649
ddc_dzo_05089,unlabeled,Unknown,-1.1433698,1.1972057,-11.142196,0.45228103,14.162266,6.4816113
ddc_dzo_05098,unlabeled,Unknown,-0.8498494,0.9248297,-8.363661,0.4688698,14.170686,6.5034776
ddc_dzo_05087,unlabeled,Unknown,2.0654273,-1.684696,-0.3904815,16.299463,1.5960841,1.5751363
ddc_dzo_05069,unlabeled,Unknown,3.678077,-0.52830017,0.023842111,15.254601,-0.92257583,5.0364056
ddc_dzo_05095,unlabeled,Unknown,2.5426762,0.91651267,1.8142354,12.934876,2.2186353,8.688399
ddc_dzo_05129,unlabeled,Unknown,-2.044253,4.8368177,-10.357914,3.393612,6.928023,16.990484
ddc_dzo_05112,unlabeled,Unknown,-0.97600716,-2.2696376,-0.41822135,15.999783,0.8902265,0.5998793
ddc_dzo_05135,unlabeled,Unknown,-4.0651536,8.261282,-0.78361756,6.749227,14.2657,1.8035121
ddc_dzo_05117,unlabeled,Unknown,0.08158038,-3.7037413,-0.73689526,16.449469,1.393792,1.4794812
ddc_dzo_05106,unlabeled,Unknown,-10.729506,-2.882839,0.76040715,-1.2255044,-1.6847668,1.9711185
ddc_dzo_05114,unlabeled,Unknown,2.544457,-2.0099142,1.3128517,16.476423,2.020909,5.569171
ddc_dzo_05130,unlabeled,Unknown,-11.334377,-3.8632877,-0.47399375,-1.0572575,-1.8027089,1.9475725
ddc_dzo_05119,unlabeled,Unknown,-11.561952,-4.5484014,1.8938882,-1.32402,-1.9071443,1.6055582
ddc_dzo_05101,unlabeled,Unknown,-10.501416,-2.9244237,1.6982616,-1.4831144,-2.4785614,1.2525115
ddc_dzo_05166,unlabeled,Unknown,-2.9247591,3.3599563,-12.704029,2.9073482,7.502595,16.81372
ddc_dzo_05168,unlabeled,Unknown,-4.3969183,11.598761,1.5157524,6.7915325,14.375931,1.9915875
ddc_dzo_05159,unlabeled,Unknown,-4.73862,0.7816692,-6.2171364,2.3000226,7.005233,16.717161
ddc_dzo_05167,unlabeled,Unknown,-9.668032,-4.342174,-2.6594267,-1.2261367,-2.0168607,1.9236265
ddc_dzo_05153,unlabeled,Unknown,2.9079292,0.64063495,1.1634256,16.963478,2.1245155,5.2796874
ddc_dzo_05177,unlabeled,Unknown,-0.37810937,0.6332448,1.6537207,16.703688,1.969293,4.9608536
ddc_dzo_05181,unlabeled,Unknown,-4.0123234,1.1665871,-3.103767,2.164238,6.9618545,16.661018
ddc_dzo_05201,unlabeled,Unknown,-1.5775344,-1.8769598,-0.4219751,16.123144,0.6561723,1.1234483
ddc_dzo_05205,unlabeled,Unknown,0.18542036,-0.8468253,-0.66245407,16.16628,0.75185484,1.1342486
ddc_dzo_05189,unlabeled,Unknown,0.8228915,0.19187209,-0.5224328,16.252867,1.1707228,1.0845969
ddc_dzo_05180,unlabeled,Unknown,-11.69901,-3.5686154,0.65455693,-1.3938316,-1.6510103,1.9497489
ddc_dzo_05197,unlabeled,Unknown,0.56768084,-2.7255573,-0.7946132,15.416264,0.7071811,1.6788636
ddc_dzo_05185,unlabeled,Unknown,-10.463306,-2.8068748,-0.16800582,-1.2749847,-1.5319606,2.2997425
ddc_dzo_05178,unlabeled,Unknown,4.025315,-0.8707766,-0.8715355,15.328422,-0.8502341,5.4047537
ddc_dzo_05223,unlabeled,Unknown,-6.1646194,0.84511054,-2.2369325,5.839188,-2.1142988,-7.461863
ddc_dzo_05226,unlabeled,Unknown,-0.74988794,1.9778479,-11.963787,0.48483267,14.128068,6.513732
ddc_dzo_05214,unlabeled,Unknown,-1.450424,0.82727325,-8.900636,0.47545782,14.187297,6.507902
ddc_dzo_05238,unlabeled,Unknown,-10.490648,-3.3082259,1.3364923,-1.3309981,-1.832781,0.96101063
ddc_dzo_05228,unlabeled,Unknown,-0.46214202,0.37429327,-0.32128128,15.987981,0.92842853,0.5139056
ddc_dzo_05237,unlabeled,Unknown,-12.052332,-2.5259302,1.3794646,-0.8663261,-2.2498405,1.313761
ddc_dzo_05225,unlabeled,Unknown,2.9288218,-0.03846214,0.22762913,12.976651,2.4892442,8.440736
ddc_dzo_05241,unlabeled,Unknown,-3.2962203,4.0582285,-2.6457589,5.729243,-2.2142286,-7.9144993
ddc_dzo_05247,unlabeled,Unknown,-10.887936,-0.9087256,1.2711688,-0.7487663,-1.6059862,1.5159762
ddc_dzo_05255,unlabeled,Unknown,1.2209326,-1.7965319,0.4957922,15.604438,0.91501564,1.7552936
ddc_dzo_05250,unlabeled,Unknown,-11.632161,-3.1005418,1.0404345,-1.421574,-1.9978644,2.1383638
ddc_dzo_05275,unlabeled,Unknown,3.1379263,0.68965167,0.14530386,16.909819,2.0441186,5.06091
ddc_dzo_05270,unlabeled,Unknown,2.7435555,-1.3763037,-0.51032454,15.260103,-0.90006524,5.2231865
ddc_dzo_05261,unlabeled,Unknown,-10.370351,-3.5508988,0.83117104,-1.2315366,-2.4104471,1.1878223
ddc_dzo_05249,unlabeled,Unknown,3.4951036,-0.16216198,0.1213619,13.065247,2.3832161,8.257157
ddc_dzo_05276,unlabeled,Unknown,-0.99757904,2.3733175,-8.2822,0.4319327,14.140189,6.4616075
ddc_dzo_05291,unlabeled,Unknown,-9.151844,-1.8120693,0.03570425,-1.1481428,-1.9636546,0.9329845
ddc_dzo_05280,unlabeled,Unknown,0.46438482,-1.6006637,-0.4990637,16.256672,1.4048592,1.4646388
ddc_dzo_05284,unlabeled,Unknown,-8.035581,-3.0206378,1.0409731,-0.5955299,-1.6568303,1.8461066
ddc_dzo_05311,unlabeled,Unknown,0.5606166,-0.98486525,1.0709587,15.525056,2.0299249,1.8058672
ddc_dzo_05307,unlabeled,Unknown,2.8284044,-1.0948049,1.2785196,16.479006,2.1655931,5.7448044
ddc_dzo_05333,unlabeled,Unknown,-6.6647124,2.7579048,-7.4823256,2.8461752,7.355093,16.954529
ddc_dzo_05322,unlabeled,Unknown,-2.8977802,3.8896804,-2.2899117,5.7462034,-2.1914992,-7.8864512
ddc_dzo_05334,unlabeled,Unknown,0.23986538,1.8415875,-10.369296,0.4046613,14.101621,6.433057
ddc_dzo_05313,unlabeled,Unknown,-0.9263371,1.546563,-13.78987,0.49422252,14.204231,6.528397
ddc_dzo_05325,unlabeled,Unknown,-5.6276283,11.707455,1.8510809,6.6724195,14.246381,1.9544871
ddc_dzo_05324,unlabeled,Unknown,2.8176875,-2.3202786,0.6611411,15.494621,0.79355025,1.6715838
ddc_dzo_05339,unlabeled,Unknown,-10.974135,-3.0340831,0.025911039,-1.085654,-1.9402652,1.6500112
ddc_dzo_05342,unlabeled,Unknown,2.6238205,0.3399899,0.5225183,15.244925,-0.8106425,5.461682
ddc_dzo_05365,unlabeled,Unknown,-2.211732,3.749472,-1.0909563,5.7844663,-2.0765467,-7.589752
ddc_dzo_05379,unlabeled,Unknown,-3.5550923,4.95577,-11.481994,2.7575202,7.6049347,16.756573
ddc_dzo_05389,unlabeled,Unknown,-0.9341675,-1.0843586,0.0057412838,16.237812,1.0429119,0.719155
ddc_dzo_05364,unlabeled,Unknown,-3.027813,10.608769,1.003243,6.7111783,14.340468,1.9989052
ddc_dzo_05351,unlabeled,Unknown,-9.709934,-2.3818765,-0.114861004,-1.1702204,-1.902157,0.7829161
ddc_dzo_05380,unlabeled,Unknown,-3.8285642,0.48785985,-8.578068,2.279513,7.03474,16.653809
ddc_dzo_05386,unlabeled,Unknown,1.9956537,-1.0952713,-0.737148,16.631124,2.2567363,5.6844697
ddc_dzo_05383,unlabeled,Unknown,3.0835967,-1.541902,1.4192936,12.645512,1.9482083,8.856584
ddc_dzo_05382,unlabeled,Unknown,2.8523777,-1.3709741,0.77628416,13.906758,0.9224873,9.898792
ddc_dzo_05405,unlabeled,Unknown,-0.45168376,3.5873578,-3.403331,-7.6795807,5.2723784,7.0382004
ddc_dzo_05392,unlabeled,Unknown,-5.6871204,0.39634702,-1.2714901,5.781436,-1.9620476,-7.2497954
ddc_dzo_05393,unlabeled,Unknown,-1.6020696,1.369129,-9.497698,2.6189063,7.796579,16.52454
ddc_dzo_05417,unlabeled,Unknown,-2.538411,1.4669915,-11.8946,0.5372377,14.198494,6.5736966
ddc_dzo_05394,unlabeled,Unknown,0.09192806,-2.237692,-1.3496232,16.01514,1.5111737,1.6651487
ddc_dzo_05413,unlabeled,Unknown,2.4402983,-1.8171538,-0.68638235,16.420452,1.3629515,1.5594081
ddc_dzo_05395,unlabeled,Unknown,1.4320801,-2.0628145,-0.124483675,16.083714,1.41158,1.746381
ddc_dzo_05411,unlabeled,Unknown,3.2240505,-0.013189268,-0.21292986,16.348585,2.048611,5.4696064
ddc_dzo_05425,unlabeled,Unknown,3.805677,-1.0058036,1.1399664,16.817085,1.158736,5.1484113
ddc_dzo_05459,unlabeled,Unknown,-6.1365867,0.3024313,-1.7247701,5.614047,-1.7752339,-7.264859
ddc_dzo_05451,unlabeled,Unknown,-2.9851224,0.8997232,-9.942722,0.45249626,14.138642,6.4768295
ddc_dzo_05456,unlabeled,Unknown,-1.560911,-1.1958402,0.4751467,16.084448,0.62816256,1.0561796
ddc_dzo_05465,unlabeled,Unknown,0.097871006,1.372515,-0.955352,16.182215,1.0029224,0.78738666
ddc_dzo_05433,unlabeled,Unknown,-10.101754,-1.530852,-1.4343655,-1.2053348,-1.6961606,0.8887754
ddc_dzo_05454,unlabeled,Unknown,-0.26239228,-3.368049,0.40429455,16.17508,1.3168571,0.98601246
ddc_dzo_05439,unlabeled,Unknown,0.9860204,-1.35746,0.13654123,15.489106,0.7241165,1.6747962
ddc_dzo_05460,unlabeled,Unknown,2.2327583,-0.5403665,0.89098775,15.540755,0.7892344,1.7150449
ddc_dzo_05463,unlabeled,Unknown,2.664044,-0.7529599,0.30747133,16.281229,1.8614349,6.2307224
ddc_dzo_05477,unlabeled,Unknown,2.6450644,-1.8447146,-1.2589886,17.532001,1.4447051,5.900142
ddc_dzo_05488,unlabeled,Unknown,-5.248292,3.5112896,-5.348586,5.785931,-1.7729515,-7.1842856
ddc_dzo_05478,unlabeled,Unknown,0.8398349,-3.627468,0.3468199,16.237642,1.2841054,1.1396842
ddc_dzo_05469,unlabeled,Unknown,1.7941413,-0.26347637,-0.23969348,16.034122,1.1072965,1.7015213
ddc_dzo_05470,unlabeled,Unknown,1.2304723,-0.872003,0.37249222,15.681934,-0.9269408,4.915454
ddc_dzo_05476,unlabeled,Unknown,4.9429216,-1.5305815,-0.07521471,15.342435,-0.6802015,5.451179
ddc_dzo_05483,unlabeled,Unknown,3.8947763,-0.3320108,0.89428085,14.059934,0.6458198,10.280147
ddc_dzo_05468,unlabeled,Unknown,3.3624926,-1.5670824,0.88314253,13.24167,2.1312664,8.39753
ddc_dzo_05510,unlabeled,Unknown,0.7243964,3.6904352,-2.56954,5.965336,-2.2226613,-7.351151
ddc_dzo_05535,unlabeled,Unknown,-5.682649,1.7761296,-1.0202429,5.7729206,-1.9975712,-7.411478
ddc_dzo_05514,unlabeled,Unknown,-1.2937468,1.0903898,-8.806285,0.4699955,14.20165,6.5019207
ddc_dzo_05516,unlabeled,Unknown,-0.94130677,1.1600003,-10.306927,0.5195244,14.167525,6.5506907
ddc_dzo_05512,unlabeled,Unknown,-10.238597,-2.8822086,-0.21165803,-1.1166763,-1.7802154,0.9155229
ddc_dzo_05508,unlabeled,Unknown,-5.6832104,10.597618,-0.8254488,6.8613267,14.321677,1.7025913
ddc_dzo_05529,unlabeled,Unknown,2.2761588,-1.7732689,0.41304082,15.492551,0.7275329,1.7659637
ddc_dzo_05531,unlabeled,Unknown,1.685402,-1.3571905,-0.24822792,16.513906,2.2882848,5.7927985
ddc_dzo_05523,unlabeled,Unknown,3.5024986,0.25194472,0.8234058,16.83996,1.5378772,4.849342
ddc_dzo_05525,unlabeled,Unknown,2.883325,-2.0120966,0.20502119,15.906926,-0.81608635,5.0502267
ddc_dzo_05533,unlabeled,Unknown,1.5620366,-2.1203399,1.7647394,16.488771,1.5461407,5.545938
ddc_dzo_05522,unlabeled,Unknown,3.3812335,-1.778029,-0.049847618,16.29973,1.4922794,5.524526
ddc_dzo_05577,unlabeled,Unknown,-2.012508,1.9468901,-0.89180857,5.9745502,-2.4538128,-7.8154035
ddc_dzo_05546,unlabeled,Unknown,-9.732518,-2.408299,-0.5684953,-0.95109826,-2.493847,1.1074799
ddc_dzo_05557,unlabeled,Unknown,-6.73998,0.2228729,-6.3712635,2.200409,6.966691,16.660658
ddc_dzo_05549,unlabeled,Unknown,-0.71598345,-0.475208,0.44652712,15.868963,0.5932115,0.7281928
ddc_dzo_05568,unlabeled,Unknown,-0.3633138,0.86308104,0.18225445,16.406511,1.3241045,1.5605797
ddc_dzo_05564,unlabeled,Unknown,1.5003868,-0.7847373,-1.7715861,16.326092,1.3875645,1.4346428
ddc_dzo_05580,unlabeled,Unknown,-9.140978,-3.6559281,-0.17931847,-1.3318781,-2.0002198,2.1097968
ddc_dzo_05563,unlabeled,Unknown,-11.64965,-4.446679,1.0087845,-1.2589716,-2.2172077,1.8135432
ddc_dzo_05573,unlabeled,Unknown,3.9051182,-0.8678174,-0.120983265,16.054005,1.5388781,6.0113993
ddc_dzo_05588,unlabeled,Unknown,-4.6164103,-1.4079565,-7.510093,2.2253385,6.9807897,16.671186
ddc_dzo_05591,unlabeled,Unknown,0.36721727,1.0593548,-12.953894,0.39317915,14.085482,6.4234776
ddc_dzo_05624,unlabeled,Unknown,0.67236704,-1.1070566,0.7439039,16.055489,0.933543,0.5560568
ddc_dzo_05619,unlabeled,Unknown,-3.2049303,10.797429,-2.5818312,6.7535133,14.322123,1.9590586
ddc_dzo_05601,unlabeled,Unknown,-9.551975,-3.154724,0.6950721,-1.4527278,-1.6471547,1.8616248
ddc_dzo_05596,unlabeled,Unknown,4.1615725,-0.9210006,1.291415,16.642334,0.87874675,5.9966917
ddc_dzo_05652,unlabeled,Unknown,2.3319798,1.6790009,-0.64825594,15.430212,-0.29175898,4.466661
ddc_dzo_05641,unlabeled,Unknown,-4.714573,1.1630794,-1.0681964,5.7547803,-2.2689703,-7.9329104
ddc_dzo_05656,unlabeled,Unknown,-0.060849477,1.558441,-9.789001,0.42007458,14.134467,6.44413
ddc_dzo_05628,unlabeled,Unknown,-0.5366964,2.6887443,-11.226664,0.50838596,14.221467,6.5420084
ddc_dzo_05647,unlabeled,Unknown,-1.2204747,2.4817288,-10.180748,0.44403878,14.115272,6.460545
ddc_dzo_05660,unlabeled,Unknown,-7.31468,8.575505,-0.072907284,6.887364,14.364258,1.6846923
ddc_dzo_05646,unlabeled,Unknown,0.25308242,-1.8673469,-1.1717345,16.189247,1.1626247,0.5461262
ddc_dzo_05661,unlabeled,Unknown,-10.389135,-2.1274395,-0.06782927,-1.2875708,-1.7926275,1.1619643
ddc_dzo_05655,unlabeled,Unknown,2.5595863,-0.2779941,-1.088717,12.911398,-0.680472,8.047835
ddc_dzo_05681,unlabeled,Unknown,-4.4850535,-0.45270696,-1.8278614,-1.205595,2.1839118,7.0147176
ddc_dzo_05687,unlabeled,Unknown,-3.323141,3.1871173,-2.8547957,5.8059316,-2.443199,-8.069926
ddc_dzo_05666,unlabeled,Unknown,-3.2640142,4.2802067,-1.7469527,5.569876,-1.6890743,-7.1718283
ddc_dzo_05672,unlabeled,Unknown,1.8654566,-3.9028022,-0.32488346,16.239983,1.3391109,1.0540932
ddc_dzo_05688,unlabeled,Unknown,-0.90245384,0.21185945,-0.6700296,16.086733,0.9839434,0.6933857
ddc_dzo_05701,unlabeled,Unknown,0.22831263,-0.787318,-0.36343056,16.25832,1.331473,1.6138673
ddc_dzo_05684,unlabeled,Unknown,-5.282862,12.58873,0.98480254,6.6416106,14.234726,1.8896407
ddc_dzo_05689,unlabeled,Unknown,3.1134512,-0.72273755,-0.48942563,15.158606,-0.89326817,5.5433326
ddc_dzo_05690,unlabeled,Unknown,0.1769007,-1.2180285,0.33207121,16.861153,1.2482518,5.564101
ddc_dzo_05711,unlabeled,Unknown,-4.970247,-2.0374725,-5.9188323,2.1987054,6.9718895,16.656105
ddc_dzo_05736,unlabeled,Unknown,0.26827496,0.29430038,0.07261278,15.865789,0.6151981,0.69282025
ddc_dzo_05714,unlabeled,Unknown,-0.80319107,-0.5714681,-1.9228998,16.275652,1.4564017,1.6686488
ddc_dzo_05721,unlabeled,Unknown,2.4366357,-3.5470834,-0.6105135,16.365044,1.3227669,1.4854835
ddc_dzo_05712,unlabeled,Unknown,-10.2165,-2.5836797,-0.076628186,-0.8020369,-2.0475378,1.7124969
ddc_dzo_05716,unlabeled,Unknown,-6.1481094,-2.0154717,-0.055096436,-1.1808982,-1.5188477,2.2278795
ddc_dzo_05739,unlabeled,Unknown,0.7036275,-0.5333902,0.9708933,13.255048,2.3102617,8.772763
ddc_dzo_05730,unlabeled,Unknown,2.9027205,1.0916286,1.1339283,13.088157,2.4165227,8.629724
ddc_dzo_05751,unlabeled,Unknown,-1.5642774,-0.727309,-0.38858795,15.842769,0.58821535,0.6890068
ddc_dzo_05750,unlabeled,Unknown,-10.467405,-3.8349302,-0.81512475,-1.1809858,-2.4258053,1.1159387
ddc_dzo_05752,unlabeled,Unknown,-0.06385645,-0.32325843,-2.049362,16.396864,1.3527725,1.5581793
ddc_dzo_05754,unlabeled,Unknown,0.685932,-2.3452158,-0.54647255,15.960837,1.5925577,1.6101439
ddc_dzo_05746,unlabeled,Unknown,3.9981933,-0.59188455,-0.5036221,16.588219,2.1235003,5.345354
ddc_dzo_05742,unlabeled,Unknown,3.8278258,-2.1905587,0.46244156,15.240713,-0.87838286,5.5306287
ddc_dzo_05793,unlabeled,Unknown,-1.674737,-1.1634884,-0.29532307,15.811411,0.6042276,0.7136615
ddc_dzo_05805,unlabeled,Unknown,-1.8366002,-0.6777553,-0.43103725,16.00352,0.69156885,1.0696394
ddc_dzo_05787,unlabeled,Unknown,-11.537634,-4.140456,0.8215498,-0.89159024,-2.1562314,0.97075164
ddc_dzo_05790,unlabeled,Unknown,1.8050616,-1.0720071,1.9271268,16.513634,2.2084558,5.645103
ddc_dzo_05800,unlabeled,Unknown,1.5151521,-2.1824338,0.0016210459,16.399956,1.3394502,5.4070263
ddc_dzo_05818,unlabeled,Unknown,2.1803255,0.58354974,-0.4888991,15.283103,-0.78635573,4.530429
ddc_dzo_05819,unlabeled,Unknown,-1.0923153,0.18256532,-11.165121,0.53694636,14.164105,6.509398
ddc_dzo_05820,unlabeled,Unknown,-1.756639,0.0773518,-2.2466784,16.119986,0.7253634,1.1618694
ddc_dzo_05828,unlabeled,Unknown,1.7734269,-1.2935317,0.5388721,16.236057,1.3570762,0.8602303
ddc_dzo_05831,unlabeled,Unknown,-11.660995,-3.306691,1.3358624,-1.3662281,-1.5572113,2.151139
ddc_dzo_05822,unlabeled,Unknown,0.25856635,-3.2159595,0.85253584,16.013613,1.5830641,1.5274162
ddc_dzo_05843,unlabeled,Unknown,3.2031226,0.8577888,0.016577365,15.197925,-0.82323015,4.7061877
ddc_dzo_05845,unlabeled,Unknown,4.4465423,-0.6332428,0.38023725,15.507607,-1.0776829,5.0263352
ddc_dzo_05877,unlabeled,Unknown,-5.5358386,0.85373694,-0.21724339,5.8192177,-2.4552803,-8.089862
ddc_dzo_05863,unlabeled,Unknown,-9.324323,-2.5341594,-1.4808187,-1.163671,-1.9254552,0.89718705
ddc_dzo_05883,unlabeled,Unknown,0.04491806,3.846458,-11.18286,0.422414,14.124749,6.45261
ddc_dzo_05886,unlabeled,Unknown,0.44891584,-2.6471243,-0.86697197,15.691943,1.9460161,1.6547912
ddc_dzo_05856,unlabeled,Unknown,0.27928853,-1.0491977,-0.09508335,16.259214,1.2046529,1.5797163
ddc_dzo_05862,unlabeled,Unknown,-13.397712,-3.344464,1.5317736,-0.5845088,-2.213505,2.114063
ddc_dzo_05872,unlabeled,Unknown,4.0002565,-1.3764311,-0.27258146,16.488806,1.0880774,6.160304
ddc_dzo_06085,unlabeled,Unknown,-2.2403939,0.38390702,-7.669069,2.2893863,6.8931694,16.71829
ddc_dzo_05917,unlabeled,Unknown,1.0433935,-1.2482201,-0.5694755,15.8433275,0.588787,0.7342221
ddc_dzo_05927,unlabeled,Unknown,-0.55558735,-1.0709093,1.6449947,16.180996,1.4047477,1.409208
ddc_dzo_05905,unlabeled,Unknown,-0.14413519,-1.653432,0.5156403,16.335472,1.3701197,1.5475821
ddc_dzo_05931,unlabeled,Unknown,-0.084981576,-0.8362415,2.0627494,15.492029,2.0759842,1.8033571
ddc_dzo_05924,unlabeled,Unknown,4.0080247,-2.016247,0.46033624,16.498009,2.1177788,5.7459087
ddc_dzo_05895,unlabeled,Unknown,3.303698,0.101731285,1.076885,15.952357,1.9033955,5.726778
ddc_dzo_05959,unlabeled,Unknown,-0.3077224,-0.90568054,0.1445008,15.793398,1.8165284,1.6500584
ddc_dzo_05956,unlabeled,Unknown,2.75014,-0.5515209,-0.042988222,14.116707,1.4929079,7.7850947
ddc_dzo_05934,unlabeled,Unknown,-12.42405,-3.1462123,0.9192501,-1.1342068,-1.9592155,2.365827
ddc_dzo_05981,unlabeled,Unknown,-4.1722984,3.8816855,-5.559028,2.65915,7.269348,16.913034
ddc_dzo_05975,unlabeled,Unknown,-4.4975576,2.8391361,-9.334526,2.7087803,7.5173635,16.82639
ddc_dzo_05985,unlabeled,Unknown,1.5551388,-0.820386,-0.2897089,16.22131,1.2884212,1.067203
ddc_dzo_06004,unlabeled,Unknown,-10.580267,-0.12251489,0.13677527,-1.3563858,-1.6600459,1.1311384
ddc_dzo_05970,unlabeled,Unknown,1.3311895,-2.8130264,-0.63868135,15.60453,2.076874,1.7020816
ddc_dzo_05987,unlabeled,Unknown,-10.685265,-3.1339028,0.7381343,-1.3453114,-1.6149931,2.0048947
ddc_dzo_05974,unlabeled,Unknown,-11.468474,-2.2938757,2.1431427,-1.080106,-2.0233152,1.0861034
ddc_dzo_05979,unlabeled,Unknown,-11.473834,-2.1717777,2.6580493,-1.0492648,-1.7527235,1.2790912
ddc_dzo_05982,unlabeled,Unknown,0.954991,-1.9854262,-1.2226535,16.719843,2.2630405,5.593607
ddc_dzo_05999,unlabeled,Unknown,2.0449343,-1.1564968,0.9175153,16.33235,1.570952,5.8835235
ddc_dzo_06017,unlabeled,Unknown,-3.4331322,2.4561982,-1.6367861,5.8812556,-2.138143,-7.497152
ddc_dzo_06023,unlabeled,Unknown,-3.44669,4.7268705,-11.443683,2.7735672,7.555121,16.77674
ddc_dzo_06015,unlabeled,Unknown,0.49510333,-3.3507566,0.81821513,16.083183,0.9709358,0.65787154
ddc_dzo_06043,unlabeled,Unknown,-0.19269486,-1.0208203,-1.2941357,16.01334,1.5334615,1.6204264
ddc_dzo_06034,unlabeled,Unknown,2.8366172,0.28010848,-1.0704768,16.519821,2.2235975,5.2850018
ddc_dzo_06018,unlabeled,Unknown,3.342877,0.17116582,-1.865985,16.29811,1.9904727,5.5231023
ddc_dzo_06012,unlabeled,Unknown,-10.099727,-2.6668754,1.5093914,-0.86696255,-2.1980002,2.3484194
ddc_dzo_06044,unlabeled,Unknown,2.488111,-0.55179197,-0.8047229,15.111721,-0.91523165,5.3742146
ddc_dzo_06031,unlabeled,Unknown,2.570107,-0.6743808,-0.99701595,12.342442,1.6090893,8.762541
ddc_dzo_06068,unlabeled,Unknown,-5.753557,3.2170255,-9.294176,2.6117587,7.2447004,16.9339
ddc_dzo_06046,unlabeled,Unknown,-3.24571,3.4486594,-10.074524,2.774353,7.5848346,16.770021
ddc_dzo_06059,unlabeled,Unknown,1.3670927,0.32506195,0.30369845,15.562442,-0.73637646,4.5727506
ddc_dzo_06062,unlabeled,Unknown,-0.9503432,0.7540399,-10.881402,0.47832805,14.149286,6.5107846
ddc_dzo_06078,unlabeled,Unknown,-0.26001468,-1.0772655,0.31440127,16.096691,0.9718457,0.85556227
ddc_dzo_06060,unlabeled,Unknown,1.0454412,-2.8415267,0.59211034,15.572104,0.719626,1.5327723
ddc_dzo_06075,unlabeled,Unknown,-5.0428243,8.889172,1.0263071,6.7478304,14.340448,1.9753153
ddc_dzo_06070,unlabeled,Unknown,2.5498328,-0.6802702,1.6837127,16.32374,2.1707053,5.7329845
ddc_dzo_06055,unlabeled,Unknown,3.0283267,-0.5083183,-0.9111463,15.550053,-0.9035667,4.944109
ddc_dzo_06048,unlabeled,Unknown,4.130478,-1.8560976,0.06985677,15.226679,-0.48259354,5.3195724
ddc_dzo_06051,unlabeled,Unknown,-11.277891,-3.5968733,1.4527712,-1.3936073,-1.9760789,1.3826606
ddc_dzo_06121,unlabeled,Unknown,-1.3612549,3.8166037,-2.840311,16.106728,0.86119264,0.8533366
ddc_dzo_06090,unlabeled,Unknown,0.11590817,-1.2409031,-0.7564739,16.165707,1.0284935,0.6655945
ddc_dzo_06086,unlabeled,Unknown,-0.40474492,-1.1845864,0.3727404,16.281755,1.2955127,1.2552973
ddc_dzo_06117,unlabeled,Unknown,2.8807495,-0.25876468,-0.41324446,17.277893,1.4578229,4.82742
ddc_dzo_06110,unlabeled,Unknown,2.2580247,-1.0681856,0.7846329,16.442907,2.1991975,5.5044484
ddc_dzo_06137,unlabeled,Unknown,-3.9652915,0.05262506,-2.044163,5.7951794,-2.3157787,-7.825387
ddc_dzo_06129,unlabeled,Unknown,-5.0050263,0.7348464,-2.8157392,5.57552,-1.7584182,-7.2349405
ddc_dzo_06130,unlabeled,Unknown,-0.7554345,-1.9008632,1.0949452,15.853596,1.5236455,1.427095
ddc_dzo_06127,unlabeled,Unknown,-1.802119,-2.0536127,1.2459031,15.966639,0.7228653,1.2117412
ddc_dzo_06138,unlabeled,Unknown,-4.5457487,11.143041,0.54593986,6.8452215,14.367541,1.9220716
ddc_dzo_06132,unlabeled,Unknown,4.229419,-1.084925,1.4046562,16.462446,0.98225003,5.589803
ddc_dzo_06167,unlabeled,Unknown,-5.8050075,-0.65031666,-1.4022909,5.944603,-2.26912,-7.4813933
ddc_dzo_06163,unlabeled,Unknown,-6.086724,1.5203024,-2.7265377,5.746964,-1.8137916,-7.289411
ddc_dzo_06173,unlabeled,Unknown,4.3445067,0.17138746,0.67355955,16.52534,2.092789,5.1573553
ddc_dzo_06178,unlabeled,Unknown,3.6666186,-1.4577166,1.8754934,16.730125,1.5036508,6.092404
ddc_dzo_06179,unlabeled,Unknown,4.631125,-1.4345938,1.3506354,17.010197,0.8349485,5.535035
ddc_dzo_06193,unlabeled,Unknown,1.6911124,-0.10675131,-1.6391478,15.666974,-0.46277595,4.4017806
ddc_dzo_06208,unlabeled,Unknown,3.3198733,-1.9942313,-1.2148935,16.502827,1.8229569,6.0788393
ddc_dzo_06200,unlabeled,Unknown,3.6496358,-0.7103103,-0.04991205,15.059853,-0.5105139,4.8422866
ddc_dzo_06191,unlabeled,Unknown,4.6783257,-0.93156344,1.6074574,16.6198,0.89143914,5.6178603
ddc_dzo_06183,unlabeled,Unknown,2.596222,-1.7986857,1.1314605,12.663231,1.7836298,9.031668
ddc_dzo_06217,unlabeled,Unknown,-6.3009005,-0.07994774,-2.0235395,5.7938676,-2.4081454,-7.835515
ddc_dzo_06214,unlabeled,Unknown,-3.09906,0.94761926,-11.746801,0.55964416,14.183175,6.590186
ddc_dzo_06230,unlabeled,Unknown,0.69582325,1.0557308,1.4800777,16.14224,1.0497189,0.613823
ddc_dzo_06227,unlabeled,Unknown,1.6549128,0.6144585,1.2081962,16.71492,2.1622422,5.136857
ddc_dzo_06223,unlabeled,Unknown,1.9928026,-0.46446708,0.9473528,16.201307,1.8370124,6.2099204
ddc_dzo_06254,unlabeled,Unknown,-1.1085771,1.1045359,-1.3897785,16.18577,0.7055586,1.1598918
ddc_dzo_06257,unlabeled,Unknown,-0.79158103,-1.5169547,1.4331639,15.974702,0.8425001,0.5902712
ddc_dzo_06266,unlabeled,Unknown,2.3014867,-1.1179254,0.9036698,16.592804,1.0230174,4.6255126
ddc_dzo_06264,unlabeled,Unknown,2.8599668,0.1910579,0.2453499,12.877482,2.398034,8.532511
ddc_dzo_06291,unlabeled,Unknown,-5.1540956,5.8295083,-2.3339927,5.6831675,-1.8475195,-7.352294
ddc_dzo_06276,unlabeled,Unknown,0.10392575,-1.0298119,1.7942582,16.22753,1.3455324,0.78648555
ddc_dzo_06292,unlabeled,Unknown,2.7148128,-0.017125713,0.21604565,17.05887,1.1862307,5.0546536
ddc_dzo_06271,unlabeled,Unknown,2.790571,-0.8663925,0.8952465,12.320127,1.7671387,8.217735
ddc_dzo_06310,unlabeled,Unknown,0.59594256,-1.6528226,-1.3541689,15.955259,0.63730067,0.9332419
ddc_dzo_06305,unlabeled,Unknown,3.801945,-0.34745044,1.1380509,16.484125,2.0631585,5.620139
ddc_dzo_06352,unlabeled,Unknown,-1.4919235,5.3990808,-4.3540916,5.742252,-1.9214144,-7.356923
ddc_dzo_06330,unlabeled,Unknown,1.6823448,-2.2381113,0.6247283,15.511404,0.75775456,1.7273533
ddc_dzo_06341,unlabeled,Unknown,2.76612,-0.56838167,0.55889636,16.679808,2.0856524,5.439901
ddc_dzo_06373,unlabeled,Unknown,3.0088933,-1.6404467,1.6333312,17.180597,1.5228591,5.0113587
ddc_dzo_06358,unlabeled,Unknown,-11.325166,-4.985447,-0.2646949,-0.77303785,-2.3772817,1.828724
ddc_dzo_06368,unlabeled,Unknown,2.4959807,-0.2508588,0.9080463,16.299145,2.013892,5.9938855
ddc_dzo_06375,unlabeled,Unknown,3.7247508,-1.5482578,0.6595047,16.923588,1.3013254,5.1083875
ddc_dzo_06365,unlabeled,Unknown,3.2591407,-1.0101867,1.4319478,16.925745,0.9270014,5.7800198
ddc_dzo_06356,unlabeled,Unknown,3.7854493,-1.0451642,1.1052178,14.131008,0.5594314,10.424375
ddc_dzo_06387,unlabeled,Unknown,-3.7308924,13.486018,-1.0786359,6.658267,14.233711,1.9212115
ddc_dzo_06408,unlabeled,Unknown,-11.204478,0.13785274,0.4063702,-1.2544851,-1.8173133,0.92492086
ddc_dzo_06386,unlabeled,Unknown,-10.837066,-3.6920724,0.40924993,-0.877729,-2.0141075,2.1092684
ddc_dzo_06389,unlabeled,Unknown,3.4612522,-1.2458206,1.4966501,16.348234,2.1954253,5.7447076
ddc_dzo_06423,unlabeled,Unknown,-1.2124625,-3.1738026,0.3219406,15.946542,0.77085745,0.7916092
ddc_dzo_06429,unlabeled,Unknown,-0.1916316,-2.4100244,1.4926639,15.774655,0.8757439,1.544302
ddc_dzo_06411,unlabeled,Unknown,-10.492478,-2.8803353,1.8728453,-1.2008365,-1.7631088,2.0518568
ddc_dzo_06422,unlabeled,Unknown,0.45252612,-2.4035935,-0.5437043,15.53947,0.80405,1.6640989
ddc_dzo_06431,unlabeled,Unknown,1.1049708,-2.9521031,0.032918125,16.164701,1.3540719,1.5645158
ddc_dzo_06414,unlabeled,Unknown,-11.388034,-2.5826998,0.43761888,-0.9696274,-2.5218184,1.8233409
ddc_dzo_06448,unlabeled,Unknown,-1.3685228,4.8149586,-11.399867,2.6709409,7.7435184,16.585445
ddc_dzo_06443,unlabeled,Unknown,1.0982062,-0.6224485,1.6638007,16.135319,1.1056175,0.737217
ddc_dzo_06486,unlabeled,Unknown,-1.7084223,-0.9659863,-0.6959178,16.07918,0.69422376,1.1595514
ddc_dzo_06484,unlabeled,Unknown,-9.197209,-0.91291875,0.51676273,-1.1822683,-1.9086198,0.77421695
ddc_dzo_06469,unlabeled,Unknown,1.0656366,-2.0989072,1.1791629,15.491907,2.0984273,1.8057495
ddc_dzo_06480,unlabeled,Unknown,5.3431973,-0.5898995,0.9793761,16.797916,2.050048,5.748703
ddc_dzo_06507,unlabeled,Unknown,-4.071082,2.6285126,-2.8113039,5.6503563,-1.781604,-7.221668
ddc_dzo_06523,unlabeled,Unknown,-2.317959,-0.9477118,-0.30063552,15.842677,0.62991375,0.68922144
ddc_dzo_06498,unlabeled,Unknown,-0.08615763,-0.7104516,-0.42824048,16.173561,1.0376638,0.68359673
ddc_dzo_06502,unlabeled,Unknown,2.183047,-2.7384312,1.2505615,15.454132,0.71333057,1.7077993
ddc_dzo_06504,unlabeled,Unknown,2.805942,-1.5856042,-0.43353587,16.148724,2.0397556,6.0942354
ddc_dzo_06520,unlabeled,Unknown,2.3279276,-2.0385146,-0.6768336,16.520964,2.209369,5.2358794
ddc_dzo_06526,unlabeled,Unknown,-5.339117,3.3933854,-1.6651582,5.877387,-2.52129,-8.092944
ddc_dzo_06551,unlabeled,Unknown,-1.1300596,1.1881036,-2.3801637,5.841599,-2.5399547,-8.073494
ddc_dzo_06529,unlabeled,Unknown,0.49985337,-1.3849666,0.026964037,15.982113,0.6483323,0.75140417
ddc_dzo_06531,unlabeled,Unknown,-1.5441054,-0.42273328,-0.21243353,16.150555,0.96622753,0.6510645
ddc_dzo_06525,unlabeled,Unknown,1.406903,-3.5526009,-0.0002590086,15.4913225,0.73559487,1.7398336
ddc_dzo_06541,unlabeled,Unknown,1.6188998,-1.4075963,-2.054732,16.105024,1.584821,1.5093015
ddc_dzo_06539,unlabeled,Unknown,2.7287204,-0.94679755,0.9084805,12.991498,2.1471944,9.087284
ddc_dzo_06560,unlabeled,Unknown,-3.4347103,3.100204,-2.2050724,5.886293,-2.5197196,-8.111489
ddc_dzo_06578,unlabeled,Unknown,2.415202,-0.5449757,-0.54559726,16.60019,0.7055836,4.585905
ddc_dzo_06574,unlabeled,Unknown,-4.4826684,2.105751,-10.923052,2.898525,7.4826355,16.878384
ddc_dzo_06580,unlabeled,Unknown,-1.5879945,-0.45577297,-0.5751292,16.140976,0.91273654,0.76515406
ddc_dzo_06572,unlabeled,Unknown,-1.2981447,-1.5074825,0.6820012,16.158522,1.3882247,1.1364951
ddc_dzo_06581,unlabeled,Unknown,-0.2056259,-0.19906259,0.16584261,15.472261,0.6976272,1.7336206
ddc_dzo_06559,unlabeled,Unknown,3.2725797,-1.209836,1.802416,16.497904,2.1982312,5.865372
ddc_dzo_06565,unlabeled,Unknown,3.225633,-0.09171901,-0.15128332,17.068722,1.0773205,5.5028925
ddc_dzo_06583,unlabeled,Unknown,-11.433559,-3.2102292,-0.35509425,-1.1104686,-2.028032,0.85510296
ddc_dzo_06599,unlabeled,Unknown,-11.557379,-3.659863,2.0933578,-0.5997678,-1.8796654,1.731174
ddc_dzo_06601,unlabeled,Unknown,1.1627376,-0.6107357,-0.4432162,16.37784,1.2232035,1.599004
ddc_dzo_06593,unlabeled,Unknown,-13.332817,-2.2430558,0.13794476,-1.0494838,-2.162299,0.9701324
ddc_dzo_06600,unlabeled,Unknown,4.152399,-1.9768211,0.55661935,15.569375,-0.6149622,5.33366
ddc_dzo_06588,unlabeled,Unknown,1.2556596,-0.19180265,0.9985992,13.055874,1.3780138,9.192155
ddc_dzo_06609,unlabeled,Unknown,3.278145,-0.038646784,0.038811713,12.799991,1.7122018,9.136755
ddc_dzo_06626,unlabeled,Unknown,1.1129261,0.94659096,0.07824099,15.584252,-0.6175538,4.2765517
ddc_dzo_06635,unlabeled,Unknown,1.249904,-1.5993986,0.13390504,16.32236,1.3867209,1.4441836
ddc_dzo_06637,unlabeled,Unknown,2.038464,-1.0005438,1.7958385,16.711216,2.0634341,5.3778715
ddc_dzo_06630,unlabeled,Unknown,3.2561357,-1.8814405,0.73497665,12.931652,2.396868,8.407198
ddc_dzo_06649,unlabeled,Unknown,-11.294717,-1.4186876,-0.94118035,-0.8236016,-1.7966663,1.7335894
ddc_dzo_06645,unlabeled,Unknown,-3.1008763,-0.2833252,-10.90712,0.5614687,14.199985,6.5990763
ddc_dzo_06664,unlabeled,Unknown,0.76985747,-1.071167,-0.45955375,16.074694,1.0388926,0.62845266
ddc_dzo_06661,unlabeled,Unknown,0.6694154,-1.2947366,1.1441998,16.395668,1.2743473,1.7645618
ddc_dzo_06669,unlabeled,Unknown,-1.9164066,4.3721137,-0.37319258,5.8559566,-2.475655,-8.037675
ddc_dzo_06689,unlabeled,Unknown,-1.8285745,0.62782925,-12.026015,0.5494801,14.234383,6.592194
ddc_dzo_06668,unlabeled,Unknown,-11.881706,-1.6813674,0.8357676,-1.0239565,-1.8526882,0.8222314
ddc_dzo_06675,unlabeled,Unknown,-9.495307,-1.0973002,1.5643456,-0.8348937,-1.6324112,1.6552868
ddc_dzo_06665,unlabeled,Unknown,2.7009175,-0.68199503,-0.34681806,16.518356,1.14574,4.7741466
ddc_dzo_06715,unlabeled,Unknown,-0.3213858,-2.9583006,-1.5224389,15.61699,2.1084566,1.682696
ddc_dzo_06710,unlabeled,Unknown,3.8119683,-0.71326524,0.6706507,15.033412,-0.65788156,4.8191814
ddc_dzo_06718,unlabeled,Unknown,2.7310162,-1.1136148,-0.16705744,16.101927,0.9611846,6.336108
ddc_dzo_06697,unlabeled,Unknown,3.801826,-1.184734,0.67200255,16.392647,1.202225,5.5143504
ddc_dzo_06741,unlabeled,Unknown,-0.8299041,-1.1083997,1.3086404,15.841394,0.5733265,0.70979506
ddc_dzo_06730,unlabeled,Unknown,1.3327101,-1.1494529,1.539799,16.187813,1.1791245,0.6144021
ddc_dzo_06746,unlabeled,Unknown,2.081647,-1.712579,-0.3020582,16.6149,2.3131087,5.6258245
ddc_dzo_06723,unlabeled,Unknown,3.5743027,-1.7074839,0.067876786,17.129421,1.2364328,4.6948833
ddc_dzo_06734,unlabeled,Unknown,4.827735,-0.9054002,0.6596478,15.435822,-0.97176707,5.013078
ddc_dzo_06738,unlabeled,Unknown,4.1917477,-0.25670302,0.73041457,13.104808,2.1634269,8.671774
ddc_dzo_06771,unlabeled,Unknown,0.1498731,-1.1546714,-0.9606062,15.636886,2.0995586,1.6767597
ddc_dzo_06753,unlabeled,Unknown,-9.326634,-2.8926227,0.4511193,-0.7161484,-1.6394047,1.7524676
ddc_dzo_06768,unlabeled,Unknown,3.6025813,-1.7271173,-0.5076178,15.45887,-0.5513205,5.616974
ddc_dzo_06777,unlabeled,Unknown,-0.33965075,-1.2106285,-0.24198976,16.00584,0.89669234,0.74819624
ddc_dzo_06779,unlabeled,Unknown,0.57111907,-2.063415,0.3927315,16.165453,1.0909286,0.6600347
ddc_dzo_06792,unlabeled,Unknown,3.05062,-0.058940202,-0.10286149,15.115409,-0.7747555,4.7958593
ddc_dzo_06774,unlabeled,Unknown,3.7889583,-0.8858037,0.5611962,15.515214,-0.8152099,5.1992993
ddc_dzo_06793,unlabeled,Unknown,-0.6730263,-1.6364754,-0.5020955,14.190537,0.428597,10.569995
ddc_dzo_06823,unlabeled,Unknown,-3.2625062,2.5871391,-0.7431806,5.681346,-1.9714293,-7.5693736
ddc_dzo_06826,unlabeled,Unknown,1.7527618,1.096355,-10.9925585,0.4169372,14.125404,6.444835
ddc_dzo_06825,unlabeled,Unknown,0.68185455,-1.4973024,0.7182154,15.882308,1.8216771,1.6414301
ddc_dzo_06806,unlabeled,Unknown,2.2577457,-0.019081324,-1.751454,16.501516,1.3057843,1.3597258
ddc_dzo_06803,unlabeled,Unknown,-10.955434,-0.6665901,1.649359,-1.3096989,-2.0317426,0.93417287
ddc_dzo_06810,unlabeled,Unknown,-11.491291,-4.030077,2.1439905,-1.5262579,-2.4031055,1.4947127
ddc_dzo_06837,unlabeled,Unknown,-1.2634405,0.9556378,-0.31159288,16.117825,0.9341652,0.6226461
ddc_dzo_06846,unlabeled,Unknown,-13.61289,-3.0054784,0.5728027,-1.1409256,-2.1786714,1.0494345
ddc_dzo_06848,unlabeled,Unknown,-10.099148,-5.117779,1.6515938,-1.1024666,-1.7352113,2.16525
ddc_dzo_06835,unlabeled,Unknown,3.9647913,-1.5753502,0.91052306,16.40294,1.9236962,5.514698
ddc_dzo_06838,unlabeled,Unknown,4.579948,-1.2024138,0.39934865,15.215225,-0.9466146,5.1438894
ddc_dzo_06852,unlabeled,Unknown,3.4112105,-1.1017296,-0.15846275,12.89335,2.445404,8.38943
ddc_dzo_06862,unlabeled,Unknown,2.3093836,-1.154501,1.1171755,15.427407,-0.67354333,4.8009615
ddc_dzo_06868,unlabeled,Unknown,2.5836747,-0.77813536,-0.19619182,15.302612,-1.009077,5.03969
ddc_dzo_06855,unlabeled,Unknown,3.7751021,-1.755141,0.9958271,16.833872,1.145065,5.751973
ddc_dzo_06854,unlabeled,Unknown,3.8807564,-2.1853082,0.31901544,13.015615,2.2488027,8.203977
ddc_dzo_06888,unlabeled,Unknown,-11.210658,-1.9242071,0.058852658,-1.0557294,-1.9154115,0.7599965
ddc_dzo_06903,unlabeled,Unknown,-0.714746,-0.5641478,-1.1853884,16.269855,1.1510056,0.787933
ddc_dzo_06904,unlabeled,Unknown,-10.444376,-4.7795,-1.2876327,-0.9883221,-2.134688,1.8811456
ddc_dzo_06883,unlabeled,Unknown,3.177919,-0.9143008,1.0877508,16.508791,2.2858448,5.373983
ddc_dzo_06901,unlabeled,Unknown,3.2833815,-1.0428262,1.1501927,17.000261,0.5859666,5.436711
ddc_dzo_06887,unlabeled,Unknown,1.4620497,0.7718478,1.4471635,12.733457,1.6375308,9.30505
ddc_dzo_06919,unlabeled,Unknown,-0.9777899,10.12759,-0.7863291,6.824765,14.436199,2.0502868
ddc_dzo_06921,unlabeled,Unknown,-3.6877334,9.663689,-1.5664114,6.7651353,14.34795,1.8947605
ddc_dzo_07319,unlabeled,Unknown,0.98225737,-3.5557532,-0.8201621,16.199203,1.2210824,0.6027922
ddc_dzo_06922,unlabeled,Unknown,-12.19101,-4.1914973,0.90140915,-1.2822894,-2.4961116,1.8371323
ddc_dzo_06924,unlabeled,Unknown,3.1704977,2.1381302,-0.8078999,16.893425,1.7184819,4.789455
ddc_dzo_06928,unlabeled,Unknown,4.6738157,-1.9043359,-0.21354601,16.457201,1.0995287,5.9664145
ddc_dzo_06918,unlabeled,Unknown,3.1208832,-3.3108928,0.92263275,16.725096,0.99493647,6.017639
ddc_dzo_06961,unlabeled,Unknown,3.1192286,-1.0829297,-0.7601112,16.199915,1.2601812,0.8666835
ddc_dzo_06954,unlabeled,Unknown,1.5780087,-1.3217273,-0.4320274,16.282812,1.3219086,1.13138
ddc_dzo_06963,unlabeled,Unknown,4.381985,-1.8216246,-0.5958055,16.695263,2.281266,5.3793564
ddc_dzo_06944,unlabeled,Unknown,2.085144,-0.40056956,0.45822865,16.227774,1.8458863,5.1551943
ddc_dzo_06937,unlabeled,Unknown,2.460695,-1.4051504,0.16073707,15.038877,-0.5919896,4.7519407
ddc_dzo_06950,unlabeled,Unknown,2.7098668,-0.31813145,0.075198576,13.2311,1.5211102,9.09133
ddc_dzo_06958,unlabeled,Unknown,3.3476753,-0.89354724,1.118226,12.429695,1.8005917,8.173575
ddc_dzo_06971,unlabeled,Unknown,-2.7869537,0.5093627,-6.587097,2.1751509,6.944901,16.622751
ddc_dzo_06980,unlabeled,Unknown,-1.4543765,1.8985493,-11.785418,0.50955933,14.165174,6.5334463
ddc_dzo_07050,unlabeled,Unknown,-11.635475,-1.2185777,0.48640886,-1.1266295,-1.8791491,1.122445
ddc_dzo_06985,unlabeled,Unknown,3.8335755,0.019171042,1.379956,16.720863,2.2075195,5.309015
ddc_dzo_06988,unlabeled,Unknown,-12.990585,-3.1919324,1.1536057,-1.050739,-2.434356,2.0713038
ddc_dzo_06968,unlabeled,Unknown,-9.905055,-3.0385406,0.068051934,-0.89075905,-2.4066558,1.3548266
ddc_dzo_06984,unlabeled,Unknown,3.7705534,-1.4361874,1.4196775,15.032631,-0.5520694,4.867399
ddc_dzo_06997,unlabeled,Unknown,-1.1527172,3.1804342,-11.995234,0.4915713,14.194727,6.522498
ddc_dzo_07008,unlabeled,Unknown,-5.1992083,10.690532,0.9161171,6.821917,14.404388,2.0095556
ddc_dzo_07001,unlabeled,Unknown,0.28554326,-2.5538735,0.17371581,15.609457,2.1010978,1.6916158
ddc_dzo_07002,unlabeled,Unknown,-5.1644306,9.664003,-1.7947929,6.6694975,14.210614,1.854457
ddc_dzo_07005,unlabeled,Unknown,2.002201,-1.344678,0.50482494,15.439084,2.1408014,1.8295543
ddc_dzo_07013,unlabeled,Unknown,2.8598819,0.27782145,0.7273161,16.224546,1.8596312,5.185945
ddc_dzo_07029,unlabeled,Unknown,-2.2906697,2.7955935,-13.161461,2.9080186,7.6111226,16.759304
ddc_dzo_07047,unlabeled,Unknown,-3.8293996,4.470332,-9.637721,2.2196524,6.99302,16.683624
ddc_dzo_07036,unlabeled,Unknown,-0.2565972,-2.3396418,0.14832154,16.214386,1.2212381,1.0147871
ddc_dzo_07048,unlabeled,Unknown,-6.255997,10.704321,0.71704596,6.852834,14.486535,1.8126138
ddc_dzo_07039,unlabeled,Unknown,4.239673,-0.7979078,0.3800842,15.314553,-0.696175,5.5120807
ddc_dzo_07043,unlabeled,Unknown,4.1731343,-1.1430686,0.673133,12.808862,1.8019283,8.862173
ddc_dzo_07074,unlabeled,Unknown,1.1960039,-1.7801757,1.8738527,15.47962,2.0961342,1.8159028
ddc_dzo_07062,unlabeled,Unknown,-4.7282157,8.861672,0.27784786,6.8478694,14.471137,1.8278146
ddc_dzo_07051,unlabeled,Unknown,4.2144127,0.1262453,1.4334143,16.533533,1.076005,5.9196467
ddc_dzo_07057,unlabeled,Unknown,3.9903898,-2.5004618,0.051950634,15.731655,-0.6949268,5.2430344
ddc_dzo_07108,unlabeled,Unknown,2.2579868,-2.154083,0.025934687,12.9572525,2.3388615,8.259003
ddc_dzo_07081,unlabeled,Unknown,-4.557283,-0.44915453,-0.5899849,5.935402,-2.3236084,-7.5965147
ddc_dzo_07088,unlabeled,Unknown,2.1225321,-0.67095023,-0.55636334,16.19539,1.4079511,1.5436225
ddc_dzo_07091,unlabeled,Unknown,0.32840076,-3.067199,0.19533966,15.529839,0.79070514,1.7041639
ddc_dzo_07096,unlabeled,Unknown,-10.002274,-1.2445885,0.8402037,-0.81201404,-1.6703042,1.2402349
ddc_dzo_07094,unlabeled,Unknown,3.0307605,0.2544723,2.3085637,13.170525,1.3406191,8.817034
ddc_dzo_07079,unlabeled,Unknown,4.035981,-0.36652318,1.6638662,12.922875,1.9039996,8.820991
ddc_dzo_07098,unlabeled,Unknown,3.6447647,-0.56238216,0.60265297,12.684931,2.022433,8.4088
ddc_dzo_07131,unlabeled,Unknown,-6.0308084,0.54883736,0.092263475,5.8974,-2.3645139,-7.6651936
ddc_dzo_07138,unlabeled,Unknown,-3.3028889,3.190116,-11.156619,2.8671987,7.511123,16.787657
ddc_dzo_07134,unlabeled,Unknown,-2.2763975,0.897308,-12.311312,0.5975682,14.149581,6.627618
ddc_dzo_07135,unlabeled,Unknown,-1.6748025,-3.0411723,1.4720175,16.043722,0.9083171,0.5313316
ddc_dzo_07122,unlabeled,Unknown,5.827349,0.16973396,0.37081096,16.550694,0.9206064,6.216637
ddc_dzo_07168,unlabeled,Unknown,-5.3283715,2.7593,-3.3902566,5.8008404,-2.0099216,-7.452302
ddc_dzo_07147,unlabeled,Unknown,-2.4167426,2.944004,-9.213624,3.0434277,7.432055,16.854126
ddc_dzo_07145,unlabeled,Unknown,-1.6698519,0.96790475,-10.513336,0.48121116,14.116049,6.511211
ddc_dzo_07169,unlabeled,Unknown,1.053205,-3.2409637,0.7071823,16.088428,1.2585124,1.6213837
ddc_dzo_07143,unlabeled,Unknown,1.2542211,-1.8483193,-1.9195337,16.421381,1.4145021,1.4473512
ddc_dzo_07162,unlabeled,Unknown,-12.896962,-1.9509292,0.4988002,-0.9396108,-1.8837328,1.6185614
ddc_dzo_07153,unlabeled,Unknown,2.970203,-1.7378079,2.1560004,16.605846,1.098809,6.30799
ddc_dzo_07200,unlabeled,Unknown,-5.4928517,2.3376656,0.036256604,5.9548554,-2.233805,-7.3694034
ddc_dzo_07181,unlabeled,Unknown,-0.52926075,3.2598386,-9.47444,0.42456478,14.104592,6.458532
ddc_dzo_07193,unlabeled,Unknown,0.6165777,-1.0440706,-0.061289527,16.291735,1.2611778,1.119731
ddc_dzo_07201,unlabeled,Unknown,1.1393843,-1.2425085,1.904156,16.647305,1.6012119,4.852986
ddc_dzo_07209,unlabeled,Unknown,2.0809827,-1.4177065,0.94203347,15.950506,-0.31703633,4.6529455
ddc_dzo_07194,unlabeled,Unknown,3.1366394,-0.0026702902,0.73421127,17.002007,1.1537113,5.9659357
ddc_dzo_07240,unlabeled,Unknown,-4.6839995,1.3085563,-3.722742,5.828934,-2.0863454,-7.4437594
ddc_dzo_07215,unlabeled,Unknown,-6.721991,-1.0145566,-0.6169019,5.915125,-2.2528563,-7.4923935
ddc_dzo_07229,unlabeled,Unknown,-5.797216,-0.33604223,-1.7811761,5.8046556,-1.9692268,-7.379789
ddc_dzo_07244,unlabeled,Unknown,-5.8884654,2.3878179,-2.8332384,5.976074,-2.6020377,-8.06135
ddc_dzo_07220,unlabeled,Unknown,-2.333729,4.520054,-12.411838,2.7694695,7.610937,16.749586
ddc_dzo_07238,unlabeled,Unknown,-5.556107,1.0585254,-2.8998404,5.7861724,-1.81645,-7.189802
ddc_dzo_07219,unlabeled,Unknown,-6.0562906,-0.6991037,-2.8283608,2.2191074,6.9871097,16.671434
ddc_dzo_07243,unlabeled,Unknown,0.65236247,-2.4780307,0.9473945,15.895094,0.8148661,0.57463014
ddc_dzo_07225,unlabeled,Unknown,2.1634104,-1.4008869,0.11879716,16.677034,2.0332673,5.8392487
ddc_dzo_07227,unlabeled,Unknown,1.9107356,-1.3182421,-0.0034155361,16.627356,1.9826673,5.8407745
ddc_dzo_07232,unlabeled,Unknown,2.8650217,0.15422216,-0.23959434,12.894567,2.2109666,7.909885
ddc_dzo_07281,unlabeled,Unknown,0.6016104,-2.004127,-0.93897927,15.595135,2.0626714,1.713126
ddc_dzo_07269,unlabeled,Unknown,1.1404629,-1.5249343,-0.78461283,16.243975,1.5485843,1.7202542
ddc_dzo_07260,unlabeled,Unknown,-8.749433,-2.850054,-2.9734447,-1.1697614,-2.210714,1.1043504
ddc_dzo_07257,unlabeled,Unknown,1.6235573,-1.8320308,0.844767,15.356499,-0.17036618,5.010809
ddc_dzo_07276,unlabeled,Unknown,4.986348,-0.56872815,-0.034423735,16.588598,1.0378981,6.1346583
ddc_dzo_07305,unlabeled,Unknown,-2.6210117,1.2697914,-1.5140815,5.7968163,-2.4891846,-8.074011
ddc_dzo_07315,unlabeled,Unknown,1.5095445,-0.28629127,-1.6397661,15.570064,-0.5461547,4.2384715
ddc_dzo_07288,unlabeled,Unknown,-4.904059,8.8530445,-1.3147181,6.935136,14.37948,1.64963
ddc_dzo_07310,unlabeled,Unknown,1.0471727,-1.9387336,1.2496297,15.554197,0.8021572,1.7120154
ddc_dzo_07313,unlabeled,Unknown,2.7407513,-1.6994672,0.9299963,15.322317,-0.83151,5.1898932
ddc_dzo_07347,unlabeled,Unknown,-1.0299736,-2.2009063,0.42646834,15.966819,1.0442379,1.4728173
ddc_dzo_07340,unlabeled,Unknown,-1.9670035,-2.2372465,-0.23045696,16.033089,0.91042864,0.63301045
ddc_dzo_07342,unlabeled,Unknown,-0.5880193,-0.78594387,-0.6654526,16.033068,1.6212142,1.6002258
ddc_dzo_07324,unlabeled,Unknown,0.43146253,-2.0917175,0.464381,15.419939,0.67984444,1.6562308
ddc_dzo_07354,unlabeled,Unknown,2.8938754,0.12277284,1.3891666,12.551078,2.0700555,8.347488
ddc_dzo_07345,unlabeled,Unknown,2.8879569,0.927003,0.49479303,12.497154,2.0584922,8.209211
ddc_dzo_07374,unlabeled,Unknown,-5.17976,3.7722101,-8.331609,2.9385095,7.284624,17.00605
ddc_dzo_07365,unlabeled,Unknown,1.0948541,2.1183333,0.68093795,16.776752,1.9908545,4.8202395
ddc_dzo_07376,unlabeled,Unknown,0.60191023,0.21950455,1.4343047,16.168217,1.1821178,0.6764187
ddc_dzo_07384,unlabeled,Unknown,-11.9908495,-0.9194789,0.18959077,-1.117279,-1.9262285,0.9958151
ddc_dzo_07367,unlabeled,Unknown,-10.530007,-3.0205843,-1.7707065,-0.54548806,-2.201949,1.5287597
ddc_dzo_07375,unlabeled,Unknown,0.03133269,-2.2629807,0.006059724,15.446089,0.67273307,1.7189212
ddc_dzo_07362,unlabeled,Unknown,0.3791604,-3.109801,-1.0568974,16.113497,1.6982279,1.5450213
ddc_dzo_07371,unlabeled,Unknown,-10.925173,-3.2477453,0.74677706,-1.2808691,-2.1965,1.2438284
ddc_dzo_07369,unlabeled,Unknown,4.83387,-1.0761757,0.20264107,16.798975,0.8491356,5.93874
ddc_dzo_07409,unlabeled,Unknown,-3.5955477,0.6334962,-6.34887,2.1999106,6.9591537,16.645496
ddc_dzo_07399,unlabeled,Unknown,1.0024966,-2.0377579,-0.80694216,16.18452,1.027487,1.0497302
ddc_dzo_07391,unlabeled,Unknown,-9.839922,2.02231,0.025747498,-1.1933792,-1.8225751,0.7751562
ddc_dzo_07400,unlabeled,Unknown,-0.9600165,-2.9127386,-0.7755045,16.347008,1.1181073,1.3771377
ddc_dzo_07423,unlabeled,Unknown,2.522323,-0.90925664,1.6005493,12.5152855,1.902587,8.626778
ddc_dzo_07455,unlabeled,Unknown,0.6640544,-1.2382094,1.2424514,15.680438,0.6538601,0.9702925
ddc_dzo_07434,unlabeled,Unknown,2.0640092,-1.1666764,-0.9955501,16.182983,1.1727873,0.6605431
ddc_dzo_07441,unlabeled,Unknown,0.57101583,-0.682643,-0.5152366,15.576721,1.8531328,1.720901
ddc_dzo_07433,unlabeled,Unknown,0.038783453,-2.2673635,2.1785734,16.324474,1.1507427,1.5936382
ddc_dzo_07445,unlabeled,Unknown,1.8824008,-1.1043267,0.828059,16.923857,2.1648893,5.4489546
ddc_dzo_07456,unlabeled,Unknown,3.8567824,-0.24975821,0.57943636,17.137419,1.2093127,6.156484
ddc_dzo_07486,unlabeled,Unknown,-8.827855,-0.9767921,-0.0048547946,-0.93764925,-2.0606115,0.8410978
ddc_dzo_07463,unlabeled,Unknown,-6.1118526,-0.6937326,-1.0767314,5.9627943,-2.2780108,-7.5074997
ddc_dzo_07489,unlabeled,Unknown,-4.7041526,0.7234186,-3.1404028,5.825136,-2.4683433,-8.039367
ddc_dzo_07464,unlabeled,Unknown,-0.11941959,0.28498417,-0.24127492,16.081867,1.0150787,0.7327567
ddc_dzo_07482,unlabeled,Unknown,-10.229491,-3.1433098,-1.8147087,-1.1061412,-1.7885109,1.3302689
ddc_dzo_07471,unlabeled,Unknown,-11.6199665,-2.6449387,-0.4134687,-1.5298886,-2.215071,1.8594908
ddc_dzo_07512,unlabeled,Unknown,-6.014845,3.581468,0.8442256,5.995676,-2.614703,-8.041332
ddc_dzo_07522,unlabeled,Unknown,-8.542142,-0.39638212,-6.5676384,2.2562325,7.002427,16.701078
ddc_dzo_07518,unlabeled,Unknown,-11.371655,-4.234547,-0.7336752,-1.3641512,-2.4592855,1.0572734
ddc_dzo_07494,unlabeled,Unknown,-11.403573,-2.0678692,-0.04689474,-1.3987939,-2.5413163,1.3998221
ddc_dzo_07508,unlabeled,Unknown,-11.995819,-3.3323655,-0.44136173,-1.0724152,-2.542264,1.2205774
ddc_dzo_07547,unlabeled,Unknown,-5.421899,1.6272818,-3.216523,5.910175,-2.5336933,-8.077858
ddc_dzo_07532,unlabeled,Unknown,-3.563593,4.390883,-8.67366,3.533588,6.971054,16.977154
ddc_dzo_07533,unlabeled,Unknown,-2.200701,-0.08273536,-0.05962885,15.912559,0.660985,0.7284877
ddc_dzo_07562,unlabeled,Unknown,1.5031917,-2.500909,1.1050118,15.581151,0.65456593,1.2573682
ddc_dzo_07558,unlabeled,Unknown,0.4992954,-2.741498,1.7926165,15.8939705,1.0219456,1.53442
ddc_dzo_07529,unlabeled,Unknown,3.8596916,-0.20444505,0.73542404,16.432518,1.589489,6.0093055
ddc_dzo_07554,unlabeled,Unknown,2.1259966,0.5145719,-0.97224754,13.012837,1.2174737,9.2828
ddc_dzo_07564,unlabeled,Unknown,-4.2305775,0.76475793,-0.17312261,-1.2027122,2.1841538,7.014823
ddc_dzo_07563,unlabeled,Unknown,-5.848066,1.02724,0.17046614,5.9259086,-2.2033591,-7.446928
ddc_dzo_07568,unlabeled,Unknown,-10.288004,-2.1184144,-0.42936057,-1.1495237,-2.0651324,0.92848617
ddc_dzo_07594,unlabeled,Unknown,-4.965253,2.0963686,-11.144847,2.785446,7.63253,16.73459
ddc_dzo_07590,unlabeled,Unknown,-10.723849,-2.8832743,0.29342693,-1.134641,-1.930498,0.89051783
ddc_dzo_07588,unlabeled,Unknown,0.33570942,-2.019204,-0.19870117,16.14164,1.3145394,1.6275359
ddc_dzo_07596,unlabeled,Unknown,1.2083409,-0.113756806,0.7567366,17.2254,1.6450632,4.8090177
ddc_dzo_07578,unlabeled,Unknown,3.7380085,-0.8891974,0.2188974,15.210321,-0.48694956,5.429275
ddc_dzo_07625,unlabeled,Unknown,-3.1852813,2.1853297,-10.83449,2.8950362,7.578493,16.76951
ddc_dzo_07598,unlabeled,Unknown,-0.12142476,-1.1673877,-1.6380142,16.326557,1.0884651,0.9899515
ddc_dzo_07627,unlabeled,Unknown,1.5173488,-0.3384386,-1.6318389,16.518372,1.3798816,1.4773946
ddc_dzo_07603,unlabeled,Unknown,-1.1180573,2.7114203,-12.8406925,3.5268764,6.6597166,17.195253
ddc_dzo_07628,unlabeled,Unknown,4.540643,-0.32277423,1.0899808,16.852116,2.2802455,5.5025516
ddc_dzo_07607,unlabeled,Unknown,3.2993553,-0.036912043,1.0892038,17.003416,1.2978209,6.1178837
ddc_dzo_07629,unlabeled,Unknown,2.8245294,0.097682424,1.1098572,12.781582,1.6937969,9.216087
ddc_dzo_07663,unlabeled,Unknown,-0.353856,-1.6841364,-0.6011911,16.45489,1.3313601,1.5174547
ddc_dzo_07667,unlabeled,Unknown,-5.1304965,10.957268,-1.9655162,6.8504224,14.467636,1.8213552
ddc_dzo_07652,unlabeled,Unknown,3.5621116,0.29124457,0.17224495,16.54386,1.7382278,5.7636695
ddc_dzo_07660,unlabeled,Unknown,3.954619,-0.96347296,0.17698838,15.113134,-0.8537662,5.0319557
ddc_dzo_07654,unlabeled,Unknown,2.7781,0.5980681,1.0056697,15.484463,-0.79463017,5.316779
ddc_dzo_07705,unlabeled,Unknown,-3.8594077,2.4408004,-2.081823,5.8005815,-2.4047554,-7.982968
ddc_dzo_07688,unlabeled,Unknown,-0.6674796,3.4586058,-8.654285,0.44437024,14.171604,6.48026
ddc_dzo_07676,unlabeled,Unknown,0.14871079,0.907552,-12.210981,0.56942546,14.2372,6.6115694
ddc_dzo_07696,unlabeled,Unknown,1.4560423,-0.43091556,-0.43896848,16.129034,1.0665648,0.6786225
ddc_dzo_07680,unlabeled,Unknown,-4.021246,10.615294,0.31636918,6.669856,14.254384,1.8898406
ddc_dzo_07692,unlabeled,Unknown,0.2249529,-3.0322957,-0.76521325,16.214113,1.3145704,1.6641351
ddc_dzo_07675,unlabeled,Unknown,-10.828831,-2.4784172,2.0566223,-1.1007046,-1.9148428,1.9844779
ddc_dzo_07694,unlabeled,Unknown,5.0164495,-2.004586,1.0855575,16.262793,1.216366,6.1834054
ddc_dzo_07698,unlabeled,Unknown,4.462824,-0.5427646,2.053663,16.90398,0.9363258,5.779233
ddc_dzo_07712,unlabeled,Unknown,-5.6959662,3.2625082,-6.845514,2.5832703,7.2560453,16.912178
ddc_dzo_07728,unlabeled,Unknown,-6.185366,0.73724747,-0.42037064,6.0074687,-2.3020806,-7.6025724
ddc_dzo_07738,unlabeled,Unknown,0.9053371,-0.5242249,-0.8699397,15.857333,0.61343986,3.793578
ddc_dzo_07740,unlabeled,Unknown,1.9298037,0.38590804,-1.3648301,15.624465,0.07014531,5.3239617
ddc_dzo_07729,unlabeled,Unknown,0.32763463,-2.3806756,-0.60461724,16.487238,1.3668556,1.5395374
ddc_dzo_07733,unlabeled,Unknown,3.5667548,-0.1366401,0.20822391,16.313086,1.8424801,5.2059846
ddc_dzo_07716,unlabeled,Unknown,2.953303,-0.053120475,0.63173336,15.202969,-0.5213187,5.2871265
ddc_dzo_07765,unlabeled,Unknown,-0.11560894,1.7629886,-9.622302,0.42290878,14.132605,6.4465747
ddc_dzo_07769,unlabeled,Unknown,-2.0410757,1.8948627,-12.68355,0.5633523,14.162631,6.59025
ddc_dzo_07772,unlabeled,Unknown,0.14493683,-1.9499696,-0.033467222,16.028316,1.3867351,1.2144732
ddc_dzo_07754,unlabeled,Unknown,-11.7648115,-1.4939421,-0.14526576,-1.4768324,-2.4969723,1.1408638
ddc_dzo_07762,unlabeled,Unknown,3.8914857,-1.5184216,-0.4215646,16.511814,2.109215,5.904727
ddc_dzo_07780,unlabeled,Unknown,1.035985,-0.64111483,-0.75969756,16.062769,0.92792284,0.5066415
ddc_dzo_07787,unlabeled,Unknown,2.4852824,-2.4545076,1.519831,16.210752,1.3378145,0.96591115
ddc_dzo_07797,unlabeled,Unknown,3.317567,0.47829407,1.7186745,16.362993,1.9252489,6.091198
ddc_dzo_07794,unlabeled,Unknown,3.474823,-1.2624248,2.3228846,17.090174,1.2532629,6.0324874
ddc_dzo_07781,unlabeled,Unknown,2.6043334,-1.0663093,1.6204187,16.533401,1.051811,6.092853
ddc_dzo_07844,unlabeled,Unknown,-4.8653364,0.24827614,-0.6750468,5.9139686,-2.2120702,-7.4515295
ddc_dzo_07812,unlabeled,Unknown,-4.189489,10.15697,-0.32773843,6.892651,14.399008,1.6875448
ddc_dzo_07840,unlabeled,Unknown,2.4688714,-0.25082305,2.5704176,16.338621,2.0941925,5.6734095
ddc_dzo_07845,unlabeled,Unknown,2.1982718,-1.010947,-1.183424,13.769649,1.1134661,9.722646
ddc_dzo_07820,unlabeled,Unknown,2.5394437,-1.9888794,0.23935822,13.010316,2.4019094,8.32408
ddc_dzo_07834,unlabeled,Unknown,2.8771691,-1.1361197,0.88744885,12.695545,1.7927464,8.932958
ddc_dzo_07879,unlabeled,Unknown,-2.9544227,2.6293898,-13.826199,3.1993713,7.257561,17.017675
ddc_dzo_07856,unlabeled,Unknown,-0.32152957,-1.3374434,0.24566977,15.948405,0.7831216,0.86342025
ddc_dzo_07855,unlabeled,Unknown,0.9296232,-0.9962545,2.8127928,15.924148,0.66800725,0.85466
ddc_dzo_07876,unlabeled,Unknown,-4.912185,11.451107,-0.3028769,6.677858,14.248453,1.910099
ddc_dzo_07861,unlabeled,Unknown,-10.804262,-2.5852947,0.30874038,-0.9037021,-2.0854702,1.4918369
ddc_dzo_07847,unlabeled,Unknown,2.146272,0.594203,-2.9301422,13.929,0.84105396,10.004394
ddc_dzo_07881,unlabeled,Unknown,0.5385242,-1.0149059,0.7536366,15.828569,0.53145957,0.8445893
ddc_dzo_07950,unlabeled,Unknown,-0.2793654,-0.87089276,-0.16615409,15.645544,2.1035035,1.6667373
ddc_dzo_07885,unlabeled,Unknown,1.6542393,-0.75015247,0.16912268,16.083227,0.072262146,4.496491
ddc_dzo_07891,unlabeled,Unknown,1.1991168,-1.7677863,-0.0126524065,14.847247,-0.6140076,4.8125925
ddc_dzo_07922,unlabeled,Unknown,-3.7425134,2.6758287,-10.801933,2.7217698,7.382053,16.87514
ddc_dzo_07927,unlabeled,Unknown,-3.6693733,1.2852926,-1.529515,5.92371,-2.278707,-7.4940944
ddc_dzo_07928,unlabeled,Unknown,-5.234397,1.0256683,-1.6512138,5.882392,-2.5099976,-8.001467
ddc_dzo_07937,unlabeled,Unknown,-0.9020237,-1.4006963,0.13139735,15.8404875,1.8887259,1.600529
ddc_dzo_07926,unlabeled,Unknown,0.6887295,-2.1954947,-1.5493919,16.222145,1.4177892,1.4631654
ddc_dzo_07947,unlabeled,Unknown,1.728043,-1.979507,-0.6750616,16.190517,1.1438267,1.7261944
ddc_dzo_07930,unlabeled,Unknown,3.1035597,-0.569351,-0.06651736,16.760246,2.086814,5.6677017
ddc_dzo_07919,unlabeled,Unknown,0.39801955,0.32931808,1.6780453,16.623299,1.1619532,4.7028055
ddc_dzo_07924,unlabeled,Unknown,3.2381418,-0.36448133,1.2183553,15.116474,-0.9446565,5.082492
ddc_dzo_07935,unlabeled,Unknown,3.959578,-1.2410076,0.47267255,16.87315,1.1686612,5.2204127
ddc_dzo_07920,unlabeled,Unknown,2.7406254,-0.32578167,-0.5478727,12.969388,1.4790307,8.278896
ddc_dzo_07948,unlabeled,Unknown,2.5797327,-0.4734414,0.5702861,13.195916,0.8296701,8.883094
ddc_dzo_07984,unlabeled,Unknown,-4.500716,8.425051,-0.35271168,6.9434648,14.656107,2.0210087
ddc_dzo_07976,unlabeled,Unknown,-2.0614467,-1.1559151,0.24662034,16.249311,1.4603257,1.7015178
ddc_dzo_07967,unlabeled,Unknown,1.153453,-2.1475985,1.0425447,15.971869,1.7078296,1.6870245
ddc_dzo_07969,unlabeled,Unknown,4.2863655,0.08533167,0.6021025,16.554022,2.1039913,5.3008003
ddc_dzo_07951,unlabeled,Unknown,2.956923,-1.3019106,0.39741796,15.417695,-0.4510835,5.5674815
ddc_dzo_08019,unlabeled,Unknown,0.92191327,-1.2256649,0.7438382,16.33033,1.3128595,1.2429323
ddc_dzo_08001,unlabeled,Unknown,1.2266915,-1.6677665,1.2826974,15.433903,0.70573056,1.7227136
ddc_dzo_08009,unlabeled,Unknown,1.526809,-0.7689615,0.39946282,15.50157,2.103566,1.7959332
ddc_dzo_07995,unlabeled,Unknown,2.7900236,-0.76787186,0.3552975,17.141642,1.1655234,5.4795303
ddc_dzo_07993,unlabeled,Unknown,3.9317696,-0.7500687,0.6301136,13.323245,2.1242006,8.342877
ddc_dzo_08043,unlabeled,Unknown,1.1395842,-2.7664454,1.8915066,16.190271,1.2464767,1.630632
ddc_dzo_08036,unlabeled,Unknown,-9.95657,-2.5280302,0.42726246,-1.3468964,-1.7252355,1.5962034
ddc_dzo_08076,unlabeled,Unknown,-9.896294,-3.2970734,-0.6297253,-1.2189956,-2.0132241,0.89763635
ddc_dzo_08073,unlabeled,Unknown,3.0800824,-0.51824254,0.8853591,16.195757,1.1796427,0.6027168
ddc_dzo_08081,unlabeled,Unknown,4.388654,-1.7365212,0.7644689,16.430292,1.8909295,6.146774
ddc_dzo_08121,unlabeled,Unknown,0.3604161,-0.7000932,-0.27617636,16.318441,1.1614232,1.0766692
ddc_dzo_08097,unlabeled,Unknown,-11.552924,-2.5380392,0.53468835,-1.2886564,-1.9420714,0.82051927
ddc_dzo_08103,unlabeled,Unknown,4.1382213,-1.3708664,0.106809564,16.74569,2.2679682,5.5919304
ddc_dzo_08094,unlabeled,Unknown,0.9736149,-2.3069146,0.55539316,14.998865,-0.5584554,5.099223
ddc_dzo_08114,unlabeled,Unknown,4.2662807,-3.387967,0.49206924,12.9453335,2.2003298,8.138938
ddc_dzo_08099,unlabeled,Unknown,1.3403466,-0.24805374,0.8351345,12.639131,1.5735356,8.779248
ddc_dzo_08136,unlabeled,Unknown,-1.246472,3.2414083,-11.69878,0.47155005,14.248784,6.50786
ddc_dzo_08137,unlabeled,Unknown,-0.02909032,1.0076644,0.1256925,16.255518,1.2517262,1.7205591
ddc_dzo_08147,unlabeled,Unknown,0.0042140037,-1.9464943,-0.3968828,16.124655,1.4194027,1.5572839
ddc_dzo_08131,unlabeled,Unknown,2.9038975,-0.8703238,-0.6495838,16.045319,0.4646277,5.3505588
ddc_dzo_08152,unlabeled,Unknown,3.406879,-0.59006464,0.62261057,16.389833,1.423475,4.849395
ddc_dzo_08173,unlabeled,Unknown,-4.4298306,0.5204095,-0.5827682,5.9792566,-2.2760673,-7.5652814
ddc_dzo_08195,unlabeled,Unknown,-1.0871433,-0.115594536,-11.386577,3.547605,6.571045,17.282827
ddc_dzo_08172,unlabeled,Unknown,2.3822153,-1.0363411,-1.0489141,16.612507,2.1085238,5.104359
ddc_dzo_08162,unlabeled,Unknown,3.3619652,-2.0587375,1.1979586,16.597424,1.6403608,6.1917634
ddc_dzo_08193,unlabeled,Unknown,4.035051,-2.118313,0.34694555,16.430212,1.9438609,5.9235206
ddc_dzo_08169,unlabeled,Unknown,3.0681038,0.07013629,1.4946126,17.01148,1.4633583,6.0566316
ddc_dzo_08219,unlabeled,Unknown,-3.279991,0.10032893,-1.8359191,6.0113845,-2.3266158,-7.5396724
ddc_dzo_08205,unlabeled,Unknown,-6.087711,2.008792,-1.5084506,5.6471496,-1.7757443,-7.2293587
ddc_dzo_08212,unlabeled,Unknown,-1.7428007,2.3484302,-9.829016,0.46978864,14.176032,6.5047936
ddc_dzo_08216,unlabeled,Unknown,-11.579038,-2.5702386,-1.5865264,-1.376027,-2.064945,2.0961022
ddc_dzo_08206,unlabeled,Unknown,0.23716487,-4.926617,0.5495015,16.113363,1.3134986,0.9345557
ddc_dzo_08211,unlabeled,Unknown,-10.3108,-3.1353438,1.5943129,-0.87142605,-2.1121569,0.92290723
ddc_dzo_08226,unlabeled,Unknown,1.8837734,-1.7207948,-0.3113496,15.414836,0.71047235,1.7385546
ddc_dzo_08232,unlabeled,Unknown,3.8574836,-1.2790858,0.20520271,15.337409,-0.8926705,4.9614334
ddc_dzo_08250,unlabeled,Unknown,-2.76748,5.2945123,-11.033177,2.8988204,7.5109525,16.769764
ddc_dzo_08263,unlabeled,Unknown,-10.92046,-2.5124624,1.8810124,-1.2872043,-2.283362,0.8681246
ddc_dzo_08266,unlabeled,Unknown,2.945318,0.78450936,1.4894315,16.512178,2.1950493,5.262478
ddc_dzo_08269,unlabeled,Unknown,3.3388817,0.584299,-1.8285263,16.480278,2.203421,5.139831
ddc_dzo_08312,unlabeled,Unknown,-12.542655,-2.2775564,2.5026362,-1.0687003,-1.9756607,0.9533147
ddc_dzo_08288,unlabeled,Unknown,0.46305233,-0.36117724,0.60839784,16.137217,0.9472335,0.65818626
ddc_dzo_08282,unlabeled,Unknown,0.9821163,1.8319064,2.9020524,15.947207,-0.6392884,5.2044525
ddc_dzo_08280,unlabeled,Unknown,4.0158653,-1.8989905,2.2552125,15.272406,-0.52563417,5.6470294
ddc_dzo_08287,unlabeled,Unknown,2.5913339,-0.30884367,0.6604884,17.47111,1.5965912,5.035433
ddc_dzo_08332,unlabeled,Unknown,-1.2485763,5.046344,-1.6078309,-7.668399,5.261163,7.0495534
ddc_dzo_08341,unlabeled,Unknown,-6.2809753,1.6548824,-3.0872452,5.7763257,-1.7821715,-7.224352
ddc_dzo_08331,unlabeled,Unknown,-1.672807,0.2162024,-1.3642659,16.16184,1.1117114,0.6225798
ddc_dzo_08322,unlabeled,Unknown,0.44431964,-1.1448249,-0.55558705,15.600026,2.1062386,1.7029569
ddc_dzo_08321,unlabeled,Unknown,3.7554533,-0.666726,-0.3758337,16.794722,2.1352477,5.7158246
ddc_dzo_08324,unlabeled,Unknown,3.825005,-1.247352,0.46296084,16.524153,2.1153033,5.9045515
ddc_dzo_08330,unlabeled,Unknown,1.4920158,-1.010187,1.28801,16.959806,1.4705725,4.9936147
ddc_dzo_08346,unlabeled,Unknown,3.4126832,-1.4852118,0.9607847,15.605653,-0.970508,4.977459
ddc_dzo_08379,unlabeled,Unknown,-0.99672073,-1.9122688,-1.0296755,16.202425,1.21636,0.5971354
ddc_dzo_08357,unlabeled,Unknown,-1.3167316,-2.1690645,-2.2841105,15.650096,2.0816,1.6321537
ddc_dzo_08375,unlabeled,Unknown,3.2302108,-0.99052197,1.415764,16.347658,1.8810611,6.0038414
ddc_dzo_08373,unlabeled,Unknown,3.5174878,-0.60735464,0.0121865,12.672253,1.6212977,9.24808
ddc_dzo_08397,unlabeled,Unknown,-12.0308275,-1.9917597,-0.2515389,-1.1778142,-1.7337232,1.3507026
ddc_dzo_08410,unlabeled,Unknown,-0.9713913,-0.6359632,-0.5778195,15.903966,0.6239591,0.6894672
ddc_dzo_08405,unlabeled,Unknown,0.8121124,-2.866884,0.52576625,15.586175,0.87795085,1.6525747
ddc_dzo_08423,unlabeled,Unknown,3.262633,-2.0098255,1.9641904,15.193811,-0.38603687,4.9630127
ddc_dzo_08422,unlabeled,Unknown,2.1236527,0.7334486,0.69999886,13.011609,1.5544009,8.928437
ddc_dzo_08442,unlabeled,Unknown,-4.297381,2.301177,-3.509423,5.835655,-2.4758682,-8.076998
ddc_dzo_08463,unlabeled,Unknown,1.6393727,-1.5795404,0.13964838,16.742592,1.6973797,4.816085
ddc_dzo_08462,unlabeled,Unknown,-5.045065,2.5211892,-1.1445621,5.7715707,-1.8389794,-7.183589
ddc_dzo_08468,unlabeled,Unknown,-1.8996677,-1.4465923,0.0131713785,15.891733,0.6975585,0.73295194
ddc_dzo_08451,unlabeled,Unknown,-0.9983757,2.1210105,1.0604186,15.927587,0.90907496,0.65610975
ddc_dzo_08466,unlabeled,Unknown,-11.157725,-2.7660146,-0.48439762,-0.89681435,-2.066346,1.5585266
ddc_dzo_08456,unlabeled,Unknown,3.8574677,-0.4820909,0.18310943,16.662548,1.9228756,5.6499662
ddc_dzo_08446,unlabeled,Unknown,3.0312393,-0.8872404,1.7954239,17.06519,1.8338163,5.5713944
ddc_dzo_08434,unlabeled,Unknown,2.542127,-1.100714,-0.92791456,14.084158,0.6566541,10.29087
ddc_dzo_08502,unlabeled,Unknown,-0.5920163,-0.32007295,-5.297607,5.8908525,-2.2305117,-7.621848
ddc_dzo_08470,unlabeled,Unknown,-4.613417,2.0509717,-1.0061458,5.860664,-2.1448116,-7.243731
ddc_dzo_08507,unlabeled,Unknown,-4.493453,1.0343407,-1.119032,5.807015,-2.3478181,-7.8326163
ddc_dzo_08493,unlabeled,Unknown,1.6024688,0.1720018,0.30992162,15.690367,-0.50151104,4.482332
ddc_dzo_08504,unlabeled,Unknown,-0.9987624,-0.3827788,0.5475565,16.305668,1.1293666,1.0350131
ddc_dzo_08483,unlabeled,Unknown,1.6997341,-2.3631139,0.6368248,16.283258,1.4013847,1.4254918
ddc_dzo_08492,unlabeled,Unknown,-0.6979839,-3.1516974,0.80994445,15.451295,2.138209,1.825361
ddc_dzo_08505,unlabeled,Unknown,2.2731235,-0.6997344,0.5700591,16.688597,2.0982108,5.209788
ddc_dzo_08486,unlabeled,Unknown,2.2477236,0.3270252,1.1154321,16.440004,2.2068968,5.9771385
ddc_dzo_08475,unlabeled,Unknown,0.11408604,-0.18644738,0.07346664,14.08562,0.6296786,10.32676
ddc_dzo_08525,unlabeled,Unknown,-4.9255085,2.9576707,-3.3105812,5.8534293,-1.9492342,-7.227129
ddc_dzo_08531,unlabeled,Unknown,-1.3036577,0.8641181,-10.430473,0.4206526,14.12711,6.441428
ddc_dzo_08509,unlabeled,Unknown,-1.3507184,-1.269833,0.08975582,15.904858,0.5378662,0.8823714
ddc_dzo_08526,unlabeled,Unknown,-0.410137,-1.0723017,-0.64881384,15.906317,0.69378823,0.68452066
ddc_dzo_08533,unlabeled,Unknown,3.7273347,-0.4535893,0.17476559,13.196024,1.5932052,8.847923
ddc_dzo_08544,unlabeled,Unknown,1.8118576,-1.1182497,1.60625,13.0293,2.2939699,8.127212
ddc_dzo_08532,unlabeled,Unknown,3.863532,-1.2283869,0.4460681,12.754522,2.134905,7.791054
ddc_dzo_08558,unlabeled,Unknown,-12.147532,-1.9963553,2.0934002,-1.021872,-1.8859326,0.7946989
ddc_dzo_08548,unlabeled,Unknown,-11.374681,-2.6893878,2.3937843,-1.1359342,-2.0410023,0.909969
ddc_dzo_08579,unlabeled,Unknown,-5.1840963,5.439147,-8.336038,3.1964624,7.268146,17.116941
ddc_dzo_08574,unlabeled,Unknown,1.4221616,-0.50737584,-1.6681836,16.916725,1.6381794,5.686408
ddc_dzo_08553,unlabeled,Unknown,2.6161742,-1.4654901,0.5125545,16.857832,1.6212486,5.1391582
ddc_dzo_08554,unlabeled,Unknown,2.1595201,-0.70085037,0.03589766,15.244867,-0.49910483,5.4863243
ddc_dzo_08620,unlabeled,Unknown,-10.530354,-2.2265916,0.7339835,-0.9924961,-1.8977766,0.883404
ddc_dzo_08596,unlabeled,Unknown,-6.1501255,3.1564045,-1.5989156,5.7461596,-1.7896583,-7.279275
ddc_dzo_08597,unlabeled,Unknown,-0.15586741,0.4971098,0.17591612,16.279064,1.0901432,0.9357464
ddc_dzo_08622,unlabeled,Unknown,-0.400692,-0.98097306,-0.25164473,15.534756,0.7938216,1.6801041
ddc_dzo_08598,unlabeled,Unknown,-11.2626915,-0.80632186,1.4581155,-0.7297563,-1.731495,1.4887687
ddc_dzo_08609,unlabeled,Unknown,0.71608734,-0.14551516,0.4566058,16.666306,2.2921963,5.350348
ddc_dzo_08600,unlabeled,Unknown,3.0340452,-2.3163085,0.3102128,15.337696,-0.5649292,5.196309
ddc_dzo_08621,unlabeled,Unknown,3.7143826,-1.7603372,0.7862871,16.41284,0.90578705,6.142829
ddc_dzo_08612,unlabeled,Unknown,2.7909362,-1.0438964,1.0529386,17.116066,1.3492529,5.7428427
ddc_dzo_08660,unlabeled,Unknown,-5.973563,1.0534679,-4.7269654,5.8634744,-2.4939342,-8.043524
ddc_dzo_08651,unlabeled,Unknown,-4.40052,4.0965323,-1.07164,5.7192426,-1.8025936,-7.194257
ddc_dzo_08654,unlabeled,Unknown,1.6398648,-0.2552683,1.0213208,16.245726,1.2423121,0.6708648
ddc_dzo_08639,unlabeled,Unknown,0.22644961,-1.7560157,-0.18507764,15.469708,0.56163377,1.8911788
ddc_dzo_08624,unlabeled,Unknown,1.6479099,-1.3481857,1.6117219,16.944601,0.6858314,5.4576335
ddc_dzo_08661,unlabeled,Unknown,4.499854,2.06748,2.0469298,13.151964,1.2715353,8.853372
ddc_dzo_08655,unlabeled,Unknown,3.5533872,-1.6148412,-0.12095559,13.027879,2.0622826,8.208285
ddc_dzo_08700,unlabeled,Unknown,-4.12208,4.1325006,-2.929698,5.6427755,-1.7770627,-7.296977
ddc_dzo_08685,unlabeled,Unknown,-0.73690486,-0.119289465,1.1775482,15.967466,0.836854,0.57755077
ddc_dzo_08674,unlabeled,Unknown,0.3941154,0.8600786,-0.49188057,16.496763,1.4203311,1.7208618
ddc_dzo_08687,unlabeled,Unknown,2.1214542,-1.4100301,0.08091993,16.207226,1.5062824,1.853927
ddc_dzo_08671,unlabeled,Unknown,-8.985292,-4.438404,-3.0230885,-1.3012244,-2.1964889,1.7901773
ddc_dzo_08669,unlabeled,Unknown,3.3199139,-0.47251216,0.8363449,16.317413,1.9249727,6.1624236
ddc_dzo_08696,unlabeled,Unknown,3.9610963,-0.50561696,0.61483634,17.513979,1.0750803,5.4052362
ddc_dzo_08676,unlabeled,Unknown,1.6487268,-0.8092664,0.9588149,13.9418745,0.7639752,9.907171
ddc_dzo_08724,unlabeled,Unknown,-0.14302176,0.53106004,0.1193821,15.485966,-0.77871794,4.960255
ddc_dzo_08707,unlabeled,Unknown,1.8460969,-2.5384378,-0.18036602,16.025251,0.9253505,0.6005189
ddc_dzo_08712,unlabeled,Unknown,0.3979001,-0.32301247,-0.13503857,16.11661,1.1358707,0.72558373
ddc_dzo_08711,unlabeled,Unknown,-0.04560714,-1.804706,0.75334287,15.634291,2.0952284,1.6718642
ddc_dzo_08715,unlabeled,Unknown,1.0074009,-0.025721807,1.3648326,15.537265,0.7988843,1.6435456
ddc_dzo_08738,unlabeled,Unknown,1.3425553,-0.14696813,1.771911,12.616944,1.8308258,9.027729
ddc_dzo_08778,unlabeled,Unknown,-2.2786412,5.321663,-11.323722,2.7741404,7.579205,16.778145
ddc_dzo_08756,unlabeled,Unknown,-7.217227,0.8819545,-8.720473,2.358316,7.0604324,16.742252
ddc_dzo_08777,unlabeled,Unknown,-0.5975489,-1.6469374,0.13399106,15.878056,0.5825128,0.70752394
ddc_dzo_08750,unlabeled,Unknown,-10.396662,-2.3397465,-0.6814369,-1.0175847,-2.1568384,0.8427233
ddc_dzo_08747,unlabeled,Unknown,-1.3070871,-1.1520008,0.6011854,16.335144,1.2838854,1.5422019
ddc_dzo_08753,unlabeled,Unknown,1.2638736,1.5553913,-0.39405665,16.21313,1.4555713,1.5033396
ddc_dzo_08763,unlabeled,Unknown,0.6322269,-2.2673485,-0.15552144,15.905987,1.5467677,1.7639574
ddc_dzo_08758,unlabeled,Unknown,4.3872504,-0.49626008,1.075678,16.287403,2.1732395,5.8099027
ddc_dzo_08775,unlabeled,Unknown,3.6785579,-0.6177915,0.42774963,15.302348,-0.89018035,5.3762155
ddc_dzo_08792,unlabeled,Unknown,2.5101287,-0.79384136,-0.38584664,16.691038,1.8458377,4.7411547
ddc_dzo_08797,unlabeled,Unknown,-2.308092,2.4620447,-11.59454,2.9005034,7.454334,16.876257
ddc_dzo_08816,unlabeled,Unknown,0.7517034,-0.12048632,-0.01598106,15.911075,0.78045464,0.69707334
ddc_dzo_08799,unlabeled,Unknown,1.4763293,0.6194362,0.024802351,16.42116,1.3270432,1.4530237
ddc_dzo_08800,unlabeled,Unknown,-10.616997,0.8515166,1.659571,-1.0863894,-1.7843863,1.022207
ddc_dzo_08810,unlabeled,Unknown,-9.819429,-3.7995434,0.64561,-0.80029297,-1.7930397,1.8539075
ddc_dzo_08795,unlabeled,Unknown,3.775935,-0.57954615,0.6005051,16.293623,1.6692969,5.1354723
ddc_dzo_08805,unlabeled,Unknown,-10.455053,-1.2721424,1.14419,-1.3900502,-1.7523689,1.200595
ddc_dzo_08788,unlabeled,Unknown,1.5922444,-1.485676,0.3123036,15.59472,-0.5676719,4.547229
ddc_dzo_08794,unlabeled,Unknown,4.6177206,-0.21866922,-0.4816527,14.031672,0.7174161,10.20477
ddc_dzo_08833,unlabeled,Unknown,-6.409096,0.6242099,0.1753017,5.9419894,-2.3134732,-7.5883126
ddc_dzo_08842,unlabeled,Unknown,0.26739407,-0.36787522,1.5082985,16.026854,0.5277495,0.8704604
ddc_dzo_08822,unlabeled,Unknown,1.0952474,-0.65302575,-0.13671005,16.236837,1.219594,0.6348222
ddc_dzo_08828,unlabeled,Unknown,-5.684322,9.845472,1.7196808,6.667775,14.238471,1.8876323
ddc_dzo_08821,unlabeled,Unknown,-1.3889941,-1.857797,0.8212346,15.445488,2.080389,1.8452922
ddc_dzo_08830,unlabeled,Unknown,2.829282,-1.2135574,0.7522499,16.409567,2.1738553,5.749979
ddc_dzo_08854,unlabeled,Unknown,4.3766093,-2.6098251,0.26055512,16.304043,0.7913219,6.274419
ddc_dzo_08820,unlabeled,Unknown,2.6622422,-0.8103763,0.019936955,17.269901,1.2054099,6.018037
ddc_dzo_08879,unlabeled,Unknown,-3.3524485,6.296273,-10.008502,2.9179928,7.2563677,16.992329
ddc_dzo_08859,unlabeled,Unknown,-4.9633517,3.0551238,-1.9071404,5.888581,-2.1630476,-7.2730117
ddc_dzo_08871,unlabeled,Unknown,-6.0610027,-0.94722193,-1.7175399,-0.762337,-2.009797,1.2479292
ddc_dzo_08869,unlabeled,Unknown,-6.127101,2.6571414,-1.6996634,5.73398,-1.8088281,-7.2945237
ddc_dzo_08870,unlabeled,Unknown,-4.1653357,1.6322081,-4.634991,5.748179,-1.8639005,-7.2442555
ddc_dzo_08858,unlabeled,Unknown,-0.30434257,1.455964,-8.46322,0.40759814,14.117844,6.4369164
ddc_dzo_08864,unlabeled,Unknown,0.51284045,-2.4093199,0.096585035,15.649631,2.1011012,1.651466
ddc_dzo_08889,unlabeled,Unknown,0.18086736,-1.1317998,0.37581232,16.35507,1.3790355,1.4234004
ddc_dzo_08919,unlabeled,Unknown,-1.6951513,2.5576692,-10.158573,2.864441,7.379532,16.895096
ddc_dzo_08923,unlabeled,Unknown,-10.808355,-1.5109777,0.6041882,-1.2225739,-1.8490024,0.92885983
ddc_dzo_08932,unlabeled,Unknown,1.1013072,-1.1115165,-1.6090809,16.306349,1.1744105,1.5511962
ddc_dzo_08912,unlabeled,Unknown,1.0122958,-1.9719036,-1.4748229,16.251774,1.4500302,1.6206238
ddc_dzo_08900,unlabeled,Unknown,-11.811651,-4.6732955,0.7139522,-0.96370703,-2.4588614,1.3135016
ddc_dzo_08926,unlabeled,Unknown,3.8244684,-0.80861616,-0.5509876,16.426107,1.9628828,5.007663
ddc_dzo_08914,unlabeled,Unknown,3.058792,-1.9471062,1.6109682,16.911444,1.362031,5.3212776
ddc_dzo_08915,unlabeled,Unknown,4.453584,-0.75302386,0.52470106,13.145997,2.2188396,8.264531
ddc_dzo_08954,unlabeled,Unknown,-9.898362,-1.0843655,-0.7248088,-1.2110841,-1.8049277,0.7728578
ddc_dzo_08975,unlabeled,Unknown,0.40233254,-1.1689043,1.197906,16.268349,1.2402328,0.75502473
ddc_dzo_08971,unlabeled,Unknown,2.0092554,-1.723741,1.0975195,15.556913,0.7223344,1.5633117
ddc_dzo_08962,unlabeled,Unknown,1.2226048,-3.092254,0.043640517,15.458671,0.6858005,1.7270883
ddc_dzo_08955,unlabeled,Unknown,3.1469114,-0.8191323,1.1896421,16.909197,1.218355,5.9165773
ddc_dzo_08952,unlabeled,Unknown,1.5897864,-1.7823243,0.4732146,12.695114,0.58293414,8.860713
ddc_dzo_09014,unlabeled,Unknown,2.1428702,1.1440966,0.59956795,16.778633,1.8677782,4.8453465
ddc_dzo_08987,unlabeled,Unknown,-10.993699,-1.4945271,0.8424706,-0.70546246,-1.7966151,1.4531924
ddc_dzo_08989,unlabeled,Unknown,-0.68049455,-1.9975514,-0.45818746,15.929329,1.6140118,1.7105793
ddc_dzo_09016,unlabeled,Unknown,-0.22272941,-1.3293794,1.7588153,15.460809,0.6197787,1.8079854
ddc_dzo_08988,unlabeled,Unknown,2.8933926,-1.6632951,1.6394593,17.155363,1.3759334,5.284225
ddc_dzo_08984,unlabeled,Unknown,4.640589,-1.5824465,0.7666006,16.644266,1.0588604,5.985535
ddc_dzo_08999,unlabeled,Unknown,1.9576063,-0.1313223,0.3897215,13.039769,2.14468,8.805413
ddc_dzo_09053,unlabeled,Unknown,-2.5203164,2.3707938,-1.3086745,5.9627304,-2.5382972,-7.9489956
ddc_dzo_09036,unlabeled,Unknown,4.2453394,-0.008922774,0.99884933,16.457224,1.8745679,5.1125717
ddc_dzo_09024,unlabeled,Unknown,1.5759779,-0.4641797,-0.9473478,16.342098,1.949763,6.1443644
ddc_dzo_09048,unlabeled,Unknown,-3.2418833,2.1871946,-11.411814,0.52573955,14.19589,6.553879
ddc_dzo_09033,unlabeled,Unknown,-2.0913842,9.845667,-0.883224,6.694625,14.433711,1.9588284
ddc_dzo_09052,unlabeled,Unknown,4.012924,0.7147701,1.1496985,15.296047,-0.95236665,5.18667
ddc_dzo_09028,unlabeled,Unknown,2.1678998,-0.03980384,0.9165002,15.896765,-0.42146268,4.9376316
ddc_dzo_09090,unlabeled,Unknown,-2.7985113,2.6289012,-7.5325594,3.291586,6.9912233,16.962801
ddc_dzo_09068,unlabeled,Unknown,1.3101089,-1.7200613,0.19443054,16.104612,1.1215585,0.5219225
ddc_dzo_09064,unlabeled,Unknown,-1.8984106,-0.9975587,1.6142851,15.798216,0.84604794,1.5404291
ddc_dzo_09077,unlabeled,Unknown,-6.9302163,0.53723377,0.58561593,-1.3494695,-1.8142508,1.1073505
ddc_dzo_09093,unlabeled,Unknown,-10.107382,-3.246702,0.37225008,-1.124392,-1.5985464,1.650659
ddc_dzo_09070,unlabeled,Unknown,3.043705,-0.00956712,1.1822313,15.246111,-0.9466076,5.106288
ddc_dzo_09107,unlabeled,Unknown,2.1883225,3.0194151,-1.145522,16.829443,1.9283589,4.664254
ddc_dzo_09127,unlabeled,Unknown,-5.3270583,10.878454,1.9618311,6.816669,14.453501,2.094553
ddc_dzo_09103,unlabeled,Unknown,2.382882,-1.271145,-0.4805822,13.128746,1.6415817,8.930685
ddc_dzo_09120,unlabeled,Unknown,1.663571,2.1382844,1.8868023,14.149623,0.55327535,10.453877
ddc_dzo_09166,unlabeled,Unknown,-2.347021,1.6203942,-4.7022085,-7.6754823,5.26835,7.0421095
ddc_dzo_09162,unlabeled,Unknown,-6.680767,1.2678683,-2.0177164,5.7029214,-1.8439885,-7.249438
ddc_dzo_09141,unlabeled,Unknown,-5.187751,-1.7016236,-0.54017115,5.7307296,-2.2043412,-7.9219303
ddc_dzo_09149,unlabeled,Unknown,-5.0589967,10.243228,-0.91979104,6.730935,14.307032,1.94151
ddc_dzo_09144,unlabeled,Unknown,2.645896,-1.0605173,0.63533527,14.073748,0.60154647,10.309871
ddc_dzo_09173,unlabeled,Unknown,-2.8202722,3.0713747,-13.296639,0.5570221,14.236725,6.588119
ddc_dzo_09200,unlabeled,Unknown,-9.644409,-3.5253272,0.4575477,-1.491949,-2.052745,1.1349993
ddc_dzo_09185,unlabeled,Unknown,-8.859483,0.20099998,0.06461213,-1.2729874,-1.7628472,0.98229074
ddc_dzo_09172,unlabeled,Unknown,4.061248,-1.2063308,-0.5862816,16.48888,1.904239,6.0045953
ddc_dzo_09190,unlabeled,Unknown,2.9075432,0.04315922,0.93249196,16.409704,0.67505795,4.6872025
ddc_dzo_09226,unlabeled,Unknown,-5.4717093,1.8202704,-2.2210639,5.6308513,-1.7859429,-7.2930207
ddc_dzo_09218,unlabeled,Unknown,-2.9725914,1.4148005,-9.518632,2.5773575,7.699535,16.529467
ddc_dzo_09214,unlabeled,Unknown,-10.4594555,-1.5308478,1.991147,-1.0099958,-1.5021914,1.7619069
ddc_dzo_09217,unlabeled,Unknown,0.66801006,-2.5209725,-0.8753615,16.30822,1.4544125,1.3000641
ddc_dzo_09237,unlabeled,Unknown,-11.199592,-2.6799805,1.2423028,-1.2216415,-2.325066,1.9293134
ddc_dzo_09211,unlabeled,Unknown,-10.864634,-2.8198586,1.6950936,-0.7492084,-2.0100863,1.5338651
ddc_dzo_09234,unlabeled,Unknown,2.7751296,-0.86987156,0.4380929,16.523775,1.668178,6.124206
ddc_dzo_09228,unlabeled,Unknown,1.5745027,-1.6173676,0.4482989,14.082063,0.6221352,10.315267
ddc_dzo_09231,unlabeled,Unknown,3.553566,-1.0440834,-0.67390347,13.085809,1.9992411,9.216817
ddc_dzo_09252,unlabeled,Unknown,-4.830394,1.2108916,-4.150713,5.730002,-1.8186911,-7.2097597
ddc_dzo_09253,unlabeled,Unknown,-3.0311089,2.5508926,-10.88297,2.9989345,7.469466,16.859444
ddc_dzo_09261,unlabeled,Unknown,1.1584333,-3.2996309,-0.6500892,15.913289,0.82805604,0.72715133
ddc_dzo_09257,unlabeled,Unknown,-4.681993,8.126999,-0.5253762,6.848298,14.363385,1.763837
ddc_dzo_09273,unlabeled,Unknown,0.42191228,-1.6516049,0.91144055,16.218721,1.2695704,1.1278768
ddc_dzo_09275,unlabeled,Unknown,-9.635558,-1.825053,1.3352655,-1.4907274,-1.9605397,1.0774984
ddc_dzo_09282,unlabeled,Unknown,-5.9674006,11.364649,0.6916691,6.8528185,14.77978,1.9352009
ddc_dzo_09276,unlabeled,Unknown,3.0326042,-0.6965583,0.35728484,16.510965,2.1487942,5.555355
ddc_dzo_09256,unlabeled,Unknown,-11.278097,-2.247841,1.5101892,-1.2167834,-1.8634634,1.2506498
ddc_dzo_09246,unlabeled,Unknown,1.2954268,-1.7386299,1.6034802,12.525945,2.1673653,8.229479
ddc_dzo_09314,unlabeled,Unknown,-10.854935,-1.1930201,-0.02253346,-1.5387459,-2.0114655,1.0532109
ddc_dzo_09312,unlabeled,Unknown,1.3761915,-0.9221749,0.011100025,16.175829,1.4950866,1.4408157
ddc_dzo_09299,unlabeled,Unknown,0.4507513,-1.474063,-0.324519,16.086735,0.7878646,1.068064
ddc_dzo_09292,unlabeled,Unknown,3.176629,0.50076956,0.85670084,16.175938,1.926743,5.9537926
ddc_dzo_09301,unlabeled,Unknown,1.6600986,-0.37375307,0.33152908,15.755585,-0.15663742,5.0652432
ddc_dzo_09325,unlabeled,Unknown,-2.8876803,2.6707416,-0.9583538,5.849204,-2.1738489,-7.3371024
ddc_dzo_09344,unlabeled,Unknown,2.2126117,0.5764565,-0.7783595,16.751919,2.0591576,4.986113
ddc_dzo_09356,unlabeled,Unknown,-3.6705291,1.6354553,-10.49072,0.5143202,14.169766,6.5431647
ddc_dzo_09341,unlabeled,Unknown,0.5069372,-1.5150621,-1.504586,16.353193,1.1334723,0.85670733
ddc_dzo_09333,unlabeled,Unknown,3.154121,0.25305477,-0.6631728,14.077358,0.64429647,10.297994
ddc_dzo_09369,unlabeled,Unknown,-2.2672849,2.8937068,-2.8863902,5.6692677,-1.7810011,-7.330417
ddc_dzo_09366,unlabeled,Unknown,-0.74789745,5.382483,-10.556523,2.643561,7.7709565,16.551775
ddc_dzo_09357,unlabeled,Unknown,-0.08614705,3.6562514,-11.105183,0.5422759,14.134796,6.5632925
ddc_dzo_09382,unlabeled,Unknown,-1.233428,0.48292232,-10.911842,0.51775485,14.198012,6.552451
ddc_dzo_09378,unlabeled,Unknown,-8.836607,-2.8724031,-1.2100446,-0.97751653,-1.9569918,1.1001577
ddc_dzo_09395,unlabeled,Unknown,-3.5619648,9.996932,-1.2566049,6.6552973,14.211327,1.8664432
ddc_dzo_09391,unlabeled,Unknown,3.048911,0.13739944,0.075401485,15.386962,-0.9016078,4.865432
ddc_dzo_09412,unlabeled,Unknown,-2.4570873,5.1641226,-9.517366,2.7714653,7.569011,16.783108
ddc_dzo_09415,unlabeled,Unknown,2.4174078,0.04760071,-1.9250437,15.275275,-0.8382402,4.461273
ddc_dzo_09414,unlabeled,Unknown,-5.097354,2.523177,-4.5872746,5.7631145,-1.7817625,-7.2124953
ddc_dzo_09431,unlabeled,Unknown,-0.46161062,1.7983677,-10.759505,0.50722396,14.159671,6.536393
ddc_dzo_09428,unlabeled,Unknown,0.5669027,-3.2157822,0.404771,16.320782,1.3810165,1.6756544
ddc_dzo_09434,unlabeled,Unknown,-3.2361665,8.60804,-0.54833966,6.796823,14.3562155,1.841508
ddc_dzo_09408,unlabeled,Unknown,2.6230345,0.122845225,0.5358888,16.372252,1.6123579,4.820354
ddc_dzo_09436,unlabeled,Unknown,3.663211,1.1047688,-0.18538748,15.153669,-0.7737958,5.30759
ddc_dzo_09401,unlabeled,Unknown,1.9279239,-1.0218128,-0.6002457,17.439796,0.9978253,5.8225675
ddc_dzo_09413,unlabeled,Unknown,2.3960772,-0.48810175,-1.0068271,12.916086,2.3589365,7.859794
ddc_dzo_09453,unlabeled,Unknown,-10.728435,-0.9134267,-1.6085737,-1.074476,-2.0144408,0.86204916
ddc_dzo_09468,unlabeled,Unknown,-0.29278076,3.6933994,-3.5470781,-7.681112,5.2739396,7.0366154
ddc_dzo_09441,unlabeled,Unknown,-4.129399,2.4366627,-0.88481647,5.871444,-2.5296047,-8.07229
ddc_dzo_09440,unlabeled,Unknown,-10.057544,-3.8209774,0.2966035,-1.5667804,-2.4225206,1.1192224
ddc_dzo_09443,unlabeled,Unknown,-0.9397875,-0.59037834,1.4809266,16.041096,0.75362056,0.85244757
ddc_dzo_09462,unlabeled,Unknown,-4.437045,7.944489,-0.8119298,6.841562,14.517334,1.8660107
ddc_dzo_09454,unlabeled,Unknown,1.8880934,-2.0453727,1.3056729,15.432096,-0.7877349,5.391174
ddc_dzo_09455,unlabeled,Unknown,3.5354266,-1.0557082,0.37970597,16.522522,0.9050657,6.0193467
ddc_dzo_09479,unlabeled,Unknown,-4.533997,2.4266627,0.05403427,5.9135237,-2.4865851,-7.92829
ddc_dzo_09488,unlabeled,Unknown,-3.6582701,3.8095791,-3.5377898,5.869908,-2.129277,-7.377433
ddc_dzo_09506,unlabeled,Unknown,-2.4179528,0.070216216,-11.071759,0.5562896,14.199777,6.5862103
ddc_dzo_09482,unlabeled,Unknown,-10.219294,-0.9890426,0.85219204,-1.1378502,-1.9646721,0.7542275
ddc_dzo_09508,unlabeled,Unknown,-1.0641826,0.6780453,-12.905986,3.360321,6.748213,17.148478
ddc_dzo_09494,unlabeled,Unknown,1.340321,-1.8004391,-0.33627772,16.129953,1.582365,1.6531638
ddc_dzo_09514,unlabeled,Unknown,1.9845715,-0.7387814,1.3989877,16.487814,1.887682,5.4120693
ddc_dzo_09554,unlabeled,Unknown,-1.3572316,3.5804355,-10.40147,0.47614935,14.139811,6.5087357
ddc_dzo_09540,unlabeled,Unknown,2.159534,-0.63567686,1.1157901,15.987595,0.82687366,0.57747924
ddc_dzo_09535,unlabeled,Unknown,-0.022847721,-0.85924405,0.9291268,15.569496,0.64230317,1.2742339
ddc_dzo_09548,unlabeled,Unknown,-10.852189,-3.919519,2.159379,-0.76322716,-2.396409,1.8674117
ddc_dzo_09569,unlabeled,Unknown,-3.2990015,0.09505307,-4.554926,2.1601186,6.9383492,16.647715
ddc_dzo_09570,unlabeled,Unknown,-1.0189039,-1.5659337,0.02019132,15.734499,0.61356175,0.8192495
ddc_dzo_09584,unlabeled,Unknown,2.1542299,-1.7593298,-1.0119431,16.16555,1.5209324,1.8006873
ddc_dzo_09579,unlabeled,Unknown,-5.080767,11.513905,0.57848144,6.6610894,14.239392,1.9076387
ddc_dzo_09592,unlabeled,Unknown,5.549787,-0.21903047,0.6215744,16.770502,1.8569257,6.1076336
ddc_dzo_09578,unlabeled,Unknown,3.909217,-0.9783689,-0.0814727,15.43767,-0.49955222,5.44415
ddc_dzo_09610,unlabeled,Unknown,-2.2798028,3.416061,-12.298459,3.1088114,7.1599965,17.007364
ddc_dzo_09607,unlabeled,Unknown,-2.69529,2.5155964,-0.10555186,5.9379625,-2.572202,-8.037105
ddc_dzo_09603,unlabeled,Unknown,-2.1667924,2.8053765,-12.280124,2.8807442,7.5873613,16.783855
ddc_dzo_09599,unlabeled,Unknown,0.18331403,0.45126387,0.41134584,16.030304,0.87546647,0.6150403
ddc_dzo_09635,unlabeled,Unknown,1.5101501,-2.5512414,0.18778688,16.04979,0.9070166,0.52781075
ddc_dzo_09602,unlabeled,Unknown,-0.6609561,-2.7653756,-0.89068455,15.588146,2.040212,1.7195973
ddc_dzo_09609,unlabeled,Unknown,-0.48291332,-2.1404924,0.26958877,15.438406,0.6897618,1.6208887
ddc_dzo_09616,unlabeled,Unknown,4.102481,0.31348658,1.5713297,17.41022,0.9935153,5.336097
ddc_dzo_09625,unlabeled,Unknown,4.5910645,-0.44200075,0.10512703,12.88165,1.6777376,8.877389
ddc_dzo_09642,unlabeled,Unknown,-3.4814382,0.9205868,-2.8779101,6.000932,-2.3781502,-7.5952506
ddc_dzo_09673,unlabeled,Unknown,-1.0599705,2.3230398,-9.717382,3.2207384,7.090506,17.132704
ddc_dzo_09663,unlabeled,Unknown,-12.667535,-2.1743033,-0.5572096,-1.3389044,-1.9449766,0.8384645
ddc_dzo_09657,unlabeled,Unknown,-4.9629564,10.632928,-0.74060166,6.695247,14.345713,1.982904
ddc_dzo_09669,unlabeled,Unknown,1.1815654,-3.6425412,0.4651151,15.394813,0.673287,1.6626488
ddc_dzo_09638,unlabeled,Unknown,-12.770513,-4.621938,0.08802065,-0.94875795,-1.7172056,2.4089549
ddc_dzo_09655,unlabeled,Unknown,2.7482488,0.62373435,1.3973746,12.962141,2.167512,8.864023
ddc_dzo_09702,unlabeled,Unknown,-6.9868374,1.1897627,-0.3918118,5.9484124,-2.3332932,-7.6102686
ddc_dzo_09678,unlabeled,Unknown,-4.126512,3.74257,-5.743527,5.786075,-2.3127975,-7.9542828
ddc_dzo_09700,unlabeled,Unknown,-12.268737,-3.962354,1.2707057,-1.2714739,-1.8085264,0.94135135
ddc_dzo_09682,unlabeled,Unknown,1.07217,-1.4262208,0.40961224,16.189606,1.1913593,0.6154124
ddc_dzo_09683,unlabeled,Unknown,-11.188861,-4.6576495,-0.7482154,-1.2424107,-2.1725264,0.9057008
ddc_dzo_09710,unlabeled,Unknown,-10.930263,1.4511989,-0.5133724,-1.2582399,-1.8832344,0.86481446
ddc_dzo_09687,unlabeled,Unknown,-0.47529012,-1.6811018,0.21280697,15.396591,0.661057,1.6611916
ddc_dzo_09691,unlabeled,Unknown,-1.0422869,1.9271679,-9.80161,3.4883008,6.59296,17.23972
ddc_dzo_09690,unlabeled,Unknown,2.1391535,1.2822868,0.11677922,17.234028,1.9403329,5.59072
ddc_dzo_09698,unlabeled,Unknown,4.1207657,-0.6666964,1.9213555,16.285378,0.9859943,6.0866756
ddc_dzo_09742,unlabeled,Unknown,-3.7566931,0.34159055,-5.037822,-1.2025032,2.184115,7.014852
ddc_dzo_09726,unlabeled,Unknown,-7.8046317,3.029625,-0.50902575,5.610476,-1.8283731,-7.4159045
ddc_dzo_09723,unlabeled,Unknown,-0.35300162,-1.619388,0.39110884,16.076618,0.9141706,0.58727264
ddc_dzo_09741,unlabeled,Unknown,-2.071775,-0.82925165,2.740443,16.158278,1.1677412,0.6078449
ddc_dzo_09722,unlabeled,Unknown,0.2739053,-1.2229266,-0.635832,16.346703,1.1621633,1.7005626
ddc_dzo_09736,unlabeled,Unknown,2.4109843,-0.42078367,0.92222023,16.51164,1.1732606,6.0437174
ddc_dzo_09730,unlabeled,Unknown,1.0498807,-1.6265687,0.5540192,12.826133,1.7014691,9.235851
ddc_dzo_09792,unlabeled,Unknown,2.364718,0.26643497,-0.38062057,17.210678,1.876356,5.498885
ddc_dzo_09759,unlabeled,Unknown,-1.1381783,3.3667223,-9.837858,0.46875533,14.174072,6.499043
ddc_dzo_09755,unlabeled,Unknown,0.6962911,-1.290908,-0.54618555,16.23638,1.3525616,1.7335804
ddc_dzo_09789,unlabeled,Unknown,-11.033237,-1.7317171,-0.2506838,-0.9774473,-1.8589994,1.1175021
ddc_dzo_09764,unlabeled,Unknown,1.9784961,0.20757252,1.2058636,16.4168,1.5321693,1.624457
ddc_dzo_09768,unlabeled,Unknown,4.145063,0.04244841,-0.5618451,14.95337,-0.79855245,5.0837665
ddc_dzo_09758,unlabeled,Unknown,3.1196203,-1.3400693,0.20462114,15.344934,-0.597928,5.5693674
ddc_dzo_09766,unlabeled,Unknown,3.3856056,-0.28765988,0.74036825,16.99301,0.73176455,5.1483393
ddc_dzo_09767,unlabeled,Unknown,2.8454857,-1.4370083,-0.82954764,12.461173,1.6211072,8.320864
ddc_dzo_09821,unlabeled,Unknown,-11.100049,-1.268704,0.49316257,-1.1912547,-1.8867415,0.7487955
ddc_dzo_09828,unlabeled,Unknown,-5.5833387,1.4399573,-1.7876318,5.6791654,-1.8659047,-7.4022
ddc_dzo_09818,unlabeled,Unknown,1.3411196,-2.9246294,-0.579558,15.631091,2.0606687,1.6752714
ddc_dzo_09910,unlabeled,Unknown,0.10214442,-0.35432288,-0.5112975,15.486915,0.6578334,1.7590914
ddc_dzo_09807,unlabeled,Unknown,4.2749953,-0.8207398,1.9931558,16.555822,1.0017407,5.809711
ddc_dzo_09804,unlabeled,Unknown,2.6900928,-1.9954337,1.2894166,12.916567,1.9756663,9.136692
ddc_dzo_09858,unlabeled,Unknown,-1.1528852,1.9086344,-9.432842,0.5087971,14.1814,6.541594
ddc_dzo_09856,unlabeled,Unknown,-0.62178856,-0.5976701,0.34299558,15.808959,0.6035628,0.7289928
ddc_dzo_09868,unlabeled,Unknown,-2.3557181,-2.4917793,0.9251278,15.803108,0.7725915,1.459376
ddc_dzo_09841,unlabeled,Unknown,-5.0168443,13.229119,1.3776824,6.6848373,14.273865,1.9661779
ddc_dzo_09859,unlabeled,Unknown,0.88226354,-3.2736022,0.38213113,15.351838,0.7116337,1.6438888
ddc_dzo_09836,unlabeled,Unknown,3.8043234,-1.175841,-0.04820186,15.897028,0.16952632,5.743577
ddc_dzo_09846,unlabeled,Unknown,2.3255625,-1.4062284,1.2036735,13.0491295,2.224498,8.5689535
ddc_dzo_09865,unlabeled,Unknown,3.6912873,-0.38033366,1.5234038,13.064782,2.337175,8.422463
ddc_dzo_09905,unlabeled,Unknown,-4.0843105,1.7626991,-2.8671496,5.9178295,-2.2334735,-7.3292923
ddc_dzo_09884,unlabeled,Unknown,-5.7606616,1.0308874,-2.7498565,5.9608555,-2.259466,-7.4260783
ddc_dzo_09893,unlabeled,Unknown,-10.412428,-0.92090064,-1.3825961,-1.1779727,-1.8799264,0.7247093
ddc_dzo_09879,unlabeled,Unknown,0.5919245,-1.7876899,-0.578704,15.618606,2.1041453,1.6830115
ddc_dzo_09894,unlabeled,Unknown,0.6309382,-1.8296163,-1.6621495,16.422323,1.3270242,1.4607986
ddc_dzo_09907,unlabeled,Unknown,2.215425,-1.5838166,0.051990997,16.525873,2.0887778,6.0891404
ddc_dzo_09886,unlabeled,Unknown,3.7196655,-2.4240494,-0.12113685,16.546831,2.0142343,5.627301
ddc_dzo_09882,unlabeled,Unknown,-10.680774,-1.2685949,1.0293913,-1.5125064,-1.6469706,1.4800092
ddc_dzo_09890,unlabeled,Unknown,-10.052004,-2.629371,1.284843,-0.73960125,-2.110126,1.5503658
ddc_dzo_09930,unlabeled,Unknown,-3.9113727,1.7125791,-2.099822,5.717066,-2.3427846,-7.9841423
ddc_dzo_09929,unlabeled,Unknown,-3.682782,9.038962,1.13195,6.929803,14.462542,1.7939119
ddc_dzo_09932,unlabeled,Unknown,0.72980386,-0.7258437,-0.29419538,15.878148,1.9351752,1.8711623
ddc_dzo_09946,unlabeled,Unknown,-5.290826,-0.40078256,-6.5305743,2.310475,7.0280747,16.724745
ddc_dzo_09937,unlabeled,Unknown,3.6482847,-0.9687673,0.59544426,15.938087,-0.5534572,4.890991
ddc_dzo_09977,unlabeled,Unknown,-5.687433,1.5201347,-1.5766561,5.8721037,-2.1829276,-7.489156
ddc_dzo_09979,unlabeled,Unknown,1.511405,-1.0216361,-0.7002167,15.98263,0.57182556,0.9874064
ddc_dzo_09964,unlabeled,Unknown,-11.255528,-3.779784,1.4360722,-1.1025268,-1.6734353,1.1275125
ddc_dzo_09982,unlabeled,Unknown,1.0201424,-1.0641139,0.28671846,15.644975,2.105409,1.6817763
ddc_dzo_09952,unlabeled,Unknown,-1.8895639,3.3150055,-10.783978,3.5836103,6.5045853,17.343065
ddc_dzo_09968,unlabeled,Unknown,1.4676005,-1.5471983,2.483298,15.758855,1.5837064,1.6770254
ddc_dzo_09960,unlabeled,Unknown,3.4333088,-0.87087435,-0.11807596,12.838013,2.29817,8.561058
ddc_dzo_03156,unlabeled,Unknown,-3.9762623,8.31385,0.66025466,6.849417,14.385182,2.011018
ddc_dzo_06755,unlabeled,Unknown,-11.507796,-2.3932173,-0.08750689,-1.0281912,-2.0309713,0.82202786
ddc_dzo_05679,unlabeled,Unknown,-9.837093,0.21807344,1.3851894,-1.0494078,-1.8175368,0.759937
ddc_dzo_01587,unlabeled,Unknown,-7.8325553,1.5245242,-0.4076328,-1.0687765,-1.7817192,0.78790635
ddc_dzo_07734,unlabeled,Unknown,-3.4969687,-1.3029616,-2.8510654,-1.2031902,2.1774876,7.0078397
ddc_dzo_03485,unlabeled,Unknown,-4.683486,-1.3976,-1.0255831,-1.2003409,2.1823888,7.0134664
ddc_dzo_09652,unlabeled,Unknown,-9.878409,-1.045968,-0.19221064,-0.8167489,-1.837542,0.999515
ddc_dzo_08231,unlabeled,Unknown,-9.8860655,1.7236577,-1.6502073,-1.1304463,-1.7188959,0.977128
ddc_dzo_06721,unlabeled,Unknown,-10.576208,-1.7720932,1.742882,-0.9863962,-1.8165568,0.92824405
ddc_dzo_04406,unlabeled,Unknown,-11.036399,-2.3008873,1.1372569,-0.94845974,-1.9543854,0.7757474
ddc_dzo_09389,unlabeled,Unknown,-10.82673,-2.228551,-2.7715476,-1.1827033,-1.8362242,1.2679398
ddc_dzo_09632,unlabeled,Unknown,-11.392784,-0.52527064,-0.25827622,-1.22098,-1.9008654,0.6731881
ddc_dzo_03528,unlabeled,Unknown,-9.177366,-1.4561064,1.6214148,-1.1554139,-1.7652797,0.77325326
ddc_dzo_04983,unlabeled,Unknown,-10.795257,-2.6052434,0.3629238,-1.0134349,-2.0358171,0.84479785
ddc_dzo_04089,unlabeled,Unknown,-9.332413,-1.6947299,0.3610993,-1.0846547,-2.2180095,0.93032265
ddc_dzo_02190,unlabeled,Unknown,-4.231679,0.7194847,-1.7207431,-1.2042785,2.1826975,7.0132847
ddc_dzo_07589,unlabeled,Unknown,-10.013513,-2.43103,-0.85445154,-0.9934799,-1.8744069,0.7832427
ddc_dzo_09991,unlabeled,Unknown,0.6269556,-0.048683476,-0.4850798,16.200766,1.1143352,0.7306427
ddc_dzo_09996,unlabeled,Unknown,1.6461351,-1.6159999,0.6181695,16.164745,1.7135105,1.5251272
ddc_dzo_04779,unlabeled,Unknown,-11.293141,-2.4860945,0.4265562,-0.78910214,-1.9440378,0.9916664
ddc_dzo_08453,unlabeled,Unknown,-10.231969,-0.87066966,1.0032371,-1.1825018,-1.9048892,0.66248924
ddc_dzo_00004,unlabeled,Unknown,-11.085134,-2.937475,0.029435934,-0.936092,-1.9861209,0.8309488
ddc_dzo_09463,unlabeled,Unknown,-10.065514,2.674398,0.21315339,-1.2029033,-1.727295,0.83406204
ddc_dzo_09713,unlabeled,Unknown,-9.371866,-2.2562237,0.9574623,-1.0246392,-1.8637991,0.7821746
ddc_dzo_09876,unlabeled,Unknown,-8.638392,0.9002035,0.078871295,-1.012414,-1.8072066,0.78123033
ddc_dzo_00062,unlabeled,Unknown,-9.937065,-3.012675,-1.2202231,-0.9784486,-2.0490437,0.81782854
ddc_dzo_04750,unlabeled,Unknown,-5.0680137,6.2569566,-1.8744934,6.68205,14.639031,2.1127682
ddc_dzo_06786,unlabeled,Unknown,-4.807574,10.084245,-2.4801414,6.7567444,14.419779,2.0634708
ddc_dzo_07214,unlabeled,Unknown,-4.0904074,8.862373,-0.79947716,7.0270114,15.190462,2.25929
ddc_dzo_01353,unlabeled,Unknown,-4.3489733,10.904739,-2.951216,6.7225933,14.332384,1.9611077
ddc_dzo_04462,unlabeled,Unknown,-3.2156236,11.276162,0.3831134,7.0665617,15.219023,2.6083643
ddc_dzo_08617,unlabeled,Unknown,-6.912727,10.85757,-0.3881172,6.7322273,14.329334,1.9932348
ddc_dzo_02048,unlabeled,Unknown,-4.508278,7.472104,-2.2449932,6.888368,14.411297,1.8864732
ddc_dzo_07963,unlabeled,Unknown,-2.9151082,-0.53775114,-3.056027,-1.2266376,2.2058277,7.036935
ddc_dzo_01117,unlabeled,Unknown,-4.910589,-2.1278064,-0.25161228,-1.2039361,2.1857138,7.016473
ddc_dzo_00737,unlabeled,Unknown,-4.3203883,-0.9305154,-2.3843503,-1.2054046,2.185745,7.0166044
ddc_dzo_07364,unlabeled,Unknown,-4.7830358,-1.4785987,-2.2439466,-1.2040147,2.1848335,7.0155034
ddc_dzo_08877,unlabeled,Unknown,-3.5020304,-2.0729272,-2.5227141,-1.2042168,2.1861863,7.0170274
ddc_dzo_05519,unlabeled,Unknown,-4.966762,-1.7347976,-0.40436378,-1.203434,2.1814892,7.0115876
ddc_dzo_09788,unlabeled,Unknown,-4.5997653,0.96209484,-3.449182,-1.2021352,2.183016,7.0136223
ddc_dzo_07744,unlabeled,Unknown,-4.796064,-0.4391739,-1.79984,-1.2033713,2.18186,7.012565
ddc_dzo_08522,unlabeled,Unknown,-2.5999243,-0.0499572,-2.071986,-1.2047889,2.1872442,7.01802
ddc_dzo_02943,unlabeled,Unknown,-3.4683213,0.2806937,-1.8379848,-1.2030741,2.1812325,7.0118966
ddc_dzo_04264,unlabeled,Unknown,-4.7317643,0.058524553,-0.93364143,-1.2038674,2.1822362,7.0127616
ddc_dzo_09721,unlabeled,Unknown,-4.739114,-0.056160524,-3.5043547,-1.2028459,2.181089,7.0112233
ddc_dzo_09953,unlabeled,Unknown,-3.006439,1.1768951,-1.3087811,-1.204243,2.1803918,7.0112133
ddc_dzo_03575,unlabeled,Unknown,-10.9728565,-1.0444013,1.9927093,-1.1055653,-2.0504673,0.8165194
ddc_dzo_00571,unlabeled,Unknown,-10.362478,-2.777846,0.53314215,-0.9162737,-2.1055694,0.94907975
ddc_dzo_00137,unlabeled,Unknown,-10.01022,-1.263781,0.07631778,-1.0150477,-1.9951297,0.7146117
ddc_dzo_04444,unlabeled,Unknown,-10.147861,-2.3722057,2.462383,-0.84699297,-2.078436,1.1526176
ddc_dzo_02014,unlabeled,Unknown,-10.547808,-0.42949444,-3.2935185,-1.1049906,-1.8339866,0.9142916
ddc_dzo_01060,unlabeled,Unknown,-8.970272,1.6144084,1.4927208,-1.4530315,-1.9148172,1.0300571
ddc_dzo_09336,unlabeled,Unknown,-2.1699042,0.027279655,-1.9632043,-1.2052995,2.1818793,7.0127964
ddc_dzo_08831,unlabeled,Unknown,-4.493209,-0.7791507,1.6981469,-1.2025261,2.1763322,7.004341
ddc_dzo_08561,unlabeled,Unknown,-3.9954424,-0.09445554,-0.8533757,-1.2036717,2.1828482,7.013532
ddc_dzo_08933,unlabeled,Unknown,-4.48266,0.92212296,0.8295563,-1.2107987,2.1863518,7.0183034
ddc_dzo_06384,unlabeled,Unknown,-2.8442862,0.13721998,-2.7114751,-1.2080424,2.1634834,6.99435
ddc_dzo_09620,unlabeled,Unknown,-5.5743318,1.4455328,-10.306599,2.569013,7.2975097,16.839201
ddc_dzo_00326,unlabeled,Unknown,-3.8484454,2.021903,-8.539345,2.6243193,7.3943553,16.810139
ddc_dzo_02780,unlabeled,Unknown,-3.1828442,1.6519669,-7.7721024,2.7040472,7.4345703,16.832388
ddc_dzo_05452,unlabeled,Unknown,-4.327368,1.0328366,-6.136937,2.5651789,7.3332133,16.821459
ddc_dzo_06267,unlabeled,Unknown,-5.301408,0.47735682,-6.096939,2.4100864,7.1237993,16.814713
ddc_dzo_07854,unlabeled,Unknown,-4.2799225,1.2611536,-7.5498943,2.5699797,7.286636,16.876062
ddc_dzo_04175,unlabeled,Unknown,-5.163727,0.40383217,-9.581385,2.3823214,7.0765924,16.782066
ddc_dzo_01475,unlabeled,Unknown,-5.2458434,0.9179944,-6.175493,-1.2063124,2.1871529,7.0179853
ddc_dzo_07789,unlabeled,Unknown,-3.0452557,8.199273,-1.3327113,6.8685365,14.301757,2.1458914
ddc_dzo_03884,unlabeled,Unknown,-3.4883847,8.517957,0.018879184,6.836495,14.35876,2.1240208
ddc_dzo_03919,unlabeled,Unknown,-3.0498934,8.365011,-0.47545195,7.050379,15.155244,1.9945658
ddc_dzo_01442,unlabeled,Unknown,-10.567448,-0.3373465,0.56069404,-0.9344786,-1.9684771,1.0160934
ddc_dzo_07838,unlabeled,Unknown,-4.3962297,3.2554708,-7.7649984,3.201794,7.3061256,16.890726
ddc_dzo_05125,unlabeled,Unknown,-2.391365,3.8470516,-5.9681716,3.4957232,7.3746257,16.792253
ddc_dzo_06080,unlabeled,Unknown,-4.7001715,3.6970048,-3.8653762,3.5128849,7.3667064,16.790941
ddc_dzo_03198,unlabeled,Unknown,-3.3717752,3.1741219,-11.09361,3.5064611,7.322204,16.817358
ddc_dzo_09450,unlabeled,Unknown,-2.549833,2.1126895,-8.346949,3.5143294,7.3717546,16.788614
ddc_dzo_03055,unlabeled,Unknown,-3.3114624,4.5621905,-10.61948,3.4310346,7.330355,16.826382
ddc_dzo_03161,unlabeled,Unknown,-3.6783566,9.434635,0.2897218,6.848218,14.362018,2.117889
ddc_dzo_01797,unlabeled,Unknown,-3.103947,3.450243,-6.665808,3.520355,7.3600025,16.797186
ddc_dzo_09013,unlabeled,Unknown,-2.9382093,5.8301215,-6.8095145,3.5212395,7.3576508,16.79753
ddc_dzo_07394,unlabeled,Unknown,-9.246156,0.14235732,0.8628625,-1.320324,-1.8298248,0.71624136
ddc_dzo_04833,unlabeled,Unknown,-4.4135613,5.137995,-4.56062,3.5307107,7.3659673,16.790218
ddc_dzo_01114,unlabeled,Unknown,-1.8813975,9.121073,-1.4186308,6.8664503,14.32272,1.9835857
ddc_dzo_07086,unlabeled,Unknown,-0.26887643,3.2390137,-8.239943,3.5264535,7.3486447,16.796648
ddc_dzo_06072,unlabeled,Unknown,-2.2491515,4.2325754,-10.85156,3.512309,7.3433404,16.814634
ddc_dzo_07102,unlabeled,Unknown,-10.925481,-0.13466792,-0.027048832,-1.4456968,-1.8396149,1.034607
ddc_dzo_02216,unlabeled,Unknown,-3.857903,9.453786,0.51995957,6.818775,14.330068,2.108112
ddc_dzo_09163,unlabeled,Unknown,-3.5317907,2.0670393,-7.901425,3.4266996,7.234655,16.882294
ddc_dzo_05213,unlabeled,Unknown,-4.0770884,8.271809,-1.1938717,6.835069,14.347543,2.1621506
ddc_dzo_04892,unlabeled,Unknown,-4.891799,2.42581,-10.036366,3.496534,7.352535,16.810236
ddc_dzo_07381,unlabeled,Unknown,-3.5213537,10.246972,1.1607447,6.839025,14.410573,2.156956
ddc_dzo_04932,unlabeled,Unknown,-3.5183418,1.3232844,-8.717716,3.2444825,7.297357,16.88229
ddc_dzo_07237,unlabeled,Unknown,-4.7389374,3.301823,-7.8890314,3.224515,7.2950463,16.895615
ddc_dzo_06973,unlabeled,Unknown,-2.8999834,10.882643,-0.4219629,6.8470488,14.297926,2.1467154
ddc_dzo_09073,unlabeled,Unknown,-3.9134855,3.8399732,-9.324509,3.023507,7.2991066,16.925865
ddc_dzo_06285,unlabeled,Unknown,-10.954194,-1.04376,2.424629,-1.421015,-1.774757,0.86536384
ddc_dzo_01880,unlabeled,Unknown,-4.2897177,4.758509,-8.034856,3.249173,7.299054,16.877573
ddc_dzo_09007,unlabeled,Unknown,-2.8104491,10.639099,-1.1549726,6.8832836,14.291728,2.1499827
ddc_dzo_09154,unlabeled,Unknown,-3.083289,3.1573687,-6.8294015,3.5181692,7.085103,16.960262
ddc_dzo_02536,unlabeled,Unknown,-5.686793,4.4373837,-8.495784,3.2554176,7.309536,16.878305
ddc_dzo_08940,unlabeled,Unknown,-3.058816,3.4690936,-11.602173,3.1393638,7.3066573,16.896282
ddc_dzo_02543,unlabeled,Unknown,-2.7750635,4.015643,-10.249353,2.9589133,7.31649,16.93146
ddc_dzo_04898,unlabeled,Unknown,-10.953822,-3.6502903,0.7108244,-1.0338223,-1.8576387,0.8345262
ddc_dzo_03312,unlabeled,Unknown,-3.0789995,3.0636344,-11.090296,3.2423313,7.329314,16.885338
ddc_dzo_03457,unlabeled,Unknown,-3.3328218,4.077287,-11.5035515,3.2039206,7.323572,16.885527
ddc_dzo_00130,unlabeled,Unknown,-3.348694,3.1855366,-12.049384,3.0425901,7.3095007,16.933983
ddc_dzo_08812,unlabeled,Unknown,-9.8353195,-2.231031,1.7456657,-0.8761995,-2.1179533,0.9249656
ddc_dzo_01760,unlabeled,Unknown,-2.9131718,10.82791,-0.54127985,6.833619,14.3421755,1.9727677
ddc_dzo_08918,unlabeled,Unknown,-1.4510878,1.8355873,-11.842857,3.5043514,7.3229575,16.833405
ddc_dzo_01308,unlabeled,Unknown,-3.3687437,10.516623,-0.43950754,6.8046823,14.297594,2.1435113
ddc_dzo_07929,unlabeled,Unknown,-11.568034,-0.16537693,1.1120023,-0.6805394,-1.857058,1.4388084
ddc_dzo_07573,unlabeled,Unknown,-3.7907145,9.516415,0.1769793,6.8386025,14.372154,2.1330948
ddc_dzo_03871,unlabeled,Unknown,-5.0252976,11.255985,1.6367893,6.850568,14.362604,2.1352074
ddc_dzo_05994,unlabeled,Unknown,-4.5544825,9.496488,-0.2379394,6.8626733,14.355162,2.0463169
ddc_dzo_08261,unlabeled,Unknown,-4.7056656,8.492974,1.6017255,6.6756263,14.743856,2.2586243
ddc_dzo_07483,unlabeled,Unknown,-2.3509889,4.3078814,-11.190259,2.6246126,7.2748265,16.90596
ddc_dzo_05349,unlabeled,Unknown,-2.3976512,2.3172212,-11.549843,3.1951268,7.190679,16.983189
ddc_dzo_00572,unlabeled,Unknown,-2.9988008,3.2364738,-12.082978,3.1490982,7.257702,16.958765
ddc_dzo_01091,unlabeled,Unknown,-2.4323912,3.057107,-10.429758,3.1562903,7.170096,16.961878
ddc_dzo_04117,unlabeled,Unknown,-13.436941,-3.446595,1.1274667,-0.95196277,-2.1864412,1.0793856
ddc_dzo_03216,unlabeled,Unknown,-5.071592,7.1225863,-1.0796747,6.9239483,14.437918,1.8928192
ddc_dzo_00675,unlabeled,Unknown,-9.161328,-1.6844251,1.1644534,-0.5580201,-1.8007206,1.7870103
ddc_dzo_00528,unlabeled,Unknown,-5.4103284,7.6844325,1.3831384,6.8848,14.468237,1.9587038
ddc_dzo_07731,unlabeled,Unknown,-3.7121418,9.135229,-0.39054117,6.865795,14.495925,1.8516312
ddc_dzo_04015,unlabeled,Unknown,-4.208641,2.7722893,-9.818994,2.7509606,7.16909,16.985014
ddc_dzo_03854,unlabeled,Unknown,-5.648383,7.27268,-2.2279615,6.901616,14.547711,1.8277558
ddc_dzo_04241,unlabeled,Unknown,-11.505174,-1.0310045,1.403786,-0.7056626,-1.5837076,1.6217614
ddc_dzo_01560,unlabeled,Unknown,-6.354148,10.230127,1.5979462,6.5765424,14.995548,2.2706742
ddc_dzo_06040,unlabeled,Unknown,-10.562135,-1.9350765,3.376097,-0.84169436,-1.6505258,1.6290374
ddc_dzo_05111,unlabeled,Unknown,-0.51735735,3.3602402,-2.8253968,-7.681281,5.2740703,7.036422
ddc_dzo_09121,unlabeled,Unknown,-4.964422,1.9228761,-9.196631,0.5663205,12.406506,6.0712485
ddc_dzo_03697,unlabeled,Unknown,-1.433614,2.3915231,-3.5028093,-7.67751,5.270355,7.04012
ddc_dzo_03086,unlabeled,Unknown,-4.219453,1.4081024,-9.766786,0.5482116,14.092266,6.551697
ddc_dzo_09490,unlabeled,Unknown,0.36999914,2.3113317,-3.3690975,-7.709925,5.3027735,7.007722
ddc_dzo_06019,unlabeled,Unknown,-2.0112262,2.1358683,-2.9500868,-7.676573,5.2693963,7.0411177
ddc_dzo_07295,unlabeled,Unknown,-0.72630394,0.6869219,-3.2281554,-7.6595235,5.252291,7.05824
ddc_dzo_00756,unlabeled,Unknown,0.051819585,1.5092777,-3.921895,-7.66551,5.2582426,7.0523415
ddc_dzo_09027,unlabeled,Unknown,-3.0031738,1.7688606,-3.531103,-7.6492386,5.2420535,7.0684586
ddc_dzo_03459,unlabeled,Unknown,-0.33991703,3.0743468,0.1270987,-7.664595,5.2573953,7.0531034
ddc_dzo_04070,unlabeled,Unknown,-0.49237582,3.8195198,-3.1144812,-7.6504135,5.243128,7.06745
ddc_dzo_03036,unlabeled,Unknown,-5.850982,2.36855,-9.131043,2.7148695,7.2614703,16.957464
ddc_dzo_04057,unlabeled,Unknown,-5.399294,3.104985,-8.963117,2.6376166,7.237862,16.947868
ddc_dzo_04523,unlabeled,Unknown,-5.286268,2.0178063,-9.773005,2.6551101,7.342854,16.882551
ddc_dzo_01054,unlabeled,Unknown,-3.1612146,1.3239975,-9.463273,2.535275,7.216942,16.954079
ddc_dzo_05402,unlabeled,Unknown,-5.6209183,1.477635,-9.382194,2.5807438,7.2465773,16.93249
ddc_dzo_00896,unlabeled,Unknown,-6.422052,2.7607424,-9.55109,2.5983646,7.249216,16.923822
ddc_dzo_03333,unlabeled,Unknown,-5.7948885,2.7104337,-8.007366,2.5525644,7.236025,16.924738
ddc_dzo_06309,unlabeled,Unknown,-4.990525,3.4506252,-6.947015,2.5710375,7.228074,16.931938
ddc_dzo_05491,unlabeled,Unknown,-6.1078153,1.5161499,-9.724308,2.5947087,7.25076,16.932878
ddc_dzo_09515,unlabeled,Unknown,-5.5896072,2.609756,-8.058252,2.562574,7.236906,16.933935
ddc_dzo_07493,unlabeled,Unknown,-5.222838,0.7839832,-9.906725,2.595114,7.274219,16.912584
ddc_dzo_06811,unlabeled,Unknown,-6.6943974,2.5154133,-11.47455,2.614522,7.310773,16.880276
ddc_dzo_07500,unlabeled,Unknown,-3.2346423,2.4786854,-12.326866,2.5293164,7.2515345,16.885523
ddc_dzo_02267,unlabeled,Unknown,-6.998468,3.2408314,-7.8605266,2.5871048,7.2435503,16.939812
ddc_dzo_07917,unlabeled,Unknown,-5.0472603,2.672678,-10.361722,2.5541809,7.232888,16.916262
ddc_dzo_04767,unlabeled,Unknown,-4.7772284,4.448512,-4.5557117,2.525705,7.178201,16.958334
ddc_dzo_05188,unlabeled,Unknown,-4.165365,2.8547657,-9.662516,2.6579535,7.3595963,16.87505
ddc_dzo_00840,unlabeled,Unknown,-5.858003,2.5796473,-9.890016,2.6455626,7.328572,16.86322
ddc_dzo_05399,unlabeled,Unknown,-6.6304455,1.3557558,-6.7844076,2.5605009,7.22893,16.945826
ddc_dzo_04436,unlabeled,Unknown,-7.26968,1.751452,-9.379696,2.5638702,7.2380404,16.937506
ddc_dzo_08225,unlabeled,Unknown,-4.027892,4.130325,-7.6084704,2.5783603,7.2463193,16.935064
ddc_dzo_03182,unlabeled,Unknown,-5.3533325,1.7280134,-10.191725,2.6140609,7.3316617,16.885052
ddc_dzo_07630,unlabeled,Unknown,-4.856154,4.6524596,-8.206658,2.6536882,7.32604,16.91436
ddc_dzo_04923,unlabeled,Unknown,-5.2710524,5.505564,-7.6812334,2.7615511,7.47588,16.866318
ddc_dzo_00978,unlabeled,Unknown,-3.8365507,4.26295,-10.377919,3.0248904,7.3957467,16.922104
ddc_dzo_07557,unlabeled,Unknown,-1.8804382,4.188701,-13.694139,3.2753265,7.119025,17.123253
ddc_dzo_02495,unlabeled,Unknown,-5.630348,2.3757808,-9.552778,2.9408917,7.2620792,17.004171
ddc_dzo_05846,unlabeled,Unknown,-7.0828314,4.150128,-9.994436,2.9730306,7.2802086,17.02549
ddc_dzo_05360,unlabeled,Unknown,-3.848364,4.4987216,-9.233829,2.9493105,7.2595453,17.005108
ddc_dzo_04514,unlabeled,Unknown,-4.7304926,6.099365,-7.4040537,2.8476512,7.313242,16.955133
ddc_dzo_03635,unlabeled,Unknown,-5.0187817,5.2003245,-10.534443,2.9218407,7.2424273,17.005262
ddc_dzo_01714,unlabeled,Unknown,-2.809799,4.1842065,-10.584543,2.9086337,7.327531,16.961073
ddc_dzo_09903,unlabeled,Unknown,-3.922729,4.4673505,-9.668404,2.9227722,7.2582974,17.000048
ddc_dzo_06348,unlabeled,Unknown,-4.9047465,4.021777,-10.853527,2.9471018,7.271528,16.994555
ddc_dzo_00593,unlabeled,Unknown,-4.781007,3.2037184,-10.190412,2.925788,7.2746763,17.015068
ddc_dzo_04054,unlabeled,Unknown,-6.1828837,3.831511,-12.350369,2.8256218,7.317096,16.964083
ddc_dzo_04867,unlabeled,Unknown,-3.736317,6.6401167,-11.430189,2.9698448,7.2292247,17.003471
ddc_dzo_05842,unlabeled,Unknown,-4.735827,3.145798,-8.040615,2.7706442,7.412847,16.884039
ddc_dzo_08198,unlabeled,Unknown,-5.1236377,2.289913,-7.8856153,2.8103347,7.3830047,16.93382
ddc_dzo_08511,unlabeled,Unknown,-5.4802556,1.4944528,-7.8455267,2.6719947,7.315109,16.922184
ddc_dzo_04643,unlabeled,Unknown,-3.2319558,2.6438599,-9.404867,3.2578442,7.017843,16.979582
ddc_dzo_05031,unlabeled,Unknown,-6.92622,3.0718586,-7.766214,2.8198392,7.4611144,16.817429
ddc_dzo_09824,unlabeled,Unknown,-3.109356,0.044087924,-12.741751,2.3875885,7.1193066,16.703295
ddc_dzo_09705,unlabeled,Unknown,-4.7255473,0.73604053,-9.883111,3.1570299,6.9381747,17.00532
ddc_dzo_01785,unlabeled,Unknown,-6.2472053,3.2302577,-7.953554,2.9505353,7.2431097,17.009401
ddc_dzo_05869,unlabeled,Unknown,-3.9437191,4.4581113,-1.5688239,6.047866,-2.3149877,-7.5833755
ddc_dzo_07120,unlabeled,Unknown,-5.0183306,5.135692,-1.0422708,6.884749,14.329996,2.1244998
ddc_dzo_02451,unlabeled,Unknown,-4.2864923,5.471223,-1.1905032,6.841078,14.344247,2.0876744
ddc_dzo_04062,unlabeled,Unknown,-3.8087423,5.211775,-2.1013505,6.858391,14.310235,2.13577
ddc_dzo_02582,unlabeled,Unknown,-11.715266,-1.6800287,0.5114175,-1.1387125,-1.9157852,1.0778252
ddc_dzo_02421,unlabeled,Unknown,-12.316775,-3.9922047,-0.116853096,-0.88078386,-2.2616131,1.356335
ddc_dzo_04740,unlabeled,Unknown,-12.630025,-1.7381876,1.1965823,-1.112874,-2.0737386,1.0224185
ddc_dzo_07189,unlabeled,Unknown,-11.712271,-2.1185353,0.72100496,-0.8414598,-1.9351258,1.6519126
ddc_dzo_06152,unlabeled,Unknown,-9.434074,-2.1503654,-0.82599276,-1.0584638,-1.9566348,0.72361225
ddc_dzo_06185,unlabeled,Unknown,-8.951546,0.38786677,-0.097717054,-0.9925592,-1.9541882,0.7805554
ddc_dzo_06263,unlabeled,Unknown,-11.072714,-0.88066226,0.9567506,-1.0679717,-1.8465724,1.1320857
ddc_dzo_05316,unlabeled,Unknown,-10.372304,0.25710505,1.6106355,-0.7979175,-1.9130359,1.142669
ddc_dzo_05509,unlabeled,Unknown,-10.591908,-2.1162364,0.9149833,-0.97946286,-1.8894732,0.78019077
ddc_dzo_09219,unlabeled,Unknown,-9.685498,-1.7936729,0.39838684,-1.0870401,-2.0693867,0.8162123
ddc_dzo_04430,unlabeled,Unknown,-10.600349,-3.2066383,0.752585,-1.2242874,-2.166706,0.7387026
ddc_dzo_05637,unlabeled,Unknown,-10.50495,-1.0993733,1.254191,-0.8691908,-1.9072573,0.9751867
ddc_dzo_05566,unlabeled,Unknown,-10.632309,-2.1865826,-0.010112514,-1.2602715,-1.9834766,0.8715094
ddc_dzo_08506,unlabeled,Unknown,-5.935759,0.40673646,-1.2222493,6.0535927,-2.4293573,-7.625844
ddc_dzo_00872,unlabeled,Unknown,-2.8454874,3.2861674,-2.403433,5.749917,-2.049066,-7.5736065
ddc_dzo_00160,unlabeled,Unknown,-3.7836337,1.9806565,-1.9853404,6.0237646,-2.3788974,-7.638376
ddc_dzo_05367,unlabeled,Unknown,-2.4720495,1.4164128,-3.0765688,5.855523,-2.2358894,-7.4678707
ddc_dzo_03310,unlabeled,Unknown,-3.2059681,1.4942522,-3.4666224,5.921623,-2.1862254,-7.4708624
ddc_dzo_06561,unlabeled,Unknown,-2.2108135,2.1651769,-0.6068327,5.9778495,-2.3669474,-7.6591787
ddc_dzo_04257,unlabeled,Unknown,-3.4056478,2.4974823,-1.5073237,5.8443394,-2.1100206,-7.258836
ddc_dzo_03969,unlabeled,Unknown,-2.5752409,3.5134268,-3.0931308,6.008033,-2.3153555,-7.4891543
ddc_dzo_01461,unlabeled,Unknown,-1.766511,2.9514236,-0.4006945,5.9956837,-2.3092089,-7.5693297
ddc_dzo_04705,unlabeled,Unknown,-1.6407244,-0.6912108,-1.8035461,6.031233,-2.4526513,-7.6704307
ddc_dzo_02750,unlabeled,Unknown,-2.6535692,1.1867502,-4.0319505,5.9666367,-2.2254574,-7.34347
ddc_dzo_02787,unlabeled,Unknown,-4.7814627,2.7968922,-3.572149,5.9146733,-2.1424575,-7.3101916
ddc_dzo_05458,unlabeled,Unknown,-4.5359373,0.6855957,-1.2010651,5.954293,-2.237614,-7.5216002
ddc_dzo_09936,unlabeled,Unknown,-3.4332566,2.7382371,-0.6123542,5.9264936,-2.2300112,-7.4508414
ddc_dzo_06174,unlabeled,Unknown,-2.1446266,1.213513,-3.025191,5.951094,-2.1892393,-7.271641
ddc_dzo_04698,unlabeled,Unknown,-3.0699573,2.1186142,-1.4031662,6.024043,-2.358712,-7.560967
ddc_dzo_09567,unlabeled,Unknown,-1.725471,3.0387754,-3.7674596,5.9882874,-2.2334626,-7.315132
ddc_dzo_06106,unlabeled,Unknown,-1.6325152,3.466846,-4.044115,5.8778257,-2.260965,-7.5283327
ddc_dzo_00605,unlabeled,Unknown,0.8287876,4.319229,-3.669078,5.9346337,-2.20233,-7.3898993
ddc_dzo_07691,unlabeled,Unknown,-4.1590314,2.8350635,-3.0579822,5.842883,-2.071266,-7.4336314
ddc_dzo_01963,unlabeled,Unknown,-3.280738,0.38052988,-2.1985457,5.939694,-2.2606618,-7.559801
ddc_dzo_02157,unlabeled,Unknown,-5.0757008,2.6998937,-3.2559748,5.8028636,-1.7403319,-7.1343675
ddc_dzo_05678,unlabeled,Unknown,-4.2149105,0.6345426,-2.8285894,5.914536,-2.2092714,-7.340392
ddc_dzo_01571,unlabeled,Unknown,-4.889382,-0.23845717,-0.6915958,6.044974,-2.406647,-7.5979886
ddc_dzo_08876,unlabeled,Unknown,-1.6283314,2.5674298,-2.1628568,6.04086,-2.4491103,-7.751895
ddc_dzo_07832,unlabeled,Unknown,-3.5983844,0.59902775,-0.8013891,5.9963484,-2.294068,-7.4336023
ddc_dzo_03800,unlabeled,Unknown,-3.3392258,0.51291126,-3.210954,5.8852034,-2.1415696,-7.4095325
ddc_dzo_02715,unlabeled,Unknown,-4.8949103,1.9337876,-1.3080168,5.969461,-2.273331,-7.5660467
ddc_dzo_08347,unlabeled,Unknown,-5.7642045,0.6200286,0.6423432,5.939089,-2.3034658,-7.5705853
ddc_dzo_08464,unlabeled,Unknown,-4.990816,1.0862955,0.28832293,5.7210345,-2.0003276,-7.4209833
ddc_dzo_03677,unlabeled,Unknown,-4.2025166,3.0221965,-1.6921519,5.8513246,-2.1768796,-7.3066072
ddc_dzo_04185,unlabeled,Unknown,-3.6499732,1.8999819,1.2559581,5.9493594,-2.267735,-7.583554
ddc_dzo_06213,unlabeled,Unknown,-4.3119416,-0.51226234,-0.10217442,5.871375,-2.2427857,-7.502129
ddc_dzo_02002,unlabeled,Unknown,-5.084577,-0.6104454,-0.083153285,5.854049,-2.2002022,-7.348658
ddc_dzo_02935,unlabeled,Unknown,-5.511928,0.937408,0.27070585,5.8916664,-2.1594374,-7.3259096
ddc_dzo_02358,unlabeled,Unknown,-5.7224994,-1.6074512,-0.68504775,5.8472404,-2.161333,-7.399255
ddc_dzo_06094,unlabeled,Unknown,-6.700939,0.6400131,-1.5237322,5.8394165,-2.11738,-7.289099
ddc_dzo_01619,unlabeled,Unknown,-3.7669232,2.204139,-4.0340567,5.8416743,-2.0023372,-7.2640867
ddc_dzo_04106,unlabeled,Unknown,-4.9549284,0.775199,-0.6952413,5.7973003,-2.0922432,-7.3606215
ddc_dzo_04369,unlabeled,Unknown,-4.8251176,-1.1765631,-0.042005774,5.949645,-2.4058762,-7.6998053
ddc_dzo_01381,unlabeled,Unknown,-4.176563,1.0585712,-0.47989333,5.92134,-2.1749494,-7.423483
ddc_dzo_03017,unlabeled,Unknown,-5.9017534,0.5529353,-1.2193835,5.897121,-2.1881793,-7.416494
ddc_dzo_04026,unlabeled,Unknown,-3.0859876,1.6007808,-3.473417,5.898795,-2.127312,-7.253668
ddc_dzo_06488,unlabeled,Unknown,-4.685601,-0.25574517,-1.7695023,5.913782,-2.1577315,-7.267887
ddc_dzo_04548,unlabeled,Unknown,-5.2753606,4.100815,-1.1974237,5.854751,-2.0790591,-7.3854814
ddc_dzo_03109,unlabeled,Unknown,-7.4714246,-0.5789312,-1.7653277,6.017429,-2.49478,-7.8892083
ddc_dzo_00709,unlabeled,Unknown,-2.3908963,2.339769,-4.069518,5.718697,-1.9026529,-7.2903495
ddc_dzo_04120,unlabeled,Unknown,-5.1899614,0.14416772,-0.4596526,5.8490515,-2.1422338,-7.3540444
ddc_dzo_08702,unlabeled,Unknown,-6.506998,0.42881513,-1.8773379,5.921681,-2.2345994,-7.3595037
ddc_dzo_08478,unlabeled,Unknown,-4.0495787,2.9120336,-3.6465807,5.846319,-1.9829053,-7.24115
ddc_dzo_05002,unlabeled,Unknown,-3.0651426,0.5663061,-2.517671,5.924634,-2.1496217,-7.2664943
ddc_dzo_00043,unlabeled,Unknown,-3.3892577,0.3351751,-1.794686,5.9902177,-2.3658803,-7.6446843
ddc_dzo_06727,unlabeled,Unknown,-4.674389,1.9438547,-0.379056,5.8334613,-2.099079,-7.289302
ddc_dzo_06456,unlabeled,Unknown,-4.070394,2.7846415,-1.4277928,5.849182,-2.0485172,-7.223728
ddc_dzo_08619,unlabeled,Unknown,-3.6287224,-0.39352107,-1.1494005,6.070234,-2.4198806,-7.5852027
ddc_dzo_02754,unlabeled,Unknown,-5.460761,-0.13065496,-1.2488056,5.980798,-2.2829766,-7.618538
ddc_dzo_07505,unlabeled,Unknown,-3.632044,0.32113314,-1.3634801,6.02993,-2.4953682,-7.756017
ddc_dzo_03469,unlabeled,Unknown,-5.044655,0.22134541,-0.8860217,5.915212,-2.2215936,-7.4721775
ddc_dzo_05792,unlabeled,Unknown,-6.826409,-0.4594493,2.2440505,5.7795706,-2.0748165,-7.3532786
ddc_dzo_04866,unlabeled,Unknown,-7.683099,1.2259079,-1.8542682,5.829286,-2.1931708,-7.377675
ddc_dzo_03910,unlabeled,Unknown,-6.0744214,-1.485205,-1.3484253,5.850077,-2.1445513,-7.36212
ddc_dzo_04313,unlabeled,Unknown,-5.361553,0.723912,-0.8348427,5.794952,-2.0866818,-7.3287396
ddc_dzo_03413,unlabeled,Unknown,-4.446138,1.0635288,-0.44776106,6.0091205,-2.484178,-7.753334
ddc_dzo_06231,unlabeled,Unknown,-5.6866503,-0.1153257,1.2089258,6.0208263,-2.4651535,-7.7192817
ddc_dzo_06533,unlabeled,Unknown,-4.3374414,3.5553799,-2.6175258,5.875779,-2.0761454,-7.3131495
ddc_dzo_08658,unlabeled,Unknown,-5.555571,0.20540789,-2.57402,5.8883147,-2.2005959,-7.2994294
ddc_dzo_02466,unlabeled,Unknown,-4.0538173,0.5263887,-0.7329295,5.826198,-2.1937654,-7.386937
ddc_dzo_02748,unlabeled,Unknown,-4.933216,-0.5636091,-1.3788654,5.911828,-2.2073197,-7.523059
ddc_dzo_08807,unlabeled,Unknown,-5.8642993,1.3219434,-1.6284251,5.737975,-2.2513323,-7.466685
ddc_dzo_00810,unlabeled,Unknown,-4.5023155,0.88752073,0.097014785,5.9473877,-2.2902372,-7.5799828
ddc_dzo_01019,unlabeled,Unknown,-5.039999,2.5989099,-0.4971034,5.8570437,-2.3223088,-7.7449565
ddc_dzo_02457,unlabeled,Unknown,-2.3441572,2.8859515,-3.3801677,-7.6797333,5.2724586,7.038103
ddc_dzo_09233,unlabeled,Unknown,-1.0789851,0.8447885,-4.0970354,-7.6578774,5.250564,7.0600457
ddc_dzo_06555,unlabeled,Unknown,-1.3315476,3.967752,-3.2729573,-7.66194,5.2545137,7.0557275
ddc_dzo_03569,unlabeled,Unknown,-2.3350027,2.5252862,-3.815639,-7.6428127,5.235528,7.0751133
ddc_dzo_08765,unlabeled,Unknown,-4.4186754,1.7759099,-2.6896613,5.9940505,-2.3386486,-7.5395393
ddc_dzo_02197,unlabeled,Unknown,-3.4927306,2.083232,-2.3463054,5.920291,-2.158745,-7.271806
ddc_dzo_02387,unlabeled,Unknown,-2.166197,3.3532722,-0.83941215,5.8904004,-2.1007175,-7.2074666
ddc_dzo_02939,unlabeled,Unknown,-4.5394835,2.4184837,-1.5044812,5.8924656,-2.1334922,-7.2584195
ddc_dzo_03725,unlabeled,Unknown,-4.374705,1.1586158,-0.7239629,5.851543,-2.1858602,-7.332019
ddc_dzo_07332,unlabeled,Unknown,-1.4655193,3.3604279,-5.208266,-7.6703906,5.263083,7.047647
ddc_dzo_04228,unlabeled,Unknown,-5.1798244,0.22791892,-1.663662,5.8678846,-2.2054365,-7.3872848
ddc_dzo_02923,unlabeled,Unknown,-1.7844535,2.7214732,-5.145053,-7.661492,5.2540846,7.0567794
ddc_dzo_04877,unlabeled,Unknown,-3.924852,2.6356347,-1.9778165,5.986233,-2.4463298,-7.8506236
ddc_dzo_09438,unlabeled,Unknown,-2.8215346,3.2256203,-5.352705,-7.6591096,5.2518415,7.0587664
ddc_dzo_05501,unlabeled,Unknown,-5.212526,2.104849,-0.9488482,5.8411365,-2.1743479,-7.4689493
ddc_dzo_09812,unlabeled,Unknown,-2.7820828,1.5943986,-3.3957832,-7.6619544,5.2546444,7.0559955
ddc_dzo_03152,unlabeled,Unknown,-5.2368565,2.828404,-2.4370387,5.8686004,-2.1371284,-7.4102564
ddc_dzo_02714,unlabeled,Unknown,-4.665932,1.1978843,0.15420961,5.951723,-2.2938995,-7.5924306
ddc_dzo_00325,unlabeled,Unknown,-3.4046507,3.750249,-5.01076,-7.67311,5.265805,7.044916
ddc_dzo_06678,unlabeled,Unknown,0.2637743,3.956404,-2.7416995,-7.678749,5.26844,7.0473056
ddc_dzo_03745,unlabeled,Unknown,-2.4975715,3.6946929,-4.8533616,-7.6741614,5.266639,7.044619
ddc_dzo_02904,unlabeled,Unknown,-4.542723,0.25277135,-3.0600226,5.902815,-2.320607,-7.52993
ddc_dzo_05581,unlabeled,Unknown,-0.061668467,5.62707,-3.1263816,-7.65945,5.2517505,7.0597486
ddc_dzo_08111,unlabeled,Unknown,-3.8413777,2.806426,-1.788797,5.864934,-2.4861293,-8.021808
ddc_dzo_06925,unlabeled,Unknown,-4.8194704,0.7187713,-0.8773298,5.9865355,-2.581887,-7.9473724
ddc_dzo_09574,unlabeled,Unknown,-5.6839514,3.4567568,-0.51661956,5.871829,-2.5089726,-8.09447
ddc_dzo_00411,unlabeled,Unknown,-4.9350643,0.5090075,-2.0577195,5.9200826,-2.5308886,-7.952143
ddc_dzo_02685,unlabeled,Unknown,-3.4543183,3.1196184,-4.8569655,-7.6650567,5.2577295,7.0529675
ddc_dzo_07172,unlabeled,Unknown,-5.109261,1.9516424,-3.9602711,5.8539276,-2.4935079,-8.055221
ddc_dzo_04615,unlabeled,Unknown,-3.6651216,1.1954271,-7.353382,5.9390273,-2.5810306,-8.122298
ddc_dzo_09277,unlabeled,Unknown,-3.8460124,2.4092991,-3.3346682,-7.647978,5.240704,7.0699787
ddc_dzo_05521,unlabeled,Unknown,-1.3415551,2.287517,-2.2631412,-7.648195,5.2409916,7.069548
ddc_dzo_00074,unlabeled,Unknown,-2.0318506,3.5120275,-4.6927214,-7.6108394,5.203545,7.1071544
ddc_dzo_00557,unlabeled,Unknown,-5.53818,-1.2142224,-1.0455811,5.865918,-2.5174325,-8.00369
ddc_dzo_09756,unlabeled,Unknown,-3.5715098,1.9564978,-2.1893039,5.76004,-2.4123254,-8.083677
ddc_dzo_00625,unlabeled,Unknown,-4.315021,1.2502319,-0.5275801,5.9737096,-2.578877,-7.975086
ddc_dzo_09023,unlabeled,Unknown,-5.5339556,-0.98330784,-3.6819293,5.898112,-2.581359,-8.080228
ddc_dzo_00020,unlabeled,Unknown,-2.6549032,4.650433,-1.449907,-7.646518,5.2395597,7.0703297
ddc_dzo_09347,unlabeled,Unknown,0.044870395,3.8222868,-2.0758846,-7.6919813,5.2845664,7.0262733
ddc_dzo_09992,unlabeled,Unknown,-5.40441,1.3281877,-2.3420353,5.8238835,-2.4585488,-7.929903
ddc_dzo_03974,unlabeled,Unknown,-1.6416832,2.3260229,-2.0725017,-7.669941,5.2626076,7.0481434
ddc_dzo_08562,unlabeled,Unknown,-3.7778955,2.2685556,-5.759011,5.8954463,-2.526396,-8.096644
ddc_dzo_01527,unlabeled,Unknown,-1.2402999,3.6727653,-2.5677521,-7.6425867,5.235275,7.0753946
ddc_dzo_06594,unlabeled,Unknown,-4.0175467,1.7844937,-1.4676301,5.8806214,-2.5148883,-8.069242
ddc_dzo_05764,unlabeled,Unknown,-5.110585,2.1126714,-3.1895552,-7.6621385,5.254837,7.055857
ddc_dzo_06932,unlabeled,Unknown,-2.0615263,3.4848754,-3.5306926,-7.6761565,5.2688236,7.041904
ddc_dzo_06141,unlabeled,Unknown,-4.354993,2.3835514,-1.9792161,5.800102,-2.4440453,-8.000051
ddc_dzo_05014,unlabeled,Unknown,-4.759363,3.2029364,-2.9844754,5.8156695,-2.4308724,-8.04573
ddc_dzo_05703,unlabeled,Unknown,-4.6767726,1.9741713,-2.100967,5.9237094,-2.4440982,-7.97948
ddc_dzo_07226,unlabeled,Unknown,-3.2277763,4.242061,-4.6024747,-7.660974,5.2536507,7.0570717
ddc_dzo_06683,unlabeled,Unknown,-4.767225,1.6144497,-3.1861186,5.8601527,-2.4939833,-8.083825
ddc_dzo_07401,unlabeled,Unknown,-5.619273,1.7196163,-2.6382408,5.989055,-2.5982888,-8.021271
ddc_dzo_03430,unlabeled,Unknown,-6.3268743,0.81291455,-1.3486193,5.831242,-2.5758264,-8.060792
ddc_dzo_05853,unlabeled,Unknown,-1.5551007,3.7426128,-1.783015,5.903118,-2.5252388,-8.075488
ddc_dzo_08419,unlabeled,Unknown,-6.072969,2.082183,-5.230889,5.826302,-2.484236,-8.125663
ddc_dzo_02887,unlabeled,Unknown,-3.6402426,2.4894702,-2.458659,5.8137794,-2.4727733,-8.067986
ddc_dzo_00028,unlabeled,Unknown,-4.1723747,2.8012593,-2.286263,5.9761443,-2.5529659,-7.952475
ddc_dzo_07112,unlabeled,Unknown,-5.419703,1.8931173,-3.5393202,5.9737535,-2.618906,-8.04385
ddc_dzo_04451,unlabeled,Unknown,-4.200377,2.3386092,-0.60236037,5.887308,-2.5203767,-8.1330385
ddc_dzo_08064,unlabeled,Unknown,-5.790938,1.3351691,-0.7847151,6.011201,-2.6075814,-7.98861
ddc_dzo_09933,unlabeled,Unknown,-6.1097665,1.9344842,0.18785189,5.8842707,-2.4874418,-7.868313
ddc_dzo_06510,unlabeled,Unknown,-5.063898,0.967758,0.39432368,5.9803376,-2.5225945,-7.8739715
ddc_dzo_01709,unlabeled,Unknown,-4.3542876,2.1390488,-1.461851,5.9940934,-2.610392,-7.9898105
ddc_dzo_01202,unlabeled,Unknown,-4.20172,2.2916396,-4.8268766,6.005906,-2.6433597,-8.105903
ddc_dzo_03761,unlabeled,Unknown,-3.917546,3.8377225,-1.707793,5.862153,-2.5058742,-8.145419
ddc_dzo_08254,unlabeled,Unknown,-0.6087542,3.2876053,-2.736147,5.952989,-2.51113,-7.91262
ddc_dzo_00711,unlabeled,Unknown,-1.8171593,3.9800026,-2.508809,5.871072,-2.5082943,-8.075073
ddc_dzo_07452,unlabeled,Unknown,-4.5735235,3.2028234,-1.5742816,6.035778,-2.5453808,-7.875856
ddc_dzo_00420,unlabeled,Unknown,-5.0049343,2.084807,-1.9898323,5.829171,-2.48417,-8.037347
ddc_dzo_02265,unlabeled,Unknown,-4.0168533,4.1538124,-5.8193727,5.771995,-2.4186232,-8.068943
ddc_dzo_04354,unlabeled,Unknown,-4.2735314,-0.014267967,-0.9820493,5.9181023,-2.5169091,-7.941311
ddc_dzo_00481,unlabeled,Unknown,-4.1045094,0.22426507,-0.95001113,5.801587,-2.4530623,-8.0486765
ddc_dzo_00807,unlabeled,Unknown,-3.5789044,1.291558,-0.9904189,5.945547,-2.5662086,-7.975218
ddc_dzo_00234,unlabeled,Unknown,-6.284613,1.5835208,-0.1707652,5.90666,-2.612294,-8.1340275
ddc_dzo_03998,unlabeled,Unknown,-4.579694,1.2456938,-1.8205557,5.8205237,-2.502753,-8.064621
ddc_dzo_06653,unlabeled,Unknown,-4.458537,1.699871,-0.6401135,5.96294,-2.580156,-8.005312
ddc_dzo_00162,unlabeled,Unknown,-5.624696,-0.061530717,-2.9938447,5.9487023,-2.538742,-7.9435053
ddc_dzo_04326,unlabeled,Unknown,-3.2655957,1.355118,-1.4269332,5.798155,-2.4624457,-8.044222
ddc_dzo_02422,unlabeled,Unknown,-4.6677413,1.0068305,-2.1053376,5.9526114,-2.5725687,-8.042712
ddc_dzo_05064,unlabeled,Unknown,-3.2858043,-0.40614885,-3.4055047,5.8830914,-2.4147263,-7.8997364
ddc_dzo_07213,unlabeled,Unknown,-4.7045093,2.7915936,-1.0757428,5.8193865,-2.4846394,-8.036078
ddc_dzo_02669,unlabeled,Unknown,-4.22344,1.673969,0.0037788074,6.019786,-2.6114523,-7.955742
ddc_dzo_01956,unlabeled,Unknown,-4.131734,3.469488,-3.657097,5.9125686,-2.5592484,-8.167969
ddc_dzo_04953,unlabeled,Unknown,-3.3341904,3.381694,-4.0159073,5.948947,-2.5449102,-7.969354
ddc_dzo_06662,unlabeled,Unknown,-5.73329,-0.72469085,0.41090754,5.843069,-2.5106013,-8.058749
ddc_dzo_01260,unlabeled,Unknown,-5.6109166,0.0821827,-1.7496043,5.874571,-2.5434716,-8.105633
ddc_dzo_02078,unlabeled,Unknown,-3.8529432,1.3108093,-5.048047,5.8228602,-2.4743485,-8.0748415
ddc_dzo_01497,unlabeled,Unknown,-2.1603765,3.9887264,-3.1077423,5.890024,-2.493645,-8.044326
ddc_dzo_09370,unlabeled,Unknown,-3.5992491,2.959359,-1.7597282,5.9023123,-2.5100074,-8.012516
ddc_dzo_01675,unlabeled,Unknown,-3.6475036,2.7223852,-1.4413179,5.795604,-2.4365413,-8.132823
ddc_dzo_03781,unlabeled,Unknown,-5.554274,0.45313573,-1.6107134,5.931615,-2.498675,-7.9845943
ddc_dzo_06298,unlabeled,Unknown,-3.9175107,0.96929467,-1.9220017,5.8283567,-2.4689353,-8.056172
ddc_dzo_01187,unlabeled,Unknown,-5.7818837,-0.16110809,-0.51696867,5.8744884,-2.556402,-8.108135
ddc_dzo_03005,unlabeled,Unknown,-7.0667157,1.6966996,-1.4809291,5.9946594,-2.6126738,-8.030342
ddc_dzo_00919,unlabeled,Unknown,-4.5524225,-0.04818223,0.77379954,5.965986,-2.4487545,-7.783048
ddc_dzo_02498,unlabeled,Unknown,-3.7248576,4.2081385,-2.1275413,5.958519,-2.458293,-7.8580403
ddc_dzo_07461,unlabeled,Unknown,-4.368909,0.30366105,-2.8531976,5.919422,-2.5304742,-7.9594183
ddc_dzo_07166,unlabeled,Unknown,-4.420365,2.3409688,-1.9707321,6.027687,-2.54558,-7.9496408
ddc_dzo_01161,unlabeled,Unknown,-4.140227,1.4290056,-1.840695,6.0396776,-2.4623578,-7.7797394
ddc_dzo_08209,unlabeled,Unknown,-5.991631,2.2275078,-0.68527687,5.957519,-2.5108416,-7.891055
ddc_dzo_09150,unlabeled,Unknown,-4.8340726,3.04151,-0.68857163,5.8402824,-2.4508445,-8.027902
ddc_dzo_05874,unlabeled,Unknown,-4.758471,0.62321943,-1.0167539,5.736473,-2.4115283,-7.9557376
ddc_dzo_00480,unlabeled,Unknown,-5.610345,2.4120374,0.8338344,5.763526,-2.353015,-7.8603525
ddc_dzo_05136,unlabeled,Unknown,-2.8110495,1.5688107,-0.5146407,5.941674,-2.4994922,-7.925116
ddc_dzo_07895,unlabeled,Unknown,-4.4818516,0.3237493,-1.0448008,5.8638268,-2.4268198,-7.8117447
ddc_dzo_08886,unlabeled,Unknown,-4.8308806,1.1241024,0.4694122,5.9388366,-2.3744676,-7.684099
ddc_dzo_01931,unlabeled,Unknown,-3.9421322,0.8129126,-1.4977726,5.842669,-2.486098,-8.082719
ddc_dzo_02876,unlabeled,Unknown,-4.514362,3.4200704,-1.641274,5.8237686,-2.4554405,-8.016023
ddc_dzo_02297,unlabeled,Unknown,-5.7616577,2.1943183,0.86980724,5.7221584,-2.4170787,-7.9897594
ddc_dzo_03597,unlabeled,Unknown,-5.5895786,0.060586102,2.268986,5.727578,-2.3963642,-7.9590044
ddc_dzo_07024,unlabeled,Unknown,-3.3024125,0.7189796,-0.5357096,5.8222275,-2.4733257,-8.017844
ddc_dzo_08067,unlabeled,Unknown,-3.5475066,-0.2322774,-0.5814421,5.934286,-2.429503,-7.726496
ddc_dzo_01655,unlabeled,Unknown,-11.129485,-2.1043606,0.19411562,-1.1575674,-2.0191338,0.7129695
ddc_dzo_09416,unlabeled,Unknown,2.4607956,2.0750363,-1.6559515,16.100618,2.1499736,5.781793
ddc_dzo_05231,unlabeled,Unknown,3.0990973,0.9938002,-0.30060574,16.584675,1.8454243,4.8921046
ddc_dzo_02040,unlabeled,Unknown,-11.658875,-4.1723733,2.058394,-1.1832402,-1.9838954,0.80595225
ddc_dzo_01843,unlabeled,Unknown,1.1970816,-1.081105,-1.0077928,16.720316,1.6796261,4.8716908
ddc_dzo_09207,unlabeled,Unknown,0.95735204,-0.5601081,-0.9229537,16.908293,2.1137352,5.442747
ddc_dzo_00909,unlabeled,Unknown,3.5131035,1.8387082,0.14277019,16.824673,2.0720525,5.2277217
ddc_dzo_06483,unlabeled,Unknown,2.1136541,-1.6900961,-0.90112996,17.242765,1.2734135,4.9736533
ddc_dzo_09667,unlabeled,Unknown,2.288929,-1.52013,1.2566805,17.068035,1.7194803,5.470468
ddc_dzo_06709,unlabeled,Unknown,-11.151582,-0.76795787,1.3996972,-1.1627647,-1.8573191,0.7788633
ddc_dzo_08299,unlabeled,Unknown,1.5826005,-0.32814008,-0.77664745,16.869038,1.91987,4.7574277
ddc_dzo_07899,unlabeled,Unknown,1.247046,1.664688,-0.0739003,16.703394,1.7431246,4.689277
ddc_dzo_08404,unlabeled,Unknown,2.9749587,-0.4220927,-0.024080649,16.678587,1.634339,4.6609178
ddc_dzo_04804,unlabeled,Unknown,2.8628113,-1.2926645,0.85680646,17.136621,1.8555934,5.072981
ddc_dzo_03330,unlabeled,Unknown,-3.2218504,3.9212697,-2.6446218,5.8171563,-1.8030349,-7.1876135
ddc_dzo_00343,unlabeled,Unknown,2.3900785,0.5308398,0.16838144,16.610817,1.8179222,4.717198
ddc_dzo_01141,unlabeled,Unknown,-9.714672,-0.83061826,-0.9799733,-1.4023511,-2.265385,0.9015197
ddc_dzo_00348,unlabeled,Unknown,2.7608652,0.6217938,1.0887507,16.705517,1.9573591,4.7723
ddc_dzo_08337,unlabeled,Unknown,-11.139321,-0.75536734,0.8427968,-1.1896285,-1.903385,0.6777027
ddc_dzo_06752,unlabeled,Unknown,3.0811706,-0.527829,-1.5589136,16.853321,1.9694053,4.742262
ddc_dzo_08444,unlabeled,Unknown,0.6685344,3.4749572,-1.1789606,16.838919,1.7534653,4.617832
ddc_dzo_02812,unlabeled,Unknown,2.9302118,1.2536519,-2.2999313,16.734072,1.9031335,4.6242876
ddc_dzo_09288,unlabeled,Unknown,2.3474188,-0.8180676,-0.9058383,16.686977,2.1934407,5.1629753
ddc_dzo_02660,unlabeled,Unknown,2.7720594,1.7373214,-0.36359453,16.89657,1.9403907,4.70223
ddc_dzo_03274,unlabeled,Unknown,2.7883792,1.0758595,-0.20270625,17.186098,1.782901,5.1705623
ddc_dzo_04214,unlabeled,Unknown,-10.092651,-1.6198119,0.21825115,-1.1911697,-1.8399584,0.8986151
ddc_dzo_04596,unlabeled,Unknown,1.9353611,-0.490863,-0.186937,17.235947,1.8714436,5.491396
ddc_dzo_03173,unlabeled,Unknown,3.1499677,-0.40702787,-1.7169806,16.205313,2.1941073,5.6838155
ddc_dzo_07056,unlabeled,Unknown,-10.686713,-1.5472054,-0.19116627,-0.6746786,-2.0461607,1.2260457
ddc_dzo_07282,unlabeled,Unknown,2.5317209,0.61174685,-2.0223503,16.78844,1.5752786,5.1224217
ddc_dzo_03391,unlabeled,Unknown,1.2209622,1.1199956,-1.9588742,16.813698,1.968752,4.729331
ddc_dzo_05993,unlabeled,Unknown,1.7305795,1.8432213,-0.8668784,16.840487,1.9853337,4.67969
ddc_dzo_05567,unlabeled,Unknown,1.1114831,-0.30301836,0.086239636,16.95667,1.5467829,4.7415323
ddc_dzo_08681,unlabeled,Unknown,2.2958643,0.26127583,0.32862866,16.958958,1.9437014,4.845321
ddc_dzo_04865,unlabeled,Unknown,1.6499889,1.0706218,-1.4403244,15.736174,2.1006286,5.9369154
ddc_dzo_06513,unlabeled,Unknown,-12.113259,0.29699495,-1.2181861,-1.2884924,-2.0844715,0.8487785
ddc_dzo_01398,unlabeled,Unknown,-11.370022,-0.41019502,0.53264177,-1.3378778,-2.2623377,0.81085914
ddc_dzo_03625,unlabeled,Unknown,-10.294803,-0.071995474,-0.83043593,-1.1471602,-1.705479,1.078604
ddc_dzo_05305,unlabeled,Unknown,-12.039115,-1.6367141,1.1000924,-1.138177,-1.930638,0.8953159
ddc_dzo_06955,unlabeled,Unknown,-8.711581,-1.5042409,-0.84936893,-1.1206094,-1.9448764,0.6826877
ddc_dzo_00975,unlabeled,Unknown,-6.1536193,1.8561962,-0.6393121,5.747856,-2.2955885,-7.916179
ddc_dzo_00827,unlabeled,Unknown,-5.238339,2.3936715,-2.2435226,5.7530203,-2.2458167,-7.8961325
ddc_dzo_09281,unlabeled,Unknown,-6.622443,-0.07115333,-2.6404347,5.722916,-1.8376102,-7.2382135
ddc_dzo_08850,unlabeled,Unknown,-4.6333413,0.6625286,-5.437031,5.648093,-1.795725,-7.2703876
ddc_dzo_00957,unlabeled,Unknown,-6.5083866,3.666553,-3.5526614,5.7593484,-1.7890012,-7.196651
ddc_dzo_09600,unlabeled,Unknown,-2.375303,1.4149628,-3.2160838,5.6659045,-1.7096325,-7.279588
ddc_dzo_07704,unlabeled,Unknown,-5.4070983,0.5026346,-2.3583443,5.7284555,-1.901833,-7.3312945
ddc_dzo_05082,unlabeled,Unknown,-4.234064,-0.0017771474,-3.5925121,5.6909842,-1.8257757,-7.2540364
ddc_dzo_09461,unlabeled,Unknown,-6.7982874,1.9140874,-1.6524656,5.6929355,-1.7782133,-7.1876554
ddc_dzo_05763,unlabeled,Unknown,-5.8886204,0.40054482,-1.037689,5.750982,-1.8761905,-7.256557
ddc_dzo_07953,unlabeled,Unknown,-4.190286,4.2614717,-1.9250702,5.763415,-1.8681117,-7.1824675
ddc_dzo_07020,unlabeled,Unknown,-4.2559333,2.9445674,-3.6808112,5.7725315,-1.9041256,-7.2324996
ddc_dzo_00966,unlabeled,Unknown,-5.267851,3.6002202,-2.382228,5.767628,-1.8673137,-7.172085
ddc_dzo_06161,unlabeled,Unknown,-6.1299157,1.8719468,-0.8197493,5.690794,-1.8913274,-7.332665
ddc_dzo_06047,unlabeled,Unknown,-5.1273956,2.1690779,-2.819291,5.706357,-1.7763819,-7.185039
ddc_dzo_01756,unlabeled,Unknown,-4.9267054,1.719963,-3.3017585,5.674429,-1.7729582,-7.2181077
ddc_dzo_03852,unlabeled,Unknown,-6.308695,1.5717893,-2.9727387,5.6453137,-1.8032874,-7.2987533
ddc_dzo_03079,unlabeled,Unknown,-3.68391,4.2326164,-3.2049525,5.6626387,-1.8245267,-7.367442
ddc_dzo_09729,unlabeled,Unknown,-4.8146014,3.0210097,-2.1443713,5.676728,-1.8470509,-7.3630958
ddc_dzo_08487,unlabeled,Unknown,-5.4644337,2.6114905,-1.7594602,5.691393,-1.9205366,-7.4494667
ddc_dzo_01335,unlabeled,Unknown,-4.6679616,0.9684825,-2.6064827,5.7008824,-1.9502014,-7.496823
ddc_dzo_06595,unlabeled,Unknown,-6.770894,3.129574,-1.3601342,5.6733165,-1.8467761,-7.355846
ddc_dzo_02293,unlabeled,Unknown,-5.114347,1.3630068,-1.8477961,5.678598,-1.8527124,-7.3380075
ddc_dzo_07609,unlabeled,Unknown,-7.997895,0.38373813,-2.9924848,5.598933,-1.8107245,-7.3654075
ddc_dzo_02178,unlabeled,Unknown,-4.2099185,1.7849964,-1.2801253,5.6470356,-1.7822264,-7.28629
ddc_dzo_02073,unlabeled,Unknown,-5.450289,2.6801665,-4.0157743,5.6260266,-1.7489667,-7.2600665
ddc_dzo_04568,unlabeled,Unknown,-7.1600523,1.250104,-2.6058576,5.642967,-1.7778308,-7.329586
ddc_dzo_00526,unlabeled,Unknown,-5.2602096,2.9005494,-3.154806,5.673397,-1.8232387,-7.341735
ddc_dzo_03278,unlabeled,Unknown,-5.234769,5.422779,-2.4945865,5.621891,-1.712626,-7.3031507
ddc_dzo_04662,unlabeled,Unknown,-6.6582475,3.7752638,-3.3429942,5.6743245,-1.8091502,-7.3005466
ddc_dzo_01989,unlabeled,Unknown,-3.7525043,2.6854746,-2.9739583,5.72627,-1.8982618,-7.3982115
ddc_dzo_02823,unlabeled,Unknown,-6.0871663,0.8133529,-2.47974,5.689501,-1.845953,-7.296946
ddc_dzo_01079,unlabeled,Unknown,-6.361737,0.37938643,-3.1976852,5.667024,-1.9058894,-7.44451
ddc_dzo_03813,unlabeled,Unknown,-6.8882875,1.8782846,-2.8866808,5.672476,-1.869982,-7.4385953
ddc_dzo_03938,unlabeled,Unknown,-7.5352964,-0.5688111,-1.0982499,5.711877,-1.8705205,-7.268142
ddc_dzo_01534,unlabeled,Unknown,-6.566566,4.9881854,-4.113805,5.668867,-1.7358984,-7.166841
ddc_dzo_02989,unlabeled,Unknown,-5.7661033,1.1412342,-2.9963233,5.792482,-1.7520632,-7.213359
ddc_dzo_09039,unlabeled,Unknown,-2.7241292,2.3256142,-2.7803566,5.6811934,-1.8205014,-7.322926
ddc_dzo_00233,unlabeled,Unknown,-4.5316195,1.5015738,-1.7585136,5.696556,-1.881438,-7.3941913
ddc_dzo_09424,unlabeled,Unknown,-2.981114,2.1846282,-2.6386409,5.649221,-1.798046,-7.318693
ddc_dzo_05621,unlabeled,Unknown,-5.4186864,0.34737736,-0.77949286,5.6864896,-1.887014,-7.3159533
ddc_dzo_07848,unlabeled,Unknown,-4.2468667,2.916307,-4.326391,5.6744447,-1.8178914,-7.331628
ddc_dzo_08754,unlabeled,Unknown,-5.8798456,2.3528852,-4.216465,5.6247907,-1.7828957,-7.2883625
ddc_dzo_08731,unlabeled,Unknown,-2.555492,3.966948,-4.5181127,5.7294,-1.8000976,-7.2328258
ddc_dzo_05042,unlabeled,Unknown,-5.3869486,1.2666351,-1.3296555,5.8042383,-1.7320974,-7.198239
ddc_dzo_01932,unlabeled,Unknown,-6.6698318,1.8425326,-0.09220551,5.6579256,-1.7963724,-7.3276114
ddc_dzo_08645,unlabeled,Unknown,-4.622263,2.3869371,-1.053092,5.642227,-1.769801,-7.304498
ddc_dzo_01617,unlabeled,Unknown,-5.730237,3.789749,-3.0430853,5.6519732,-1.7589293,-7.2379236
ddc_dzo_02150,unlabeled,Unknown,-4.1830416,3.025285,-2.8485284,5.7087445,-1.7555761,-7.1987386
ddc_dzo_09180,unlabeled,Unknown,-5.7083073,0.2618778,-3.2780564,5.7762003,-1.9450722,-7.2135425
ddc_dzo_06845,unlabeled,Unknown,-4.2463875,1.9980819,-11.896515,3.4159176,6.6888733,17.278522
ddc_dzo_00599,unlabeled,Unknown,-4.795032,3.7836003,-10.939127,3.2522109,7.2629123,17.054205
ddc_dzo_09853,unlabeled,Unknown,-3.1665492,2.957332,-12.748761,3.2535355,7.3025975,17.158829
ddc_dzo_02575,unlabeled,Unknown,-3.5546632,2.675101,-11.93192,3.2227979,7.280906,17.144836
ddc_dzo_04116,unlabeled,Unknown,-3.3922887,4.2804003,-11.69013,3.218841,7.283002,17.151224
ddc_dzo_00403,unlabeled,Unknown,-3.046533,2.935948,-13.885908,3.2292283,7.263704,17.170607
ddc_dzo_06258,unlabeled,Unknown,-2.3253293,2.2444975,-11.828423,3.2044568,7.2685747,17.11563
ddc_dzo_06393,unlabeled,Unknown,-3.03729,2.562709,-12.364162,3.2484148,7.277731,17.184038
ddc_dzo_07336,unlabeled,Unknown,-3.5255883,3.1276608,-8.95341,3.2493303,7.263607,17.15627
ddc_dzo_07006,unlabeled,Unknown,-3.442994,4.5493836,-10.173441,3.2156565,7.2671247,17.145973
ddc_dzo_00863,unlabeled,Unknown,-3.7322845,3.552397,-12.374465,3.150626,7.272289,17.104822
ddc_dzo_03175,unlabeled,Unknown,-3.7540863,2.763649,-12.189715,3.2182264,7.2526774,17.17212
ddc_dzo_06614,unlabeled,Unknown,-2.815653,3.4970365,-13.65189,3.2406378,7.2671103,17.154194
ddc_dzo_04028,unlabeled,Unknown,-3.2964892,4.326667,-8.349508,3.1771336,7.335428,17.168648
ddc_dzo_09260,unlabeled,Unknown,-5.670434,1.8757756,-7.989159,2.785364,7.5097256,16.85231
ddc_dzo_00791,unlabeled,Unknown,-6.3288083,4.1092057,-11.119859,2.9254503,7.404867,16.920876
ddc_dzo_07767,unlabeled,Unknown,-3.5563045,2.5987203,-10.250243,2.7745936,7.486019,16.85415
ddc_dzo_07725,unlabeled,Unknown,-3.65812,4.3784423,-11.612888,2.8072798,7.5103436,16.834276
ddc_dzo_00434,unlabeled,Unknown,-3.9257421,2.9487562,-11.363254,2.7912278,7.560872,16.78957
ddc_dzo_08144,unlabeled,Unknown,-1.468581,3.2655559,-11.332661,2.940614,7.5518355,16.800394
ddc_dzo_02366,unlabeled,Unknown,-2.8135176,3.7495403,-10.706055,2.8160584,7.6200175,16.745625
ddc_dzo_03701,unlabeled,Unknown,-3.164597,5.035707,-11.242538,2.8353128,7.55909,16.806782
ddc_dzo_05783,unlabeled,Unknown,-2.0580113,1.98032,-13.122381,3.0695622,7.4331474,16.844088
ddc_dzo_07549,unlabeled,Unknown,-4.163142,5.7462144,-12.943862,3.214222,7.3626223,16.90534
ddc_dzo_03254,unlabeled,Unknown,-3.656682,3.0283914,-11.515284,2.7478654,7.5182843,16.7837
ddc_dzo_09498,unlabeled,Unknown,-2.8779132,4.030172,-10.553677,2.7634232,7.593847,16.76608
ddc_dzo_04393,unlabeled,Unknown,-4.3819604,3.431775,-8.034322,2.7917678,7.566377,16.799711
ddc_dzo_00911,unlabeled,Unknown,-3.975336,2.08332,-12.434209,2.7785678,7.5809884,16.767878
ddc_dzo_01441,unlabeled,Unknown,-3.033064,5.7943034,-10.889807,2.7966528,7.535376,16.803297
ddc_dzo_09430,unlabeled,Unknown,-2.397704,0.17176719,-11.690175,2.7415252,7.631269,16.742756
ddc_dzo_06692,unlabeled,Unknown,-2.7504878,4.3488536,-11.086123,2.7358222,7.5535545,16.769064
ddc_dzo_03482,unlabeled,Unknown,-3.2880747,4.1917834,-10.165546,2.7682211,7.5885363,16.784466
ddc_dzo_06900,unlabeled,Unknown,-4.7416887,2.6426582,-9.539082,2.6256506,7.7768393,16.544498
ddc_dzo_05063,unlabeled,Unknown,-0.6040329,2.5694504,-10.504872,2.6139047,7.7935953,16.526505
ddc_dzo_06839,unlabeled,Unknown,-1.7957865,3.3600018,-11.236502,2.6020224,7.791692,16.510708
ddc_dzo_06509,unlabeled,Unknown,-0.7215486,2.408251,-13.017732,2.6167161,7.7927203,16.517965
ddc_dzo_09608,unlabeled,Unknown,-3.0123117,3.1541414,-14.064634,2.6704273,7.7494707,16.58115
ddc_dzo_04284,unlabeled,Unknown,-0.95587623,0.55841964,-12.425935,2.6254544,7.787405,16.534626
ddc_dzo_04929,unlabeled,Unknown,-2.1414237,1.9626173,-11.039163,0.43194282,14.161815,6.4639196
ddc_dzo_04812,unlabeled,Unknown,-3.7369947,2.0893786,-11.354687,2.6335673,7.8057966,16.51825
ddc_dzo_06417,unlabeled,Unknown,-1.9123578,2.8655462,-11.691322,2.625025,7.819509,16.50558
ddc_dzo_05271,unlabeled,Unknown,-1.37055,1.7852612,-10.507244,2.595821,7.8291287,16.493444
ddc_dzo_07293,unlabeled,Unknown,2.8933718,-2.2220716,-0.5048385,15.086968,-0.6047311,5.143957
ddc_dzo_07998,unlabeled,Unknown,3.1269915,-0.21109067,-0.015874915,15.127523,-0.77375746,4.666541
ddc_dzo_08882,unlabeled,Unknown,3.054609,1.5094168,-0.37353247,15.636681,-0.6152054,4.402394
ddc_dzo_03303,unlabeled,Unknown,2.9187548,-1.3555547,-0.23151116,15.298846,-0.06222026,5.261197
ddc_dzo_05196,unlabeled,Unknown,0.37258196,0.7744298,0.17864081,15.453638,-0.38354993,4.3424144
ddc_dzo_05657,unlabeled,Unknown,0.72560716,-0.41954416,-1.5036404,15.280766,-0.37893695,4.8613377
ddc_dzo_04328,unlabeled,Unknown,0.9169119,2.3494034,-1.6416572,15.606754,-0.632316,4.3069787
ddc_dzo_01252,unlabeled,Unknown,1.4116153,1.0011972,-0.76028365,15.662317,-0.47212988,4.327556
ddc_dzo_09358,unlabeled,Unknown,1.5566695,-0.49555025,-0.8324539,15.623318,-0.28249976,4.683558
ddc_dzo_01697,unlabeled,Unknown,1.3562571,-0.39782846,-0.46616527,15.341951,-0.77322584,4.4051075
ddc_dzo_06636,unlabeled,Unknown,2.5314088,0.6156234,-1.4838867,15.569271,-0.7847368,4.3846197
ddc_dzo_03749,unlabeled,Unknown,-0.2363499,2.1553776,0.014163307,15.46303,-0.54137677,4.379944
ddc_dzo_04428,unlabeled,Unknown,3.024669,1.1079512,0.09535845,15.31602,-0.8106202,4.494193
ddc_dzo_00695,unlabeled,Unknown,1.5791925,0.29271942,-0.25297338,15.536108,-0.7421396,4.3436017
ddc_dzo_03380,unlabeled,Unknown,1.4768885,0.6325452,-0.7269783,15.456321,-0.82550657,4.46404
ddc_dzo_07638,unlabeled,Unknown,1.548794,-0.6497977,-1.3269941,15.413762,-0.29424512,4.994885
ddc_dzo_05378,unlabeled,Unknown,1.8555037,1.3227578,-3.281225,15.489989,-0.7704615,4.3989253
ddc_dzo_02315,unlabeled,Unknown,2.622771,0.65733814,-1.791915,15.80207,-0.5383901,4.510172
ddc_dzo_01824,unlabeled,Unknown,2.1501992,0.8816496,-0.62350637,15.250644,-1.0390955,5.3185406
ddc_dzo_05911,unlabeled,Unknown,2.308689,1.4355787,-0.6978847,15.419198,-0.71472913,4.3770266
ddc_dzo_07632,unlabeled,Unknown,1.3311807,-0.8708487,-1.249603,15.847285,-0.56944704,4.493296
ddc_dzo_03396,unlabeled,Unknown,1.94683,1.2764806,-0.2020185,15.286454,-0.08761116,5.102433
ddc_dzo_03788,unlabeled,Unknown,0.92269635,0.394845,-1.4256402,15.752974,-0.2768067,4.60989
ddc_dzo_07060,unlabeled,Unknown,2.0610478,3.095972,0.3810462,15.833743,-0.68853766,4.41901
ddc_dzo_04353,unlabeled,Unknown,-10.318122,-1.8012191,-0.28172195,-1.3538033,-1.7895452,0.9413483
ddc_dzo_06050,unlabeled,Unknown,-4.669471,2.987632,-4.5391617,5.735936,-1.757762,-7.16174
ddc_dzo_04387,unlabeled,Unknown,-5.7643104,0.82051903,-5.28207,5.646644,-1.7466816,-7.2064066
ddc_dzo_03959,unlabeled,Unknown,-6.541491,1.0319058,-2.9319663,5.9120054,-2.162828,-7.5149517
ddc_dzo_06982,unlabeled,Unknown,-4.9350634,5.610671,-4.703454,5.745405,-1.7811328,-7.204951
ddc_dzo_05595,unlabeled,Unknown,-5.5669823,3.6049435,-1.7996463,5.791138,-1.838971,-7.265426
ddc_dzo_00714,unlabeled,Unknown,-5.159474,2.3562474,-2.7793396,5.761461,-1.8401549,-7.3415837
ddc_dzo_02940,unlabeled,Unknown,-3.601123,3.1770487,-4.3005204,5.7376533,-2.2486744,-7.950164
ddc_dzo_07180,unlabeled,Unknown,-5.5467086,1.3856302,-3.8709812,5.7719502,-2.2147145,-7.910753
ddc_dzo_04481,unlabeled,Unknown,-5.9900546,1.6156793,-2.6383655,5.782175,-2.381822,-8.058282
ddc_dzo_00128,unlabeled,Unknown,-3.4667056,2.5154223,-3.8491688,5.704588,-2.0442955,-7.775611
ddc_dzo_07228,unlabeled,Unknown,-4.5788174,3.0728722,-1.0018641,5.7750616,-2.338208,-8.013929
ddc_dzo_06948,unlabeled,Unknown,-4.7676005,2.722027,-4.8751845,5.7002993,-2.0748904,-7.777184
ddc_dzo_01377,unlabeled,Unknown,-3.6640358,5.026141,-12.011159,3.1940112,7.0350466,16.943287
ddc_dzo_05391,unlabeled,Unknown,-5.4884057,1.1003853,-6.4302897,2.2339602,6.992921,16.682804
ddc_dzo_04782,unlabeled,Unknown,-6.4373403,0.6506213,-5.740719,2.2009192,6.9950795,16.688269
ddc_dzo_04907,unlabeled,Unknown,-3.1613803,0.5084295,-9.835021,2.1623094,6.9394684,16.618044
ddc_dzo_00888,unlabeled,Unknown,-5.8719497,0.668361,-4.7372017,2.1492636,6.9258804,16.614666
ddc_dzo_02388,unlabeled,Unknown,-5.7600803,1.5464116,-7.105683,2.2273886,6.9744964,16.682215
ddc_dzo_01851,unlabeled,Unknown,-4.6489873,0.5992882,-6.718363,2.1732364,6.946854,16.639496
ddc_dzo_00456,unlabeled,Unknown,-6.3457913,4.195032,-2.283418,5.8164163,-1.8040109,-7.165827
ddc_dzo_07592,unlabeled,Unknown,-4.5233607,0.65640056,-7.478059,2.2118669,6.984731,16.653557
ddc_dzo_00317,unlabeled,Unknown,-4.971776,0.5655653,-9.624488,2.2338443,6.9974837,16.678968
ddc_dzo_06798,unlabeled,Unknown,-4.7540436,1.5455538,-8.444369,2.2502034,6.968654,16.678846
ddc_dzo_07444,unlabeled,Unknown,-5.6286488,1.3838001,-1.6212736,5.8198023,-1.8441215,-7.247185
ddc_dzo_05206,unlabeled,Unknown,-7.1615868,-0.34374514,-5.236415,5.760286,-1.7752719,-7.1821694
ddc_dzo_05649,unlabeled,Unknown,-8.16826,2.3329144,-3.93847,5.8049717,-1.7130708,-7.1543093
ddc_dzo_04244,unlabeled,Unknown,-6.1384974,1.517025,-4.1004047,5.7168803,-1.7596102,-7.279531
ddc_dzo_03050,unlabeled,Unknown,-3.4471402,0.93761164,-3.806042,2.11559,6.902323,16.605133
ddc_dzo_09523,unlabeled,Unknown,-4.7402472,2.978471,-5.1870227,2.2278588,6.995274,16.65737
ddc_dzo_01656,unlabeled,Unknown,-5.470173,1.1479758,-1.994243,2.134633,6.9213743,16.643526
ddc_dzo_04551,unlabeled,Unknown,-7.131012,3.5227907,-2.2840743,5.8334613,-1.7412943,-7.1527987
ddc_dzo_05122,unlabeled,Unknown,-4.4992533,-0.21773148,-6.436014,2.1778383,6.955338,16.627834
ddc_dzo_08465,unlabeled,Unknown,-3.397872,1.0348617,-5.091192,2.1697497,6.949668,16.634163
ddc_dzo_04654,unlabeled,Unknown,-2.6290832,0.16285826,-8.114815,2.2129538,6.9560914,16.661968
ddc_dzo_09761,unlabeled,Unknown,-5.252188,0.6526817,-8.288968,2.2400174,6.9579897,16.688635
ddc_dzo_09955,unlabeled,Unknown,-2.7692492,0.70369065,-4.637297,2.1432576,6.917874,16.613092
ddc_dzo_03189,unlabeled,Unknown,-3.324236,2.122113,-7.6407924,2.1750867,6.944504,16.642221
ddc_dzo_04179,unlabeled,Unknown,-4.770564,0.3550598,-7.6115837,2.204736,6.9740906,16.66394
ddc_dzo_09586,unlabeled,Unknown,-2.9859178,2.7535875,-4.364748,2.1218052,6.895844,16.666323
ddc_dzo_03540,unlabeled,Unknown,-4.5195084,1.4480227,-11.092188,0.49978846,14.20482,6.531738
ddc_dzo_09165,unlabeled,Unknown,-1.2736772,1.4184874,-11.007818,0.49894956,14.157229,6.5315766
ddc_dzo_02246,unlabeled,Unknown,-0.99674827,2.1162486,-13.881704,0.56962603,14.157622,6.6022115
ddc_dzo_08178,unlabeled,Unknown,-0.75296414,2.1257398,-9.936158,0.5423905,14.253693,6.5757394
ddc_dzo_06805,unlabeled,Unknown,-0.9250632,1.942291,-13.612665,0.5229688,14.184816,6.557166
ddc_dzo_03372,unlabeled,Unknown,-1.614041,0.65997285,-10.762178,0.5262663,14.232343,6.557613
ddc_dzo_08771,unlabeled,Unknown,-1.809917,0.8860828,-9.956393,0.5840288,14.238403,6.62345
ddc_dzo_03628,unlabeled,Unknown,-2.7037926,1.2581998,-9.385797,0.60992104,14.2389345,6.638404
ddc_dzo_03856,unlabeled,Unknown,-2.9618678,2.5985322,-7.0899997,0.4073005,14.09313,6.4934955
ddc_dzo_08728,unlabeled,Unknown,-0.4199713,0.5666045,-14.223733,0.5131665,14.205589,6.548387
ddc_dzo_08277,unlabeled,Unknown,-1.2138363,2.1615252,-11.10558,0.49954236,14.149533,6.528269
ddc_dzo_04499,unlabeled,Unknown,-3.1196916,0.9471907,-10.195171,0.542638,14.132102,6.5718894
ddc_dzo_09521,unlabeled,Unknown,-1.2506328,0.97081107,-11.049976,0.5210234,14.075792,6.5420165
ddc_dzo_09947,unlabeled,Unknown,-0.49341437,2.5117996,-11.9365425,0.51597524,14.15143,6.5379624
ddc_dzo_00652,unlabeled,Unknown,-1.6360202,1.879611,-13.241727,0.5662043,14.199389,6.59963
ddc_dzo_07678,unlabeled,Unknown,-0.028141355,0.6350537,-11.412166,0.4645122,14.222971,6.497922
ddc_dzo_08027,unlabeled,Unknown,-1.784392,0.58402306,-10.384502,0.46888712,14.18547,6.50518
ddc_dzo_05163,unlabeled,Unknown,-0.87375957,0.35723037,-7.573031,0.45036563,14.176005,6.481741
ddc_dzo_00271,unlabeled,Unknown,0.036481764,1.8220751,-11.815327,0.6388298,14.193087,6.664654
ddc_dzo_00301,unlabeled,Unknown,-1.363337,0.7666744,-11.586937,0.56282145,14.207615,6.582272
ddc_dzo_07802,unlabeled,Unknown,-1.8843313,0.6397841,-10.888962,0.5674538,14.210209,6.6063476
ddc_dzo_00575,unlabeled,Unknown,0.6122983,1.8646338,-9.533868,0.41401383,14.126446,6.4446774
ddc_dzo_08369,unlabeled,Unknown,-1.5327406,1.0518358,-10.1924,0.587194,14.241279,6.6256037
ddc_dzo_03789,unlabeled,Unknown,-1.8855629,0.87276495,-11.889382,0.61028427,14.232776,6.6651483
ddc_dzo_05918,unlabeled,Unknown,-2.831607,1.8254744,-10.9032135,0.52854115,14.214138,6.562004
ddc_dzo_09496,unlabeled,Unknown,-1.5731338,1.8740574,-10.97578,0.36697647,14.05124,6.410264
ddc_dzo_08555,unlabeled,Unknown,-1.9154276,2.7401838,-10.239085,0.46113,14.222049,6.467025
ddc_dzo_04622,unlabeled,Unknown,0.736323,-1.169479,-0.07215617,16.170204,1.3108928,1.7778643
ddc_dzo_06972,unlabeled,Unknown,-2.0472724,2.9588914,-11.8775425,0.5148279,14.139802,6.534985
ddc_dzo_00931,unlabeled,Unknown,-0.5463395,4.132647,-11.902529,0.46340784,14.182132,6.4961424
ddc_dzo_05608,unlabeled,Unknown,-1.049071,2.7124012,-11.671299,0.3729754,14.114177,6.4005065
ddc_dzo_05570,unlabeled,Unknown,-1.4621781,0.22233762,-9.098324,0.37524474,14.072328,6.3972664
ddc_dzo_02319,unlabeled,Unknown,-1.6502001,1.8411534,-10.390269,0.38915682,14.095253,6.418359
ddc_dzo_08151,unlabeled,Unknown,-3.4937477,0.45300362,-10.160037,0.60250187,14.240411,6.639065
ddc_dzo_00466,unlabeled,Unknown,-0.19760983,2.2262309,-10.675549,0.4488692,14.147883,6.4792247
ddc_dzo_04719,unlabeled,Unknown,-0.6941228,1.9014012,-10.287516,0.47457942,14.20761,6.539679
ddc_dzo_05849,unlabeled,Unknown,-0.5798258,1.4921421,-10.894724,0.42711326,14.105505,6.4560437
ddc_dzo_05212,unlabeled,Unknown,-0.1895005,1.6954615,-10.896156,0.39922488,14.113683,6.4262476
ddc_dzo_00064,unlabeled,Unknown,-0.7560555,2.0405457,-13.134188,0.5335884,14.151198,6.564279
ddc_dzo_09875,unlabeled,Unknown,1.4570848,0.72444373,-10.499638,0.35288903,14.056677,6.382751
ddc_dzo_08318,unlabeled,Unknown,-2.3554974,1.2524992,-10.981102,0.49783584,14.223303,6.537972
ddc_dzo_09816,unlabeled,Unknown,1.314093,1.614989,-9.627628,0.42162278,14.147417,6.4518147
ddc_dzo_09531,unlabeled,Unknown,-0.6193787,2.3557296,-11.315893,0.39802954,14.111667,6.4281497
ddc_dzo_05821,unlabeled,Unknown,-1.0595104,1.0427619,-10.761564,0.51037955,14.135272,6.5373907
ddc_dzo_05734,unlabeled,Unknown,-1.2835644,2.4218135,-9.877316,0.5093266,14.145026,6.538024
ddc_dzo_04384,unlabeled,Unknown,-0.34119648,2.0091906,-12.46131,0.56204,14.220759,6.595001
ddc_dzo_08521,unlabeled,Unknown,-12.350293,-3.7334554,0.3284188,-1.2931961,-1.8689603,1.1438063
ddc_dzo_04019,unlabeled,Unknown,-10.558198,-2.014132,1.9351462,-1.0490371,-1.6594774,1.2559204
ddc_dzo_02818,unlabeled,Unknown,-12.3491745,-3.144944,1.2628951,-1.3652678,-1.8420373,0.9408349
ddc_dzo_00027,unlabeled,Unknown,-10.360413,-0.8496914,-0.29240555,-1.1588414,-1.8639959,0.7847594
ddc_dzo_07042,unlabeled,Unknown,-1.8364359,7.4058194,-5.505398,6.820261,14.327872,1.7860585
ddc_dzo_04973,unlabeled,Unknown,-12.121475,-2.1590004,-0.49746326,-1.2488214,-1.9520764,0.9164491
ddc_dzo_05505,unlabeled,Unknown,-1.0945754,-2.2397425,-0.6126367,15.844175,0.54912776,0.78878343
ddc_dzo_06557,unlabeled,Unknown,-2.1179433,-0.93961656,2.1892676,15.887672,0.4959029,0.7988068
ddc_dzo_00085,unlabeled,Unknown,-4.754962,8.864056,0.23842861,6.7143927,14.208965,1.8331251
ddc_dzo_03907,unlabeled,Unknown,-0.91488516,0.11521501,-0.8865659,15.955951,0.5702478,0.8574242
ddc_dzo_01826,unlabeled,Unknown,-0.26196495,-1.0730869,-1.1651947,15.882222,0.5735522,0.7930057
ddc_dzo_05448,unlabeled,Unknown,-1.432549,0.2174715,1.1876626,16.103409,0.66652066,1.1499295
ddc_dzo_09839,unlabeled,Unknown,0.35885012,-0.10478093,0.59004045,16.154018,0.67523646,1.127796
ddc_dzo_00496,unlabeled,Unknown,-0.71402144,-2.2008884,-0.12079012,16.10766,0.67367625,1.1127408
ddc_dzo_06436,unlabeled,Unknown,-5.2587414,9.199685,-1.8785664,6.7983303,14.287286,1.7352308
ddc_dzo_05808,unlabeled,Unknown,-2.5960891,0.31785145,-0.27326718,16.148474,0.6053938,1.0936483
ddc_dzo_04047,unlabeled,Unknown,-0.19949302,-2.375109,-2.1216745,16.113543,0.79258215,1.2637645
ddc_dzo_08296,unlabeled,Unknown,-5.489777,4.75552,-2.9176226,6.903354,14.368352,1.6638565
ddc_dzo_08801,unlabeled,Unknown,-5.6573596,7.4871025,-1.0468851,6.8567686,14.45889,1.7531941
ddc_dzo_04087,unlabeled,Unknown,-2.0599637,-2.7623644,0.35663968,15.931288,0.8007782,0.6582426
ddc_dzo_07018,unlabeled,Unknown,-12.469964,-1.8085142,-0.30273238,-1.2374208,-1.9442731,0.8623191
ddc_dzo_03687,unlabeled,Unknown,1.8954241,1.2204707,-1.4496495,16.117832,0.60818183,1.0305036
ddc_dzo_03458,unlabeled,Unknown,-1.8763103,-2.5097036,1.4483242,15.969386,0.87565583,0.6582005
ddc_dzo_04570,unlabeled,Unknown,-1.5389478,-1.1653265,-0.6338906,16.005552,0.5516299,0.8871293
ddc_dzo_01397,unlabeled,Unknown,-0.065626524,-2.0649393,1.911291,15.883708,0.5968794,0.7187897
ddc_dzo_02556,unlabeled,Unknown,0.20880117,-1.5806439,-1.0522629,15.9723625,0.5451689,0.9156815
ddc_dzo_03083,unlabeled,Unknown,-12.154591,-3.4078054,1.1162207,-1.1631292,-1.7941571,0.82947934
ddc_dzo_08613,unlabeled,Unknown,-2.8590071,7.9664946,-1.8913894,6.804316,14.682856,1.7443508
ddc_dzo_07258,unlabeled,Unknown,-5.0662994,10.059013,-0.39678502,6.8577003,14.378815,1.6994648
ddc_dzo_05055,unlabeled,Unknown,-0.3236844,0.0861469,-0.70714515,15.82979,0.609578,0.72589266
ddc_dzo_06534,unlabeled,Unknown,-1.1176825,-0.64699924,0.6724835,15.856915,0.6398561,0.677045
ddc_dzo_02969,unlabeled,Unknown,-1.4052609,-1.2590191,0.43296364,16.078074,0.61431533,0.9986025
ddc_dzo_06910,unlabeled,Unknown,0.43180943,0.17976674,0.5516643,15.850964,0.7326818,0.65659285
ddc_dzo_03139,unlabeled,Unknown,-1.2542965,1.245446,1.603972,16.130634,0.646228,1.1459424
ddc_dzo_03490,unlabeled,Unknown,0.95241016,1.2958199,-0.0884891,16.079119,0.53725433,0.96538454
ddc_dzo_02844,unlabeled,Unknown,-5.1882625,8.912656,-0.51554143,6.8865476,14.401197,1.7424445
ddc_dzo_00177,unlabeled,Unknown,-0.6488334,-1.5338165,-0.020746026,15.875332,0.5765848,0.78003687
ddc_dzo_05489,unlabeled,Unknown,-0.93044174,-1.5717696,-1.613827,15.837039,0.5981708,0.71355516
ddc_dzo_02220,unlabeled,Unknown,-11.648142,-1.3160632,0.033005707,-1.1273186,-1.8352187,0.9133538
ddc_dzo_09337,unlabeled,Unknown,-0.43780616,-0.93908674,-1.1864303,16.122732,0.6092021,1.0668933
ddc_dzo_05633,unlabeled,Unknown,-0.6564253,-0.46477085,0.9159984,16.138868,0.636029,1.1108006
ddc_dzo_02615,unlabeled,Unknown,-0.21410693,-1.1608329,0.58246595,16.1605,0.79139125,1.2454052
ddc_dzo_09708,unlabeled,Unknown,-1.6754953,-1.5943984,0.9122904,15.8785715,0.61018646,0.71377087
ddc_dzo_01791,unlabeled,Unknown,-0.81418794,0.560694,-1.2863431,15.981825,0.92293245,0.51397043
ddc_dzo_05282,unlabeled,Unknown,-11.2007,-1.2995766,1.3879083,-0.9813721,-1.6208833,1.4461417
ddc_dzo_00470,unlabeled,Unknown,-1.1701227,0.28296056,0.45201656,16.119795,0.9341402,0.76179504
ddc_dzo_08039,unlabeled,Unknown,0.15822434,-1.0931498,1.2685343,16.075136,0.749577,0.9249264
ddc_dzo_01653,unlabeled,Unknown,-0.9014158,-0.8126367,0.6409523,16.0159,0.8911508,0.60357255
ddc_dzo_05274,unlabeled,Unknown,-0.8618109,-1.0313228,0.5212043,15.934898,0.88170636,0.6199094
ddc_dzo_03466,unlabeled,Unknown,0.5885911,-1.6533071,0.696878,15.951651,0.75181943,0.6377229
ddc_dzo_03667,unlabeled,Unknown,-5.3354735,8.376037,-0.11534762,6.879295,14.403031,1.7451694
ddc_dzo_05450,unlabeled,Unknown,-2.6961854,-0.94861764,0.45638517,16.114698,0.7739514,1.1239316
ddc_dzo_06115,unlabeled,Unknown,-1.508372,-1.3738416,0.10058409,16.160395,1.157945,0.6110572
ddc_dzo_09363,unlabeled,Unknown,-3.1443539,7.2095823,-0.037831552,6.893738,14.379275,1.717737
ddc_dzo_03880,unlabeled,Unknown,0.5590283,-0.80351156,0.5157024,16.10528,0.7254164,1.0783048
ddc_dzo_00775,unlabeled,Unknown,-1.6479262,-1.6691902,0.6574125,16.096878,0.64591765,1.1537206
ddc_dzo_01928,unlabeled,Unknown,0.6693391,-0.6892407,0.37187374,16.016506,1.0322398,1.2318071
ddc_dzo_08958,unlabeled,Unknown,-0.70287323,-1.1504349,-0.2070782,15.988208,0.71794116,0.9015555
ddc_dzo_03306,unlabeled,Unknown,-1.332806,-0.71497333,-0.85234606,15.838935,0.5713734,0.69452393
ddc_dzo_09057,unlabeled,Unknown,-0.9060641,0.8749846,-0.16570129,16.162174,0.6075488,1.1036669
ddc_dzo_08378,unlabeled,Unknown,-10.529486,-2.7383387,0.19623199,-1.1602554,-1.692898,1.3203659
ddc_dzo_07111,unlabeled,Unknown,-5.0783057,10.891388,-1.1748924,6.8963733,14.369789,1.6901519
ddc_dzo_04177,unlabeled,Unknown,0.07232208,-0.8175594,-0.24219006,16.148695,0.6163746,0.9436276
ddc_dzo_01373,unlabeled,Unknown,-1.9914435,-3.4841347,0.95503026,16.122662,0.5790911,1.0401047
ddc_dzo_05913,unlabeled,Unknown,-1.4540739,-1.8173066,0.32650155,15.955091,0.56727016,0.90185
ddc_dzo_00371,unlabeled,Unknown,-4.1673856,9.001414,-4.4260855,6.8810267,14.373813,1.6741045
ddc_dzo_06890,unlabeled,Unknown,2.1595697,-0.8102693,0.32715186,15.909181,0.7504047,0.61869633
ddc_dzo_06453,unlabeled,Unknown,-12.818584,-2.1331396,0.9465544,-1.3346499,-1.9113779,0.8708661
ddc_dzo_01423,unlabeled,Unknown,0.902463,0.25941795,0.930981,16.131727,1.0303513,0.6360777
ddc_dzo_01289,unlabeled,Unknown,1.6550066,-3.3268538,0.21068554,15.998224,0.91861016,0.5983364
ddc_dzo_01026,unlabeled,Unknown,0.43497074,-2.5442007,-0.86887693,16.074118,0.91642183,0.5848883
ddc_dzo_07934,unlabeled,Unknown,-0.10902504,-1.5277069,1.0219693,16.05828,0.93870085,0.6183174
ddc_dzo_08694,unlabeled,Unknown,-0.67917055,-1.9362879,1.195605,16.063553,1.0291241,0.6589221
ddc_dzo_02237,unlabeled,Unknown,0.60252005,-1.0650839,-1.3326353,16.098005,1.0013138,0.570222
ddc_dzo_02020,unlabeled,Unknown,0.45192137,-0.34364134,0.97143704,15.984506,0.83941895,0.6163706
ddc_dzo_04994,unlabeled,Unknown,-5.8132606,7.07131,-2.1163154,6.892528,14.331915,1.6528503
ddc_dzo_05692,unlabeled,Unknown,2.6571555,-0.6478481,0.50857747,16.001652,0.88210106,0.5644743
ddc_dzo_02275,unlabeled,Unknown,-0.13133109,-1.9978808,-0.5421213,15.984278,0.8297188,0.66049045
ddc_dzo_01326,unlabeled,Unknown,-2.2690058,0.72565746,0.7028611,16.130674,0.9490202,0.74316317
ddc_dzo_02631,unlabeled,Unknown,-0.6996115,-2.4175503,0.27208364,15.878371,0.74208295,0.6436783
ddc_dzo_09216,unlabeled,Unknown,2.078058,0.39363167,-1.8765986,16.003485,0.8775838,0.70941657
ddc_dzo_04677,unlabeled,Unknown,-0.70201534,-2.231658,0.5831213,15.687671,0.68630767,1.045028
ddc_dzo_08215,unlabeled,Unknown,-0.5367987,-0.3645684,1.8738507,16.12982,1.0019221,0.9967569
ddc_dzo_08887,unlabeled,Unknown,1.4586399,-0.5542349,1.7915833,16.154385,1.0505008,0.5783276
ddc_dzo_04497,unlabeled,Unknown,-1.3471696,0.7466697,0.79015625,16.121916,1.035839,0.6474967
ddc_dzo_06149,unlabeled,Unknown,-0.9506125,-0.5869359,1.1393633,16.162945,0.9685727,0.6968818
ddc_dzo_09637,unlabeled,Unknown,-1.0189488,0.18974811,0.2851617,16.158333,1.181695,0.59497374
ddc_dzo_04600,unlabeled,Unknown,0.82399935,-0.7078552,0.51463217,16.329645,1.3285431,1.0998399
ddc_dzo_09703,unlabeled,Unknown,-11.963286,-2.5556252,-1.1377443,-1.2753696,-1.7856371,0.82961464
ddc_dzo_00677,unlabeled,Unknown,0.19479248,-1.3373636,1.3172915,15.95004,0.949938,0.81402624
ddc_dzo_05429,unlabeled,Unknown,0.8493694,0.65624094,1.4111993,16.306442,1.2043071,1.1150552
ddc_dzo_09869,unlabeled,Unknown,-10.461691,-1.3459874,0.12888579,-0.8312405,-1.7542217,1.71961
ddc_dzo_06743,unlabeled,Unknown,1.1200483,0.5407442,-0.33258048,16.287523,1.1837567,0.97452235
ddc_dzo_00030,unlabeled,Unknown,-0.1842555,-0.5270264,1.0803182,16.289288,1.1799293,1.0099639
ddc_dzo_04712,unlabeled,Unknown,-11.005886,-0.16939059,-0.32831568,-1.1504451,-1.9250828,0.7284957
ddc_dzo_05878,unlabeled,Unknown,1.3017403,0.20825072,2.0401223,16.318954,1.2015247,1.1116073
ddc_dzo_04025,unlabeled,Unknown,0.19184461,-1.9572257,0.55464774,16.214808,1.0820286,0.7406865
ddc_dzo_09784,unlabeled,Unknown,1.0245395,-1.268509,0.15538149,16.1691,1.1306747,0.7718201
ddc_dzo_09423,unlabeled,Unknown,0.0004659788,-2.1944578,0.15196866,16.085531,1.2302645,0.9713696
ddc_dzo_03409,unlabeled,Unknown,-1.2482005,-0.86408746,-0.6671249,16.298105,1.3066461,1.1590674
ddc_dzo_01554,unlabeled,Unknown,0.8034049,0.081915475,-0.9018761,16.21729,1.1012454,0.8023637
ddc_dzo_09986,unlabeled,Unknown,0.8405522,-1.7997615,-0.18874332,16.237873,1.3687315,0.8497682
ddc_dzo_09604,unlabeled,Unknown,1.8854375,-1.0398334,1.4068336,16.245474,1.3522764,0.75343597
ddc_dzo_07335,unlabeled,Unknown,0.45531878,-1.1249361,1.8062007,16.143785,1.3542488,1.0230368
ddc_dzo_07366,unlabeled,Unknown,-2.295716,-2.266517,0.791905,15.977221,0.99406725,0.64002585
ddc_dzo_04024,unlabeled,Unknown,0.98915637,-1.7309151,-0.13536832,16.22884,1.330479,0.77511126
ddc_dzo_06007,unlabeled,Unknown,-5.6489844,8.071732,-1.711456,6.8452654,14.5750885,1.7576939
ddc_dzo_08808,unlabeled,Unknown,-10.573031,-2.7281122,0.06841085,-1.0936215,-1.9561301,0.76664174
ddc_dzo_01473,unlabeled,Unknown,1.5983223,-2.4628568,-0.07516827,16.267637,1.310116,1.0753555
ddc_dzo_05995,unlabeled,Unknown,3.0745356,-2.3119657,1.1108361,16.1904,1.37291,0.95051956
ddc_dzo_05954,unlabeled,Unknown,-0.44306853,-2.2894297,-1.2120826,16.212942,1.1267204,1.120724
ddc_dzo_01551,unlabeled,Unknown,2.6698127,-1.2617486,1.1488225,16.250675,1.1777961,0.7608418
ddc_dzo_05085,unlabeled,Unknown,1.4693384,-0.64808184,1.3938695,16.051075,1.0074464,0.6837622
ddc_dzo_06542,unlabeled,Unknown,-0.19073707,-1.0535369,0.07389637,16.290747,1.153481,1.1516316
ddc_dzo_09254,unlabeled,Unknown,0.59885937,-1.8232889,0.009389926,16.065334,1.0093634,0.5469406
ddc_dzo_05240,unlabeled,Unknown,-1.0677395,-1.6853968,1.8664275,16.246105,1.3571892,1.3151538
ddc_dzo_09738,unlabeled,Unknown,-0.36064902,2.217416,2.878718,16.484257,1.440932,1.3090266
ddc_dzo_00499,unlabeled,Unknown,1.1491257,-0.19228022,0.73212224,16.255829,1.0301424,0.6043112
ddc_dzo_04470,unlabeled,Unknown,1.0637988,0.29935142,-0.15293813,16.114304,1.045371,1.489786
ddc_dzo_07764,unlabeled,Unknown,-0.15886046,0.031944755,-2.8179045,16.51845,1.214399,1.2964121
ddc_dzo_08119,unlabeled,Unknown,-2.457597,0.53676116,-0.4878634,15.796529,0.7767509,0.7585447
ddc_dzo_00265,unlabeled,Unknown,-8.917819,-2.6426184,-1.5423762,-0.9260451,-1.7832876,0.9012639
ddc_dzo_07460,unlabeled,Unknown,-4.191713,8.2348175,-0.53165454,6.848843,14.419847,1.7505034
ddc_dzo_03518,unlabeled,Unknown,-0.30892047,0.4519421,-0.023902735,16.175499,1.1518785,0.64859444
ddc_dzo_06204,unlabeled,Unknown,-0.16028018,-1.599615,0.00052717305,16.119658,1.1502452,0.6578889
ddc_dzo_04073,unlabeled,Unknown,-12.174676,-2.1580434,-0.24307925,-1.3041577,-1.9922427,0.7724462
ddc_dzo_00372,unlabeled,Unknown,-0.68762404,-0.86702025,-0.47571808,16.261848,1.311102,1.0906913
ddc_dzo_04522,unlabeled,Unknown,-5.257731,7.4648423,-4.432784,6.903842,14.347571,1.6666725
ddc_dzo_04125,unlabeled,Unknown,-9.651636,-2.7685487,-1.2403316,-1.1259756,-2.0907037,0.82579434
ddc_dzo_09128,unlabeled,Unknown,1.2436882,-0.08484859,0.4228732,16.307413,1.2452803,1.1152772
ddc_dzo_03872,unlabeled,Unknown,1.236403,-0.9604359,-1.2632065,16.173452,1.0418656,0.6420234
ddc_dzo_05675,unlabeled,Unknown,1.732403,-0.7103233,1.4062123,16.066753,1.4188775,1.6216091
ddc_dzo_03804,unlabeled,Unknown,0.04043433,-2.0099115,-1.2270205,16.351992,1.2144439,0.86680555
ddc_dzo_07093,unlabeled,Unknown,-0.34881014,0.5906059,0.5577694,16.186073,0.8360538,1.0423491
ddc_dzo_09881,unlabeled,Unknown,-0.71849275,-2.134385,1.0975647,16.166273,0.994163,0.6510424
ddc_dzo_01393,unlabeled,Unknown,-8.765737,-2.598487,-0.17246506,-1.2455003,-1.9398379,0.66997975
ddc_dzo_05664,unlabeled,Unknown,0.9141232,-0.37552837,0.5139023,16.02282,0.91657794,0.5842775
ddc_dzo_06081,unlabeled,Unknown,-1.913237,-2.4513755,-0.21474792,16.066511,1.0469563,0.8625935
ddc_dzo_06957,unlabeled,Unknown,0.16763404,0.14216956,-0.61877996,16.333538,1.1015657,0.78094333
ddc_dzo_01297,unlabeled,Unknown,-1.5645828,-1.1874543,0.75307286,16.200209,0.9713425,0.78553665
ddc_dzo_04800,unlabeled,Unknown,1.1671323,0.15846895,-0.16862534,16.340462,1.2104577,0.8040643
ddc_dzo_04535,unlabeled,Unknown,-0.6667478,-0.042461235,1.407903,16.274258,1.2415493,0.8576132
ddc_dzo_02793,unlabeled,Unknown,-4.389207,9.459998,0.99113226,6.752241,14.314456,1.9392351
ddc_dzo_02638,unlabeled,Unknown,-10.920226,-1.1881835,0.42193767,-1.2686212,-1.9057828,0.7380213
ddc_dzo_04206,unlabeled,Unknown,-10.438368,-1.5346423,1.8188449,-1.4422295,-1.6875383,2.0208073
ddc_dzo_00204,unlabeled,Unknown,-10.928716,-3.021096,0.38709512,-0.6948789,-1.9298728,1.4239045
ddc_dzo_04915,unlabeled,Unknown,-6.190366,9.967004,1.1000367,6.826943,14.402453,2.0007205
ddc_dzo_08981,unlabeled,Unknown,-4.6213183,10.370084,0.4667351,6.720209,14.508249,2.0397437
ddc_dzo_04480,unlabeled,Unknown,-4.860297,10.806591,-0.13078043,6.832428,14.420688,2.0524974
ddc_dzo_02127,unlabeled,Unknown,-11.858072,-3.0275707,2.639693,-0.7867848,-1.7116073,1.7891461
ddc_dzo_05964,unlabeled,Unknown,-10.473224,-3.1087232,0.8809552,-1.1457183,-1.9646338,1.4699373
ddc_dzo_05107,unlabeled,Unknown,-2.3783731,-1.1649448,-0.4091728,16.28395,1.4623532,1.6654469
ddc_dzo_03753,unlabeled,Unknown,0.04489235,-0.726258,0.23006186,16.577362,2.2695167,4.9715114
ddc_dzo_02742,unlabeled,Unknown,0.8469395,-0.59456265,-0.38937712,16.16418,1.442903,1.8032434
ddc_dzo_03064,unlabeled,Unknown,1.2850536,-1.3260996,0.3640946,16.625898,2.2349792,5.2538657
ddc_dzo_03921,unlabeled,Unknown,1.1250277,-2.78833,-0.38943315,16.1178,1.4405704,1.6940663
ddc_dzo_00563,unlabeled,Unknown,1.4116231,-0.5269274,-0.44076312,16.075647,1.3489133,1.648824
ddc_dzo_04650,unlabeled,Unknown,0.9410264,-2.5490115,1.0262307,16.023169,1.4988483,1.6566437
ddc_dzo_08928,unlabeled,Unknown,0.67865366,0.17390074,0.58216166,16.057354,1.4170696,1.7197326
ddc_dzo_02756,unlabeled,Unknown,-0.5160476,1.5278798,0.34217814,16.429668,1.3261619,1.5372515
ddc_dzo_03091,unlabeled,Unknown,-3.0930283,0.63807607,0.2577831,16.424572,1.379663,1.552862
ddc_dzo_07527,unlabeled,Unknown,0.4320419,0.064959444,0.7492688,15.836087,1.4899635,1.6803538
ddc_dzo_08739,unlabeled,Unknown,0.6504476,-2.196964,-0.51512545,16.857159,2.170031,5.4315434
ddc_dzo_08207,unlabeled,Unknown,0.8754312,-1.7958773,1.197981,16.219723,1.3763536,1.6332396
ddc_dzo_07284,unlabeled,Unknown,1.1452609,-1.7403461,0.06265757,16.069218,1.1015033,1.5564457
ddc_dzo_01230,unlabeled,Unknown,0.46453458,-2.0372796,0.46303576,16.221386,1.5016009,1.5472152
ddc_dzo_08366,unlabeled,Unknown,0.23520617,0.52566105,-0.8826875,15.873852,1.8468326,1.592146
ddc_dzo_09308,unlabeled,Unknown,0.5537581,-1.2765944,-0.78838515,16.108505,1.4091542,1.6938412
ddc_dzo_01960,unlabeled,Unknown,1.294781,0.08351173,0.6971317,15.9666395,1.4632692,1.6788913
ddc_dzo_05513,unlabeled,Unknown,-0.7291758,-1.1578305,1.2739576,15.897336,1.6904777,1.6300979
ddc_dzo_03562,unlabeled,Unknown,0.57174134,-2.4982412,0.94292015,15.880866,1.4895945,1.7247429
ddc_dzo_07406,unlabeled,Unknown,0.50409156,-1.2306364,-0.54398817,16.124132,1.4974108,1.6725742
ddc_dzo_01838,unlabeled,Unknown,0.45677683,-0.26840144,0.2949111,16.577639,2.2524657,5.3801856
ddc_dzo_07458,unlabeled,Unknown,0.065385744,-2.9898417,-0.9619376,15.612077,2.1091287,1.6967568
ddc_dzo_01904,unlabeled,Unknown,0.6959744,-2.3059683,-0.74216795,15.729388,1.9770355,1.6216186
ddc_dzo_01775,unlabeled,Unknown,0.01706471,-2.4421515,-0.31832987,15.672213,2.0790927,1.6520267
ddc_dzo_04340,unlabeled,Unknown,0.8463118,-2.2615829,-0.036823876,15.668257,2.1754026,1.6114045
ddc_dzo_07711,unlabeled,Unknown,0.81589276,-1.8548206,-1.0609672,15.569596,2.1745102,1.6772022
ddc_dzo_03483,unlabeled,Unknown,0.6035288,-0.58625424,-0.091130875,15.649807,2.1141357,1.6574677
ddc_dzo_07155,unlabeled,Unknown,1.1950295,-1.2497584,-1.0457671,15.658807,2.0985606,1.6722053
ddc_dzo_01500,unlabeled,Unknown,0.8086474,-1.6436583,-0.21346977,15.61043,2.113916,1.6915327
ddc_dzo_04229,unlabeled,Unknown,-0.4543814,-1.2228903,-2.0531063,15.6077385,2.1268308,1.6835366
ddc_dzo_00808,unlabeled,Unknown,-11.616932,-3.093621,0.32127634,-0.8243031,-2.016171,1.0103134
ddc_dzo_01150,unlabeled,Unknown,-0.14761187,-3.334124,-0.7199511,15.630329,2.1179054,1.6643769
ddc_dzo_06895,unlabeled,Unknown,0.22333926,-2.3577607,-0.12015156,15.636875,2.059131,1.6838399
ddc_dzo_05551,unlabeled,Unknown,-0.6508445,-1.3242805,-1.4128169,15.645764,2.0969653,1.6725156
ddc_dzo_07211,unlabeled,Unknown,-11.573983,-2.0663614,0.9303084,-0.9149407,-1.9587868,1.490405
ddc_dzo_00459,unlabeled,Unknown,-0.32527685,-4.1295033,-1.12621,15.627875,2.0451245,1.6737137
ddc_dzo_01081,unlabeled,Unknown,-0.10383101,-1.8051592,-0.23818831,15.615565,2.1078088,1.6835616
ddc_dzo_06638,unlabeled,Unknown,0.58715904,-2.4556785,0.43777463,15.708192,2.0276818,1.6398098
ddc_dzo_07868,unlabeled,Unknown,1.0283786,-1.061711,0.73703325,15.625937,2.0745947,1.6715688
ddc_dzo_03604,unlabeled,Unknown,0.024849206,-2.258355,-2.0607264,15.744508,2.063426,1.5843508
ddc_dzo_06489,unlabeled,Unknown,1.7516184,-2.4356449,-1.2039995,15.57814,2.1205182,1.7266415
ddc_dzo_02888,unlabeled,Unknown,1.6107475,-1.542023,0.63518,15.597491,2.1034775,1.7093456
ddc_dzo_05707,unlabeled,Unknown,0.32513928,-1.9287163,-0.7508451,15.573063,1.9967043,1.8283277
ddc_dzo_01716,unlabeled,Unknown,-8.644238,-2.261442,-0.16265774,-0.8326069,-1.9863763,0.9967323
ddc_dzo_08964,unlabeled,Unknown,-7.812811,-1.541621,0.05074757,-0.70782477,-1.7860994,1.1996993
ddc_dzo_08418,unlabeled,Unknown,-10.616356,-0.34381914,0.7570606,-0.56205183,-1.8388376,1.4178532
ddc_dzo_01606,unlabeled,Unknown,-0.91447955,-1.4010559,-0.8003015,15.98392,1.0495948,1.5472089
ddc_dzo_02905,unlabeled,Unknown,-1.2855958,-0.77867115,0.18800765,16.043604,0.7178195,1.1963644
ddc_dzo_05048,unlabeled,Unknown,-1.3515091,-1.6485075,0.053029545,15.999348,0.7690031,1.3718239
ddc_dzo_07964,unlabeled,Unknown,1.1251116,-2.7377505,-2.1535673,15.835931,0.7763371,1.5691686
ddc_dzo_02049,unlabeled,Unknown,-1.1628423,-2.386888,-1.7445102,15.876865,0.8182532,1.5361701
ddc_dzo_08589,unlabeled,Unknown,-1.5810829,-3.0477521,1.5161701,16.033802,0.77167714,1.298197
ddc_dzo_01229,unlabeled,Unknown,-0.95484066,-2.004012,0.9958416,15.760436,0.99273944,1.6703132
ddc_dzo_00846,unlabeled,Unknown,1.3315128,-2.1779451,-0.09796165,15.880049,0.9237336,1.5824448
ddc_dzo_02101,unlabeled,Unknown,-1.7053789,-0.605481,0.6162889,15.989376,0.7589612,1.2149067
ddc_dzo_07636,unlabeled,Unknown,-1.0061029,-1.1377386,-0.2770681,15.974327,1.0343441,1.5879924
ddc_dzo_08342,unlabeled,Unknown,-11.204362,-1.8033477,0.44962046,-0.62191904,-1.9618243,1.4206724
ddc_dzo_05892,unlabeled,Unknown,0.49889508,-1.7768793,-0.4590327,15.773284,1.106783,1.5300611
ddc_dzo_03658,unlabeled,Unknown,0.011341934,-2.2552693,1.8258413,15.86309,-0.41513458,4.485034
ddc_dzo_03712,unlabeled,Unknown,-0.5128181,-0.58057064,-0.68604046,15.607438,0.61694354,1.0648366
ddc_dzo_03318,unlabeled,Unknown,0.5750419,-3.1723857,-0.6834296,15.712546,0.94782746,1.6097752
ddc_dzo_04860,unlabeled,Unknown,0.027108276,0.19614887,-0.6688771,16.47655,1.3419251,1.4504805
ddc_dzo_05179,unlabeled,Unknown,1.566675,-1.4248655,-1.9498436,16.279055,1.4888464,1.5051668
ddc_dzo_08020,unlabeled,Unknown,-0.3985327,-0.17168187,-0.43372837,16.483587,1.3770502,1.4587324
ddc_dzo_02017,unlabeled,Unknown,0.5549202,-2.709241,0.62402576,16.269726,1.209393,1.6263665
ddc_dzo_03863,unlabeled,Unknown,0.20912059,-0.32248092,-1.2305181,16.46122,1.2602785,1.3614848
ddc_dzo_03035,unlabeled,Unknown,-0.5619563,-0.9945918,0.27482182,16.27148,1.2283643,1.6357765
ddc_dzo_03956,unlabeled,Unknown,-5.4329715,8.0875845,-2.3857021,6.943569,14.444153,1.7079415
ddc_dzo_05720,unlabeled,Unknown,1.0078455,-3.0865762,0.69408065,16.225306,1.3231763,1.5269907
ddc_dzo_06674,unlabeled,Unknown,0.16023265,-2.4093623,0.09994182,16.233986,1.2841336,1.6320692
ddc_dzo_01186,unlabeled,Unknown,0.93010014,0.15200922,1.2041496,16.328852,1.2503749,1.6417632
ddc_dzo_03383,unlabeled,Unknown,-0.4619083,-2.2089274,0.7519522,16.051058,1.4547559,1.7562697
ddc_dzo_08472,unlabeled,Unknown,2.0524647,-1.2504952,-1.5807444,16.440783,1.4207848,1.5811334
ddc_dzo_08656,unlabeled,Unknown,1.1240581,-0.7196295,0.47645622,16.157513,1.2208507,1.5699434
ddc_dzo_06844,unlabeled,Unknown,1.6861513,-2.469738,0.8910553,16.230492,1.3083247,1.5449336
ddc_dzo_03222,unlabeled,Unknown,0.516041,-0.59329987,-0.41896588,16.426937,1.3272171,1.3967391
ddc_dzo_09386,unlabeled,Unknown,-0.724905,-1.2941658,0.3213532,16.140158,1.43578,1.6563294
ddc_dzo_00822,unlabeled,Unknown,3.0795536,-3.2124546,1.3379999,16.078333,1.4619023,1.804085
ddc_dzo_08755,unlabeled,Unknown,0.72774756,-2.3662932,1.0677254,16.208809,1.3421161,1.638354
ddc_dzo_06435,unlabeled,Unknown,1.3520632,-1.3981284,1.0089201,16.244633,1.441375,1.7104201
ddc_dzo_05422,unlabeled,Unknown,0.89337844,-2.3479912,0.4479783,16.161308,1.4471902,1.6711817
ddc_dzo_09660,unlabeled,Unknown,2.1459918,-1.6001613,-0.04909429,15.982256,1.4920591,1.6137058
ddc_dzo_09693,unlabeled,Unknown,2.15051,-2.3911133,-0.12160081,16.388573,1.2907603,1.4799403
ddc_dzo_04899,unlabeled,Unknown,1.6283051,0.7580471,-0.19610688,16.501755,1.3441564,1.38672
ddc_dzo_02285,unlabeled,Unknown,-11.525987,-0.42861918,0.16931918,-0.98987514,-2.0929945,0.91344565
ddc_dzo_09131,unlabeled,Unknown,-0.45250958,0.3090494,-0.18653345,16.29305,1.3793931,1.4756194
ddc_dzo_08983,unlabeled,Unknown,1.4537879,-2.7313921,-1.6413498,16.073606,1.5640702,1.4596187
ddc_dzo_06818,unlabeled,Unknown,2.4055014,-2.798694,0.07884833,16.173376,1.3549695,1.5355792
ddc_dzo_02475,unlabeled,Unknown,0.6462859,-2.6285546,-0.99926823,16.415289,1.3835458,1.4654382
ddc_dzo_05356,unlabeled,Unknown,-0.042048354,-2.6016147,-1.3299826,16.24078,1.4495869,1.6075859
ddc_dzo_06345,unlabeled,Unknown,1.9137105,-2.7631698,-0.7031108,16.31747,1.3602569,1.4319465
ddc_dzo_03739,unlabeled,Unknown,0.061179064,-2.0215409,1.3273783,16.263176,1.381536,1.547262
ddc_dzo_05317,unlabeled,Unknown,0.49193588,-3.3971963,0.07136107,16.393766,1.3805054,1.5502088
ddc_dzo_01005,unlabeled,Unknown,1.7708417,-2.854577,0.51860046,16.20366,1.397319,1.629692
ddc_dzo_04457,unlabeled,Unknown,1.4487665,-4.0555787,-0.04301375,16.250402,1.2344149,1.6954373
ddc_dzo_03793,unlabeled,Unknown,1.9609244,-2.9320998,0.06724726,16.389599,1.21683,1.4777755
ddc_dzo_03129,unlabeled,Unknown,2.3730545,-1.9241905,1.0736588,16.18771,1.5401963,1.5102546
ddc_dzo_03941,unlabeled,Unknown,0.9082136,-0.9660503,0.46443534,16.405289,1.3650587,1.5540572
ddc_dzo_01808,unlabeled,Unknown,0.04967039,-2.2149954,-0.5651006,16.385847,1.3525933,1.4814526
ddc_dzo_08481,unlabeled,Unknown,1.9511746,-2.7106612,-0.9920347,16.085968,1.5019875,1.674714
ddc_dzo_05748,unlabeled,Unknown,1.4168229,-2.76595,-0.87251097,16.084911,1.7111386,1.5167607
ddc_dzo_04831,unlabeled,Unknown,1.4257334,-2.2369237,0.1770334,16.368216,1.3575003,1.5282497
ddc_dzo_06071,unlabeled,Unknown,2.6088567,1.0073318,-0.9074172,16.232336,1.215824,1.5479307
ddc_dzo_05767,unlabeled,Unknown,-1.7338883,-1.9584457,0.38413057,16.344933,1.3889835,1.5606892
ddc_dzo_02741,unlabeled,Unknown,2.1330676,-1.996156,-0.031732436,16.234026,1.5431324,1.4545166
ddc_dzo_04434,unlabeled,Unknown,1.9048815,-3.4735775,-0.6902843,16.232948,1.6074458,1.5041738
ddc_dzo_02379,unlabeled,Unknown,-11.100533,-4.4860497,1.2894423,-0.90949386,-2.011699,0.8828364
ddc_dzo_00278,unlabeled,Unknown,1.4285257,-2.9602327,0.18329416,16.378773,1.4732412,1.5854795
ddc_dzo_08846,unlabeled,Unknown,0.15711035,0.5925656,-0.9767453,16.198296,1.5031034,1.508772
ddc_dzo_09541,unlabeled,Unknown,-7.694088,-1.9796244,-2.4946795,-0.934562,-1.6462054,1.8599652
ddc_dzo_04151,unlabeled,Unknown,1.3851513,-0.99520177,-1.4805082,16.527597,1.3345749,1.4297637
ddc_dzo_08095,unlabeled,Unknown,-1.0249121,2.9467564,-2.025109,16.54269,1.3518941,1.4624993
ddc_dzo_01070,unlabeled,Unknown,1.5546134,-0.4604649,-0.59225637,16.53482,1.3986306,1.3367184
ddc_dzo_02819,unlabeled,Unknown,0.2962508,-3.1262817,-1.4639533,16.51848,1.4137568,1.5660219
ddc_dzo_07620,unlabeled,Unknown,-1.0861498,-0.8053627,-1.9065595,16.533333,1.4255793,1.461717
ddc_dzo_05309,unlabeled,Unknown,-9.903886,-0.3393706,-1.9756863,-1.0002075,-2.5116434,1.157277
ddc_dzo_00751,unlabeled,Unknown,-0.4228572,-1.8120705,-0.58288366,16.057043,1.3554124,1.4560989
ddc_dzo_05543,unlabeled,Unknown,1.7662376,-2.3903608,0.914735,16.250551,1.5109233,1.3618176
ddc_dzo_09248,unlabeled,Unknown,1.2611033,-3.425178,-0.24521202,16.246344,1.4299966,1.4968258
ddc_dzo_05925,unlabeled,Unknown,0.68427795,-1.7069006,-1.1759984,16.404501,1.4433136,1.5815079
ddc_dzo_05810,unlabeled,Unknown,-11.542982,-2.2340171,0.11993729,-1.1912794,-2.0182652,1.0187222
ddc_dzo_05980,unlabeled,Unknown,-3.9281418,12.710552,0.82650506,6.658352,14.294407,1.9384366
ddc_dzo_06881,unlabeled,Unknown,-5.770182,10.660938,-0.26509938,6.674261,14.327944,1.9940964
ddc_dzo_01136,unlabeled,Unknown,-4.794863,12.351037,1.2753125,6.674375,14.332741,1.9735825
ddc_dzo_03108,unlabeled,Unknown,-11.122475,-3.638615,0.44236565,-1.4058509,-1.8777028,1.0626078
ddc_dzo_08773,unlabeled,Unknown,-10.846875,-1.5805326,0.5411428,-1.1606545,-1.8833463,0.77604985
ddc_dzo_04263,unlabeled,Unknown,-12.07015,-2.9970286,-0.9123024,-0.9604027,-1.8073275,1.23174
ddc_dzo_04743,unlabeled,Unknown,-11.291931,0.15106682,-0.363563,-1.1106206,-1.8802955,0.9788969
ddc_dzo_02720,unlabeled,Unknown,-10.253117,-1.2595023,0.5035336,-1.2126147,-1.7851801,0.817326
ddc_dzo_08898,unlabeled,Unknown,-11.780461,-3.6071413,0.00029174984,-1.4307703,-2.3511822,1.06326
ddc_dzo_09050,unlabeled,Unknown,-1.0560968,-2.095738,0.7067592,15.773747,0.9895366,1.4617294
ddc_dzo_06388,unlabeled,Unknown,-1.5264174,-3.8967814,0.8404323,15.696365,0.87817246,1.5624245
ddc_dzo_02937,unlabeled,Unknown,0.7244031,-1.7830771,-0.64307475,15.41764,0.638369,1.7181213
ddc_dzo_00360,unlabeled,Unknown,0.5420738,-2.9579043,0.114687145,15.45468,0.7745824,1.6937866
ddc_dzo_07939,unlabeled,Unknown,0.6638398,-3.3048804,1.0082802,15.441055,0.68927467,1.6873714
ddc_dzo_03519,unlabeled,Unknown,-0.84410584,-1.401872,1.9343145,15.436282,0.69059396,1.7488503
ddc_dzo_08848,unlabeled,Unknown,-1.3227868,-0.9662316,-0.974429,15.546843,0.7711979,1.6260173
ddc_dzo_07388,unlabeled,Unknown,0.27265045,-0.932851,1.0377895,15.488975,0.7250313,1.6409892
ddc_dzo_06582,unlabeled,Unknown,1.3947699,-0.15021366,0.63564414,15.5778,0.7985923,1.6823463
ddc_dzo_00220,unlabeled,Unknown,0.9817928,-0.24801464,-0.28790528,15.639179,0.77704555,1.6657288
ddc_dzo_09797,unlabeled,Unknown,1.1596961,-2.1468208,1.7497092,15.390409,0.62137866,1.761006
ddc_dzo_00088,unlabeled,Unknown,0.3047828,-1.0431639,-1.0045223,15.469255,0.70355344,1.7342061
ddc_dzo_06371,unlabeled,Unknown,1.4753748,-0.89941084,1.1451259,15.416677,0.7299703,1.7057898
ddc_dzo_02228,unlabeled,Unknown,1.2648753,-1.940802,-0.32965663,15.476726,0.7064032,1.7135315
ddc_dzo_06418,unlabeled,Unknown,0.19511266,-2.5851076,-0.0042095035,15.53655,0.7850788,1.6425548
ddc_dzo_05493,unlabeled,Unknown,1.9057604,-3.8453476,-1.9824258,15.457287,0.69552493,1.7175512
ddc_dzo_04013,unlabeled,Unknown,-1.0244806,-0.589131,-0.09052035,15.543485,0.7941787,1.6776407
ddc_dzo_00618,unlabeled,Unknown,0.50957,-2.2813811,1.0662763,15.546153,0.7983676,1.693073
ddc_dzo_09072,unlabeled,Unknown,-9.641629,-2.6744106,0.08246049,-1.2888341,-1.497465,1.926677
ddc_dzo_08154,unlabeled,Unknown,-0.24809563,-1.81492,1.727032,15.506365,0.7331442,1.7585322
ddc_dzo_01815,unlabeled,Unknown,0.8836553,-2.032682,0.07879608,15.3418865,0.70267826,1.7199564
ddc_dzo_03671,unlabeled,Unknown,0.8375312,-2.4695945,0.15377639,15.554752,0.8279612,1.7118421
ddc_dzo_05377,unlabeled,Unknown,0.16784503,-1.6695,1.339886,15.407224,0.68965197,1.6545488
ddc_dzo_03583,unlabeled,Unknown,-0.34236148,-2.1537218,-0.97318155,15.53,0.762166,1.6972562
ddc_dzo_03445,unlabeled,Unknown,2.3548393,-2.7088368,-0.35928994,15.432626,0.6763381,1.7340928
ddc_dzo_01061,unlabeled,Unknown,0.46491513,-1.526977,-0.81564033,15.467828,0.86019003,1.6230808
ddc_dzo_09198,unlabeled,Unknown,1.6326693,-1.6264677,0.50571376,15.795063,0.84474474,1.8558944
ddc_dzo_01759,unlabeled,Unknown,2.1775234,-1.471188,-0.7828806,15.49815,0.7093923,1.6939663
ddc_dzo_00249,unlabeled,Unknown,1.7054571,-1.9851798,-0.29599485,15.424182,0.70029646,1.6743566
ddc_dzo_07574,unlabeled,Unknown,0.46301347,-2.3177743,0.85581774,15.504828,0.7703381,1.6658027
ddc_dzo_07541,unlabeled,Unknown,0.25468943,-1.8171773,0.0036412277,15.464206,0.7339188,1.696755
ddc_dzo_00969,unlabeled,Unknown,-10.670362,-2.990413,0.36859593,-1.3735927,-1.6678834,2.045911
ddc_dzo_01581,unlabeled,Unknown,2.1522362,-3.4607584,-0.4010304,15.45123,0.70887923,1.7399079
ddc_dzo_00649,unlabeled,Unknown,2.0364673,-3.3405523,-0.626013,15.473677,0.7258453,1.7405777
ddc_dzo_07011,unlabeled,Unknown,-0.101686046,-2.344669,0.4146094,15.493088,0.76458174,1.6592008
ddc_dzo_09931,unlabeled,Unknown,1.2288107,-2.6532137,0.9893362,15.423656,0.6956665,1.7638919
ddc_dzo_03296,unlabeled,Unknown,0.6490153,-1.7608556,1.2069099,15.480389,0.81197494,1.6819065
ddc_dzo_03339,unlabeled,Unknown,-0.8538585,1.8503534,-11.875405,3.4740357,6.633423,17.215847
ddc_dzo_05266,unlabeled,Unknown,-0.9060738,0.6627848,-11.870199,3.5017343,6.5336685,17.306662
ddc_dzo_07672,unlabeled,Unknown,-4.4820747,0.37112796,-8.082955,2.3180814,6.9641976,16.733166
ddc_dzo_04503,unlabeled,Unknown,-4.77076,1.1889447,-5.3068814,2.294725,7.0134377,16.713634
ddc_dzo_07350,unlabeled,Unknown,-5.148352,-0.37350827,-8.877004,2.4701488,6.9431367,16.786598
ddc_dzo_02138,unlabeled,Unknown,-11.632708,-1.6266055,1.6193082,-1.4569098,-2.1728919,1.3328084
ddc_dzo_08673,unlabeled,Unknown,1.2726061,-3.6665533,-0.5160696,16.105501,1.0726583,1.7350577
ddc_dzo_00772,unlabeled,Unknown,0.93477505,-1.7655293,1.0259244,16.14077,1.0828342,1.7462182
ddc_dzo_04460,unlabeled,Unknown,-1.2758938,-3.2463238,-0.99839675,16.010382,1.0316602,1.678028
ddc_dzo_07430,unlabeled,Unknown,0.84139717,-3.6821423,0.976074,15.930975,0.9791378,1.6159817
ddc_dzo_09221,unlabeled,Unknown,1.894832,-3.1529903,-1.3635823,16.184933,1.110503,1.7242041
ddc_dzo_09505,unlabeled,Unknown,-10.72743,-1.6397895,0.61807704,-1.0867687,-1.9921057,1.441598
ddc_dzo_03612,unlabeled,Unknown,-12.406895,-3.6369681,1.3904544,-1.0950904,-2.0561109,2.2155995
ddc_dzo_05171,unlabeled,Unknown,-10.993863,-4.2610435,1.3548708,-1.1274661,-2.4911003,1.6669043
ddc_dzo_06000,unlabeled,Unknown,-9.956329,-3.1416726,-0.6137478,-1.0787777,-1.8009435,2.2845767
ddc_dzo_07785,unlabeled,Unknown,-11.800094,-3.5476034,-1.3206602,-1.1655656,-1.723698,2.209613
ddc_dzo_01924,unlabeled,Unknown,-11.644799,-3.1313126,0.806496,-1.1185569,-2.031064,2.049059
ddc_dzo_00583,unlabeled,Unknown,2.0047374,-1.7911611,-0.5552293,16.235714,1.4825397,1.6216898
ddc_dzo_05851,unlabeled,Unknown,1.9159856,-2.9267435,-0.90706015,16.318127,1.2507308,1.6787268
ddc_dzo_05288,unlabeled,Unknown,1.6857375,-2.5950835,-0.038158406,16.075102,1.5873337,1.5924124
ddc_dzo_08166,unlabeled,Unknown,1.8424786,-1.416135,-2.2613537,16.229557,1.4861745,1.5964528
ddc_dzo_07944,unlabeled,Unknown,2.2047408,-1.9194554,-0.33568,16.151592,1.4451529,1.6449468
ddc_dzo_07221,unlabeled,Unknown,0.47551233,-0.943078,0.65133315,15.81492,1.1573937,1.6372719
ddc_dzo_09956,unlabeled,Unknown,1.3339174,-0.42981184,1.1552997,16.094957,1.6505876,1.5801569
ddc_dzo_05335,unlabeled,Unknown,0.04681531,-1.8912747,0.83976114,15.761701,1.6303807,1.6514149
ddc_dzo_05004,unlabeled,Unknown,1.9783807,-2.3933268,0.14722803,15.852084,1.620182,1.7284429
ddc_dzo_03729,unlabeled,Unknown,1.3709706,-1.4296207,0.91555315,15.906603,1.5780393,2.050599
ddc_dzo_02180,unlabeled,Unknown,2.0208478,-1.3774283,0.77776074,16.017944,1.4246374,1.701641
ddc_dzo_08467,unlabeled,Unknown,1.220322,-2.2102916,-1.592267,15.965364,1.4007753,1.7276198
ddc_dzo_00541,unlabeled,Unknown,1.868499,-2.1897159,1.711032,15.441914,2.1397617,1.8427495
ddc_dzo_01309,unlabeled,Unknown,0.981902,-2.5693061,1.1204945,15.479294,2.1193528,1.8111942
ddc_dzo_05123,unlabeled,Unknown,1.190339,-2.871779,0.595127,15.539379,2.0419097,1.7972081
ddc_dzo_06216,unlabeled,Unknown,1.0002301,-2.4405334,-0.14531519,15.436358,2.1026545,1.8542949
ddc_dzo_03650,unlabeled,Unknown,1.08417,-2.1964743,0.017070105,15.4817505,2.098707,1.807953
ddc_dzo_04066,unlabeled,Unknown,1.8042397,-2.0842342,0.81574804,15.415109,2.1397028,1.8649423
ddc_dzo_08074,unlabeled,Unknown,1.990646,-3.546389,0.85031027,15.536513,2.0438685,1.7795825
ddc_dzo_05901,unlabeled,Unknown,1.9922484,-0.8548071,-0.41817477,15.662219,1.7759324,1.7838045
ddc_dzo_06294,unlabeled,Unknown,0.3085484,-2.2593513,0.09854209,15.599178,1.9868917,1.7348486
ddc_dzo_06858,unlabeled,Unknown,0.65886414,-3.0661294,0.86172837,15.406102,2.1459389,1.8660294
ddc_dzo_06016,unlabeled,Unknown,1.2259842,-1.9330676,0.16997467,15.423016,2.1522434,1.8580744
ddc_dzo_07187,unlabeled,Unknown,-9.793244,-2.288087,-0.10017349,-1.4909108,-2.5665257,1.3010279
ddc_dzo_07152,unlabeled,Unknown,-11.58331,-3.3351202,0.00013780768,-1.0471581,-2.0999842,1.9772162
ddc_dzo_04216,unlabeled,Unknown,-9.508043,-2.8812513,-0.7173324,-1.2170576,-2.2043715,1.1492995
ddc_dzo_07372,unlabeled,Unknown,-5.678364,8.692776,-0.5721226,6.9116473,14.442752,1.7762904
ddc_dzo_02004,unlabeled,Unknown,-4.901905,11.144653,1.4084467,6.8547645,14.511145,1.9640814
ddc_dzo_08935,unlabeled,Unknown,-2.5840228,9.3063965,-0.21322851,6.723321,14.348713,1.9517462
ddc_dzo_02977,unlabeled,Unknown,-5.0759106,9.2556,-0.03317878,6.8440304,14.5334015,1.8835677
ddc_dzo_08953,unlabeled,Unknown,-5.2107363,9.886335,0.51440775,6.789796,14.40517,1.8943892
ddc_dzo_00306,unlabeled,Unknown,-4.7078013,10.386039,1.2876981,6.9090667,14.406251,1.7249638
ddc_dzo_00049,unlabeled,Unknown,-4.5891457,12.553002,1.535317,6.7915936,14.383883,1.9283164
ddc_dzo_04032,unlabeled,Unknown,-9.852805,-1.4368225,-2.3452792,-1.3436344,-2.3131464,1.3293537
ddc_dzo_08399,unlabeled,Unknown,-11.390816,-2.7138243,-0.00361167,-1.3161048,-2.207289,1.0606246
ddc_dzo_09303,unlabeled,Unknown,-11.353483,-0.90324414,1.3765597,-1.0566647,-1.8939644,1.4890633
ddc_dzo_06615,unlabeled,Unknown,-11.676636,-3.1312587,0.45870775,-1.3440582,-1.9684153,2.2153566
ddc_dzo_03535,unlabeled,Unknown,-11.182185,-1.9878746,1.6767156,-1.2274266,-2.157659,1.0940857
ddc_dzo_04243,unlabeled,Unknown,-10.51854,-2.5765963,0.6460863,-1.2792586,-2.1907644,1.8041074
ddc_dzo_03881,unlabeled,Unknown,-9.9974165,-2.465335,0.9575035,-1.1833497,-1.8118035,1.2713734
ddc_dzo_08888,unlabeled,Unknown,1.7297496,0.38643834,1.261123,16.320316,2.11148,5.369876
ddc_dzo_04700,unlabeled,Unknown,3.1840043,-0.6202938,1.6706038,16.51886,2.1361115,5.2123923
ddc_dzo_07662,unlabeled,Unknown,1.9516329,1.6257558,0.14966871,16.758186,2.1003041,4.8785925
ddc_dzo_07875,unlabeled,Unknown,3.6400127,0.21201387,0.13699704,16.748045,2.2569406,5.3696375
ddc_dzo_08469,unlabeled,Unknown,4.7446227,-1.6491529,0.7715664,16.896816,1.8158275,5.948596
ddc_dzo_09897,unlabeled,Unknown,2.7991326,-0.3317113,0.13389598,16.671309,2.183196,5.4183974
ddc_dzo_05057,unlabeled,Unknown,0.97675925,-1.0814798,0.8946843,16.433111,2.1779075,5.9284196
ddc_dzo_06102,unlabeled,Unknown,2.3520863,-0.8473024,0.55148953,16.503368,2.3137004,5.794216
ddc_dzo_05419,unlabeled,Unknown,3.0604715,-1.353191,1.5767014,16.572134,2.1815054,5.125953
ddc_dzo_05260,unlabeled,Unknown,2.029778,-0.6946818,1.0125422,16.821508,2.2813807,5.507715
ddc_dzo_01792,unlabeled,Unknown,2.7648206,-0.46293265,1.7863262,16.752333,1.969405,5.845079
ddc_dzo_01917,unlabeled,Unknown,2.999561,-1.441813,0.08497329,16.503046,2.0156715,5.069724
ddc_dzo_07841,unlabeled,Unknown,3.000377,0.35589197,0.19393371,17.030312,1.6818507,4.975916
ddc_dzo_05442,unlabeled,Unknown,2.7228303,-1.4773175,-0.13513656,16.567577,2.2899828,5.183619
ddc_dzo_09409,unlabeled,Unknown,3.4318235,-0.35376188,0.65463704,16.838001,2.2276802,5.6182094
ddc_dzo_04396,unlabeled,Unknown,2.1377454,-1.1859767,1.1137967,17.170134,1.9459417,5.249557
ddc_dzo_08796,unlabeled,Unknown,2.2877662,0.33635378,1.3474913,16.534681,1.8901287,5.971136
ddc_dzo_05702,unlabeled,Unknown,3.1989455,-0.8321912,1.5228565,16.530922,2.15311,5.2277074
ddc_dzo_04339,unlabeled,Unknown,1.8569248,-1.0754596,0.5575945,16.814693,2.057736,5.1160574
ddc_dzo_01598,unlabeled,Unknown,3.2594712,-1.1982191,-0.5684817,16.522114,2.3207328,5.5657887
ddc_dzo_03627,unlabeled,Unknown,2.4693217,0.5754761,0.706873,16.417984,2.08696,5.239217
ddc_dzo_04123,unlabeled,Unknown,2.740116,1.4831364,-0.3466921,17.134312,1.8440242,4.853708
ddc_dzo_01436,unlabeled,Unknown,2.93975,-0.60063285,0.79706776,17.053421,1.9627376,5.0312643
ddc_dzo_03022,unlabeled,Unknown,3.2654278,-0.2619711,-0.52684695,16.718954,2.1050756,5.7954993
ddc_dzo_08591,unlabeled,Unknown,2.7516587,-1.9909154,0.04945091,16.587551,2.2798383,5.884458
ddc_dzo_02671,unlabeled,Unknown,2.6594834,0.43384492,1.0623173,16.630625,2.1475198,5.1163383
ddc_dzo_08090,unlabeled,Unknown,2.9237766,-1.5558276,1.307191,16.594667,2.3375444,5.674223
ddc_dzo_01552,unlabeled,Unknown,3.6348164,-0.42246094,1.0558763,16.707079,2.3371472,5.5166135
ddc_dzo_04652,unlabeled,Unknown,3.06053,-0.477631,0.20025933,17.090248,1.6940473,4.786898
ddc_dzo_04731,unlabeled,Unknown,3.6350107,-1.5200776,1.1551386,16.511662,1.95627,5.2723966
ddc_dzo_01371,unlabeled,Unknown,3.287463,-0.025707541,0.18774247,16.574364,2.1859818,5.2048593
ddc_dzo_02755,unlabeled,Unknown,1.891556,-1.3443532,2.8626602,16.498573,2.0848954,5.2131763
ddc_dzo_02210,unlabeled,Unknown,3.1316135,-1.0253568,0.17514467,16.426758,2.1055129,6.071359
ddc_dzo_00106,unlabeled,Unknown,2.2991652,0.65952444,-0.4157919,16.856445,1.9197888,4.871019
ddc_dzo_08348,unlabeled,Unknown,3.4799025,-0.9047771,0.14732027,16.437387,1.9888203,5.18278
ddc_dzo_01065,unlabeled,Unknown,4.038392,-1.7481623,0.04578833,16.41988,2.0016549,5.678639
ddc_dzo_05390,unlabeled,Unknown,3.8740711,-1.934996,0.92016643,16.466278,2.0754955,5.2930446
ddc_dzo_07889,unlabeled,Unknown,2.700804,-1.327301,0.09588677,16.459234,1.9123818,5.437568
ddc_dzo_01891,unlabeled,Unknown,3.4476566,-1.6369835,1.1927723,16.413525,1.9129287,5.251864
ddc_dzo_03334,unlabeled,Unknown,3.809614,-1.304919,0.33020785,16.442244,2.036771,5.462737
ddc_dzo_04320,unlabeled,Unknown,2.3665335,-1.5371615,-0.83846706,16.477789,2.166988,6.0555863
ddc_dzo_02864,unlabeled,Unknown,1.4009373,-0.9389091,0.9135027,16.702047,2.1221309,5.216721
ddc_dzo_05611,unlabeled,Unknown,-10.511516,-3.7520816,-0.30753773,-1.5087382,-2.251446,1.8891132
ddc_dzo_09559,unlabeled,Unknown,4.1316357,-0.41164213,0.89534914,16.631683,2.167434,5.642189
ddc_dzo_03415,unlabeled,Unknown,3.6028533,-0.1684727,0.15367645,16.568659,2.2808325,5.2287564
ddc_dzo_05183,unlabeled,Unknown,4.0714154,-2.161808,0.48130894,16.744694,2.039297,5.871123
ddc_dzo_07498,unlabeled,Unknown,3.59039,-1.9612854,-0.5411973,16.420324,2.1256497,5.3281155
ddc_dzo_03672,unlabeled,Unknown,3.1401956,-0.21616307,0.18612953,16.672762,1.8937918,5.9180593
ddc_dzo_01292,unlabeled,Unknown,3.3720813,-1.6057584,1.7972637,16.597738,1.6579524,6.090516
ddc_dzo_05725,unlabeled,Unknown,2.9436634,0.19739352,-1.0104175,16.603434,2.3215234,5.2338524
ddc_dzo_04822,unlabeled,Unknown,3.4456744,-2.1879475,-0.7324119,16.525808,2.2428865,5.6482005
ddc_dzo_02627,unlabeled,Unknown,3.8885481,-0.62979233,0.7491032,16.673716,2.0014157,5.8485427
ddc_dzo_06977,unlabeled,Unknown,3.073356,-1.0681235,0.0018143054,16.619999,2.0617483,5.393707
ddc_dzo_09446,unlabeled,Unknown,3.8751264,-0.97298545,-1.3911253,16.843596,1.80965,5.921889
ddc_dzo_05420,unlabeled,Unknown,3.9212813,-1.2565614,-0.2975452,16.477783,2.2270815,5.3270392
ddc_dzo_08245,unlabeled,Unknown,3.083583,0.08561906,0.028665777,16.506273,1.6935455,5.3213487
ddc_dzo_09847,unlabeled,Unknown,3.2455797,-2.2426963,-0.5643905,16.611814,2.3101723,5.5643034
ddc_dzo_02292,unlabeled,Unknown,3.6116552,-0.85362154,1.1604831,16.607513,2.1530116,5.57289
ddc_dzo_05972,unlabeled,Unknown,3.3758764,-1.8212575,0.3196437,16.679455,2.0185535,5.3211536
ddc_dzo_02828,unlabeled,Unknown,3.4680312,-1.5363023,-0.37092805,16.777712,2.1361177,5.740298
ddc_dzo_01501,unlabeled,Unknown,4.3277426,-0.061330885,0.13333432,16.551697,1.9072851,5.8955784
ddc_dzo_02996,unlabeled,Unknown,2.8263042,0.28969565,0.9858549,17.008978,1.948694,5.813496
ddc_dzo_04793,unlabeled,Unknown,2.4264176,-0.63189256,0.101196945,16.553776,2.1412008,5.378282
ddc_dzo_06355,unlabeled,Unknown,3.0806544,-1.3369888,-2.173221,16.353842,2.1544077,5.0122023
ddc_dzo_00551,unlabeled,Unknown,2.7705944,-1.548128,-0.38503104,16.56583,2.0338783,5.1427164
ddc_dzo_05815,unlabeled,Unknown,3.861425,-1.3222649,-1.1252896,16.443481,1.9317298,5.305119
ddc_dzo_03973,unlabeled,Unknown,3.5460474,-0.9213569,1.4072132,16.426731,1.4804419,5.730918
ddc_dzo_02314,unlabeled,Unknown,3.785207,0.80598056,-1.1786815,16.43372,2.0394197,5.013522
ddc_dzo_00908,unlabeled,Unknown,3.2507293,-2.3422623,-0.61164916,16.622976,2.1640196,5.543238
ddc_dzo_08631,unlabeled,Unknown,2.5315576,-1.9819244,-0.055418342,16.516695,2.2381904,5.525631
ddc_dzo_09179,unlabeled,Unknown,2.8639514,0.8735855,0.3924751,16.521284,1.3485322,6.0807815
ddc_dzo_09679,unlabeled,Unknown,3.9475837,-1.8262821,-0.25857592,16.427456,1.6233197,5.685969
ddc_dzo_04531,unlabeled,Unknown,3.8778312,-0.22605667,0.26227584,16.69913,1.9294116,5.8863583
ddc_dzo_08695,unlabeled,Unknown,-10.305394,-4.158831,0.2443819,-1.3503706,-2.1037762,2.1484833
ddc_dzo_07972,unlabeled,Unknown,2.3252795,-0.9909387,-0.057148103,16.89452,1.7859724,6.133209
ddc_dzo_07683,unlabeled,Unknown,3.7478137,-1.0653719,-0.2751424,17.178015,1.8479197,5.721642
ddc_dzo_09143,unlabeled,Unknown,-12.045112,-3.6368332,0.54912335,-1.1544801,-1.782681,2.3868957
ddc_dzo_03776,unlabeled,Unknown,2.3681865,0.0527124,-0.6177666,16.43959,1.6373961,4.91448
ddc_dzo_04437,unlabeled,Unknown,-11.6659,-1.1926737,2.390437,-0.5833193,-1.7774278,1.9199657
ddc_dzo_09049,unlabeled,Unknown,-8.593879,-0.7108982,0.82245785,-1.538992,-1.9263444,1.4199518
ddc_dzo_01076,unlabeled,Unknown,-9.309012,-1.5236347,1.2141274,-1.0419027,-1.4541129,2.1243706
ddc_dzo_05536,unlabeled,Unknown,-10.628829,-4.505846,-0.548352,-1.516005,-2.524304,1.1615938
ddc_dzo_01746,unlabeled,Unknown,-6.0947847,10.004163,0.92878175,6.913172,14.473538,1.7435399
ddc_dzo_08264,unlabeled,Unknown,-11.0697,-3.6629298,0.93582416,-1.4136121,-2.2162604,1.4051222
ddc_dzo_04933,unlabeled,Unknown,-10.828,-2.9751964,2.541078,-0.5281126,-2.1743155,2.035178
ddc_dzo_01864,unlabeled,Unknown,-10.98974,-4.046144,-0.017527856,-1.3313191,-2.6360652,1.1588259
ddc_dzo_03661,unlabeled,Unknown,2.613931,-0.5934914,-0.4153286,16.884956,1.3170449,4.7645288
ddc_dzo_02453,unlabeled,Unknown,4.2364025,-1.1758316,0.050849073,16.357643,1.8434757,5.747125
ddc_dzo_09880,unlabeled,Unknown,4.1337,-0.32589805,0.86662996,16.607924,1.5650859,6.168203
ddc_dzo_03942,unlabeled,Unknown,4.4889274,0.9016444,2.2550628,16.77803,2.067928,5.9852
ddc_dzo_07054,unlabeled,Unknown,3.179857,0.02922271,-0.30885467,16.236036,1.8486608,6.2406187
ddc_dzo_01627,unlabeled,Unknown,4.3782682,-0.24867342,0.1849296,16.248678,1.9868066,6.0472946
ddc_dzo_08184,unlabeled,Unknown,3.8380547,0.5403413,0.560984,16.366535,1.9054477,5.1017375
ddc_dzo_06935,unlabeled,Unknown,3.1308134,0.5218497,1.1275634,16.472746,2.0559456,6.1253147
ddc_dzo_08804,unlabeled,Unknown,3.591834,-1.0195948,0.88680553,16.227764,1.8699075,5.292351
ddc_dzo_06366,unlabeled,Unknown,4.9876704,0.12276072,1.9975729,16.536625,1.3911211,5.53094
ddc_dzo_00357,unlabeled,Unknown,3.2835305,-1.8657501,1.5866438,16.065887,1.8144149,6.1678286
ddc_dzo_02105,unlabeled,Unknown,4.046227,0.5073871,0.98659754,16.201017,1.9073002,5.8380404
ddc_dzo_00629,unlabeled,Unknown,4.6698303,0.89065504,1.4537259,16.24484,1.8183962,5.23871
ddc_dzo_06176,unlabeled,Unknown,3.5508807,-0.61371714,0.9035717,16.361414,2.1012304,5.83403
ddc_dzo_03103,unlabeled,Unknown,2.725432,-0.77795243,1.1986078,16.492525,1.8334792,5.4034853
ddc_dzo_05967,unlabeled,Unknown,3.3800373,-1.6404804,1.0560352,16.502361,1.5581162,6.002587
ddc_dzo_01006,unlabeled,Unknown,-10.053205,-2.5084667,1.0919166,-0.79836583,-1.6021187,1.6625737
ddc_dzo_02653,unlabeled,Unknown,3.8569767,-1.8701087,0.5877639,16.487381,1.4578149,4.947661
ddc_dzo_09773,unlabeled,Unknown,1.4960759,0.41687974,-0.1818278,16.392822,2.1076076,5.93484
ddc_dzo_09717,unlabeled,Unknown,3.001009,0.12214465,0.4208093,16.745947,0.73648965,4.8219604
ddc_dzo_07264,unlabeled,Unknown,2.6986523,-1.7555296,0.07943784,17.133814,1.4469173,4.8826675
ddc_dzo_09271,unlabeled,Unknown,2.2748287,-1.6775044,1.4630104,16.639645,1.3548547,5.0473566
ddc_dzo_04685,unlabeled,Unknown,3.1222262,-3.0682132,1.4461612,16.538942,1.4264284,4.8835635
ddc_dzo_08564,unlabeled,Unknown,3.0571723,-0.373948,0.904852,17.073572,1.4784917,5.5057354
ddc_dzo_08824,unlabeled,Unknown,4.984671,-1.4875027,0.0275385,16.77945,1.8642364,6.0829806
ddc_dzo_08714,unlabeled,Unknown,3.2674448,0.71402985,1.0462689,16.141996,1.8770108,5.1671386
ddc_dzo_00221,unlabeled,Unknown,3.5381489,-0.83394915,1.493748,13.90591,1.667416,8.005532
ddc_dzo_07925,unlabeled,Unknown,1.9790236,0.8252342,0.8286984,16.669916,1.7870151,4.869093
ddc_dzo_04017,unlabeled,Unknown,3.5214996,-0.28068098,1.0954576,17.608448,1.3504361,5.605352
ddc_dzo_06136,unlabeled,Unknown,2.9444485,-0.33277488,1.6029317,16.922083,1.5166528,5.1924415
ddc_dzo_01419,unlabeled,Unknown,4.55416,-1.678316,1.2221872,17.34524,1.3331206,5.7171416
ddc_dzo_02713,unlabeled,Unknown,3.118732,-1.1545311,1.4663851,16.813072,1.8674964,6.103949
ddc_dzo_06905,unlabeled,Unknown,-9.957274,-4.355057,0.33643773,-1.2950097,-2.397086,1.9364556
ddc_dzo_02257,unlabeled,Unknown,-11.782664,-3.4263036,1.7524588,-0.8393982,-1.7028204,1.7050384
ddc_dzo_06799,unlabeled,Unknown,-10.629668,-2.0307653,0.22392076,-0.69209343,-1.8907319,1.548561
ddc_dzo_04775,unlabeled,Unknown,-11.780619,-1.9179115,0.99762017,-1.0778502,-1.8268256,1.2475383
ddc_dzo_08779,unlabeled,Unknown,-10.129662,-2.3564851,-0.30879515,-1.2501512,-2.3462596,1.1141106
ddc_dzo_05132,unlabeled,Unknown,-11.463559,-3.6036825,2.3152204,-1.4057146,-2.3616087,1.3433492
ddc_dzo_08003,unlabeled,Unknown,-10.555232,-2.5383656,-1.0638826,-1.4529868,-1.8939475,1.1137623
ddc_dzo_03566,unlabeled,Unknown,-11.322137,-1.1868745,1.1585526,-1.4546984,-1.792634,0.96272504
ddc_dzo_05639,unlabeled,Unknown,-10.8351965,-3.102409,2.2378647,-1.3701024,-1.8450032,1.2722193
ddc_dzo_03709,unlabeled,Unknown,2.690781,-1.8988237,1.163919,15.206524,-0.5549914,4.8536057
ddc_dzo_07199,unlabeled,Unknown,2.5335085,-1.2906481,-1.0420136,13.359668,0.052642163,7.840868
ddc_dzo_00803,unlabeled,Unknown,3.838681,-1.1696332,0.3074412,15.012316,-0.5955389,5.012141
ddc_dzo_02915,unlabeled,Unknown,4.416811,-1.2998247,0.11794711,15.0429325,-0.57823926,4.9700246
ddc_dzo_00022,unlabeled,Unknown,3.3443813,-0.8604315,-0.21514456,14.951745,-0.9083818,5.0967836
ddc_dzo_08237,unlabeled,Unknown,3.9306278,-0.61636966,-0.5196377,15.240547,-0.79156893,4.7453437
ddc_dzo_09082,unlabeled,Unknown,2.1892061,-1.305296,0.743894,15.929672,1.5474696,6.284441
ddc_dzo_06020,unlabeled,Unknown,3.4978807,-0.12443539,-0.43385515,15.048915,-0.52461296,4.804754
ddc_dzo_04626,unlabeled,Unknown,2.3884685,1.6942465,1.0227736,16.364489,0.60106695,5.6245165
ddc_dzo_01657,unlabeled,Unknown,3.354822,-1.1296585,1.0415324,15.014593,-0.60470206,4.8699007
ddc_dzo_09694,unlabeled,Unknown,3.5564768,-0.660207,-0.5860825,15.114066,-0.87569153,4.926002
ddc_dzo_07543,unlabeled,Unknown,3.8258204,-1.2241472,0.27738544,15.190073,-0.79116213,4.6886353
ddc_dzo_05299,unlabeled,Unknown,3.2692976,-0.53575546,0.5177042,15.005066,-0.41185856,5.1810412
ddc_dzo_00953,unlabeled,Unknown,2.2723305,-0.48549294,1.209628,15.47031,-0.59389186,4.680053
ddc_dzo_06065,unlabeled,Unknown,2.7347112,-0.19000234,1.2667345,15.0591135,-0.6743404,4.852026
ddc_dzo_01385,unlabeled,Unknown,2.5855188,-0.35153157,0.7277889,15.020668,-0.57436115,4.863815
ddc_dzo_09793,unlabeled,Unknown,2.2429955,-1.729268,0.10572602,15.17053,-0.7253564,5.022045
ddc_dzo_06182,unlabeled,Unknown,2.2416332,-1.8364279,1.4146802,15.285439,-1.0769626,5.1705046
ddc_dzo_09326,unlabeled,Unknown,1.9299442,0.114852406,-0.56456655,15.448076,-0.9281334,4.7894325
ddc_dzo_01955,unlabeled,Unknown,2.9030123,-0.75385004,1.0434369,15.282292,-0.8828952,4.885074
ddc_dzo_07037,unlabeled,Unknown,3.1478648,0.48754117,0.06692272,15.821674,-0.97630155,4.892766
ddc_dzo_00600,unlabeled,Unknown,3.2770894,-0.8964402,0.89950186,15.404612,-0.93842995,5.2300243
ddc_dzo_03313,unlabeled,Unknown,3.118584,0.004601436,2.2050328,15.510269,-0.7611232,4.6756473
ddc_dzo_05866,unlabeled,Unknown,2.5393734,-0.8654023,0.9257926,15.327015,-0.4949682,5.5820694
ddc_dzo_01221,unlabeled,Unknown,2.2388728,0.22862914,0.45463806,15.172732,-0.5862936,5.507435
ddc_dzo_05145,unlabeled,Unknown,2.980394,-0.6863519,-0.10250555,15.2881155,-0.9444949,5.1623435
ddc_dzo_01575,unlabeled,Unknown,2.260136,0.17156565,2.7952619,15.475304,-0.7762154,5.1516805
ddc_dzo_08457,unlabeled,Unknown,2.4009035,-1.0241008,0.35750914,15.681345,-0.0832038,4.846832
ddc_dzo_00755,unlabeled,Unknown,3.073255,-0.78047746,0.6112955,15.51617,-0.78859895,4.8072653
ddc_dzo_05010,unlabeled,Unknown,3.6368532,-0.53592515,1.5759529,15.326277,-0.89107645,5.1251726
ddc_dzo_01688,unlabeled,Unknown,2.834628,-0.53084606,0.025198635,14.938477,-0.59525305,5.8005176
ddc_dzo_09613,unlabeled,Unknown,3.4687982,-2.1273167,-0.54150695,15.184933,-0.58121943,5.1984024
ddc_dzo_08580,unlabeled,Unknown,4.416769,-0.46900305,0.7958741,15.321114,-0.9029553,5.2509303
ddc_dzo_03357,unlabeled,Unknown,3.3010607,-0.18874942,1.9009218,15.668783,-0.6201833,4.6435866
ddc_dzo_08304,unlabeled,Unknown,3.4530902,-1.432651,0.6980063,15.4338665,-0.5009016,5.2823277
ddc_dzo_03770,unlabeled,Unknown,3.5379083,-0.33992732,1.0418357,15.303238,-0.7828243,5.3629704
ddc_dzo_05532,unlabeled,Unknown,1.4596711,-1.7661147,1.0635663,15.839271,-0.9872404,4.9063196
ddc_dzo_00409,unlabeled,Unknown,3.6735318,-1.1820053,-1.2409645,15.444877,-0.5372248,5.008828
ddc_dzo_01233,unlabeled,Unknown,4.051492,-1.7088469,0.6501093,15.603953,-0.9941553,5.0908146
ddc_dzo_04872,unlabeled,Unknown,3.5497198,-1.579192,0.7412965,15.869332,0.19388703,5.722315
ddc_dzo_02594,unlabeled,Unknown,2.9972517,-0.771892,-1.1711231,15.095929,-0.92895085,5.006008
ddc_dzo_06554,unlabeled,Unknown,3.1449592,0.7309374,0.70391065,14.988878,-0.8368505,5.2066293
ddc_dzo_06856,unlabeled,Unknown,3.7522054,0.5461957,0.5002977,15.142996,-0.7182438,5.1275153
ddc_dzo_08899,unlabeled,Unknown,2.8501852,0.9124439,-0.9349438,15.147494,-0.8214291,5.266531
ddc_dzo_01271,unlabeled,Unknown,2.8540366,-0.037786674,0.7242379,15.233524,-0.3137333,5.627117
ddc_dzo_09656,unlabeled,Unknown,4.526794,-1.2865924,1.2779225,15.115075,-0.604869,5.4470716
ddc_dzo_00072,unlabeled,Unknown,3.1807203,-0.6619294,-0.8467079,15.235928,-0.5862159,5.6849804
ddc_dzo_04722,unlabeled,Unknown,4.241307,-0.63782436,0.12614146,15.021273,-0.6394388,5.114821
ddc_dzo_08608,unlabeled,Unknown,4.9339466,-0.5123467,-0.52826166,15.350131,-0.74338603,5.2222033
ddc_dzo_02402,unlabeled,Unknown,4.077615,-0.8966571,0.4910704,15.866031,-0.7209661,5.0926943
ddc_dzo_01707,unlabeled,Unknown,3.290238,-2.4845684,0.20572205,15.251178,-0.978288,5.337239
ddc_dzo_07746,unlabeled,Unknown,3.485136,-1.6577771,1.6137785,15.246905,-0.51154023,5.2144184
ddc_dzo_05603,unlabeled,Unknown,3.9284804,-0.386324,0.35864303,15.167171,-0.8794072,5.2817454
ddc_dzo_09866,unlabeled,Unknown,2.1480596,-0.17655528,-0.34241518,15.233784,-0.39925903,5.5936933
ddc_dzo_02222,unlabeled,Unknown,2.2888484,-1.1087158,1.4356067,15.359957,-0.91763574,5.3988104
ddc_dzo_09795,unlabeled,Unknown,2.701761,-1.5339754,-0.089691624,15.454957,-1.0101666,5.254459
ddc_dzo_06940,unlabeled,Unknown,3.3613176,1.138806,1.4852543,15.268019,-0.94357294,5.154348
ddc_dzo_07816,unlabeled,Unknown,3.40681,-0.3222905,1.597214,15.284813,-0.85284925,5.4507284
ddc_dzo_06801,unlabeled,Unknown,3.4462886,-0.8543308,0.82762,16.10395,-0.23398608,4.9869695
ddc_dzo_05495,unlabeled,Unknown,4.872038,-1.4293044,-0.51603675,15.347447,-0.77235854,5.539565
ddc_dzo_08146,unlabeled,Unknown,4.464173,-1.5223186,0.23103976,15.396197,-0.64482206,5.6185613
ddc_dzo_01480,unlabeled,Unknown,3.7721298,-1.5940709,0.66264397,15.411267,-0.7020866,5.563069
ddc_dzo_00163,unlabeled,Unknown,5.106897,-0.19684637,0.0188736,15.270261,-0.8387755,5.42817
ddc_dzo_09546,unlabeled,Unknown,4.067277,-0.80850124,0.3695878,15.125276,-0.88312495,5.009738
ddc_dzo_05464,unlabeled,Unknown,-11.721532,-3.6223838,0.92147845,-1.1414843,-2.2633917,1.557348
ddc_dzo_03136,unlabeled,Unknown,-12.211596,-2.9449773,2.3158112,-1.396105,-2.3337622,1.8425063
ddc_dzo_02032,unlabeled,Unknown,-10.608325,-2.7330525,0.7239158,-1.104729,-2.4263,1.4510301
ddc_dzo_05578,unlabeled,Unknown,-11.233185,-2.898008,2.6396506,-1.2426194,-1.7838542,1.2013555
ddc_dzo_06687,unlabeled,Unknown,-11.674006,-1.9517233,0.27773303,-0.7129926,-1.8435106,1.6133358
ddc_dzo_03502,unlabeled,Unknown,1.7807617,-0.15260448,0.78150535,13.909807,1.0023735,8.505814
ddc_dzo_00777,unlabeled,Unknown,4.438025,-1.835715,0.95822954,16.410213,0.8956137,6.2425103
ddc_dzo_05077,unlabeled,Unknown,2.680283,0.2090547,-0.67657375,12.747815,1.6686572,8.272773
ddc_dzo_04345,unlabeled,Unknown,2.963977,-0.28411385,1.1538945,16.498863,0.95484966,6.093776
ddc_dzo_06737,unlabeled,Unknown,5.3524637,-0.7983516,0.11976898,13.6285515,1.1520047,8.74072
ddc_dzo_04504,unlabeled,Unknown,4.2550044,-0.88675237,-1.1425906,14.010486,0.542107,10.06981
ddc_dzo_07106,unlabeled,Unknown,5.094609,-1.3636489,1.111439,16.620079,1.0694579,6.077863
ddc_dzo_03443,unlabeled,Unknown,2.6608374,-0.90957385,1.4958651,16.138205,0.9894778,6.3145313
ddc_dzo_03043,unlabeled,Unknown,3.6210194,-1.3224647,1.5316591,16.220972,1.2836117,6.3302355
ddc_dzo_02042,unlabeled,Unknown,3.0262465,-1.9952809,0.6229869,16.623688,1.0647025,5.828271
ddc_dzo_02345,unlabeled,Unknown,2.5447674,-0.43785453,-0.92933244,14.371439,0.23003866,10.961374
ddc_dzo_00513,unlabeled,Unknown,2.9876263,-1.7872274,0.3891449,16.31202,1.0867746,6.1839414
ddc_dzo_09396,unlabeled,Unknown,3.2041981,-0.4772686,1.0469693,16.207672,1.1955867,6.0973134
ddc_dzo_04249,unlabeled,Unknown,2.9775155,-0.34334874,1.3588452,16.949293,1.7483947,6.1644363
ddc_dzo_06039,unlabeled,Unknown,2.264701,-1.17273,-0.7978728,16.338324,1.4596409,5.491806
ddc_dzo_09421,unlabeled,Unknown,2.9437165,-0.60258824,1.5120888,16.905525,1.6421769,5.7354136
ddc_dzo_02199,unlabeled,Unknown,2.9844992,-1.2078565,0.4464952,16.721434,1.1198348,5.782838
ddc_dzo_04834,unlabeled,Unknown,3.7954652,-0.9615356,0.77592415,16.553339,0.6862572,5.8004675
ddc_dzo_03164,unlabeled,Unknown,3.7275226,0.7827389,2.9125245,16.787323,1.0601913,5.3320446
ddc_dzo_03406,unlabeled,Unknown,4.0065126,-0.9109631,1.8086889,16.884928,1.2230772,6.0946684
ddc_dzo_00989,unlabeled,Unknown,3.2221467,-1.1700755,0.85738105,17.115171,1.1360589,6.102923
ddc_dzo_09242,unlabeled,Unknown,2.7930713,-0.83883464,0.63904214,17.50196,0.9172905,5.576189
ddc_dzo_06396,unlabeled,Unknown,3.179356,-1.0115174,0.7180763,16.968967,0.9973393,5.9790096
ddc_dzo_04016,unlabeled,Unknown,1.1655601,-1.5352671,1.1478453,17.185991,0.76225734,5.45535
ddc_dzo_04215,unlabeled,Unknown,3.7599099,-2.2982323,1.61511,16.879349,1.0518533,5.5397367
ddc_dzo_02084,unlabeled,Unknown,3.3762164,-0.28159097,0.42010728,17.125051,0.72646034,5.2311974
ddc_dzo_04974,unlabeled,Unknown,4.164688,-0.9210481,0.6338121,16.727612,1.3087076,5.2158437
ddc_dzo_02659,unlabeled,Unknown,3.113256,-0.85983586,0.027499648,16.683891,0.90860546,4.7181306
ddc_dzo_08785,unlabeled,Unknown,2.702455,-1.2500106,-0.028653596,17.233828,0.9575486,5.444468
ddc_dzo_02517,unlabeled,Unknown,3.327016,-0.8260329,0.36005744,16.85195,1.1935892,6.144482
ddc_dzo_06584,unlabeled,Unknown,4.966676,-2.060963,0.24196969,16.803059,0.86462957,5.9480615
ddc_dzo_08367,unlabeled,Unknown,2.907861,-0.61863315,-0.27326876,13.117657,2.0575724,8.331013
ddc_dzo_01345,unlabeled,Unknown,3.0396793,-2.059349,0.64392984,16.875051,1.0711584,6.0356812
ddc_dzo_03237,unlabeled,Unknown,4.1888604,-0.58084416,0.9880662,12.5692005,1.9320834,8.608005
ddc_dzo_05841,unlabeled,Unknown,2.4289994,-1.9496977,0.23790067,13.317947,2.13797,9.014093
ddc_dzo_08594,unlabeled,Unknown,2.996599,-1.026184,-0.28382495,13.0812235,-0.24436101,9.035074
ddc_dzo_00622,unlabeled,Unknown,3.5552697,-0.6305189,-0.010508889,13.223775,2.120025,8.728774
ddc_dzo_09585,unlabeled,Unknown,3.7235022,-1.8515941,0.15252964,12.820868,2.1323245,8.366207
ddc_dzo_01799,unlabeled,Unknown,3.6154313,-0.43205696,2.0755851,13.08514,2.028426,8.38049
ddc_dzo_06836,unlabeled,Unknown,4.479959,-1.5840148,0.81385255,13.972161,0.7150425,10.105703
ddc_dzo_07442,unlabeled,Unknown,3.038886,-0.509553,0.6757992,14.090387,0.57052517,10.293976
ddc_dzo_01499,unlabeled,Unknown,4.737084,0.022813395,-1.5025113,13.766178,1.3885621,9.485954
ddc_dzo_01694,unlabeled,Unknown,3.9762785,-1.6799997,0.5559498,14.030274,0.62988865,10.268328
ddc_dzo_02858,unlabeled,Unknown,2.0324013,-1.21946,0.20125885,12.954847,2.3767624,8.744767
ddc_dzo_06787,unlabeled,Unknown,4.3329306,-1.074309,1.5226588,13.814171,1.0533435,9.760573
ddc_dzo_00319,unlabeled,Unknown,4.193886,0.45807356,0.27757153,14.089797,0.6431469,10.319383
ddc_dzo_06313,unlabeled,Unknown,2.7424908,-1.8080702,1.5101677,14.051269,0.6771997,10.206808
ddc_dzo_00942,unlabeled,Unknown,0.09899558,-0.06742235,0.9111563,14.360028,0.27886707,10.952381
ddc_dzo_01038,unlabeled,Unknown,2.4868946,1.3651351,-1.3717874,14.154899,0.50362676,10.471616
ddc_dzo_05948,unlabeled,Unknown,0.626327,0.9530732,0.06879957,14.2914715,0.36326867,10.777478
ddc_dzo_05809,unlabeled,Unknown,1.4758918,1.1423515,0.003233141,14.149238,0.5446804,10.461887
ddc_dzo_06543,unlabeled,Unknown,1.3013301,0.19156067,1.3065189,14.140329,0.5795258,10.409546
ddc_dzo_06916,unlabeled,Unknown,2.9097817,-1.64141,1.5530074,12.683174,1.6999724,8.159329
ddc_dzo_08063,unlabeled,Unknown,2.8167298,-0.16713089,2.2934244,13.1164255,2.3662827,8.242601
ddc_dzo_01753,unlabeled,Unknown,3.118764,-1.6590601,-0.7649755,13.533925,1.4430044,9.367076
ddc_dzo_02884,unlabeled,Unknown,2.7137449,-0.13847992,2.5555048,12.978457,1.701973,9.045721
ddc_dzo_05257,unlabeled,Unknown,1.9414375,-0.19750138,-0.5219803,13.129128,2.038137,9.182158
ddc_dzo_02785,unlabeled,Unknown,4.59574,-1.3099307,0.89095,13.131949,2.0511377,9.061378
ddc_dzo_06246,unlabeled,Unknown,2.3655965,0.33185235,1.1321574,12.9025,2.0775087,8.919658
ddc_dzo_04145,unlabeled,Unknown,2.1476622,-0.6745052,0.3599555,12.876686,1.9306012,8.955359
ddc_dzo_08286,unlabeled,Unknown,3.3351195,-0.92113984,0.29547647,12.959765,2.1634007,8.922446
ddc_dzo_04633,unlabeled,Unknown,3.0847292,-0.4487426,0.8923249,13.034351,2.1331384,8.942673
ddc_dzo_02365,unlabeled,Unknown,4.46048,-0.241625,-0.13402662,13.655287,1.0356536,9.466537
ddc_dzo_02668,unlabeled,Unknown,3.1216075,0.55224127,0.5019907,14.094706,0.58626705,10.327935
ddc_dzo_03706,unlabeled,Unknown,3.2337015,-1.8541337,1.3836477,14.082489,0.5881922,10.321949
ddc_dzo_05524,unlabeled,Unknown,2.1992383,-0.9432084,-0.292307,14.055791,0.65587413,10.242756
ddc_dzo_02328,unlabeled,Unknown,2.6394312,-0.54683566,-1.5553967,14.05822,0.672949,10.246246
ddc_dzo_00169,unlabeled,Unknown,4.141133,-0.86920667,0.86795485,14.082486,0.66663104,10.302323
ddc_dzo_08528,unlabeled,Unknown,-10.183709,-4.372188,-0.13361128,-0.84308857,-2.002532,1.3702922
ddc_dzo_06056,unlabeled,Unknown,1.4544251,-2.9034717,-1.0463073,12.8848295,1.6483208,8.783175
ddc_dzo_08937,unlabeled,Unknown,4.4551525,-1.0884807,1.8030003,12.735339,2.0157127,8.187906
ddc_dzo_03897,unlabeled,Unknown,4.0332108,-0.59536195,-0.44167674,16.904902,0.6395918,4.9496484
ddc_dzo_05323,unlabeled,Unknown,3.6503894,-2.5845737,1.2218946,12.730903,1.5932728,8.264413
ddc_dzo_06508,unlabeled,Unknown,3.687358,-1.4449419,-0.023297627,12.756168,1.7585115,8.270882
ddc_dzo_07695,unlabeled,Unknown,4.1205564,-0.6448127,1.53851,12.441539,1.8441817,8.200953
ddc_dzo_00277,unlabeled,Unknown,3.6658776,-0.9628664,0.3768223,12.814528,1.8754207,8.588263
ddc_dzo_00674,unlabeled,Unknown,2.453512,-1.0718706,0.3872249,13.007496,2.1896152,9.085992
ddc_dzo_07776,unlabeled,Unknown,3.030951,-0.4395139,0.09675217,13.178302,2.3137386,8.275292
ddc_dzo_03343,unlabeled,Unknown,3.1760972,-0.79844284,0.3021656,13.114153,2.4132812,8.384487
ddc_dzo_09765,unlabeled,Unknown,3.6610234,-0.3346876,1.164535,12.800186,2.241428,7.957592
ddc_dzo_08782,unlabeled,Unknown,2.3479187,-0.9039243,-0.1426827,12.641367,2.1528292,8.2019825
ddc_dzo_07621,unlabeled,Unknown,2.7719703,-1.0003132,0.25697187,12.844515,2.2569225,8.0308485
ddc_dzo_09018,unlabeled,Unknown,3.3340614,-1.422599,-0.06356515,12.730528,1.9006213,8.171963
ddc_dzo_09985,unlabeled,Unknown,4.27941,0.20457868,1.4782703,12.749915,2.174477,8.05845
ddc_dzo_08832,unlabeled,Unknown,3.001233,0.49872673,0.35258156,12.975509,2.5325482,8.5872345
ddc_dzo_02833,unlabeled,Unknown,3.4662235,-0.66655165,0.7919826,13.092717,2.4911048,8.37716
ddc_dzo_03752,unlabeled,Unknown,4.1246862,0.196441,0.12509505,13.108063,2.4412189,8.456164
ddc_dzo_05485,unlabeled,Unknown,2.3783326,-0.7944912,0.9855827,13.211587,2.4717226,8.4776
ddc_dzo_07231,unlabeled,Unknown,3.441926,-1.1435465,0.78302985,12.836991,2.3777006,8.473591
ddc_dzo_04254,unlabeled,Unknown,2.818208,0.18085185,1.5307527,12.868103,2.4822536,8.421199
ddc_dzo_06234,unlabeled,Unknown,4.688719,-1.4040011,-0.6129876,12.958651,1.7835774,8.596012
ddc_dzo_09008,unlabeled,Unknown,3.6392734,-3.111871,1.2013986,13.025525,2.4155405,8.269287
ddc_dzo_06959,unlabeled,Unknown,3.4477198,-0.9526578,0.33545476,13.111594,2.42764,8.227573
ddc_dzo_07923,unlabeled,Unknown,4.3281293,-1.6510503,-0.0044980105,12.727447,1.6776441,8.071527
ddc_dzo_09926,unlabeled,Unknown,2.041253,-3.1113462,0.4191212,12.646952,2.0039134,8.15949
ddc_dzo_03531,unlabeled,Unknown,3.0443454,-1.3781886,-2.3512151,12.906496,2.3572485,8.098736
ddc_dzo_06767,unlabeled,Unknown,3.3703496,-1.95855,1.6080399,12.999344,2.4466646,8.321313
ddc_dzo_04553,unlabeled,Unknown,1.3073192,-2.7134273,0.3596672,12.547674,1.9451766,7.9668636
ddc_dzo_05556,unlabeled,Unknown,1.9368399,-0.7959997,1.2302194,12.970151,2.4862099,8.246685
ddc_dzo_03580,unlabeled,Unknown,2.620005,-0.47719547,-0.8954998,12.71854,2.2042618,8.09127
ddc_dzo_04763,unlabeled,Unknown,1.7945303,-0.9905223,-0.79117596,12.922212,2.5318701,8.203978
ddc_dzo_03075,unlabeled,Unknown,2.515076,0.48986855,-0.22558089,12.945154,2.4859035,8.298266
ddc_dzo_09133,unlabeled,Unknown,2.8608737,-1.3780719,0.10422506,12.525236,2.0442455,8.1998205
ddc_dzo_09808,unlabeled,Unknown,1.8969465,-0.6239814,-0.37620193,12.926606,2.4792724,8.27045
ddc_dzo_00426,unlabeled,Unknown,3.6672542,-0.4211933,1.5629547,12.791087,1.634929,9.084516
ddc_dzo_06241,unlabeled,Unknown,3.385451,-1.2285186,-0.87573373,12.956386,1.0719166,9.155198
ddc_dzo_05914,unlabeled,Unknown,3.180629,-2.0448542,-0.4978269,12.82417,1.956846,8.854202
ddc_dzo_01208,unlabeled,Unknown,3.175602,-1.1151216,1.204476,12.847272,1.9182441,8.692597
ddc_dzo_04669,unlabeled,Unknown,3.7315981,-1.4834284,0.24807955,13.237457,1.2818747,8.6507635
ddc_dzo_07165,unlabeled,Unknown,2.196937,-1.2547914,-0.028880337,12.633275,1.8126898,9.032063
ddc_dzo_02480,unlabeled,Unknown,2.9476783,-1.8491316,0.3914126,16.430807,2.1294985,5.9264283
ddc_dzo_06876,unlabeled,Unknown,1.6933099,-1.2439506,-0.92405224,12.912039,1.2955502,9.156842
ddc_dzo_07942,unlabeled,Unknown,2.150342,0.03220217,-0.7487611,12.703122,1.6244652,9.311398
ddc_dzo_06410,unlabeled,Unknown,4.458057,-0.14445914,1.7023973,12.389208,1.6135572,8.713356
ddc_dzo_05709,unlabeled,Unknown,2.8438387,-1.1160628,1.4376836,12.737692,2.2701786,8.691063
ddc_dzo_07395,unlabeled,Unknown,2.3876073,-0.2526047,-0.039335918,13.068786,2.2147741,8.615528
ddc_dzo_03258,unlabeled,Unknown,3.699897,-0.7881778,1.5152341,12.962123,1.967311,8.523972
ddc_dzo_03068,unlabeled,Unknown,4.5463805,-0.97641593,-0.16504653,13.124237,2.393518,8.657641
ddc_dzo_01357,unlabeled,Unknown,3.1279376,-1.5228271,0.049179066,12.810312,1.8218492,8.946865
ddc_dzo_07811,unlabeled,Unknown,3.734672,-0.24653004,0.010328429,12.683266,1.7955145,8.388092
ddc_dzo_04135,unlabeled,Unknown,1.1074597,-2.2628412,-1.5015092,13.159081,1.2933177,8.337557
ddc_dzo_01037,unlabeled,Unknown,1.8314757,-0.1730977,-0.454127,12.889941,1.6913853,8.99996
ddc_dzo_03811,unlabeled,Unknown,2.065419,-1.2916746,0.83595306,12.892485,1.801809,9.183067
ddc_dzo_04889,unlabeled,Unknown,2.857921,0.06176121,0.96818346,12.727019,1.7145054,9.291504
ddc_dzo_01446,unlabeled,Unknown,3.6678545,-0.32953066,0.7056911,12.828511,2.0086787,8.218909
ddc_dzo_07622,unlabeled,Unknown,3.1291027,-1.0886841,1.4077907,17.355799,1.428748,5.5236535
ddc_dzo_09464,unlabeled,Unknown,4.9607124,-0.8876592,0.36161986,13.220925,2.2011383,8.470434
